model,period_s,period_key,imt,row_index,coefficient,value,cached_value,formula,source_sheet,source_cell,source_workbook
ASK14,0.01,p0p010,SA,5,VLIN,660,660,,ASK14_Coeffs,B5,NGAW2_GMPE_Spreadsheets_v5.7_041415_ProtectedLocked.xlsm
ASK14,0.01,p0p010,SA,5,b,-1.47,-1.47,,ASK14_Coeffs,C5,NGAW2_GMPE_Spreadsheets_v5.7_041415_ProtectedLocked.xlsm
ASK14,0.01,p0p010,SA,5,n,1.5,1.5,,ASK14_Coeffs,D5,NGAW2_GMPE_Spreadsheets_v5.7_041415_ProtectedLocked.xlsm
ASK14,0.01,p0p010,SA,5,M1,6.75,6.75,,ASK14_Coeffs,E5,NGAW2_GMPE_Spreadsheets_v5.7_041415_ProtectedLocked.xlsm
ASK14,0.01,p0p010,SA,5,c,2.4,2.4,,ASK14_Coeffs,F5,NGAW2_GMPE_Spreadsheets_v5.7_041415_ProtectedLocked.xlsm
ASK14,0.01,p0p010,SA,5,c4,4.5,4.5,,ASK14_Coeffs,G5,NGAW2_GMPE_Spreadsheets_v5.7_041415_ProtectedLocked.xlsm
ASK14,0.01,p0p010,SA,5,a1,0.587,0.587,,ASK14_Coeffs,H5,NGAW2_GMPE_Spreadsheets_v5.7_041415_ProtectedLocked.xlsm
ASK14,0.01,p0p010,SA,5,a2,-0.79,-0.79,,ASK14_Coeffs,I5,NGAW2_GMPE_Spreadsheets_v5.7_041415_ProtectedLocked.xlsm
ASK14,0.01,p0p010,SA,5,a3,0.275,0.275,,ASK14_Coeffs,J5,NGAW2_GMPE_Spreadsheets_v5.7_041415_ProtectedLocked.xlsm
ASK14,0.01,p0p010,SA,5,a4,-0.1,-0.1,,ASK14_Coeffs,K5,NGAW2_GMPE_Spreadsheets_v5.7_041415_ProtectedLocked.xlsm
ASK14,0.01,p0p010,SA,5,a5,-0.41,-0.41,,ASK14_Coeffs,L5,NGAW2_GMPE_Spreadsheets_v5.7_041415_ProtectedLocked.xlsm
ASK14,0.01,p0p010,SA,5,a6,2.1541,2.1541,,ASK14_Coeffs,M5,NGAW2_GMPE_Spreadsheets_v5.7_041415_ProtectedLocked.xlsm
ASK14,0.01,p0p010,SA,5,a7,0,0,,ASK14_Coeffs,N5,NGAW2_GMPE_Spreadsheets_v5.7_041415_ProtectedLocked.xlsm
ASK14,0.01,p0p010,SA,5,a8,-0.015,-0.015,,ASK14_Coeffs,O5,NGAW2_GMPE_Spreadsheets_v5.7_041415_ProtectedLocked.xlsm
ASK14,0.01,p0p010,SA,5,a10,1.735,1.735,,ASK14_Coeffs,P5,NGAW2_GMPE_Spreadsheets_v5.7_041415_ProtectedLocked.xlsm
ASK14,0.01,p0p010,SA,5,a11,0,0,,ASK14_Coeffs,Q5,NGAW2_GMPE_Spreadsheets_v5.7_041415_ProtectedLocked.xlsm
ASK14,0.01,p0p010,SA,5,a12,-0.1,-0.1,,ASK14_Coeffs,R5,NGAW2_GMPE_Spreadsheets_v5.7_041415_ProtectedLocked.xlsm
ASK14,0.01,p0p010,SA,5,a13,0.6,0.6,,ASK14_Coeffs,S5,NGAW2_GMPE_Spreadsheets_v5.7_041415_ProtectedLocked.xlsm
ASK14,0.01,p0p010,SA,5,a14,-0.3,-0.3,,ASK14_Coeffs,T5,NGAW2_GMPE_Spreadsheets_v5.7_041415_ProtectedLocked.xlsm
ASK14,0.01,p0p010,SA,5,a15,1.1,1.1,,ASK14_Coeffs,U5,NGAW2_GMPE_Spreadsheets_v5.7_041415_ProtectedLocked.xlsm
ASK14,0.01,p0p010,SA,5,a16,0,0,,ASK14_Coeffs,V5,NGAW2_GMPE_Spreadsheets_v5.7_041415_ProtectedLocked.xlsm
ASK14,0.01,p0p010,SA,5,a17,-0.0072,-0.0072,,ASK14_Coeffs,W5,NGAW2_GMPE_Spreadsheets_v5.7_041415_ProtectedLocked.xlsm
ASK14,0.01,p0p010,SA,5,a43,0.1,0.1,,ASK14_Coeffs,X5,NGAW2_GMPE_Spreadsheets_v5.7_041415_ProtectedLocked.xlsm
ASK14,0.01,p0p010,SA,5,a44,0.05,0.05,,ASK14_Coeffs,Y5,NGAW2_GMPE_Spreadsheets_v5.7_041415_ProtectedLocked.xlsm
ASK14,0.01,p0p010,SA,5,a45,0,0,,ASK14_Coeffs,Z5,NGAW2_GMPE_Spreadsheets_v5.7_041415_ProtectedLocked.xlsm
ASK14,0.01,p0p010,SA,5,a46,-0.05,-0.05,,ASK14_Coeffs,AA5,NGAW2_GMPE_Spreadsheets_v5.7_041415_ProtectedLocked.xlsm
ASK14,0.01,p0p010,SA,5,a25,-0.0015,-0.0015,,ASK14_Coeffs,AB5,NGAW2_GMPE_Spreadsheets_v5.7_041415_ProtectedLocked.xlsm
ASK14,0.01,p0p010,SA,5,a28,0.0025,0.0025,,ASK14_Coeffs,AC5,NGAW2_GMPE_Spreadsheets_v5.7_041415_ProtectedLocked.xlsm
ASK14,0.01,p0p010,SA,5,a29,-0.0034,-0.0034,,ASK14_Coeffs,AD5,NGAW2_GMPE_Spreadsheets_v5.7_041415_ProtectedLocked.xlsm
ASK14,0.01,p0p010,SA,5,a31,-0.1503,-0.1503,,ASK14_Coeffs,AE5,NGAW2_GMPE_Spreadsheets_v5.7_041415_ProtectedLocked.xlsm
ASK14,0.01,p0p010,SA,5,a36,0.265,0.265,,ASK14_Coeffs,AF5,NGAW2_GMPE_Spreadsheets_v5.7_041415_ProtectedLocked.xlsm
ASK14,0.01,p0p010,SA,5,a37,0.337,0.337,,ASK14_Coeffs,AG5,NGAW2_GMPE_Spreadsheets_v5.7_041415_ProtectedLocked.xlsm
ASK14,0.01,p0p010,SA,5,a38,0.188,0.188,,ASK14_Coeffs,AH5,NGAW2_GMPE_Spreadsheets_v5.7_041415_ProtectedLocked.xlsm
ASK14,0.01,p0p010,SA,5,a39,0,0,,ASK14_Coeffs,AI5,NGAW2_GMPE_Spreadsheets_v5.7_041415_ProtectedLocked.xlsm
ASK14,0.01,p0p010,SA,5,a40,0.088,0.088,,ASK14_Coeffs,AJ5,NGAW2_GMPE_Spreadsheets_v5.7_041415_ProtectedLocked.xlsm
ASK14,0.01,p0p010,SA,5,a41,-0.196,-0.196,,ASK14_Coeffs,AK5,NGAW2_GMPE_Spreadsheets_v5.7_041415_ProtectedLocked.xlsm
ASK14,0.01,p0p010,SA,5,a42,0.044,0.044,,ASK14_Coeffs,AL5,NGAW2_GMPE_Spreadsheets_v5.7_041415_ProtectedLocked.xlsm
ASK14,0.01,p0p010,SA,5,s1,0.754,0.754,,ASK14_Coeffs,AM5,NGAW2_GMPE_Spreadsheets_v5.7_041415_ProtectedLocked.xlsm
ASK14,0.01,p0p010,SA,5,s2,0.52,0.52,,ASK14_Coeffs,AN5,NGAW2_GMPE_Spreadsheets_v5.7_041415_ProtectedLocked.xlsm
ASK14,0.01,p0p010,SA,5,s3,0.47,0.47,,ASK14_Coeffs,AO5,NGAW2_GMPE_Spreadsheets_v5.7_041415_ProtectedLocked.xlsm
ASK14,0.01,p0p010,SA,5,s4,0.36,0.36,,ASK14_Coeffs,AP5,NGAW2_GMPE_Spreadsheets_v5.7_041415_ProtectedLocked.xlsm
ASK14,0.01,p0p010,SA,5,s1 (known vs),0.741,0.741,,ASK14_Coeffs,AQ5,NGAW2_GMPE_Spreadsheets_v5.7_041415_ProtectedLocked.xlsm
ASK14,0.01,p0p010,SA,5,s2 (known vs),0.501,0.501,,ASK14_Coeffs,AR5,NGAW2_GMPE_Spreadsheets_v5.7_041415_ProtectedLocked.xlsm
ASK14,0.01,p0p010,SA,5,s5 (Japan Phi),0.54,0.54,,ASK14_Coeffs,AS5,NGAW2_GMPE_Spreadsheets_v5.7_041415_ProtectedLocked.xlsm
ASK14,0.01,p0p010,SA,5,s6 (Japan Phi),0.63,0.63,,ASK14_Coeffs,AT5,NGAW2_GMPE_Spreadsheets_v5.7_041415_ProtectedLocked.xlsm
ASK14,0.02,p0p020,SA,6,VLIN,680,680,,ASK14_Coeffs,B6,NGAW2_GMPE_Spreadsheets_v5.7_041415_ProtectedLocked.xlsm
ASK14,0.02,p0p020,SA,6,b,-1.459,-1.459,,ASK14_Coeffs,C6,NGAW2_GMPE_Spreadsheets_v5.7_041415_ProtectedLocked.xlsm
ASK14,0.02,p0p020,SA,6,n,1.5,1.5,,ASK14_Coeffs,D6,NGAW2_GMPE_Spreadsheets_v5.7_041415_ProtectedLocked.xlsm
ASK14,0.02,p0p020,SA,6,M1,6.75,6.75,,ASK14_Coeffs,E6,NGAW2_GMPE_Spreadsheets_v5.7_041415_ProtectedLocked.xlsm
ASK14,0.02,p0p020,SA,6,c,2.4,2.4,,ASK14_Coeffs,F6,NGAW2_GMPE_Spreadsheets_v5.7_041415_ProtectedLocked.xlsm
ASK14,0.02,p0p020,SA,6,c4,4.5,4.5,,ASK14_Coeffs,G6,NGAW2_GMPE_Spreadsheets_v5.7_041415_ProtectedLocked.xlsm
ASK14,0.02,p0p020,SA,6,a1,0.598,0.598,,ASK14_Coeffs,H6,NGAW2_GMPE_Spreadsheets_v5.7_041415_ProtectedLocked.xlsm
ASK14,0.02,p0p020,SA,6,a2,-0.79,-0.79,,ASK14_Coeffs,I6,NGAW2_GMPE_Spreadsheets_v5.7_041415_ProtectedLocked.xlsm
ASK14,0.02,p0p020,SA,6,a3,0.275,0.275,,ASK14_Coeffs,J6,NGAW2_GMPE_Spreadsheets_v5.7_041415_ProtectedLocked.xlsm
ASK14,0.02,p0p020,SA,6,a4,-0.1,-0.1,,ASK14_Coeffs,K6,NGAW2_GMPE_Spreadsheets_v5.7_041415_ProtectedLocked.xlsm
ASK14,0.02,p0p020,SA,6,a5,-0.41,-0.41,,ASK14_Coeffs,L6,NGAW2_GMPE_Spreadsheets_v5.7_041415_ProtectedLocked.xlsm
ASK14,0.02,p0p020,SA,6,a6,2.1461,2.1461,,ASK14_Coeffs,M6,NGAW2_GMPE_Spreadsheets_v5.7_041415_ProtectedLocked.xlsm
ASK14,0.02,p0p020,SA,6,a7,0,0,,ASK14_Coeffs,N6,NGAW2_GMPE_Spreadsheets_v5.7_041415_ProtectedLocked.xlsm
ASK14,0.02,p0p020,SA,6,a8,-0.015,-0.015,,ASK14_Coeffs,O6,NGAW2_GMPE_Spreadsheets_v5.7_041415_ProtectedLocked.xlsm
ASK14,0.02,p0p020,SA,6,a10,1.718,1.718,,ASK14_Coeffs,P6,NGAW2_GMPE_Spreadsheets_v5.7_041415_ProtectedLocked.xlsm
ASK14,0.02,p0p020,SA,6,a11,0,0,,ASK14_Coeffs,Q6,NGAW2_GMPE_Spreadsheets_v5.7_041415_ProtectedLocked.xlsm
ASK14,0.02,p0p020,SA,6,a12,-0.1,-0.1,,ASK14_Coeffs,R6,NGAW2_GMPE_Spreadsheets_v5.7_041415_ProtectedLocked.xlsm
ASK14,0.02,p0p020,SA,6,a13,0.6,0.6,,ASK14_Coeffs,S6,NGAW2_GMPE_Spreadsheets_v5.7_041415_ProtectedLocked.xlsm
ASK14,0.02,p0p020,SA,6,a14,-0.3,-0.3,,ASK14_Coeffs,T6,NGAW2_GMPE_Spreadsheets_v5.7_041415_ProtectedLocked.xlsm
ASK14,0.02,p0p020,SA,6,a15,1.1,1.1,,ASK14_Coeffs,U6,NGAW2_GMPE_Spreadsheets_v5.7_041415_ProtectedLocked.xlsm
ASK14,0.02,p0p020,SA,6,a16,0,0,,ASK14_Coeffs,V6,NGAW2_GMPE_Spreadsheets_v5.7_041415_ProtectedLocked.xlsm
ASK14,0.02,p0p020,SA,6,a17,-0.0073,-0.0073,,ASK14_Coeffs,W6,NGAW2_GMPE_Spreadsheets_v5.7_041415_ProtectedLocked.xlsm
ASK14,0.02,p0p020,SA,6,a43,0.1,0.1,,ASK14_Coeffs,X6,NGAW2_GMPE_Spreadsheets_v5.7_041415_ProtectedLocked.xlsm
ASK14,0.02,p0p020,SA,6,a44,0.05,0.05,,ASK14_Coeffs,Y6,NGAW2_GMPE_Spreadsheets_v5.7_041415_ProtectedLocked.xlsm
ASK14,0.02,p0p020,SA,6,a45,0,0,,ASK14_Coeffs,Z6,NGAW2_GMPE_Spreadsheets_v5.7_041415_ProtectedLocked.xlsm
ASK14,0.02,p0p020,SA,6,a46,-0.05,-0.05,,ASK14_Coeffs,AA6,NGAW2_GMPE_Spreadsheets_v5.7_041415_ProtectedLocked.xlsm
ASK14,0.02,p0p020,SA,6,a25,-0.0015,-0.0015,,ASK14_Coeffs,AB6,NGAW2_GMPE_Spreadsheets_v5.7_041415_ProtectedLocked.xlsm
ASK14,0.02,p0p020,SA,6,a28,0.0024,0.0024,,ASK14_Coeffs,AC6,NGAW2_GMPE_Spreadsheets_v5.7_041415_ProtectedLocked.xlsm
ASK14,0.02,p0p020,SA,6,a29,-0.0033,-0.0033,,ASK14_Coeffs,AD6,NGAW2_GMPE_Spreadsheets_v5.7_041415_ProtectedLocked.xlsm
ASK14,0.02,p0p020,SA,6,a31,-0.1479,-0.1479,,ASK14_Coeffs,AE6,NGAW2_GMPE_Spreadsheets_v5.7_041415_ProtectedLocked.xlsm
ASK14,0.02,p0p020,SA,6,a36,0.255,0.255,,ASK14_Coeffs,AF6,NGAW2_GMPE_Spreadsheets_v5.7_041415_ProtectedLocked.xlsm
ASK14,0.02,p0p020,SA,6,a37,0.328,0.328,,ASK14_Coeffs,AG6,NGAW2_GMPE_Spreadsheets_v5.7_041415_ProtectedLocked.xlsm
ASK14,0.02,p0p020,SA,6,a38,0.184,0.184,,ASK14_Coeffs,AH6,NGAW2_GMPE_Spreadsheets_v5.7_041415_ProtectedLocked.xlsm
ASK14,0.02,p0p020,SA,6,a39,0,0,,ASK14_Coeffs,AI6,NGAW2_GMPE_Spreadsheets_v5.7_041415_ProtectedLocked.xlsm
ASK14,0.02,p0p020,SA,6,a40,0.088,0.088,,ASK14_Coeffs,AJ6,NGAW2_GMPE_Spreadsheets_v5.7_041415_ProtectedLocked.xlsm
ASK14,0.02,p0p020,SA,6,a41,-0.194,-0.194,,ASK14_Coeffs,AK6,NGAW2_GMPE_Spreadsheets_v5.7_041415_ProtectedLocked.xlsm
ASK14,0.02,p0p020,SA,6,a42,0.061,0.061,,ASK14_Coeffs,AL6,NGAW2_GMPE_Spreadsheets_v5.7_041415_ProtectedLocked.xlsm
ASK14,0.02,p0p020,SA,6,s1,0.76,0.76,,ASK14_Coeffs,AM6,NGAW2_GMPE_Spreadsheets_v5.7_041415_ProtectedLocked.xlsm
ASK14,0.02,p0p020,SA,6,s2,0.52,0.52,,ASK14_Coeffs,AN6,NGAW2_GMPE_Spreadsheets_v5.7_041415_ProtectedLocked.xlsm
ASK14,0.02,p0p020,SA,6,s3,0.47,0.47,,ASK14_Coeffs,AO6,NGAW2_GMPE_Spreadsheets_v5.7_041415_ProtectedLocked.xlsm
ASK14,0.02,p0p020,SA,6,s4,0.36,0.36,,ASK14_Coeffs,AP6,NGAW2_GMPE_Spreadsheets_v5.7_041415_ProtectedLocked.xlsm
ASK14,0.02,p0p020,SA,6,s1 (known vs),0.747,0.747,,ASK14_Coeffs,AQ6,NGAW2_GMPE_Spreadsheets_v5.7_041415_ProtectedLocked.xlsm
ASK14,0.02,p0p020,SA,6,s2 (known vs),0.501,0.501,,ASK14_Coeffs,AR6,NGAW2_GMPE_Spreadsheets_v5.7_041415_ProtectedLocked.xlsm
ASK14,0.02,p0p020,SA,6,s5 (Japan Phi),0.54,0.54,,ASK14_Coeffs,AS6,NGAW2_GMPE_Spreadsheets_v5.7_041415_ProtectedLocked.xlsm
ASK14,0.02,p0p020,SA,6,s6 (Japan Phi),0.63,0.63,,ASK14_Coeffs,AT6,NGAW2_GMPE_Spreadsheets_v5.7_041415_ProtectedLocked.xlsm
ASK14,0.03,p0p030,SA,7,VLIN,770,770,,ASK14_Coeffs,B7,NGAW2_GMPE_Spreadsheets_v5.7_041415_ProtectedLocked.xlsm
ASK14,0.03,p0p030,SA,7,b,-1.39,-1.39,,ASK14_Coeffs,C7,NGAW2_GMPE_Spreadsheets_v5.7_041415_ProtectedLocked.xlsm
ASK14,0.03,p0p030,SA,7,n,1.5,1.5,,ASK14_Coeffs,D7,NGAW2_GMPE_Spreadsheets_v5.7_041415_ProtectedLocked.xlsm
ASK14,0.03,p0p030,SA,7,M1,6.75,6.75,,ASK14_Coeffs,E7,NGAW2_GMPE_Spreadsheets_v5.7_041415_ProtectedLocked.xlsm
ASK14,0.03,p0p030,SA,7,c,2.4,2.4,,ASK14_Coeffs,F7,NGAW2_GMPE_Spreadsheets_v5.7_041415_ProtectedLocked.xlsm
ASK14,0.03,p0p030,SA,7,c4,4.5,4.5,,ASK14_Coeffs,G7,NGAW2_GMPE_Spreadsheets_v5.7_041415_ProtectedLocked.xlsm
ASK14,0.03,p0p030,SA,7,a1,0.602,0.602,,ASK14_Coeffs,H7,NGAW2_GMPE_Spreadsheets_v5.7_041415_ProtectedLocked.xlsm
ASK14,0.03,p0p030,SA,7,a2,-0.79,-0.79,,ASK14_Coeffs,I7,NGAW2_GMPE_Spreadsheets_v5.7_041415_ProtectedLocked.xlsm
ASK14,0.03,p0p030,SA,7,a3,0.275,0.275,,ASK14_Coeffs,J7,NGAW2_GMPE_Spreadsheets_v5.7_041415_ProtectedLocked.xlsm
ASK14,0.03,p0p030,SA,7,a4,-0.1,-0.1,,ASK14_Coeffs,K7,NGAW2_GMPE_Spreadsheets_v5.7_041415_ProtectedLocked.xlsm
ASK14,0.03,p0p030,SA,7,a5,-0.41,-0.41,,ASK14_Coeffs,L7,NGAW2_GMPE_Spreadsheets_v5.7_041415_ProtectedLocked.xlsm
ASK14,0.03,p0p030,SA,7,a6,2.1566,2.1566,,ASK14_Coeffs,M7,NGAW2_GMPE_Spreadsheets_v5.7_041415_ProtectedLocked.xlsm
ASK14,0.03,p0p030,SA,7,a7,0,0,,ASK14_Coeffs,N7,NGAW2_GMPE_Spreadsheets_v5.7_041415_ProtectedLocked.xlsm
ASK14,0.03,p0p030,SA,7,a8,-0.015,-0.015,,ASK14_Coeffs,O7,NGAW2_GMPE_Spreadsheets_v5.7_041415_ProtectedLocked.xlsm
ASK14,0.03,p0p030,SA,7,a10,1.615,1.615,,ASK14_Coeffs,P7,NGAW2_GMPE_Spreadsheets_v5.7_041415_ProtectedLocked.xlsm
ASK14,0.03,p0p030,SA,7,a11,0,0,,ASK14_Coeffs,Q7,NGAW2_GMPE_Spreadsheets_v5.7_041415_ProtectedLocked.xlsm
ASK14,0.03,p0p030,SA,7,a12,-0.1,-0.1,,ASK14_Coeffs,R7,NGAW2_GMPE_Spreadsheets_v5.7_041415_ProtectedLocked.xlsm
ASK14,0.03,p0p030,SA,7,a13,0.6,0.6,,ASK14_Coeffs,S7,NGAW2_GMPE_Spreadsheets_v5.7_041415_ProtectedLocked.xlsm
ASK14,0.03,p0p030,SA,7,a14,-0.3,-0.3,,ASK14_Coeffs,T7,NGAW2_GMPE_Spreadsheets_v5.7_041415_ProtectedLocked.xlsm
ASK14,0.03,p0p030,SA,7,a15,1.1,1.1,,ASK14_Coeffs,U7,NGAW2_GMPE_Spreadsheets_v5.7_041415_ProtectedLocked.xlsm
ASK14,0.03,p0p030,SA,7,a16,0,0,,ASK14_Coeffs,V7,NGAW2_GMPE_Spreadsheets_v5.7_041415_ProtectedLocked.xlsm
ASK14,0.03,p0p030,SA,7,a17,-0.0075,-0.0075,,ASK14_Coeffs,W7,NGAW2_GMPE_Spreadsheets_v5.7_041415_ProtectedLocked.xlsm
ASK14,0.03,p0p030,SA,7,a43,0.1,0.1,,ASK14_Coeffs,X7,NGAW2_GMPE_Spreadsheets_v5.7_041415_ProtectedLocked.xlsm
ASK14,0.03,p0p030,SA,7,a44,0.05,0.05,,ASK14_Coeffs,Y7,NGAW2_GMPE_Spreadsheets_v5.7_041415_ProtectedLocked.xlsm
ASK14,0.03,p0p030,SA,7,a45,0,0,,ASK14_Coeffs,Z7,NGAW2_GMPE_Spreadsheets_v5.7_041415_ProtectedLocked.xlsm
ASK14,0.03,p0p030,SA,7,a46,-0.05,-0.05,,ASK14_Coeffs,AA7,NGAW2_GMPE_Spreadsheets_v5.7_041415_ProtectedLocked.xlsm
ASK14,0.03,p0p030,SA,7,a25,-0.0016,-0.0016,,ASK14_Coeffs,AB7,NGAW2_GMPE_Spreadsheets_v5.7_041415_ProtectedLocked.xlsm
ASK14,0.03,p0p030,SA,7,a28,0.0023,0.0023,,ASK14_Coeffs,AC7,NGAW2_GMPE_Spreadsheets_v5.7_041415_ProtectedLocked.xlsm
ASK14,0.03,p0p030,SA,7,a29,-0.0034,-0.0034,,ASK14_Coeffs,AD7,NGAW2_GMPE_Spreadsheets_v5.7_041415_ProtectedLocked.xlsm
ASK14,0.03,p0p030,SA,7,a31,-0.1447,-0.1447,,ASK14_Coeffs,AE7,NGAW2_GMPE_Spreadsheets_v5.7_041415_ProtectedLocked.xlsm
ASK14,0.03,p0p030,SA,7,a36,0.249,0.249,,ASK14_Coeffs,AF7,NGAW2_GMPE_Spreadsheets_v5.7_041415_ProtectedLocked.xlsm
ASK14,0.03,p0p030,SA,7,a37,0.32,0.32,,ASK14_Coeffs,AG7,NGAW2_GMPE_Spreadsheets_v5.7_041415_ProtectedLocked.xlsm
ASK14,0.03,p0p030,SA,7,a38,0.18,0.18,,ASK14_Coeffs,AH7,NGAW2_GMPE_Spreadsheets_v5.7_041415_ProtectedLocked.xlsm
ASK14,0.03,p0p030,SA,7,a39,0,0,,ASK14_Coeffs,AI7,NGAW2_GMPE_Spreadsheets_v5.7_041415_ProtectedLocked.xlsm
ASK14,0.03,p0p030,SA,7,a40,0.093,0.093,,ASK14_Coeffs,AJ7,NGAW2_GMPE_Spreadsheets_v5.7_041415_ProtectedLocked.xlsm
ASK14,0.03,p0p030,SA,7,a41,-0.175,-0.175,,ASK14_Coeffs,AK7,NGAW2_GMPE_Spreadsheets_v5.7_041415_ProtectedLocked.xlsm
ASK14,0.03,p0p030,SA,7,a42,0.162,0.162,,ASK14_Coeffs,AL7,NGAW2_GMPE_Spreadsheets_v5.7_041415_ProtectedLocked.xlsm
ASK14,0.03,p0p030,SA,7,s1,0.781,0.781,,ASK14_Coeffs,AM7,NGAW2_GMPE_Spreadsheets_v5.7_041415_ProtectedLocked.xlsm
ASK14,0.03,p0p030,SA,7,s2,0.52,0.52,,ASK14_Coeffs,AN7,NGAW2_GMPE_Spreadsheets_v5.7_041415_ProtectedLocked.xlsm
ASK14,0.03,p0p030,SA,7,s3,0.47,0.47,,ASK14_Coeffs,AO7,NGAW2_GMPE_Spreadsheets_v5.7_041415_ProtectedLocked.xlsm
ASK14,0.03,p0p030,SA,7,s4,0.36,0.36,,ASK14_Coeffs,AP7,NGAW2_GMPE_Spreadsheets_v5.7_041415_ProtectedLocked.xlsm
ASK14,0.03,p0p030,SA,7,s1 (known vs),0.769,0.769,,ASK14_Coeffs,AQ7,NGAW2_GMPE_Spreadsheets_v5.7_041415_ProtectedLocked.xlsm
ASK14,0.03,p0p030,SA,7,s2 (known vs),0.501,0.501,,ASK14_Coeffs,AR7,NGAW2_GMPE_Spreadsheets_v5.7_041415_ProtectedLocked.xlsm
ASK14,0.03,p0p030,SA,7,s5 (Japan Phi),0.55,0.55,,ASK14_Coeffs,AS7,NGAW2_GMPE_Spreadsheets_v5.7_041415_ProtectedLocked.xlsm
ASK14,0.03,p0p030,SA,7,s6 (Japan Phi),0.63,0.63,,ASK14_Coeffs,AT7,NGAW2_GMPE_Spreadsheets_v5.7_041415_ProtectedLocked.xlsm
ASK14,0.05,p0p050,SA,8,VLIN,915,915,,ASK14_Coeffs,B8,NGAW2_GMPE_Spreadsheets_v5.7_041415_ProtectedLocked.xlsm
ASK14,0.05,p0p050,SA,8,b,-1.219,-1.219,,ASK14_Coeffs,C8,NGAW2_GMPE_Spreadsheets_v5.7_041415_ProtectedLocked.xlsm
ASK14,0.05,p0p050,SA,8,n,1.5,1.5,,ASK14_Coeffs,D8,NGAW2_GMPE_Spreadsheets_v5.7_041415_ProtectedLocked.xlsm
ASK14,0.05,p0p050,SA,8,M1,6.75,6.75,,ASK14_Coeffs,E8,NGAW2_GMPE_Spreadsheets_v5.7_041415_ProtectedLocked.xlsm
ASK14,0.05,p0p050,SA,8,c,2.4,2.4,,ASK14_Coeffs,F8,NGAW2_GMPE_Spreadsheets_v5.7_041415_ProtectedLocked.xlsm
ASK14,0.05,p0p050,SA,8,c4,4.5,4.5,,ASK14_Coeffs,G8,NGAW2_GMPE_Spreadsheets_v5.7_041415_ProtectedLocked.xlsm
ASK14,0.05,p0p050,SA,8,a1,0.707,0.707,,ASK14_Coeffs,H8,NGAW2_GMPE_Spreadsheets_v5.7_041415_ProtectedLocked.xlsm
ASK14,0.05,p0p050,SA,8,a2,-0.79,-0.79,,ASK14_Coeffs,I8,NGAW2_GMPE_Spreadsheets_v5.7_041415_ProtectedLocked.xlsm
ASK14,0.05,p0p050,SA,8,a3,0.275,0.275,,ASK14_Coeffs,J8,NGAW2_GMPE_Spreadsheets_v5.7_041415_ProtectedLocked.xlsm
ASK14,0.05,p0p050,SA,8,a4,-0.1,-0.1,,ASK14_Coeffs,K8,NGAW2_GMPE_Spreadsheets_v5.7_041415_ProtectedLocked.xlsm
ASK14,0.05,p0p050,SA,8,a5,-0.41,-0.41,,ASK14_Coeffs,L8,NGAW2_GMPE_Spreadsheets_v5.7_041415_ProtectedLocked.xlsm
ASK14,0.05,p0p050,SA,8,a6,2.0845,2.0845,,ASK14_Coeffs,M8,NGAW2_GMPE_Spreadsheets_v5.7_041415_ProtectedLocked.xlsm
ASK14,0.05,p0p050,SA,8,a7,0,0,,ASK14_Coeffs,N8,NGAW2_GMPE_Spreadsheets_v5.7_041415_ProtectedLocked.xlsm
ASK14,0.05,p0p050,SA,8,a8,-0.015,-0.015,,ASK14_Coeffs,O8,NGAW2_GMPE_Spreadsheets_v5.7_041415_ProtectedLocked.xlsm
ASK14,0.05,p0p050,SA,8,a10,1.358,1.358,,ASK14_Coeffs,P8,NGAW2_GMPE_Spreadsheets_v5.7_041415_ProtectedLocked.xlsm
ASK14,0.05,p0p050,SA,8,a11,0,0,,ASK14_Coeffs,Q8,NGAW2_GMPE_Spreadsheets_v5.7_041415_ProtectedLocked.xlsm
ASK14,0.05,p0p050,SA,8,a12,-0.1,-0.1,,ASK14_Coeffs,R8,NGAW2_GMPE_Spreadsheets_v5.7_041415_ProtectedLocked.xlsm
ASK14,0.05,p0p050,SA,8,a13,0.6,0.6,,ASK14_Coeffs,S8,NGAW2_GMPE_Spreadsheets_v5.7_041415_ProtectedLocked.xlsm
ASK14,0.05,p0p050,SA,8,a14,-0.3,-0.3,,ASK14_Coeffs,T8,NGAW2_GMPE_Spreadsheets_v5.7_041415_ProtectedLocked.xlsm
ASK14,0.05,p0p050,SA,8,a15,1.1,1.1,,ASK14_Coeffs,U8,NGAW2_GMPE_Spreadsheets_v5.7_041415_ProtectedLocked.xlsm
ASK14,0.05,p0p050,SA,8,a16,0,0,,ASK14_Coeffs,V8,NGAW2_GMPE_Spreadsheets_v5.7_041415_ProtectedLocked.xlsm
ASK14,0.05,p0p050,SA,8,a17,-0.008,-0.008,,ASK14_Coeffs,W8,NGAW2_GMPE_Spreadsheets_v5.7_041415_ProtectedLocked.xlsm
ASK14,0.05,p0p050,SA,8,a43,0.1,0.1,,ASK14_Coeffs,X8,NGAW2_GMPE_Spreadsheets_v5.7_041415_ProtectedLocked.xlsm
ASK14,0.05,p0p050,SA,8,a44,0.05,0.05,,ASK14_Coeffs,Y8,NGAW2_GMPE_Spreadsheets_v5.7_041415_ProtectedLocked.xlsm
ASK14,0.05,p0p050,SA,8,a45,0,0,,ASK14_Coeffs,Z8,NGAW2_GMPE_Spreadsheets_v5.7_041415_ProtectedLocked.xlsm
ASK14,0.05,p0p050,SA,8,a46,-0.05,-0.05,,ASK14_Coeffs,AA8,NGAW2_GMPE_Spreadsheets_v5.7_041415_ProtectedLocked.xlsm
ASK14,0.05,p0p050,SA,8,a25,-0.002,-0.002,,ASK14_Coeffs,AB8,NGAW2_GMPE_Spreadsheets_v5.7_041415_ProtectedLocked.xlsm
ASK14,0.05,p0p050,SA,8,a28,0.0027,0.0027,,ASK14_Coeffs,AC8,NGAW2_GMPE_Spreadsheets_v5.7_041415_ProtectedLocked.xlsm
ASK14,0.05,p0p050,SA,8,a29,-0.0033,-0.0033,,ASK14_Coeffs,AD8,NGAW2_GMPE_Spreadsheets_v5.7_041415_ProtectedLocked.xlsm
ASK14,0.05,p0p050,SA,8,a31,-0.1326,-0.1326,,ASK14_Coeffs,AE8,NGAW2_GMPE_Spreadsheets_v5.7_041415_ProtectedLocked.xlsm
ASK14,0.05,p0p050,SA,8,a36,0.202,0.202,,ASK14_Coeffs,AF8,NGAW2_GMPE_Spreadsheets_v5.7_041415_ProtectedLocked.xlsm
ASK14,0.05,p0p050,SA,8,a37,0.289,0.289,,ASK14_Coeffs,AG8,NGAW2_GMPE_Spreadsheets_v5.7_041415_ProtectedLocked.xlsm
ASK14,0.05,p0p050,SA,8,a38,0.167,0.167,,ASK14_Coeffs,AH8,NGAW2_GMPE_Spreadsheets_v5.7_041415_ProtectedLocked.xlsm
ASK14,0.05,p0p050,SA,8,a39,0,0,,ASK14_Coeffs,AI8,NGAW2_GMPE_Spreadsheets_v5.7_041415_ProtectedLocked.xlsm
ASK14,0.05,p0p050,SA,8,a40,0.133,0.133,,ASK14_Coeffs,AJ8,NGAW2_GMPE_Spreadsheets_v5.7_041415_ProtectedLocked.xlsm
ASK14,0.05,p0p050,SA,8,a41,-0.09,-0.09,,ASK14_Coeffs,AK8,NGAW2_GMPE_Spreadsheets_v5.7_041415_ProtectedLocked.xlsm
ASK14,0.05,p0p050,SA,8,a42,0.451,0.451,,ASK14_Coeffs,AL8,NGAW2_GMPE_Spreadsheets_v5.7_041415_ProtectedLocked.xlsm
ASK14,0.05,p0p050,SA,8,s1,0.81,0.81,,ASK14_Coeffs,AM8,NGAW2_GMPE_Spreadsheets_v5.7_041415_ProtectedLocked.xlsm
ASK14,0.05,p0p050,SA,8,s2,0.53,0.53,,ASK14_Coeffs,AN8,NGAW2_GMPE_Spreadsheets_v5.7_041415_ProtectedLocked.xlsm
ASK14,0.05,p0p050,SA,8,s3,0.47,0.47,,ASK14_Coeffs,AO8,NGAW2_GMPE_Spreadsheets_v5.7_041415_ProtectedLocked.xlsm
ASK14,0.05,p0p050,SA,8,s4,0.36,0.36,,ASK14_Coeffs,AP8,NGAW2_GMPE_Spreadsheets_v5.7_041415_ProtectedLocked.xlsm
ASK14,0.05,p0p050,SA,8,s1 (known vs),0.798,0.798,,ASK14_Coeffs,AQ8,NGAW2_GMPE_Spreadsheets_v5.7_041415_ProtectedLocked.xlsm
ASK14,0.05,p0p050,SA,8,s2 (known vs),0.512,0.512,,ASK14_Coeffs,AR8,NGAW2_GMPE_Spreadsheets_v5.7_041415_ProtectedLocked.xlsm
ASK14,0.05,p0p050,SA,8,s5 (Japan Phi),0.56,0.56,,ASK14_Coeffs,AS8,NGAW2_GMPE_Spreadsheets_v5.7_041415_ProtectedLocked.xlsm
ASK14,0.05,p0p050,SA,8,s6 (Japan Phi),0.65,0.65,,ASK14_Coeffs,AT8,NGAW2_GMPE_Spreadsheets_v5.7_041415_ProtectedLocked.xlsm
ASK14,0.075,p0p075,SA,9,VLIN,960,960,,ASK14_Coeffs,B9,NGAW2_GMPE_Spreadsheets_v5.7_041415_ProtectedLocked.xlsm
ASK14,0.075,p0p075,SA,9,b,-1.152,-1.152,,ASK14_Coeffs,C9,NGAW2_GMPE_Spreadsheets_v5.7_041415_ProtectedLocked.xlsm
ASK14,0.075,p0p075,SA,9,n,1.5,1.5,,ASK14_Coeffs,D9,NGAW2_GMPE_Spreadsheets_v5.7_041415_ProtectedLocked.xlsm
ASK14,0.075,p0p075,SA,9,M1,6.75,6.75,,ASK14_Coeffs,E9,NGAW2_GMPE_Spreadsheets_v5.7_041415_ProtectedLocked.xlsm
ASK14,0.075,p0p075,SA,9,c,2.4,2.4,,ASK14_Coeffs,F9,NGAW2_GMPE_Spreadsheets_v5.7_041415_ProtectedLocked.xlsm
ASK14,0.075,p0p075,SA,9,c4,4.5,4.5,,ASK14_Coeffs,G9,NGAW2_GMPE_Spreadsheets_v5.7_041415_ProtectedLocked.xlsm
ASK14,0.075,p0p075,SA,9,a1,0.973,0.973,,ASK14_Coeffs,H9,NGAW2_GMPE_Spreadsheets_v5.7_041415_ProtectedLocked.xlsm
ASK14,0.075,p0p075,SA,9,a2,-0.79,-0.79,,ASK14_Coeffs,I9,NGAW2_GMPE_Spreadsheets_v5.7_041415_ProtectedLocked.xlsm
ASK14,0.075,p0p075,SA,9,a3,0.275,0.275,,ASK14_Coeffs,J9,NGAW2_GMPE_Spreadsheets_v5.7_041415_ProtectedLocked.xlsm
ASK14,0.075,p0p075,SA,9,a4,-0.1,-0.1,,ASK14_Coeffs,K9,NGAW2_GMPE_Spreadsheets_v5.7_041415_ProtectedLocked.xlsm
ASK14,0.075,p0p075,SA,9,a5,-0.41,-0.41,,ASK14_Coeffs,L9,NGAW2_GMPE_Spreadsheets_v5.7_041415_ProtectedLocked.xlsm
ASK14,0.075,p0p075,SA,9,a6,2.0285,2.0285,,ASK14_Coeffs,M9,NGAW2_GMPE_Spreadsheets_v5.7_041415_ProtectedLocked.xlsm
ASK14,0.075,p0p075,SA,9,a7,0,0,,ASK14_Coeffs,N9,NGAW2_GMPE_Spreadsheets_v5.7_041415_ProtectedLocked.xlsm
ASK14,0.075,p0p075,SA,9,a8,-0.015,-0.015,,ASK14_Coeffs,O9,NGAW2_GMPE_Spreadsheets_v5.7_041415_ProtectedLocked.xlsm
ASK14,0.075,p0p075,SA,9,a10,1.258,1.258,,ASK14_Coeffs,P9,NGAW2_GMPE_Spreadsheets_v5.7_041415_ProtectedLocked.xlsm
ASK14,0.075,p0p075,SA,9,a11,0,0,,ASK14_Coeffs,Q9,NGAW2_GMPE_Spreadsheets_v5.7_041415_ProtectedLocked.xlsm
ASK14,0.075,p0p075,SA,9,a12,-0.1,-0.1,,ASK14_Coeffs,R9,NGAW2_GMPE_Spreadsheets_v5.7_041415_ProtectedLocked.xlsm
ASK14,0.075,p0p075,SA,9,a13,0.6,0.6,,ASK14_Coeffs,S9,NGAW2_GMPE_Spreadsheets_v5.7_041415_ProtectedLocked.xlsm
ASK14,0.075,p0p075,SA,9,a14,-0.3,-0.3,,ASK14_Coeffs,T9,NGAW2_GMPE_Spreadsheets_v5.7_041415_ProtectedLocked.xlsm
ASK14,0.075,p0p075,SA,9,a15,1.1,1.1,,ASK14_Coeffs,U9,NGAW2_GMPE_Spreadsheets_v5.7_041415_ProtectedLocked.xlsm
ASK14,0.075,p0p075,SA,9,a16,0,0,,ASK14_Coeffs,V9,NGAW2_GMPE_Spreadsheets_v5.7_041415_ProtectedLocked.xlsm
ASK14,0.075,p0p075,SA,9,a17,-0.0089,-0.0089,,ASK14_Coeffs,W9,NGAW2_GMPE_Spreadsheets_v5.7_041415_ProtectedLocked.xlsm
ASK14,0.075,p0p075,SA,9,a43,0.1,0.1,,ASK14_Coeffs,X9,NGAW2_GMPE_Spreadsheets_v5.7_041415_ProtectedLocked.xlsm
ASK14,0.075,p0p075,SA,9,a44,0.05,0.05,,ASK14_Coeffs,Y9,NGAW2_GMPE_Spreadsheets_v5.7_041415_ProtectedLocked.xlsm
ASK14,0.075,p0p075,SA,9,a45,0,0,,ASK14_Coeffs,Z9,NGAW2_GMPE_Spreadsheets_v5.7_041415_ProtectedLocked.xlsm
ASK14,0.075,p0p075,SA,9,a46,-0.05,-0.05,,ASK14_Coeffs,AA9,NGAW2_GMPE_Spreadsheets_v5.7_041415_ProtectedLocked.xlsm
ASK14,0.075,p0p075,SA,9,a25,-0.0027,-0.0027,,ASK14_Coeffs,AB9,NGAW2_GMPE_Spreadsheets_v5.7_041415_ProtectedLocked.xlsm
ASK14,0.075,p0p075,SA,9,a28,0.0032,0.0032,,ASK14_Coeffs,AC9,NGAW2_GMPE_Spreadsheets_v5.7_041415_ProtectedLocked.xlsm
ASK14,0.075,p0p075,SA,9,a29,-0.0029,-0.0029,,ASK14_Coeffs,AD9,NGAW2_GMPE_Spreadsheets_v5.7_041415_ProtectedLocked.xlsm
ASK14,0.075,p0p075,SA,9,a31,-0.1353,-0.1353,,ASK14_Coeffs,AE9,NGAW2_GMPE_Spreadsheets_v5.7_041415_ProtectedLocked.xlsm
ASK14,0.075,p0p075,SA,9,a36,0.126,0.126,,ASK14_Coeffs,AF9,NGAW2_GMPE_Spreadsheets_v5.7_041415_ProtectedLocked.xlsm
ASK14,0.075,p0p075,SA,9,a37,0.275,0.275,,ASK14_Coeffs,AG9,NGAW2_GMPE_Spreadsheets_v5.7_041415_ProtectedLocked.xlsm
ASK14,0.075,p0p075,SA,9,a38,0.173,0.173,,ASK14_Coeffs,AH9,NGAW2_GMPE_Spreadsheets_v5.7_041415_ProtectedLocked.xlsm
ASK14,0.075,p0p075,SA,9,a39,0,0,,ASK14_Coeffs,AI9,NGAW2_GMPE_Spreadsheets_v5.7_041415_ProtectedLocked.xlsm
ASK14,0.075,p0p075,SA,9,a40,0.186,0.186,,ASK14_Coeffs,AJ9,NGAW2_GMPE_Spreadsheets_v5.7_041415_ProtectedLocked.xlsm
ASK14,0.075,p0p075,SA,9,a41,0.09,0.09,,ASK14_Coeffs,AK9,NGAW2_GMPE_Spreadsheets_v5.7_041415_ProtectedLocked.xlsm
ASK14,0.075,p0p075,SA,9,a42,0.506,0.506,,ASK14_Coeffs,AL9,NGAW2_GMPE_Spreadsheets_v5.7_041415_ProtectedLocked.xlsm
ASK14,0.075,p0p075,SA,9,s1,0.81,0.81,,ASK14_Coeffs,AM9,NGAW2_GMPE_Spreadsheets_v5.7_041415_ProtectedLocked.xlsm
ASK14,0.075,p0p075,SA,9,s2,0.54,0.54,,ASK14_Coeffs,AN9,NGAW2_GMPE_Spreadsheets_v5.7_041415_ProtectedLocked.xlsm
ASK14,0.075,p0p075,SA,9,s3,0.47,0.47,,ASK14_Coeffs,AO9,NGAW2_GMPE_Spreadsheets_v5.7_041415_ProtectedLocked.xlsm
ASK14,0.075,p0p075,SA,9,s4,0.36,0.36,,ASK14_Coeffs,AP9,NGAW2_GMPE_Spreadsheets_v5.7_041415_ProtectedLocked.xlsm
ASK14,0.075,p0p075,SA,9,s1 (known vs),0.798,0.798,,ASK14_Coeffs,AQ9,NGAW2_GMPE_Spreadsheets_v5.7_041415_ProtectedLocked.xlsm
ASK14,0.075,p0p075,SA,9,s2 (known vs),0.522,0.522,,ASK14_Coeffs,AR9,NGAW2_GMPE_Spreadsheets_v5.7_041415_ProtectedLocked.xlsm
ASK14,0.075,p0p075,SA,9,s5 (Japan Phi),0.57,0.57,,ASK14_Coeffs,AS9,NGAW2_GMPE_Spreadsheets_v5.7_041415_ProtectedLocked.xlsm
ASK14,0.075,p0p075,SA,9,s6 (Japan Phi),0.69,0.69,,ASK14_Coeffs,AT9,NGAW2_GMPE_Spreadsheets_v5.7_041415_ProtectedLocked.xlsm
ASK14,0.1,p0p100,SA,10,VLIN,910,910,,ASK14_Coeffs,B10,NGAW2_GMPE_Spreadsheets_v5.7_041415_ProtectedLocked.xlsm
ASK14,0.1,p0p100,SA,10,b,-1.23,-1.23,,ASK14_Coeffs,C10,NGAW2_GMPE_Spreadsheets_v5.7_041415_ProtectedLocked.xlsm
ASK14,0.1,p0p100,SA,10,n,1.5,1.5,,ASK14_Coeffs,D10,NGAW2_GMPE_Spreadsheets_v5.7_041415_ProtectedLocked.xlsm
ASK14,0.1,p0p100,SA,10,M1,6.75,6.75,,ASK14_Coeffs,E10,NGAW2_GMPE_Spreadsheets_v5.7_041415_ProtectedLocked.xlsm
ASK14,0.1,p0p100,SA,10,c,2.4,2.4,,ASK14_Coeffs,F10,NGAW2_GMPE_Spreadsheets_v5.7_041415_ProtectedLocked.xlsm
ASK14,0.1,p0p100,SA,10,c4,4.5,4.5,,ASK14_Coeffs,G10,NGAW2_GMPE_Spreadsheets_v5.7_041415_ProtectedLocked.xlsm
ASK14,0.1,p0p100,SA,10,a1,1.169,1.169,,ASK14_Coeffs,H10,NGAW2_GMPE_Spreadsheets_v5.7_041415_ProtectedLocked.xlsm
ASK14,0.1,p0p100,SA,10,a2,-0.79,-0.79,,ASK14_Coeffs,I10,NGAW2_GMPE_Spreadsheets_v5.7_041415_ProtectedLocked.xlsm
ASK14,0.1,p0p100,SA,10,a3,0.275,0.275,,ASK14_Coeffs,J10,NGAW2_GMPE_Spreadsheets_v5.7_041415_ProtectedLocked.xlsm
ASK14,0.1,p0p100,SA,10,a4,-0.1,-0.1,,ASK14_Coeffs,K10,NGAW2_GMPE_Spreadsheets_v5.7_041415_ProtectedLocked.xlsm
ASK14,0.1,p0p100,SA,10,a5,-0.41,-0.41,,ASK14_Coeffs,L10,NGAW2_GMPE_Spreadsheets_v5.7_041415_ProtectedLocked.xlsm
ASK14,0.1,p0p100,SA,10,a6,2.0408,2.0408,,ASK14_Coeffs,M10,NGAW2_GMPE_Spreadsheets_v5.7_041415_ProtectedLocked.xlsm
ASK14,0.1,p0p100,SA,10,a7,0,0,,ASK14_Coeffs,N10,NGAW2_GMPE_Spreadsheets_v5.7_041415_ProtectedLocked.xlsm
ASK14,0.1,p0p100,SA,10,a8,-0.015,-0.015,,ASK14_Coeffs,O10,NGAW2_GMPE_Spreadsheets_v5.7_041415_ProtectedLocked.xlsm
ASK14,0.1,p0p100,SA,10,a10,1.31,1.31,,ASK14_Coeffs,P10,NGAW2_GMPE_Spreadsheets_v5.7_041415_ProtectedLocked.xlsm
ASK14,0.1,p0p100,SA,10,a11,0,0,,ASK14_Coeffs,Q10,NGAW2_GMPE_Spreadsheets_v5.7_041415_ProtectedLocked.xlsm
ASK14,0.1,p0p100,SA,10,a12,-0.1,-0.1,,ASK14_Coeffs,R10,NGAW2_GMPE_Spreadsheets_v5.7_041415_ProtectedLocked.xlsm
ASK14,0.1,p0p100,SA,10,a13,0.6,0.6,,ASK14_Coeffs,S10,NGAW2_GMPE_Spreadsheets_v5.7_041415_ProtectedLocked.xlsm
ASK14,0.1,p0p100,SA,10,a14,-0.3,-0.3,,ASK14_Coeffs,T10,NGAW2_GMPE_Spreadsheets_v5.7_041415_ProtectedLocked.xlsm
ASK14,0.1,p0p100,SA,10,a15,1.1,1.1,,ASK14_Coeffs,U10,NGAW2_GMPE_Spreadsheets_v5.7_041415_ProtectedLocked.xlsm
ASK14,0.1,p0p100,SA,10,a16,0,0,,ASK14_Coeffs,V10,NGAW2_GMPE_Spreadsheets_v5.7_041415_ProtectedLocked.xlsm
ASK14,0.1,p0p100,SA,10,a17,-0.0095,-0.0095,,ASK14_Coeffs,W10,NGAW2_GMPE_Spreadsheets_v5.7_041415_ProtectedLocked.xlsm
ASK14,0.1,p0p100,SA,10,a43,0.1,0.1,,ASK14_Coeffs,X10,NGAW2_GMPE_Spreadsheets_v5.7_041415_ProtectedLocked.xlsm
ASK14,0.1,p0p100,SA,10,a44,0.05,0.05,,ASK14_Coeffs,Y10,NGAW2_GMPE_Spreadsheets_v5.7_041415_ProtectedLocked.xlsm
ASK14,0.1,p0p100,SA,10,a45,0,0,,ASK14_Coeffs,Z10,NGAW2_GMPE_Spreadsheets_v5.7_041415_ProtectedLocked.xlsm
ASK14,0.1,p0p100,SA,10,a46,-0.05,-0.05,,ASK14_Coeffs,AA10,NGAW2_GMPE_Spreadsheets_v5.7_041415_ProtectedLocked.xlsm
ASK14,0.1,p0p100,SA,10,a25,-0.0033,-0.0033,,ASK14_Coeffs,AB10,NGAW2_GMPE_Spreadsheets_v5.7_041415_ProtectedLocked.xlsm
ASK14,0.1,p0p100,SA,10,a28,0.0036,0.0036,,ASK14_Coeffs,AC10,NGAW2_GMPE_Spreadsheets_v5.7_041415_ProtectedLocked.xlsm
ASK14,0.1,p0p100,SA,10,a29,-0.0025,-0.0025,,ASK14_Coeffs,AD10,NGAW2_GMPE_Spreadsheets_v5.7_041415_ProtectedLocked.xlsm
ASK14,0.1,p0p100,SA,10,a31,-0.1128,-0.1128,,ASK14_Coeffs,AE10,NGAW2_GMPE_Spreadsheets_v5.7_041415_ProtectedLocked.xlsm
ASK14,0.1,p0p100,SA,10,a36,0.022,0.022,,ASK14_Coeffs,AF10,NGAW2_GMPE_Spreadsheets_v5.7_041415_ProtectedLocked.xlsm
ASK14,0.1,p0p100,SA,10,a37,0.256,0.256,,ASK14_Coeffs,AG10,NGAW2_GMPE_Spreadsheets_v5.7_041415_ProtectedLocked.xlsm
ASK14,0.1,p0p100,SA,10,a38,0.189,0.189,,ASK14_Coeffs,AH10,NGAW2_GMPE_Spreadsheets_v5.7_041415_ProtectedLocked.xlsm
ASK14,0.1,p0p100,SA,10,a39,0,0,,ASK14_Coeffs,AI10,NGAW2_GMPE_Spreadsheets_v5.7_041415_ProtectedLocked.xlsm
ASK14,0.1,p0p100,SA,10,a40,0.16,0.16,,ASK14_Coeffs,AJ10,NGAW2_GMPE_Spreadsheets_v5.7_041415_ProtectedLocked.xlsm
ASK14,0.1,p0p100,SA,10,a41,0.006,0.006,,ASK14_Coeffs,AK10,NGAW2_GMPE_Spreadsheets_v5.7_041415_ProtectedLocked.xlsm
ASK14,0.1,p0p100,SA,10,a42,0.335,0.335,,ASK14_Coeffs,AL10,NGAW2_GMPE_Spreadsheets_v5.7_041415_ProtectedLocked.xlsm
ASK14,0.1,p0p100,SA,10,s1,0.81,0.81,,ASK14_Coeffs,AM10,NGAW2_GMPE_Spreadsheets_v5.7_041415_ProtectedLocked.xlsm
ASK14,0.1,p0p100,SA,10,s2,0.55,0.55,,ASK14_Coeffs,AN10,NGAW2_GMPE_Spreadsheets_v5.7_041415_ProtectedLocked.xlsm
ASK14,0.1,p0p100,SA,10,s3,0.47,0.47,,ASK14_Coeffs,AO10,NGAW2_GMPE_Spreadsheets_v5.7_041415_ProtectedLocked.xlsm
ASK14,0.1,p0p100,SA,10,s4,0.36,0.36,,ASK14_Coeffs,AP10,NGAW2_GMPE_Spreadsheets_v5.7_041415_ProtectedLocked.xlsm
ASK14,0.1,p0p100,SA,10,s1 (known vs),0.795,0.795,,ASK14_Coeffs,AQ10,NGAW2_GMPE_Spreadsheets_v5.7_041415_ProtectedLocked.xlsm
ASK14,0.1,p0p100,SA,10,s2 (known vs),0.527,0.527,,ASK14_Coeffs,AR10,NGAW2_GMPE_Spreadsheets_v5.7_041415_ProtectedLocked.xlsm
ASK14,0.1,p0p100,SA,10,s5 (Japan Phi),0.57,0.57,,ASK14_Coeffs,AS10,NGAW2_GMPE_Spreadsheets_v5.7_041415_ProtectedLocked.xlsm
ASK14,0.1,p0p100,SA,10,s6 (Japan Phi),0.7,0.7,,ASK14_Coeffs,AT10,NGAW2_GMPE_Spreadsheets_v5.7_041415_ProtectedLocked.xlsm
ASK14,0.15,p0p150,SA,11,VLIN,740,740,,ASK14_Coeffs,B11,NGAW2_GMPE_Spreadsheets_v5.7_041415_ProtectedLocked.xlsm
ASK14,0.15,p0p150,SA,11,b,-1.587,-1.587,,ASK14_Coeffs,C11,NGAW2_GMPE_Spreadsheets_v5.7_041415_ProtectedLocked.xlsm
ASK14,0.15,p0p150,SA,11,n,1.5,1.5,,ASK14_Coeffs,D11,NGAW2_GMPE_Spreadsheets_v5.7_041415_ProtectedLocked.xlsm
ASK14,0.15,p0p150,SA,11,M1,6.75,6.75,,ASK14_Coeffs,E11,NGAW2_GMPE_Spreadsheets_v5.7_041415_ProtectedLocked.xlsm
ASK14,0.15,p0p150,SA,11,c,2.4,2.4,,ASK14_Coeffs,F11,NGAW2_GMPE_Spreadsheets_v5.7_041415_ProtectedLocked.xlsm
ASK14,0.15,p0p150,SA,11,c4,4.5,4.5,,ASK14_Coeffs,G11,NGAW2_GMPE_Spreadsheets_v5.7_041415_ProtectedLocked.xlsm
ASK14,0.15,p0p150,SA,11,a1,1.442,1.442,,ASK14_Coeffs,H11,NGAW2_GMPE_Spreadsheets_v5.7_041415_ProtectedLocked.xlsm
ASK14,0.15,p0p150,SA,11,a2,-0.79,-0.79,,ASK14_Coeffs,I11,NGAW2_GMPE_Spreadsheets_v5.7_041415_ProtectedLocked.xlsm
ASK14,0.15,p0p150,SA,11,a3,0.275,0.275,,ASK14_Coeffs,J11,NGAW2_GMPE_Spreadsheets_v5.7_041415_ProtectedLocked.xlsm
ASK14,0.15,p0p150,SA,11,a4,-0.1,-0.1,,ASK14_Coeffs,K11,NGAW2_GMPE_Spreadsheets_v5.7_041415_ProtectedLocked.xlsm
ASK14,0.15,p0p150,SA,11,a5,-0.41,-0.41,,ASK14_Coeffs,L11,NGAW2_GMPE_Spreadsheets_v5.7_041415_ProtectedLocked.xlsm
ASK14,0.15,p0p150,SA,11,a6,2.1208,2.1208,,ASK14_Coeffs,M11,NGAW2_GMPE_Spreadsheets_v5.7_041415_ProtectedLocked.xlsm
ASK14,0.15,p0p150,SA,11,a7,0,0,,ASK14_Coeffs,N11,NGAW2_GMPE_Spreadsheets_v5.7_041415_ProtectedLocked.xlsm
ASK14,0.15,p0p150,SA,11,a8,-0.022,-0.022,,ASK14_Coeffs,O11,NGAW2_GMPE_Spreadsheets_v5.7_041415_ProtectedLocked.xlsm
ASK14,0.15,p0p150,SA,11,a10,1.66,1.66,,ASK14_Coeffs,P11,NGAW2_GMPE_Spreadsheets_v5.7_041415_ProtectedLocked.xlsm
ASK14,0.15,p0p150,SA,11,a11,0,0,,ASK14_Coeffs,Q11,NGAW2_GMPE_Spreadsheets_v5.7_041415_ProtectedLocked.xlsm
ASK14,0.15,p0p150,SA,11,a12,-0.1,-0.1,,ASK14_Coeffs,R11,NGAW2_GMPE_Spreadsheets_v5.7_041415_ProtectedLocked.xlsm
ASK14,0.15,p0p150,SA,11,a13,0.6,0.6,,ASK14_Coeffs,S11,NGAW2_GMPE_Spreadsheets_v5.7_041415_ProtectedLocked.xlsm
ASK14,0.15,p0p150,SA,11,a14,-0.3,-0.3,,ASK14_Coeffs,T11,NGAW2_GMPE_Spreadsheets_v5.7_041415_ProtectedLocked.xlsm
ASK14,0.15,p0p150,SA,11,a15,1.1,1.1,,ASK14_Coeffs,U11,NGAW2_GMPE_Spreadsheets_v5.7_041415_ProtectedLocked.xlsm
ASK14,0.15,p0p150,SA,11,a16,0,0,,ASK14_Coeffs,V11,NGAW2_GMPE_Spreadsheets_v5.7_041415_ProtectedLocked.xlsm
ASK14,0.15,p0p150,SA,11,a17,-0.0095,-0.0095,,ASK14_Coeffs,W11,NGAW2_GMPE_Spreadsheets_v5.7_041415_ProtectedLocked.xlsm
ASK14,0.15,p0p150,SA,11,a43,0.1,0.1,,ASK14_Coeffs,X11,NGAW2_GMPE_Spreadsheets_v5.7_041415_ProtectedLocked.xlsm
ASK14,0.15,p0p150,SA,11,a44,0.05,0.05,,ASK14_Coeffs,Y11,NGAW2_GMPE_Spreadsheets_v5.7_041415_ProtectedLocked.xlsm
ASK14,0.15,p0p150,SA,11,a45,0,0,,ASK14_Coeffs,Z11,NGAW2_GMPE_Spreadsheets_v5.7_041415_ProtectedLocked.xlsm
ASK14,0.15,p0p150,SA,11,a46,-0.05,-0.05,,ASK14_Coeffs,AA11,NGAW2_GMPE_Spreadsheets_v5.7_041415_ProtectedLocked.xlsm
ASK14,0.15,p0p150,SA,11,a25,-0.0035,-0.0035,,ASK14_Coeffs,AB11,NGAW2_GMPE_Spreadsheets_v5.7_041415_ProtectedLocked.xlsm
ASK14,0.15,p0p150,SA,11,a28,0.0033,0.0033,,ASK14_Coeffs,AC11,NGAW2_GMPE_Spreadsheets_v5.7_041415_ProtectedLocked.xlsm
ASK14,0.15,p0p150,SA,11,a29,-0.0025,-0.0025,,ASK14_Coeffs,AD11,NGAW2_GMPE_Spreadsheets_v5.7_041415_ProtectedLocked.xlsm
ASK14,0.15,p0p150,SA,11,a31,0.0383,0.0383,,ASK14_Coeffs,AE11,NGAW2_GMPE_Spreadsheets_v5.7_041415_ProtectedLocked.xlsm
ASK14,0.15,p0p150,SA,11,a36,-0.136,-0.136,,ASK14_Coeffs,AF11,NGAW2_GMPE_Spreadsheets_v5.7_041415_ProtectedLocked.xlsm
ASK14,0.15,p0p150,SA,11,a37,0.162,0.162,,ASK14_Coeffs,AG11,NGAW2_GMPE_Spreadsheets_v5.7_041415_ProtectedLocked.xlsm
ASK14,0.15,p0p150,SA,11,a38,0.108,0.108,,ASK14_Coeffs,AH11,NGAW2_GMPE_Spreadsheets_v5.7_041415_ProtectedLocked.xlsm
ASK14,0.15,p0p150,SA,11,a39,0,0,,ASK14_Coeffs,AI11,NGAW2_GMPE_Spreadsheets_v5.7_041415_ProtectedLocked.xlsm
ASK14,0.15,p0p150,SA,11,a40,0.068,0.068,,ASK14_Coeffs,AJ11,NGAW2_GMPE_Spreadsheets_v5.7_041415_ProtectedLocked.xlsm
ASK14,0.15,p0p150,SA,11,a41,-0.156,-0.156,,ASK14_Coeffs,AK11,NGAW2_GMPE_Spreadsheets_v5.7_041415_ProtectedLocked.xlsm
ASK14,0.15,p0p150,SA,11,a42,-0.084,-0.084,,ASK14_Coeffs,AL11,NGAW2_GMPE_Spreadsheets_v5.7_041415_ProtectedLocked.xlsm
ASK14,0.15,p0p150,SA,11,s1,0.801,0.801,,ASK14_Coeffs,AM11,NGAW2_GMPE_Spreadsheets_v5.7_041415_ProtectedLocked.xlsm
ASK14,0.15,p0p150,SA,11,s2,0.56,0.56,,ASK14_Coeffs,AN11,NGAW2_GMPE_Spreadsheets_v5.7_041415_ProtectedLocked.xlsm
ASK14,0.15,p0p150,SA,11,s3,0.47,0.47,,ASK14_Coeffs,AO11,NGAW2_GMPE_Spreadsheets_v5.7_041415_ProtectedLocked.xlsm
ASK14,0.15,p0p150,SA,11,s4,0.36,0.36,,ASK14_Coeffs,AP11,NGAW2_GMPE_Spreadsheets_v5.7_041415_ProtectedLocked.xlsm
ASK14,0.15,p0p150,SA,11,s1 (known vs),0.773,0.773,,ASK14_Coeffs,AQ11,NGAW2_GMPE_Spreadsheets_v5.7_041415_ProtectedLocked.xlsm
ASK14,0.15,p0p150,SA,11,s2 (known vs),0.519,0.519,,ASK14_Coeffs,AR11,NGAW2_GMPE_Spreadsheets_v5.7_041415_ProtectedLocked.xlsm
ASK14,0.15,p0p150,SA,11,s5 (Japan Phi),0.58,0.58,,ASK14_Coeffs,AS11,NGAW2_GMPE_Spreadsheets_v5.7_041415_ProtectedLocked.xlsm
ASK14,0.15,p0p150,SA,11,s6 (Japan Phi),0.7,0.7,,ASK14_Coeffs,AT11,NGAW2_GMPE_Spreadsheets_v5.7_041415_ProtectedLocked.xlsm
ASK14,0.2,p0p200,SA,12,VLIN,590,590,,ASK14_Coeffs,B12,NGAW2_GMPE_Spreadsheets_v5.7_041415_ProtectedLocked.xlsm
ASK14,0.2,p0p200,SA,12,b,-2.012,-2.012,,ASK14_Coeffs,C12,NGAW2_GMPE_Spreadsheets_v5.7_041415_ProtectedLocked.xlsm
ASK14,0.2,p0p200,SA,12,n,1.5,1.5,,ASK14_Coeffs,D12,NGAW2_GMPE_Spreadsheets_v5.7_041415_ProtectedLocked.xlsm
ASK14,0.2,p0p200,SA,12,M1,6.75,6.75,,ASK14_Coeffs,E12,NGAW2_GMPE_Spreadsheets_v5.7_041415_ProtectedLocked.xlsm
ASK14,0.2,p0p200,SA,12,c,2.4,2.4,,ASK14_Coeffs,F12,NGAW2_GMPE_Spreadsheets_v5.7_041415_ProtectedLocked.xlsm
ASK14,0.2,p0p200,SA,12,c4,4.5,4.5,,ASK14_Coeffs,G12,NGAW2_GMPE_Spreadsheets_v5.7_041415_ProtectedLocked.xlsm
ASK14,0.2,p0p200,SA,12,a1,1.637,1.637,,ASK14_Coeffs,H12,NGAW2_GMPE_Spreadsheets_v5.7_041415_ProtectedLocked.xlsm
ASK14,0.2,p0p200,SA,12,a2,-0.79,-0.79,,ASK14_Coeffs,I12,NGAW2_GMPE_Spreadsheets_v5.7_041415_ProtectedLocked.xlsm
ASK14,0.2,p0p200,SA,12,a3,0.275,0.275,,ASK14_Coeffs,J12,NGAW2_GMPE_Spreadsheets_v5.7_041415_ProtectedLocked.xlsm
ASK14,0.2,p0p200,SA,12,a4,-0.1,-0.1,,ASK14_Coeffs,K12,NGAW2_GMPE_Spreadsheets_v5.7_041415_ProtectedLocked.xlsm
ASK14,0.2,p0p200,SA,12,a5,-0.41,-0.41,,ASK14_Coeffs,L12,NGAW2_GMPE_Spreadsheets_v5.7_041415_ProtectedLocked.xlsm
ASK14,0.2,p0p200,SA,12,a6,2.2241,2.2241,,ASK14_Coeffs,M12,NGAW2_GMPE_Spreadsheets_v5.7_041415_ProtectedLocked.xlsm
ASK14,0.2,p0p200,SA,12,a7,0,0,,ASK14_Coeffs,N12,NGAW2_GMPE_Spreadsheets_v5.7_041415_ProtectedLocked.xlsm
ASK14,0.2,p0p200,SA,12,a8,-0.03,-0.03,,ASK14_Coeffs,O12,NGAW2_GMPE_Spreadsheets_v5.7_041415_ProtectedLocked.xlsm
ASK14,0.2,p0p200,SA,12,a10,2.22,2.22,,ASK14_Coeffs,P12,NGAW2_GMPE_Spreadsheets_v5.7_041415_ProtectedLocked.xlsm
ASK14,0.2,p0p200,SA,12,a11,0,0,,ASK14_Coeffs,Q12,NGAW2_GMPE_Spreadsheets_v5.7_041415_ProtectedLocked.xlsm
ASK14,0.2,p0p200,SA,12,a12,-0.1,-0.1,,ASK14_Coeffs,R12,NGAW2_GMPE_Spreadsheets_v5.7_041415_ProtectedLocked.xlsm
ASK14,0.2,p0p200,SA,12,a13,0.6,0.6,,ASK14_Coeffs,S12,NGAW2_GMPE_Spreadsheets_v5.7_041415_ProtectedLocked.xlsm
ASK14,0.2,p0p200,SA,12,a14,-0.3,-0.3,,ASK14_Coeffs,T12,NGAW2_GMPE_Spreadsheets_v5.7_041415_ProtectedLocked.xlsm
ASK14,0.2,p0p200,SA,12,a15,1.1,1.1,,ASK14_Coeffs,U12,NGAW2_GMPE_Spreadsheets_v5.7_041415_ProtectedLocked.xlsm
ASK14,0.2,p0p200,SA,12,a16,0,0,,ASK14_Coeffs,V12,NGAW2_GMPE_Spreadsheets_v5.7_041415_ProtectedLocked.xlsm
ASK14,0.2,p0p200,SA,12,a17,-0.0086,-0.0086,,ASK14_Coeffs,W12,NGAW2_GMPE_Spreadsheets_v5.7_041415_ProtectedLocked.xlsm
ASK14,0.2,p0p200,SA,12,a43,0.1,0.1,,ASK14_Coeffs,X12,NGAW2_GMPE_Spreadsheets_v5.7_041415_ProtectedLocked.xlsm
ASK14,0.2,p0p200,SA,12,a44,0.05,0.05,,ASK14_Coeffs,Y12,NGAW2_GMPE_Spreadsheets_v5.7_041415_ProtectedLocked.xlsm
ASK14,0.2,p0p200,SA,12,a45,0,0,,ASK14_Coeffs,Z12,NGAW2_GMPE_Spreadsheets_v5.7_041415_ProtectedLocked.xlsm
ASK14,0.2,p0p200,SA,12,a46,-0.03,-0.03,,ASK14_Coeffs,AA12,NGAW2_GMPE_Spreadsheets_v5.7_041415_ProtectedLocked.xlsm
ASK14,0.2,p0p200,SA,12,a25,-0.0033,-0.0033,,ASK14_Coeffs,AB12,NGAW2_GMPE_Spreadsheets_v5.7_041415_ProtectedLocked.xlsm
ASK14,0.2,p0p200,SA,12,a28,0.0027,0.0027,,ASK14_Coeffs,AC12,NGAW2_GMPE_Spreadsheets_v5.7_041415_ProtectedLocked.xlsm
ASK14,0.2,p0p200,SA,12,a29,-0.0031,-0.0031,,ASK14_Coeffs,AD12,NGAW2_GMPE_Spreadsheets_v5.7_041415_ProtectedLocked.xlsm
ASK14,0.2,p0p200,SA,12,a31,0.0775,0.0775,,ASK14_Coeffs,AE12,NGAW2_GMPE_Spreadsheets_v5.7_041415_ProtectedLocked.xlsm
ASK14,0.2,p0p200,SA,12,a36,-0.078,-0.078,,ASK14_Coeffs,AF12,NGAW2_GMPE_Spreadsheets_v5.7_041415_ProtectedLocked.xlsm
ASK14,0.2,p0p200,SA,12,a37,0.224,0.224,,ASK14_Coeffs,AG12,NGAW2_GMPE_Spreadsheets_v5.7_041415_ProtectedLocked.xlsm
ASK14,0.2,p0p200,SA,12,a38,0.115,0.115,,ASK14_Coeffs,AH12,NGAW2_GMPE_Spreadsheets_v5.7_041415_ProtectedLocked.xlsm
ASK14,0.2,p0p200,SA,12,a39,0,0,,ASK14_Coeffs,AI12,NGAW2_GMPE_Spreadsheets_v5.7_041415_ProtectedLocked.xlsm
ASK14,0.2,p0p200,SA,12,a40,0.048,0.048,,ASK14_Coeffs,AJ12,NGAW2_GMPE_Spreadsheets_v5.7_041415_ProtectedLocked.xlsm
ASK14,0.2,p0p200,SA,12,a41,-0.274,-0.274,,ASK14_Coeffs,AK12,NGAW2_GMPE_Spreadsheets_v5.7_041415_ProtectedLocked.xlsm
ASK14,0.2,p0p200,SA,12,a42,-0.178,-0.178,,ASK14_Coeffs,AL12,NGAW2_GMPE_Spreadsheets_v5.7_041415_ProtectedLocked.xlsm
ASK14,0.2,p0p200,SA,12,s1,0.789,0.789,,ASK14_Coeffs,AM12,NGAW2_GMPE_Spreadsheets_v5.7_041415_ProtectedLocked.xlsm
ASK14,0.2,p0p200,SA,12,s2,0.565,0.565,,ASK14_Coeffs,AN12,NGAW2_GMPE_Spreadsheets_v5.7_041415_ProtectedLocked.xlsm
ASK14,0.2,p0p200,SA,12,s3,0.47,0.47,,ASK14_Coeffs,AO12,NGAW2_GMPE_Spreadsheets_v5.7_041415_ProtectedLocked.xlsm
ASK14,0.2,p0p200,SA,12,s4,0.36,0.36,,ASK14_Coeffs,AP12,NGAW2_GMPE_Spreadsheets_v5.7_041415_ProtectedLocked.xlsm
ASK14,0.2,p0p200,SA,12,s1 (known vs),0.753,0.753,,ASK14_Coeffs,AQ12,NGAW2_GMPE_Spreadsheets_v5.7_041415_ProtectedLocked.xlsm
ASK14,0.2,p0p200,SA,12,s2 (known vs),0.514,0.514,,ASK14_Coeffs,AR12,NGAW2_GMPE_Spreadsheets_v5.7_041415_ProtectedLocked.xlsm
ASK14,0.2,p0p200,SA,12,s5 (Japan Phi),0.59,0.59,,ASK14_Coeffs,AS12,NGAW2_GMPE_Spreadsheets_v5.7_041415_ProtectedLocked.xlsm
ASK14,0.2,p0p200,SA,12,s6 (Japan Phi),0.7,0.7,,ASK14_Coeffs,AT12,NGAW2_GMPE_Spreadsheets_v5.7_041415_ProtectedLocked.xlsm
ASK14,0.25,p0p250,SA,13,VLIN,495,495,,ASK14_Coeffs,B13,NGAW2_GMPE_Spreadsheets_v5.7_041415_ProtectedLocked.xlsm
ASK14,0.25,p0p250,SA,13,b,-2.411,-2.411,,ASK14_Coeffs,C13,NGAW2_GMPE_Spreadsheets_v5.7_041415_ProtectedLocked.xlsm
ASK14,0.25,p0p250,SA,13,n,1.5,1.5,,ASK14_Coeffs,D13,NGAW2_GMPE_Spreadsheets_v5.7_041415_ProtectedLocked.xlsm
ASK14,0.25,p0p250,SA,13,M1,6.75,6.75,,ASK14_Coeffs,E13,NGAW2_GMPE_Spreadsheets_v5.7_041415_ProtectedLocked.xlsm
ASK14,0.25,p0p250,SA,13,c,2.4,2.4,,ASK14_Coeffs,F13,NGAW2_GMPE_Spreadsheets_v5.7_041415_ProtectedLocked.xlsm
ASK14,0.25,p0p250,SA,13,c4,4.5,4.5,,ASK14_Coeffs,G13,NGAW2_GMPE_Spreadsheets_v5.7_041415_ProtectedLocked.xlsm
ASK14,0.25,p0p250,SA,13,a1,1.701,1.701,,ASK14_Coeffs,H13,NGAW2_GMPE_Spreadsheets_v5.7_041415_ProtectedLocked.xlsm
ASK14,0.25,p0p250,SA,13,a2,-0.79,-0.79,,ASK14_Coeffs,I13,NGAW2_GMPE_Spreadsheets_v5.7_041415_ProtectedLocked.xlsm
ASK14,0.25,p0p250,SA,13,a3,0.275,0.275,,ASK14_Coeffs,J13,NGAW2_GMPE_Spreadsheets_v5.7_041415_ProtectedLocked.xlsm
ASK14,0.25,p0p250,SA,13,a4,-0.1,-0.1,,ASK14_Coeffs,K13,NGAW2_GMPE_Spreadsheets_v5.7_041415_ProtectedLocked.xlsm
ASK14,0.25,p0p250,SA,13,a5,-0.41,-0.41,,ASK14_Coeffs,L13,NGAW2_GMPE_Spreadsheets_v5.7_041415_ProtectedLocked.xlsm
ASK14,0.25,p0p250,SA,13,a6,2.3124,2.3124,,ASK14_Coeffs,M13,NGAW2_GMPE_Spreadsheets_v5.7_041415_ProtectedLocked.xlsm
ASK14,0.25,p0p250,SA,13,a7,0,0,,ASK14_Coeffs,N13,NGAW2_GMPE_Spreadsheets_v5.7_041415_ProtectedLocked.xlsm
ASK14,0.25,p0p250,SA,13,a8,-0.038,-0.038,,ASK14_Coeffs,O13,NGAW2_GMPE_Spreadsheets_v5.7_041415_ProtectedLocked.xlsm
ASK14,0.25,p0p250,SA,13,a10,2.77,2.77,,ASK14_Coeffs,P13,NGAW2_GMPE_Spreadsheets_v5.7_041415_ProtectedLocked.xlsm
ASK14,0.25,p0p250,SA,13,a11,0,0,,ASK14_Coeffs,Q13,NGAW2_GMPE_Spreadsheets_v5.7_041415_ProtectedLocked.xlsm
ASK14,0.25,p0p250,SA,13,a12,-0.1,-0.1,,ASK14_Coeffs,R13,NGAW2_GMPE_Spreadsheets_v5.7_041415_ProtectedLocked.xlsm
ASK14,0.25,p0p250,SA,13,a13,0.6,0.6,,ASK14_Coeffs,S13,NGAW2_GMPE_Spreadsheets_v5.7_041415_ProtectedLocked.xlsm
ASK14,0.25,p0p250,SA,13,a14,-0.24,-0.24,,ASK14_Coeffs,T13,NGAW2_GMPE_Spreadsheets_v5.7_041415_ProtectedLocked.xlsm
ASK14,0.25,p0p250,SA,13,a15,1.1,1.1,,ASK14_Coeffs,U13,NGAW2_GMPE_Spreadsheets_v5.7_041415_ProtectedLocked.xlsm
ASK14,0.25,p0p250,SA,13,a16,0,0,,ASK14_Coeffs,V13,NGAW2_GMPE_Spreadsheets_v5.7_041415_ProtectedLocked.xlsm
ASK14,0.25,p0p250,SA,13,a17,-0.0074,-0.0074,,ASK14_Coeffs,W13,NGAW2_GMPE_Spreadsheets_v5.7_041415_ProtectedLocked.xlsm
ASK14,0.25,p0p250,SA,13,a43,0.1,0.1,,ASK14_Coeffs,X13,NGAW2_GMPE_Spreadsheets_v5.7_041415_ProtectedLocked.xlsm
ASK14,0.25,p0p250,SA,13,a44,0.05,0.05,,ASK14_Coeffs,Y13,NGAW2_GMPE_Spreadsheets_v5.7_041415_ProtectedLocked.xlsm
ASK14,0.25,p0p250,SA,13,a45,0,0,,ASK14_Coeffs,Z13,NGAW2_GMPE_Spreadsheets_v5.7_041415_ProtectedLocked.xlsm
ASK14,0.25,p0p250,SA,13,a46,0,0,,ASK14_Coeffs,AA13,NGAW2_GMPE_Spreadsheets_v5.7_041415_ProtectedLocked.xlsm
ASK14,0.25,p0p250,SA,13,a25,-0.0029,-0.0029,,ASK14_Coeffs,AB13,NGAW2_GMPE_Spreadsheets_v5.7_041415_ProtectedLocked.xlsm
ASK14,0.25,p0p250,SA,13,a28,0.0024,0.0024,,ASK14_Coeffs,AC13,NGAW2_GMPE_Spreadsheets_v5.7_041415_ProtectedLocked.xlsm
ASK14,0.25,p0p250,SA,13,a29,-0.0036,-0.0036,,ASK14_Coeffs,AD13,NGAW2_GMPE_Spreadsheets_v5.7_041415_ProtectedLocked.xlsm
ASK14,0.25,p0p250,SA,13,a31,0.0741,0.0741,,ASK14_Coeffs,AE13,NGAW2_GMPE_Spreadsheets_v5.7_041415_ProtectedLocked.xlsm
ASK14,0.25,p0p250,SA,13,a36,0.037,0.037,,ASK14_Coeffs,AF13,NGAW2_GMPE_Spreadsheets_v5.7_041415_ProtectedLocked.xlsm
ASK14,0.25,p0p250,SA,13,a37,0.248,0.248,,ASK14_Coeffs,AG13,NGAW2_GMPE_Spreadsheets_v5.7_041415_ProtectedLocked.xlsm
ASK14,0.25,p0p250,SA,13,a38,0.122,0.122,,ASK14_Coeffs,AH13,NGAW2_GMPE_Spreadsheets_v5.7_041415_ProtectedLocked.xlsm
ASK14,0.25,p0p250,SA,13,a39,0,0,,ASK14_Coeffs,AI13,NGAW2_GMPE_Spreadsheets_v5.7_041415_ProtectedLocked.xlsm
ASK14,0.25,p0p250,SA,13,a40,0.055,0.055,,ASK14_Coeffs,AJ13,NGAW2_GMPE_Spreadsheets_v5.7_041415_ProtectedLocked.xlsm
ASK14,0.25,p0p250,SA,13,a41,-0.248,-0.248,,ASK14_Coeffs,AK13,NGAW2_GMPE_Spreadsheets_v5.7_041415_ProtectedLocked.xlsm
ASK14,0.25,p0p250,SA,13,a42,-0.187,-0.187,,ASK14_Coeffs,AL13,NGAW2_GMPE_Spreadsheets_v5.7_041415_ProtectedLocked.xlsm
ASK14,0.25,p0p250,SA,13,s1,0.77,0.77,,ASK14_Coeffs,AM13,NGAW2_GMPE_Spreadsheets_v5.7_041415_ProtectedLocked.xlsm
ASK14,0.25,p0p250,SA,13,s2,0.57,0.57,,ASK14_Coeffs,AN13,NGAW2_GMPE_Spreadsheets_v5.7_041415_ProtectedLocked.xlsm
ASK14,0.25,p0p250,SA,13,s3,0.47,0.47,,ASK14_Coeffs,AO13,NGAW2_GMPE_Spreadsheets_v5.7_041415_ProtectedLocked.xlsm
ASK14,0.25,p0p250,SA,13,s4,0.36,0.36,,ASK14_Coeffs,AP13,NGAW2_GMPE_Spreadsheets_v5.7_041415_ProtectedLocked.xlsm
ASK14,0.25,p0p250,SA,13,s1 (known vs),0.729,0.729,,ASK14_Coeffs,AQ13,NGAW2_GMPE_Spreadsheets_v5.7_041415_ProtectedLocked.xlsm
ASK14,0.25,p0p250,SA,13,s2 (known vs),0.513,0.513,,ASK14_Coeffs,AR13,NGAW2_GMPE_Spreadsheets_v5.7_041415_ProtectedLocked.xlsm
ASK14,0.25,p0p250,SA,13,s5 (Japan Phi),0.61,0.61,,ASK14_Coeffs,AS13,NGAW2_GMPE_Spreadsheets_v5.7_041415_ProtectedLocked.xlsm
ASK14,0.25,p0p250,SA,13,s6 (Japan Phi),0.7,0.7,,ASK14_Coeffs,AT13,NGAW2_GMPE_Spreadsheets_v5.7_041415_ProtectedLocked.xlsm
ASK14,0.3,p0p300,SA,14,VLIN,430,430,,ASK14_Coeffs,B14,NGAW2_GMPE_Spreadsheets_v5.7_041415_ProtectedLocked.xlsm
ASK14,0.3,p0p300,SA,14,b,-2.757,-2.757,,ASK14_Coeffs,C14,NGAW2_GMPE_Spreadsheets_v5.7_041415_ProtectedLocked.xlsm
ASK14,0.3,p0p300,SA,14,n,1.5,1.5,,ASK14_Coeffs,D14,NGAW2_GMPE_Spreadsheets_v5.7_041415_ProtectedLocked.xlsm
ASK14,0.3,p0p300,SA,14,M1,6.75,6.75,,ASK14_Coeffs,E14,NGAW2_GMPE_Spreadsheets_v5.7_041415_ProtectedLocked.xlsm
ASK14,0.3,p0p300,SA,14,c,2.4,2.4,,ASK14_Coeffs,F14,NGAW2_GMPE_Spreadsheets_v5.7_041415_ProtectedLocked.xlsm
ASK14,0.3,p0p300,SA,14,c4,4.5,4.5,,ASK14_Coeffs,G14,NGAW2_GMPE_Spreadsheets_v5.7_041415_ProtectedLocked.xlsm
ASK14,0.3,p0p300,SA,14,a1,1.712,1.712,,ASK14_Coeffs,H14,NGAW2_GMPE_Spreadsheets_v5.7_041415_ProtectedLocked.xlsm
ASK14,0.3,p0p300,SA,14,a2,-0.79,-0.79,,ASK14_Coeffs,I14,NGAW2_GMPE_Spreadsheets_v5.7_041415_ProtectedLocked.xlsm
ASK14,0.3,p0p300,SA,14,a3,0.275,0.275,,ASK14_Coeffs,J14,NGAW2_GMPE_Spreadsheets_v5.7_041415_ProtectedLocked.xlsm
ASK14,0.3,p0p300,SA,14,a4,-0.1,-0.1,,ASK14_Coeffs,K14,NGAW2_GMPE_Spreadsheets_v5.7_041415_ProtectedLocked.xlsm
ASK14,0.3,p0p300,SA,14,a5,-0.41,-0.41,,ASK14_Coeffs,L14,NGAW2_GMPE_Spreadsheets_v5.7_041415_ProtectedLocked.xlsm
ASK14,0.3,p0p300,SA,14,a6,2.3383,2.3383,,ASK14_Coeffs,M14,NGAW2_GMPE_Spreadsheets_v5.7_041415_ProtectedLocked.xlsm
ASK14,0.3,p0p300,SA,14,a7,0,0,,ASK14_Coeffs,N14,NGAW2_GMPE_Spreadsheets_v5.7_041415_ProtectedLocked.xlsm
ASK14,0.3,p0p300,SA,14,a8,-0.045,-0.045,,ASK14_Coeffs,O14,NGAW2_GMPE_Spreadsheets_v5.7_041415_ProtectedLocked.xlsm
ASK14,0.3,p0p300,SA,14,a10,3.25,3.25,,ASK14_Coeffs,P14,NGAW2_GMPE_Spreadsheets_v5.7_041415_ProtectedLocked.xlsm
ASK14,0.3,p0p300,SA,14,a11,0,0,,ASK14_Coeffs,Q14,NGAW2_GMPE_Spreadsheets_v5.7_041415_ProtectedLocked.xlsm
ASK14,0.3,p0p300,SA,14,a12,-0.1,-0.1,,ASK14_Coeffs,R14,NGAW2_GMPE_Spreadsheets_v5.7_041415_ProtectedLocked.xlsm
ASK14,0.3,p0p300,SA,14,a13,0.6,0.6,,ASK14_Coeffs,S14,NGAW2_GMPE_Spreadsheets_v5.7_041415_ProtectedLocked.xlsm
ASK14,0.3,p0p300,SA,14,a14,-0.19,-0.19,,ASK14_Coeffs,T14,NGAW2_GMPE_Spreadsheets_v5.7_041415_ProtectedLocked.xlsm
ASK14,0.3,p0p300,SA,14,a15,1.03,1.03,,ASK14_Coeffs,U14,NGAW2_GMPE_Spreadsheets_v5.7_041415_ProtectedLocked.xlsm
ASK14,0.3,p0p300,SA,14,a16,0,0,,ASK14_Coeffs,V14,NGAW2_GMPE_Spreadsheets_v5.7_041415_ProtectedLocked.xlsm
ASK14,0.3,p0p300,SA,14,a17,-0.0064,-0.0064,,ASK14_Coeffs,W14,NGAW2_GMPE_Spreadsheets_v5.7_041415_ProtectedLocked.xlsm
ASK14,0.3,p0p300,SA,14,a43,0.1,0.1,,ASK14_Coeffs,X14,NGAW2_GMPE_Spreadsheets_v5.7_041415_ProtectedLocked.xlsm
ASK14,0.3,p0p300,SA,14,a44,0.05,0.05,,ASK14_Coeffs,Y14,NGAW2_GMPE_Spreadsheets_v5.7_041415_ProtectedLocked.xlsm
ASK14,0.3,p0p300,SA,14,a45,0.03,0.03,,ASK14_Coeffs,Z14,NGAW2_GMPE_Spreadsheets_v5.7_041415_ProtectedLocked.xlsm
ASK14,0.3,p0p300,SA,14,a46,0.03,0.03,,ASK14_Coeffs,AA14,NGAW2_GMPE_Spreadsheets_v5.7_041415_ProtectedLocked.xlsm
ASK14,0.3,p0p300,SA,14,a25,-0.0027,-0.0027,,ASK14_Coeffs,AB14,NGAW2_GMPE_Spreadsheets_v5.7_041415_ProtectedLocked.xlsm
ASK14,0.3,p0p300,SA,14,a28,0.002,0.002,,ASK14_Coeffs,AC14,NGAW2_GMPE_Spreadsheets_v5.7_041415_ProtectedLocked.xlsm
ASK14,0.3,p0p300,SA,14,a29,-0.0039,-0.0039,,ASK14_Coeffs,AD14,NGAW2_GMPE_Spreadsheets_v5.7_041415_ProtectedLocked.xlsm
ASK14,0.3,p0p300,SA,14,a31,0.2548,0.2548,,ASK14_Coeffs,AE14,NGAW2_GMPE_Spreadsheets_v5.7_041415_ProtectedLocked.xlsm
ASK14,0.3,p0p300,SA,14,a36,-0.091,-0.091,,ASK14_Coeffs,AF14,NGAW2_GMPE_Spreadsheets_v5.7_041415_ProtectedLocked.xlsm
ASK14,0.3,p0p300,SA,14,a37,0.203,0.203,,ASK14_Coeffs,AG14,NGAW2_GMPE_Spreadsheets_v5.7_041415_ProtectedLocked.xlsm
ASK14,0.3,p0p300,SA,14,a38,0.096,0.096,,ASK14_Coeffs,AH14,NGAW2_GMPE_Spreadsheets_v5.7_041415_ProtectedLocked.xlsm
ASK14,0.3,p0p300,SA,14,a39,0,0,,ASK14_Coeffs,AI14,NGAW2_GMPE_Spreadsheets_v5.7_041415_ProtectedLocked.xlsm
ASK14,0.3,p0p300,SA,14,a40,0.073,0.073,,ASK14_Coeffs,AJ14,NGAW2_GMPE_Spreadsheets_v5.7_041415_ProtectedLocked.xlsm
ASK14,0.3,p0p300,SA,14,a41,-0.203,-0.203,,ASK14_Coeffs,AK14,NGAW2_GMPE_Spreadsheets_v5.7_041415_ProtectedLocked.xlsm
ASK14,0.3,p0p300,SA,14,a42,-0.159,-0.159,,ASK14_Coeffs,AL14,NGAW2_GMPE_Spreadsheets_v5.7_041415_ProtectedLocked.xlsm
ASK14,0.3,p0p300,SA,14,s1,0.74,0.74,,ASK14_Coeffs,AM14,NGAW2_GMPE_Spreadsheets_v5.7_041415_ProtectedLocked.xlsm
ASK14,0.3,p0p300,SA,14,s2,0.58,0.58,,ASK14_Coeffs,AN14,NGAW2_GMPE_Spreadsheets_v5.7_041415_ProtectedLocked.xlsm
ASK14,0.3,p0p300,SA,14,s3,0.47,0.47,,ASK14_Coeffs,AO14,NGAW2_GMPE_Spreadsheets_v5.7_041415_ProtectedLocked.xlsm
ASK14,0.3,p0p300,SA,14,s4,0.36,0.36,,ASK14_Coeffs,AP14,NGAW2_GMPE_Spreadsheets_v5.7_041415_ProtectedLocked.xlsm
ASK14,0.3,p0p300,SA,14,s1 (known vs),0.693,0.693,,ASK14_Coeffs,AQ14,NGAW2_GMPE_Spreadsheets_v5.7_041415_ProtectedLocked.xlsm
ASK14,0.3,p0p300,SA,14,s2 (known vs),0.519,0.519,,ASK14_Coeffs,AR14,NGAW2_GMPE_Spreadsheets_v5.7_041415_ProtectedLocked.xlsm
ASK14,0.3,p0p300,SA,14,s5 (Japan Phi),0.63,0.63,,ASK14_Coeffs,AS14,NGAW2_GMPE_Spreadsheets_v5.7_041415_ProtectedLocked.xlsm
ASK14,0.3,p0p300,SA,14,s6 (Japan Phi),0.7,0.7,,ASK14_Coeffs,AT14,NGAW2_GMPE_Spreadsheets_v5.7_041415_ProtectedLocked.xlsm
ASK14,0.4,p0p400,SA,15,VLIN,360,360,,ASK14_Coeffs,B15,NGAW2_GMPE_Spreadsheets_v5.7_041415_ProtectedLocked.xlsm
ASK14,0.4,p0p400,SA,15,b,-3.278,-3.278,,ASK14_Coeffs,C15,NGAW2_GMPE_Spreadsheets_v5.7_041415_ProtectedLocked.xlsm
ASK14,0.4,p0p400,SA,15,n,1.5,1.5,,ASK14_Coeffs,D15,NGAW2_GMPE_Spreadsheets_v5.7_041415_ProtectedLocked.xlsm
ASK14,0.4,p0p400,SA,15,M1,6.75,6.75,,ASK14_Coeffs,E15,NGAW2_GMPE_Spreadsheets_v5.7_041415_ProtectedLocked.xlsm
ASK14,0.4,p0p400,SA,15,c,2.4,2.4,,ASK14_Coeffs,F15,NGAW2_GMPE_Spreadsheets_v5.7_041415_ProtectedLocked.xlsm
ASK14,0.4,p0p400,SA,15,c4,4.5,4.5,,ASK14_Coeffs,G15,NGAW2_GMPE_Spreadsheets_v5.7_041415_ProtectedLocked.xlsm
ASK14,0.4,p0p400,SA,15,a1,1.662,1.662,,ASK14_Coeffs,H15,NGAW2_GMPE_Spreadsheets_v5.7_041415_ProtectedLocked.xlsm
ASK14,0.4,p0p400,SA,15,a2,-0.79,-0.79,,ASK14_Coeffs,I15,NGAW2_GMPE_Spreadsheets_v5.7_041415_ProtectedLocked.xlsm
ASK14,0.4,p0p400,SA,15,a3,0.275,0.275,,ASK14_Coeffs,J15,NGAW2_GMPE_Spreadsheets_v5.7_041415_ProtectedLocked.xlsm
ASK14,0.4,p0p400,SA,15,a4,-0.1,-0.1,,ASK14_Coeffs,K15,NGAW2_GMPE_Spreadsheets_v5.7_041415_ProtectedLocked.xlsm
ASK14,0.4,p0p400,SA,15,a5,-0.41,-0.41,,ASK14_Coeffs,L15,NGAW2_GMPE_Spreadsheets_v5.7_041415_ProtectedLocked.xlsm
ASK14,0.4,p0p400,SA,15,a6,2.4688,2.4688,,ASK14_Coeffs,M15,NGAW2_GMPE_Spreadsheets_v5.7_041415_ProtectedLocked.xlsm
ASK14,0.4,p0p400,SA,15,a7,0,0,,ASK14_Coeffs,N15,NGAW2_GMPE_Spreadsheets_v5.7_041415_ProtectedLocked.xlsm
ASK14,0.4,p0p400,SA,15,a8,-0.055,-0.055,,ASK14_Coeffs,O15,NGAW2_GMPE_Spreadsheets_v5.7_041415_ProtectedLocked.xlsm
ASK14,0.4,p0p400,SA,15,a10,3.99,3.99,,ASK14_Coeffs,P15,NGAW2_GMPE_Spreadsheets_v5.7_041415_ProtectedLocked.xlsm
ASK14,0.4,p0p400,SA,15,a11,0,0,,ASK14_Coeffs,Q15,NGAW2_GMPE_Spreadsheets_v5.7_041415_ProtectedLocked.xlsm
ASK14,0.4,p0p400,SA,15,a12,-0.1,-0.1,,ASK14_Coeffs,R15,NGAW2_GMPE_Spreadsheets_v5.7_041415_ProtectedLocked.xlsm
ASK14,0.4,p0p400,SA,15,a13,0.58,0.58,,ASK14_Coeffs,S15,NGAW2_GMPE_Spreadsheets_v5.7_041415_ProtectedLocked.xlsm
ASK14,0.4,p0p400,SA,15,a14,-0.11,-0.11,,ASK14_Coeffs,T15,NGAW2_GMPE_Spreadsheets_v5.7_041415_ProtectedLocked.xlsm
ASK14,0.4,p0p400,SA,15,a15,0.92,0.92,,ASK14_Coeffs,U15,NGAW2_GMPE_Spreadsheets_v5.7_041415_ProtectedLocked.xlsm
ASK14,0.4,p0p400,SA,15,a16,0,0,,ASK14_Coeffs,V15,NGAW2_GMPE_Spreadsheets_v5.7_041415_ProtectedLocked.xlsm
ASK14,0.4,p0p400,SA,15,a17,-0.0043,-0.0043,,ASK14_Coeffs,W15,NGAW2_GMPE_Spreadsheets_v5.7_041415_ProtectedLocked.xlsm
ASK14,0.4,p0p400,SA,15,a43,0.1,0.1,,ASK14_Coeffs,X15,NGAW2_GMPE_Spreadsheets_v5.7_041415_ProtectedLocked.xlsm
ASK14,0.4,p0p400,SA,15,a44,0.07,0.07,,ASK14_Coeffs,Y15,NGAW2_GMPE_Spreadsheets_v5.7_041415_ProtectedLocked.xlsm
ASK14,0.4,p0p400,SA,15,a45,0.06,0.06,,ASK14_Coeffs,Z15,NGAW2_GMPE_Spreadsheets_v5.7_041415_ProtectedLocked.xlsm
ASK14,0.4,p0p400,SA,15,a46,0.06,0.06,,ASK14_Coeffs,AA15,NGAW2_GMPE_Spreadsheets_v5.7_041415_ProtectedLocked.xlsm
ASK14,0.4,p0p400,SA,15,a25,-0.0023,-0.0023,,ASK14_Coeffs,AB15,NGAW2_GMPE_Spreadsheets_v5.7_041415_ProtectedLocked.xlsm
ASK14,0.4,p0p400,SA,15,a28,0.001,0.001,,ASK14_Coeffs,AC15,NGAW2_GMPE_Spreadsheets_v5.7_041415_ProtectedLocked.xlsm
ASK14,0.4,p0p400,SA,15,a29,-0.0048,-0.0048,,ASK14_Coeffs,AD15,NGAW2_GMPE_Spreadsheets_v5.7_041415_ProtectedLocked.xlsm
ASK14,0.4,p0p400,SA,15,a31,0.2136,0.2136,,ASK14_Coeffs,AE15,NGAW2_GMPE_Spreadsheets_v5.7_041415_ProtectedLocked.xlsm
ASK14,0.4,p0p400,SA,15,a36,0.129,0.129,,ASK14_Coeffs,AF15,NGAW2_GMPE_Spreadsheets_v5.7_041415_ProtectedLocked.xlsm
ASK14,0.4,p0p400,SA,15,a37,0.232,0.232,,ASK14_Coeffs,AG15,NGAW2_GMPE_Spreadsheets_v5.7_041415_ProtectedLocked.xlsm
ASK14,0.4,p0p400,SA,15,a38,0.123,0.123,,ASK14_Coeffs,AH15,NGAW2_GMPE_Spreadsheets_v5.7_041415_ProtectedLocked.xlsm
ASK14,0.4,p0p400,SA,15,a39,0,0,,ASK14_Coeffs,AI15,NGAW2_GMPE_Spreadsheets_v5.7_041415_ProtectedLocked.xlsm
ASK14,0.4,p0p400,SA,15,a40,0.143,0.143,,ASK14_Coeffs,AJ15,NGAW2_GMPE_Spreadsheets_v5.7_041415_ProtectedLocked.xlsm
ASK14,0.4,p0p400,SA,15,a41,-0.154,-0.154,,ASK14_Coeffs,AK15,NGAW2_GMPE_Spreadsheets_v5.7_041415_ProtectedLocked.xlsm
ASK14,0.4,p0p400,SA,15,a42,-0.023,-0.023,,ASK14_Coeffs,AL15,NGAW2_GMPE_Spreadsheets_v5.7_041415_ProtectedLocked.xlsm
ASK14,0.4,p0p400,SA,15,s1,0.699,0.699,,ASK14_Coeffs,AM15,NGAW2_GMPE_Spreadsheets_v5.7_041415_ProtectedLocked.xlsm
ASK14,0.4,p0p400,SA,15,s2,0.59,0.59,,ASK14_Coeffs,AN15,NGAW2_GMPE_Spreadsheets_v5.7_041415_ProtectedLocked.xlsm
ASK14,0.4,p0p400,SA,15,s3,0.47,0.47,,ASK14_Coeffs,AO15,NGAW2_GMPE_Spreadsheets_v5.7_041415_ProtectedLocked.xlsm
ASK14,0.4,p0p400,SA,15,s4,0.36,0.36,,ASK14_Coeffs,AP15,NGAW2_GMPE_Spreadsheets_v5.7_041415_ProtectedLocked.xlsm
ASK14,0.4,p0p400,SA,15,s1 (known vs),0.644,0.644,,ASK14_Coeffs,AQ15,NGAW2_GMPE_Spreadsheets_v5.7_041415_ProtectedLocked.xlsm
ASK14,0.4,p0p400,SA,15,s2 (known vs),0.524,0.524,,ASK14_Coeffs,AR15,NGAW2_GMPE_Spreadsheets_v5.7_041415_ProtectedLocked.xlsm
ASK14,0.4,p0p400,SA,15,s5 (Japan Phi),0.66,0.66,,ASK14_Coeffs,AS15,NGAW2_GMPE_Spreadsheets_v5.7_041415_ProtectedLocked.xlsm
ASK14,0.4,p0p400,SA,15,s6 (Japan Phi),0.7,0.7,,ASK14_Coeffs,AT15,NGAW2_GMPE_Spreadsheets_v5.7_041415_ProtectedLocked.xlsm
ASK14,0.5,p0p500,SA,16,VLIN,340,340,,ASK14_Coeffs,B16,NGAW2_GMPE_Spreadsheets_v5.7_041415_ProtectedLocked.xlsm
ASK14,0.5,p0p500,SA,16,b,-3.599,-3.599,,ASK14_Coeffs,C16,NGAW2_GMPE_Spreadsheets_v5.7_041415_ProtectedLocked.xlsm
ASK14,0.5,p0p500,SA,16,n,1.5,1.5,,ASK14_Coeffs,D16,NGAW2_GMPE_Spreadsheets_v5.7_041415_ProtectedLocked.xlsm
ASK14,0.5,p0p500,SA,16,M1,6.75,6.75,,ASK14_Coeffs,E16,NGAW2_GMPE_Spreadsheets_v5.7_041415_ProtectedLocked.xlsm
ASK14,0.5,p0p500,SA,16,c,2.4,2.4,,ASK14_Coeffs,F16,NGAW2_GMPE_Spreadsheets_v5.7_041415_ProtectedLocked.xlsm
ASK14,0.5,p0p500,SA,16,c4,4.5,4.5,,ASK14_Coeffs,G16,NGAW2_GMPE_Spreadsheets_v5.7_041415_ProtectedLocked.xlsm
ASK14,0.5,p0p500,SA,16,a1,1.571,1.571,,ASK14_Coeffs,H16,NGAW2_GMPE_Spreadsheets_v5.7_041415_ProtectedLocked.xlsm
ASK14,0.5,p0p500,SA,16,a2,-0.79,-0.79,,ASK14_Coeffs,I16,NGAW2_GMPE_Spreadsheets_v5.7_041415_ProtectedLocked.xlsm
ASK14,0.5,p0p500,SA,16,a3,0.275,0.275,,ASK14_Coeffs,J16,NGAW2_GMPE_Spreadsheets_v5.7_041415_ProtectedLocked.xlsm
ASK14,0.5,p0p500,SA,16,a4,-0.1,-0.1,,ASK14_Coeffs,K16,NGAW2_GMPE_Spreadsheets_v5.7_041415_ProtectedLocked.xlsm
ASK14,0.5,p0p500,SA,16,a5,-0.41,-0.41,,ASK14_Coeffs,L16,NGAW2_GMPE_Spreadsheets_v5.7_041415_ProtectedLocked.xlsm
ASK14,0.5,p0p500,SA,16,a6,2.5586,2.5586,,ASK14_Coeffs,M16,NGAW2_GMPE_Spreadsheets_v5.7_041415_ProtectedLocked.xlsm
ASK14,0.5,p0p500,SA,16,a7,0,0,,ASK14_Coeffs,N16,NGAW2_GMPE_Spreadsheets_v5.7_041415_ProtectedLocked.xlsm
ASK14,0.5,p0p500,SA,16,a8,-0.065,-0.065,,ASK14_Coeffs,O16,NGAW2_GMPE_Spreadsheets_v5.7_041415_ProtectedLocked.xlsm
ASK14,0.5,p0p500,SA,16,a10,4.45,4.45,,ASK14_Coeffs,P16,NGAW2_GMPE_Spreadsheets_v5.7_041415_ProtectedLocked.xlsm
ASK14,0.5,p0p500,SA,16,a11,0,0,,ASK14_Coeffs,Q16,NGAW2_GMPE_Spreadsheets_v5.7_041415_ProtectedLocked.xlsm
ASK14,0.5,p0p500,SA,16,a12,-0.1,-0.1,,ASK14_Coeffs,R16,NGAW2_GMPE_Spreadsheets_v5.7_041415_ProtectedLocked.xlsm
ASK14,0.5,p0p500,SA,16,a13,0.56,0.56,,ASK14_Coeffs,S16,NGAW2_GMPE_Spreadsheets_v5.7_041415_ProtectedLocked.xlsm
ASK14,0.5,p0p500,SA,16,a14,-0.04,-0.04,,ASK14_Coeffs,T16,NGAW2_GMPE_Spreadsheets_v5.7_041415_ProtectedLocked.xlsm
ASK14,0.5,p0p500,SA,16,a15,0.84,0.84,,ASK14_Coeffs,U16,NGAW2_GMPE_Spreadsheets_v5.7_041415_ProtectedLocked.xlsm
ASK14,0.5,p0p500,SA,16,a16,0,0,,ASK14_Coeffs,V16,NGAW2_GMPE_Spreadsheets_v5.7_041415_ProtectedLocked.xlsm
ASK14,0.5,p0p500,SA,16,a17,-0.0032,-0.0032,,ASK14_Coeffs,W16,NGAW2_GMPE_Spreadsheets_v5.7_041415_ProtectedLocked.xlsm
ASK14,0.5,p0p500,SA,16,a43,0.1,0.1,,ASK14_Coeffs,X16,NGAW2_GMPE_Spreadsheets_v5.7_041415_ProtectedLocked.xlsm
ASK14,0.5,p0p500,SA,16,a44,0.1,0.1,,ASK14_Coeffs,Y16,NGAW2_GMPE_Spreadsheets_v5.7_041415_ProtectedLocked.xlsm
ASK14,0.5,p0p500,SA,16,a45,0.1,0.1,,ASK14_Coeffs,Z16,NGAW2_GMPE_Spreadsheets_v5.7_041415_ProtectedLocked.xlsm
ASK14,0.5,p0p500,SA,16,a46,0.09,0.09,,ASK14_Coeffs,AA16,NGAW2_GMPE_Spreadsheets_v5.7_041415_ProtectedLocked.xlsm
ASK14,0.5,p0p500,SA,16,a25,-0.002,-0.002,,ASK14_Coeffs,AB16,NGAW2_GMPE_Spreadsheets_v5.7_041415_ProtectedLocked.xlsm
ASK14,0.5,p0p500,SA,16,a28,0.0008,0.0008,,ASK14_Coeffs,AC16,NGAW2_GMPE_Spreadsheets_v5.7_041415_ProtectedLocked.xlsm
ASK14,0.5,p0p500,SA,16,a29,-0.005,-0.005,,ASK14_Coeffs,AD16,NGAW2_GMPE_Spreadsheets_v5.7_041415_ProtectedLocked.xlsm
ASK14,0.5,p0p500,SA,16,a31,0.1542,0.1542,,ASK14_Coeffs,AE16,NGAW2_GMPE_Spreadsheets_v5.7_041415_ProtectedLocked.xlsm
ASK14,0.5,p0p500,SA,16,a36,0.31,0.31,,ASK14_Coeffs,AF16,NGAW2_GMPE_Spreadsheets_v5.7_041415_ProtectedLocked.xlsm
ASK14,0.5,p0p500,SA,16,a37,0.252,0.252,,ASK14_Coeffs,AG16,NGAW2_GMPE_Spreadsheets_v5.7_041415_ProtectedLocked.xlsm
ASK14,0.5,p0p500,SA,16,a38,0.134,0.134,,ASK14_Coeffs,AH16,NGAW2_GMPE_Spreadsheets_v5.7_041415_ProtectedLocked.xlsm
ASK14,0.5,p0p500,SA,16,a39,0,0,,ASK14_Coeffs,AI16,NGAW2_GMPE_Spreadsheets_v5.7_041415_ProtectedLocked.xlsm
ASK14,0.5,p0p500,SA,16,a40,0.16,0.16,,ASK14_Coeffs,AJ16,NGAW2_GMPE_Spreadsheets_v5.7_041415_ProtectedLocked.xlsm
ASK14,0.5,p0p500,SA,16,a41,-0.159,-0.159,,ASK14_Coeffs,AK16,NGAW2_GMPE_Spreadsheets_v5.7_041415_ProtectedLocked.xlsm
ASK14,0.5,p0p500,SA,16,a42,-0.029,-0.029,,ASK14_Coeffs,AL16,NGAW2_GMPE_Spreadsheets_v5.7_041415_ProtectedLocked.xlsm
ASK14,0.5,p0p500,SA,16,s1,0.676,0.676,,ASK14_Coeffs,AM16,NGAW2_GMPE_Spreadsheets_v5.7_041415_ProtectedLocked.xlsm
ASK14,0.5,p0p500,SA,16,s2,0.6,0.6,,ASK14_Coeffs,AN16,NGAW2_GMPE_Spreadsheets_v5.7_041415_ProtectedLocked.xlsm
ASK14,0.5,p0p500,SA,16,s3,0.47,0.47,,ASK14_Coeffs,AO16,NGAW2_GMPE_Spreadsheets_v5.7_041415_ProtectedLocked.xlsm
ASK14,0.5,p0p500,SA,16,s4,0.36,0.36,,ASK14_Coeffs,AP16,NGAW2_GMPE_Spreadsheets_v5.7_041415_ProtectedLocked.xlsm
ASK14,0.5,p0p500,SA,16,s1 (known vs),0.616,0.616,,ASK14_Coeffs,AQ16,NGAW2_GMPE_Spreadsheets_v5.7_041415_ProtectedLocked.xlsm
ASK14,0.5,p0p500,SA,16,s2 (known vs),0.532,0.532,,ASK14_Coeffs,AR16,NGAW2_GMPE_Spreadsheets_v5.7_041415_ProtectedLocked.xlsm
ASK14,0.5,p0p500,SA,16,s5 (Japan Phi),0.69,0.69,,ASK14_Coeffs,AS16,NGAW2_GMPE_Spreadsheets_v5.7_041415_ProtectedLocked.xlsm
ASK14,0.5,p0p500,SA,16,s6 (Japan Phi),0.7,0.7,,ASK14_Coeffs,AT16,NGAW2_GMPE_Spreadsheets_v5.7_041415_ProtectedLocked.xlsm
ASK14,0.75,p0p750,SA,17,VLIN,330,330,,ASK14_Coeffs,B17,NGAW2_GMPE_Spreadsheets_v5.7_041415_ProtectedLocked.xlsm
ASK14,0.75,p0p750,SA,17,b,-3.8,-3.8,,ASK14_Coeffs,C17,NGAW2_GMPE_Spreadsheets_v5.7_041415_ProtectedLocked.xlsm
ASK14,0.75,p0p750,SA,17,n,1.5,1.5,,ASK14_Coeffs,D17,NGAW2_GMPE_Spreadsheets_v5.7_041415_ProtectedLocked.xlsm
ASK14,0.75,p0p750,SA,17,M1,6.75,6.75,,ASK14_Coeffs,E17,NGAW2_GMPE_Spreadsheets_v5.7_041415_ProtectedLocked.xlsm
ASK14,0.75,p0p750,SA,17,c,2.4,2.4,,ASK14_Coeffs,F17,NGAW2_GMPE_Spreadsheets_v5.7_041415_ProtectedLocked.xlsm
ASK14,0.75,p0p750,SA,17,c4,4.5,4.5,,ASK14_Coeffs,G17,NGAW2_GMPE_Spreadsheets_v5.7_041415_ProtectedLocked.xlsm
ASK14,0.75,p0p750,SA,17,a1,1.299,1.299,,ASK14_Coeffs,H17,NGAW2_GMPE_Spreadsheets_v5.7_041415_ProtectedLocked.xlsm
ASK14,0.75,p0p750,SA,17,a2,-0.79,-0.79,,ASK14_Coeffs,I17,NGAW2_GMPE_Spreadsheets_v5.7_041415_ProtectedLocked.xlsm
ASK14,0.75,p0p750,SA,17,a3,0.275,0.275,,ASK14_Coeffs,J17,NGAW2_GMPE_Spreadsheets_v5.7_041415_ProtectedLocked.xlsm
ASK14,0.75,p0p750,SA,17,a4,-0.1,-0.1,,ASK14_Coeffs,K17,NGAW2_GMPE_Spreadsheets_v5.7_041415_ProtectedLocked.xlsm
ASK14,0.75,p0p750,SA,17,a5,-0.41,-0.41,,ASK14_Coeffs,L17,NGAW2_GMPE_Spreadsheets_v5.7_041415_ProtectedLocked.xlsm
ASK14,0.75,p0p750,SA,17,a6,2.6821,2.6821,,ASK14_Coeffs,M17,NGAW2_GMPE_Spreadsheets_v5.7_041415_ProtectedLocked.xlsm
ASK14,0.75,p0p750,SA,17,a7,0,0,,ASK14_Coeffs,N17,NGAW2_GMPE_Spreadsheets_v5.7_041415_ProtectedLocked.xlsm
ASK14,0.75,p0p750,SA,17,a8,-0.095,-0.095,,ASK14_Coeffs,O17,NGAW2_GMPE_Spreadsheets_v5.7_041415_ProtectedLocked.xlsm
ASK14,0.75,p0p750,SA,17,a10,4.75,4.75,,ASK14_Coeffs,P17,NGAW2_GMPE_Spreadsheets_v5.7_041415_ProtectedLocked.xlsm
ASK14,0.75,p0p750,SA,17,a11,0,0,,ASK14_Coeffs,Q17,NGAW2_GMPE_Spreadsheets_v5.7_041415_ProtectedLocked.xlsm
ASK14,0.75,p0p750,SA,17,a12,-0.1,-0.1,,ASK14_Coeffs,R17,NGAW2_GMPE_Spreadsheets_v5.7_041415_ProtectedLocked.xlsm
ASK14,0.75,p0p750,SA,17,a13,0.53,0.53,,ASK14_Coeffs,S17,NGAW2_GMPE_Spreadsheets_v5.7_041415_ProtectedLocked.xlsm
ASK14,0.75,p0p750,SA,17,a14,0.07,0.07,,ASK14_Coeffs,T17,NGAW2_GMPE_Spreadsheets_v5.7_041415_ProtectedLocked.xlsm
ASK14,0.75,p0p750,SA,17,a15,0.68,0.68,,ASK14_Coeffs,U17,NGAW2_GMPE_Spreadsheets_v5.7_041415_ProtectedLocked.xlsm
ASK14,0.75,p0p750,SA,17,a16,0,0,,ASK14_Coeffs,V17,NGAW2_GMPE_Spreadsheets_v5.7_041415_ProtectedLocked.xlsm
ASK14,0.75,p0p750,SA,17,a17,-0.0025,-0.0025,,ASK14_Coeffs,W17,NGAW2_GMPE_Spreadsheets_v5.7_041415_ProtectedLocked.xlsm
ASK14,0.75,p0p750,SA,17,a43,0.14,0.14,,ASK14_Coeffs,X17,NGAW2_GMPE_Spreadsheets_v5.7_041415_ProtectedLocked.xlsm
ASK14,0.75,p0p750,SA,17,a44,0.14,0.14,,ASK14_Coeffs,Y17,NGAW2_GMPE_Spreadsheets_v5.7_041415_ProtectedLocked.xlsm
ASK14,0.75,p0p750,SA,17,a45,0.14,0.14,,ASK14_Coeffs,Z17,NGAW2_GMPE_Spreadsheets_v5.7_041415_ProtectedLocked.xlsm
ASK14,0.75,p0p750,SA,17,a46,0.13,0.13,,ASK14_Coeffs,AA17,NGAW2_GMPE_Spreadsheets_v5.7_041415_ProtectedLocked.xlsm
ASK14,0.75,p0p750,SA,17,a25,-0.001,-0.001,,ASK14_Coeffs,AB17,NGAW2_GMPE_Spreadsheets_v5.7_041415_ProtectedLocked.xlsm
ASK14,0.75,p0p750,SA,17,a28,0.0007,0.0007,,ASK14_Coeffs,AC17,NGAW2_GMPE_Spreadsheets_v5.7_041415_ProtectedLocked.xlsm
ASK14,0.75,p0p750,SA,17,a29,-0.0041,-0.0041,,ASK14_Coeffs,AD17,NGAW2_GMPE_Spreadsheets_v5.7_041415_ProtectedLocked.xlsm
ASK14,0.75,p0p750,SA,17,a31,0.0787,0.0787,,ASK14_Coeffs,AE17,NGAW2_GMPE_Spreadsheets_v5.7_041415_ProtectedLocked.xlsm
ASK14,0.75,p0p750,SA,17,a36,0.505,0.505,,ASK14_Coeffs,AF17,NGAW2_GMPE_Spreadsheets_v5.7_041415_ProtectedLocked.xlsm
ASK14,0.75,p0p750,SA,17,a37,0.208,0.208,,ASK14_Coeffs,AG17,NGAW2_GMPE_Spreadsheets_v5.7_041415_ProtectedLocked.xlsm
ASK14,0.75,p0p750,SA,17,a38,0.129,0.129,,ASK14_Coeffs,AH17,NGAW2_GMPE_Spreadsheets_v5.7_041415_ProtectedLocked.xlsm
ASK14,0.75,p0p750,SA,17,a39,0,0,,ASK14_Coeffs,AI17,NGAW2_GMPE_Spreadsheets_v5.7_041415_ProtectedLocked.xlsm
ASK14,0.75,p0p750,SA,17,a40,0.158,0.158,,ASK14_Coeffs,AJ17,NGAW2_GMPE_Spreadsheets_v5.7_041415_ProtectedLocked.xlsm
ASK14,0.75,p0p750,SA,17,a41,-0.141,-0.141,,ASK14_Coeffs,AK17,NGAW2_GMPE_Spreadsheets_v5.7_041415_ProtectedLocked.xlsm
ASK14,0.75,p0p750,SA,17,a42,0.061,0.061,,ASK14_Coeffs,AL17,NGAW2_GMPE_Spreadsheets_v5.7_041415_ProtectedLocked.xlsm
ASK14,0.75,p0p750,SA,17,s1,0.631,0.631,,ASK14_Coeffs,AM17,NGAW2_GMPE_Spreadsheets_v5.7_041415_ProtectedLocked.xlsm
ASK14,0.75,p0p750,SA,17,s2,0.615,0.615,,ASK14_Coeffs,AN17,NGAW2_GMPE_Spreadsheets_v5.7_041415_ProtectedLocked.xlsm
ASK14,0.75,p0p750,SA,17,s3,0.47,0.47,,ASK14_Coeffs,AO17,NGAW2_GMPE_Spreadsheets_v5.7_041415_ProtectedLocked.xlsm
ASK14,0.75,p0p750,SA,17,s4,0.36,0.36,,ASK14_Coeffs,AP17,NGAW2_GMPE_Spreadsheets_v5.7_041415_ProtectedLocked.xlsm
ASK14,0.75,p0p750,SA,17,s1 (known vs),0.566,0.566,,ASK14_Coeffs,AQ17,NGAW2_GMPE_Spreadsheets_v5.7_041415_ProtectedLocked.xlsm
ASK14,0.75,p0p750,SA,17,s2 (known vs),0.548,0.548,,ASK14_Coeffs,AR17,NGAW2_GMPE_Spreadsheets_v5.7_041415_ProtectedLocked.xlsm
ASK14,0.75,p0p750,SA,17,s5 (Japan Phi),0.73,0.73,,ASK14_Coeffs,AS17,NGAW2_GMPE_Spreadsheets_v5.7_041415_ProtectedLocked.xlsm
ASK14,0.75,p0p750,SA,17,s6 (Japan Phi),0.69,0.69,,ASK14_Coeffs,AT17,NGAW2_GMPE_Spreadsheets_v5.7_041415_ProtectedLocked.xlsm
ASK14,1.0,p1p000,SA,18,VLIN,330,330,,ASK14_Coeffs,B18,NGAW2_GMPE_Spreadsheets_v5.7_041415_ProtectedLocked.xlsm
ASK14,1.0,p1p000,SA,18,b,-3.5,-3.5,,ASK14_Coeffs,C18,NGAW2_GMPE_Spreadsheets_v5.7_041415_ProtectedLocked.xlsm
ASK14,1.0,p1p000,SA,18,n,1.5,1.5,,ASK14_Coeffs,D18,NGAW2_GMPE_Spreadsheets_v5.7_041415_ProtectedLocked.xlsm
ASK14,1.0,p1p000,SA,18,M1,6.75,6.75,,ASK14_Coeffs,E18,NGAW2_GMPE_Spreadsheets_v5.7_041415_ProtectedLocked.xlsm
ASK14,1.0,p1p000,SA,18,c,2.4,2.4,,ASK14_Coeffs,F18,NGAW2_GMPE_Spreadsheets_v5.7_041415_ProtectedLocked.xlsm
ASK14,1.0,p1p000,SA,18,c4,4.5,4.5,,ASK14_Coeffs,G18,NGAW2_GMPE_Spreadsheets_v5.7_041415_ProtectedLocked.xlsm
ASK14,1.0,p1p000,SA,18,a1,1.043,1.043,,ASK14_Coeffs,H18,NGAW2_GMPE_Spreadsheets_v5.7_041415_ProtectedLocked.xlsm
ASK14,1.0,p1p000,SA,18,a2,-0.79,-0.79,,ASK14_Coeffs,I18,NGAW2_GMPE_Spreadsheets_v5.7_041415_ProtectedLocked.xlsm
ASK14,1.0,p1p000,SA,18,a3,0.275,0.275,,ASK14_Coeffs,J18,NGAW2_GMPE_Spreadsheets_v5.7_041415_ProtectedLocked.xlsm
ASK14,1.0,p1p000,SA,18,a4,-0.1,-0.1,,ASK14_Coeffs,K18,NGAW2_GMPE_Spreadsheets_v5.7_041415_ProtectedLocked.xlsm
ASK14,1.0,p1p000,SA,18,a5,-0.41,-0.41,,ASK14_Coeffs,L18,NGAW2_GMPE_Spreadsheets_v5.7_041415_ProtectedLocked.xlsm
ASK14,1.0,p1p000,SA,18,a6,2.763,2.763,,ASK14_Coeffs,M18,NGAW2_GMPE_Spreadsheets_v5.7_041415_ProtectedLocked.xlsm
ASK14,1.0,p1p000,SA,18,a7,0,0,,ASK14_Coeffs,N18,NGAW2_GMPE_Spreadsheets_v5.7_041415_ProtectedLocked.xlsm
ASK14,1.0,p1p000,SA,18,a8,-0.11,-0.11,,ASK14_Coeffs,O18,NGAW2_GMPE_Spreadsheets_v5.7_041415_ProtectedLocked.xlsm
ASK14,1.0,p1p000,SA,18,a10,4.3,4.3,,ASK14_Coeffs,P18,NGAW2_GMPE_Spreadsheets_v5.7_041415_ProtectedLocked.xlsm
ASK14,1.0,p1p000,SA,18,a11,0,0,,ASK14_Coeffs,Q18,NGAW2_GMPE_Spreadsheets_v5.7_041415_ProtectedLocked.xlsm
ASK14,1.0,p1p000,SA,18,a12,-0.1,-0.1,,ASK14_Coeffs,R18,NGAW2_GMPE_Spreadsheets_v5.7_041415_ProtectedLocked.xlsm
ASK14,1.0,p1p000,SA,18,a13,0.5,0.5,,ASK14_Coeffs,S18,NGAW2_GMPE_Spreadsheets_v5.7_041415_ProtectedLocked.xlsm
ASK14,1.0,p1p000,SA,18,a14,0.15,0.15,,ASK14_Coeffs,T18,NGAW2_GMPE_Spreadsheets_v5.7_041415_ProtectedLocked.xlsm
ASK14,1.0,p1p000,SA,18,a15,0.57,0.57,,ASK14_Coeffs,U18,NGAW2_GMPE_Spreadsheets_v5.7_041415_ProtectedLocked.xlsm
ASK14,1.0,p1p000,SA,18,a16,0,0,,ASK14_Coeffs,V18,NGAW2_GMPE_Spreadsheets_v5.7_041415_ProtectedLocked.xlsm
ASK14,1.0,p1p000,SA,18,a17,-0.0025,-0.0025,,ASK14_Coeffs,W18,NGAW2_GMPE_Spreadsheets_v5.7_041415_ProtectedLocked.xlsm
ASK14,1.0,p1p000,SA,18,a43,0.17,0.17,,ASK14_Coeffs,X18,NGAW2_GMPE_Spreadsheets_v5.7_041415_ProtectedLocked.xlsm
ASK14,1.0,p1p000,SA,18,a44,0.17,0.17,,ASK14_Coeffs,Y18,NGAW2_GMPE_Spreadsheets_v5.7_041415_ProtectedLocked.xlsm
ASK14,1.0,p1p000,SA,18,a45,0.17,0.17,,ASK14_Coeffs,Z18,NGAW2_GMPE_Spreadsheets_v5.7_041415_ProtectedLocked.xlsm
ASK14,1.0,p1p000,SA,18,a46,0.14,0.14,,ASK14_Coeffs,AA18,NGAW2_GMPE_Spreadsheets_v5.7_041415_ProtectedLocked.xlsm
ASK14,1.0,p1p000,SA,18,a25,-0.0005,-0.0005,,ASK14_Coeffs,AB18,NGAW2_GMPE_Spreadsheets_v5.7_041415_ProtectedLocked.xlsm
ASK14,1.0,p1p000,SA,18,a28,0.0007,0.0007,,ASK14_Coeffs,AC18,NGAW2_GMPE_Spreadsheets_v5.7_041415_ProtectedLocked.xlsm
ASK14,1.0,p1p000,SA,18,a29,-0.0032,-0.0032,,ASK14_Coeffs,AD18,NGAW2_GMPE_Spreadsheets_v5.7_041415_ProtectedLocked.xlsm
ASK14,1.0,p1p000,SA,18,a31,0.0476,0.0476,,ASK14_Coeffs,AE18,NGAW2_GMPE_Spreadsheets_v5.7_041415_ProtectedLocked.xlsm
ASK14,1.0,p1p000,SA,18,a36,0.358,0.358,,ASK14_Coeffs,AF18,NGAW2_GMPE_Spreadsheets_v5.7_041415_ProtectedLocked.xlsm
ASK14,1.0,p1p000,SA,18,a37,0.208,0.208,,ASK14_Coeffs,AG18,NGAW2_GMPE_Spreadsheets_v5.7_041415_ProtectedLocked.xlsm
ASK14,1.0,p1p000,SA,18,a38,0.152,0.152,,ASK14_Coeffs,AH18,NGAW2_GMPE_Spreadsheets_v5.7_041415_ProtectedLocked.xlsm
ASK14,1.0,p1p000,SA,18,a39,0,0,,ASK14_Coeffs,AI18,NGAW2_GMPE_Spreadsheets_v5.7_041415_ProtectedLocked.xlsm
ASK14,1.0,p1p000,SA,18,a40,0.145,0.145,,ASK14_Coeffs,AJ18,NGAW2_GMPE_Spreadsheets_v5.7_041415_ProtectedLocked.xlsm
ASK14,1.0,p1p000,SA,18,a41,-0.144,-0.144,,ASK14_Coeffs,AK18,NGAW2_GMPE_Spreadsheets_v5.7_041415_ProtectedLocked.xlsm
ASK14,1.0,p1p000,SA,18,a42,0.062,0.062,,ASK14_Coeffs,AL18,NGAW2_GMPE_Spreadsheets_v5.7_041415_ProtectedLocked.xlsm
ASK14,1.0,p1p000,SA,18,s1,0.609,0.609,,ASK14_Coeffs,AM18,NGAW2_GMPE_Spreadsheets_v5.7_041415_ProtectedLocked.xlsm
ASK14,1.0,p1p000,SA,18,s2,0.63,0.63,,ASK14_Coeffs,AN18,NGAW2_GMPE_Spreadsheets_v5.7_041415_ProtectedLocked.xlsm
ASK14,1.0,p1p000,SA,18,s3,0.47,0.47,,ASK14_Coeffs,AO18,NGAW2_GMPE_Spreadsheets_v5.7_041415_ProtectedLocked.xlsm
ASK14,1.0,p1p000,SA,18,s4,0.36,0.36,,ASK14_Coeffs,AP18,NGAW2_GMPE_Spreadsheets_v5.7_041415_ProtectedLocked.xlsm
ASK14,1.0,p1p000,SA,18,s1 (known vs),0.541,0.541,,ASK14_Coeffs,AQ18,NGAW2_GMPE_Spreadsheets_v5.7_041415_ProtectedLocked.xlsm
ASK14,1.0,p1p000,SA,18,s2 (known vs),0.565,0.565,,ASK14_Coeffs,AR18,NGAW2_GMPE_Spreadsheets_v5.7_041415_ProtectedLocked.xlsm
ASK14,1.0,p1p000,SA,18,s5 (Japan Phi),0.77,0.77,,ASK14_Coeffs,AS18,NGAW2_GMPE_Spreadsheets_v5.7_041415_ProtectedLocked.xlsm
ASK14,1.0,p1p000,SA,18,s6 (Japan Phi),0.68,0.68,,ASK14_Coeffs,AT18,NGAW2_GMPE_Spreadsheets_v5.7_041415_ProtectedLocked.xlsm
ASK14,1.5,p1p500,SA,19,VLIN,330,330,,ASK14_Coeffs,B19,NGAW2_GMPE_Spreadsheets_v5.7_041415_ProtectedLocked.xlsm
ASK14,1.5,p1p500,SA,19,b,-2.4,-2.4,,ASK14_Coeffs,C19,NGAW2_GMPE_Spreadsheets_v5.7_041415_ProtectedLocked.xlsm
ASK14,1.5,p1p500,SA,19,n,1.5,1.5,,ASK14_Coeffs,D19,NGAW2_GMPE_Spreadsheets_v5.7_041415_ProtectedLocked.xlsm
ASK14,1.5,p1p500,SA,19,M1,6.75,6.75,,ASK14_Coeffs,E19,NGAW2_GMPE_Spreadsheets_v5.7_041415_ProtectedLocked.xlsm
ASK14,1.5,p1p500,SA,19,c,2.4,2.4,,ASK14_Coeffs,F19,NGAW2_GMPE_Spreadsheets_v5.7_041415_ProtectedLocked.xlsm
ASK14,1.5,p1p500,SA,19,c4,4.5,4.5,,ASK14_Coeffs,G19,NGAW2_GMPE_Spreadsheets_v5.7_041415_ProtectedLocked.xlsm
ASK14,1.5,p1p500,SA,19,a1,0.6649999999999999,0.6649999999999999,,ASK14_Coeffs,H19,NGAW2_GMPE_Spreadsheets_v5.7_041415_ProtectedLocked.xlsm
ASK14,1.5,p1p500,SA,19,a2,-0.79,-0.79,,ASK14_Coeffs,I19,NGAW2_GMPE_Spreadsheets_v5.7_041415_ProtectedLocked.xlsm
ASK14,1.5,p1p500,SA,19,a3,0.275,0.275,,ASK14_Coeffs,J19,NGAW2_GMPE_Spreadsheets_v5.7_041415_ProtectedLocked.xlsm
ASK14,1.5,p1p500,SA,19,a4,-0.1,-0.1,,ASK14_Coeffs,K19,NGAW2_GMPE_Spreadsheets_v5.7_041415_ProtectedLocked.xlsm
ASK14,1.5,p1p500,SA,19,a5,-0.41,-0.41,,ASK14_Coeffs,L19,NGAW2_GMPE_Spreadsheets_v5.7_041415_ProtectedLocked.xlsm
ASK14,1.5,p1p500,SA,19,a6,2.8355,2.8355,,ASK14_Coeffs,M19,NGAW2_GMPE_Spreadsheets_v5.7_041415_ProtectedLocked.xlsm
ASK14,1.5,p1p500,SA,19,a7,0,0,,ASK14_Coeffs,N19,NGAW2_GMPE_Spreadsheets_v5.7_041415_ProtectedLocked.xlsm
ASK14,1.5,p1p500,SA,19,a8,-0.124,-0.124,,ASK14_Coeffs,O19,NGAW2_GMPE_Spreadsheets_v5.7_041415_ProtectedLocked.xlsm
ASK14,1.5,p1p500,SA,19,a10,2.6,2.6,,ASK14_Coeffs,P19,NGAW2_GMPE_Spreadsheets_v5.7_041415_ProtectedLocked.xlsm
ASK14,1.5,p1p500,SA,19,a11,0,0,,ASK14_Coeffs,Q19,NGAW2_GMPE_Spreadsheets_v5.7_041415_ProtectedLocked.xlsm
ASK14,1.5,p1p500,SA,19,a12,-0.1,-0.1,,ASK14_Coeffs,R19,NGAW2_GMPE_Spreadsheets_v5.7_041415_ProtectedLocked.xlsm
ASK14,1.5,p1p500,SA,19,a13,0.42,0.42,,ASK14_Coeffs,S19,NGAW2_GMPE_Spreadsheets_v5.7_041415_ProtectedLocked.xlsm
ASK14,1.5,p1p500,SA,19,a14,0.27,0.27,,ASK14_Coeffs,T19,NGAW2_GMPE_Spreadsheets_v5.7_041415_ProtectedLocked.xlsm
ASK14,1.5,p1p500,SA,19,a15,0.42,0.42,,ASK14_Coeffs,U19,NGAW2_GMPE_Spreadsheets_v5.7_041415_ProtectedLocked.xlsm
ASK14,1.5,p1p500,SA,19,a16,0,0,,ASK14_Coeffs,V19,NGAW2_GMPE_Spreadsheets_v5.7_041415_ProtectedLocked.xlsm
ASK14,1.5,p1p500,SA,19,a17,-0.0022,-0.0022,,ASK14_Coeffs,W19,NGAW2_GMPE_Spreadsheets_v5.7_041415_ProtectedLocked.xlsm
ASK14,1.5,p1p500,SA,19,a43,0.22,0.22,,ASK14_Coeffs,X19,NGAW2_GMPE_Spreadsheets_v5.7_041415_ProtectedLocked.xlsm
ASK14,1.5,p1p500,SA,19,a44,0.21,0.21,,ASK14_Coeffs,Y19,NGAW2_GMPE_Spreadsheets_v5.7_041415_ProtectedLocked.xlsm
ASK14,1.5,p1p500,SA,19,a45,0.2,0.2,,ASK14_Coeffs,Z19,NGAW2_GMPE_Spreadsheets_v5.7_041415_ProtectedLocked.xlsm
ASK14,1.5,p1p500,SA,19,a46,0.16,0.16,,ASK14_Coeffs,AA19,NGAW2_GMPE_Spreadsheets_v5.7_041415_ProtectedLocked.xlsm
ASK14,1.5,p1p500,SA,19,a25,-0.0004,-0.0004,,ASK14_Coeffs,AB19,NGAW2_GMPE_Spreadsheets_v5.7_041415_ProtectedLocked.xlsm
ASK14,1.5,p1p500,SA,19,a28,0.0006,0.0006,,ASK14_Coeffs,AC19,NGAW2_GMPE_Spreadsheets_v5.7_041415_ProtectedLocked.xlsm
ASK14,1.5,p1p500,SA,19,a29,-0.002,-0.002,,ASK14_Coeffs,AD19,NGAW2_GMPE_Spreadsheets_v5.7_041415_ProtectedLocked.xlsm
ASK14,1.5,p1p500,SA,19,a31,-0.0163,-0.0163,,ASK14_Coeffs,AE19,NGAW2_GMPE_Spreadsheets_v5.7_041415_ProtectedLocked.xlsm
ASK14,1.5,p1p500,SA,19,a36,0.131,0.131,,ASK14_Coeffs,AF19,NGAW2_GMPE_Spreadsheets_v5.7_041415_ProtectedLocked.xlsm
ASK14,1.5,p1p500,SA,19,a37,0.108,0.108,,ASK14_Coeffs,AG19,NGAW2_GMPE_Spreadsheets_v5.7_041415_ProtectedLocked.xlsm
ASK14,1.5,p1p500,SA,19,a38,0.118,0.118,,ASK14_Coeffs,AH19,NGAW2_GMPE_Spreadsheets_v5.7_041415_ProtectedLocked.xlsm
ASK14,1.5,p1p500,SA,19,a39,0,0,,ASK14_Coeffs,AI19,NGAW2_GMPE_Spreadsheets_v5.7_041415_ProtectedLocked.xlsm
ASK14,1.5,p1p500,SA,19,a40,0.131,0.131,,ASK14_Coeffs,AJ19,NGAW2_GMPE_Spreadsheets_v5.7_041415_ProtectedLocked.xlsm
ASK14,1.5,p1p500,SA,19,a41,-0.126,-0.126,,ASK14_Coeffs,AK19,NGAW2_GMPE_Spreadsheets_v5.7_041415_ProtectedLocked.xlsm
ASK14,1.5,p1p500,SA,19,a42,0.037,0.037,,ASK14_Coeffs,AL19,NGAW2_GMPE_Spreadsheets_v5.7_041415_ProtectedLocked.xlsm
ASK14,1.5,p1p500,SA,19,s1,0.578,0.578,,ASK14_Coeffs,AM19,NGAW2_GMPE_Spreadsheets_v5.7_041415_ProtectedLocked.xlsm
ASK14,1.5,p1p500,SA,19,s2,0.64,0.64,,ASK14_Coeffs,AN19,NGAW2_GMPE_Spreadsheets_v5.7_041415_ProtectedLocked.xlsm
ASK14,1.5,p1p500,SA,19,s3,0.47,0.47,,ASK14_Coeffs,AO19,NGAW2_GMPE_Spreadsheets_v5.7_041415_ProtectedLocked.xlsm
ASK14,1.5,p1p500,SA,19,s4,0.36,0.36,,ASK14_Coeffs,AP19,NGAW2_GMPE_Spreadsheets_v5.7_041415_ProtectedLocked.xlsm
ASK14,1.5,p1p500,SA,19,s1 (known vs),0.506,0.506,,ASK14_Coeffs,AQ19,NGAW2_GMPE_Spreadsheets_v5.7_041415_ProtectedLocked.xlsm
ASK14,1.5,p1p500,SA,19,s2 (known vs),0.576,0.576,,ASK14_Coeffs,AR19,NGAW2_GMPE_Spreadsheets_v5.7_041415_ProtectedLocked.xlsm
ASK14,1.5,p1p500,SA,19,s5 (Japan Phi),0.8,0.8,,ASK14_Coeffs,AS19,NGAW2_GMPE_Spreadsheets_v5.7_041415_ProtectedLocked.xlsm
ASK14,1.5,p1p500,SA,19,s6 (Japan Phi),0.66,0.66,,ASK14_Coeffs,AT19,NGAW2_GMPE_Spreadsheets_v5.7_041415_ProtectedLocked.xlsm
ASK14,2.0,p2p000,SA,20,VLIN,330,330,,ASK14_Coeffs,B20,NGAW2_GMPE_Spreadsheets_v5.7_041415_ProtectedLocked.xlsm
ASK14,2.0,p2p000,SA,20,b,-1,-1,,ASK14_Coeffs,C20,NGAW2_GMPE_Spreadsheets_v5.7_041415_ProtectedLocked.xlsm
ASK14,2.0,p2p000,SA,20,n,1.5,1.5,,ASK14_Coeffs,D20,NGAW2_GMPE_Spreadsheets_v5.7_041415_ProtectedLocked.xlsm
ASK14,2.0,p2p000,SA,20,M1,6.75,6.75,,ASK14_Coeffs,E20,NGAW2_GMPE_Spreadsheets_v5.7_041415_ProtectedLocked.xlsm
ASK14,2.0,p2p000,SA,20,c,2.4,2.4,,ASK14_Coeffs,F20,NGAW2_GMPE_Spreadsheets_v5.7_041415_ProtectedLocked.xlsm
ASK14,2.0,p2p000,SA,20,c4,4.5,4.5,,ASK14_Coeffs,G20,NGAW2_GMPE_Spreadsheets_v5.7_041415_ProtectedLocked.xlsm
ASK14,2.0,p2p000,SA,20,a1,0.329,0.329,,ASK14_Coeffs,H20,NGAW2_GMPE_Spreadsheets_v5.7_041415_ProtectedLocked.xlsm
ASK14,2.0,p2p000,SA,20,a2,-0.79,-0.79,,ASK14_Coeffs,I20,NGAW2_GMPE_Spreadsheets_v5.7_041415_ProtectedLocked.xlsm
ASK14,2.0,p2p000,SA,20,a3,0.275,0.275,,ASK14_Coeffs,J20,NGAW2_GMPE_Spreadsheets_v5.7_041415_ProtectedLocked.xlsm
ASK14,2.0,p2p000,SA,20,a4,-0.1,-0.1,,ASK14_Coeffs,K20,NGAW2_GMPE_Spreadsheets_v5.7_041415_ProtectedLocked.xlsm
ASK14,2.0,p2p000,SA,20,a5,-0.41,-0.41,,ASK14_Coeffs,L20,NGAW2_GMPE_Spreadsheets_v5.7_041415_ProtectedLocked.xlsm
ASK14,2.0,p2p000,SA,20,a6,2.8973,2.8973,,ASK14_Coeffs,M20,NGAW2_GMPE_Spreadsheets_v5.7_041415_ProtectedLocked.xlsm
ASK14,2.0,p2p000,SA,20,a7,0,0,,ASK14_Coeffs,N20,NGAW2_GMPE_Spreadsheets_v5.7_041415_ProtectedLocked.xlsm
ASK14,2.0,p2p000,SA,20,a8,-0.138,-0.138,,ASK14_Coeffs,O20,NGAW2_GMPE_Spreadsheets_v5.7_041415_ProtectedLocked.xlsm
ASK14,2.0,p2p000,SA,20,a10,0.55,0.55,,ASK14_Coeffs,P20,NGAW2_GMPE_Spreadsheets_v5.7_041415_ProtectedLocked.xlsm
ASK14,2.0,p2p000,SA,20,a11,0,0,,ASK14_Coeffs,Q20,NGAW2_GMPE_Spreadsheets_v5.7_041415_ProtectedLocked.xlsm
ASK14,2.0,p2p000,SA,20,a12,-0.1,-0.1,,ASK14_Coeffs,R20,NGAW2_GMPE_Spreadsheets_v5.7_041415_ProtectedLocked.xlsm
ASK14,2.0,p2p000,SA,20,a13,0.35,0.35,,ASK14_Coeffs,S20,NGAW2_GMPE_Spreadsheets_v5.7_041415_ProtectedLocked.xlsm
ASK14,2.0,p2p000,SA,20,a14,0.35,0.35,,ASK14_Coeffs,T20,NGAW2_GMPE_Spreadsheets_v5.7_041415_ProtectedLocked.xlsm
ASK14,2.0,p2p000,SA,20,a15,0.31,0.31,,ASK14_Coeffs,U20,NGAW2_GMPE_Spreadsheets_v5.7_041415_ProtectedLocked.xlsm
ASK14,2.0,p2p000,SA,20,a16,0,0,,ASK14_Coeffs,V20,NGAW2_GMPE_Spreadsheets_v5.7_041415_ProtectedLocked.xlsm
ASK14,2.0,p2p000,SA,20,a17,-0.0019,-0.0019,,ASK14_Coeffs,W20,NGAW2_GMPE_Spreadsheets_v5.7_041415_ProtectedLocked.xlsm
ASK14,2.0,p2p000,SA,20,a43,0.26,0.26,,ASK14_Coeffs,X20,NGAW2_GMPE_Spreadsheets_v5.7_041415_ProtectedLocked.xlsm
ASK14,2.0,p2p000,SA,20,a44,0.25,0.25,,ASK14_Coeffs,Y20,NGAW2_GMPE_Spreadsheets_v5.7_041415_ProtectedLocked.xlsm
ASK14,2.0,p2p000,SA,20,a45,0.22,0.22,,ASK14_Coeffs,Z20,NGAW2_GMPE_Spreadsheets_v5.7_041415_ProtectedLocked.xlsm
ASK14,2.0,p2p000,SA,20,a46,0.16,0.16,,ASK14_Coeffs,AA20,NGAW2_GMPE_Spreadsheets_v5.7_041415_ProtectedLocked.xlsm
ASK14,2.0,p2p000,SA,20,a25,-0.0002,-0.0002,,ASK14_Coeffs,AB20,NGAW2_GMPE_Spreadsheets_v5.7_041415_ProtectedLocked.xlsm
ASK14,2.0,p2p000,SA,20,a28,0.0003,0.0003,,ASK14_Coeffs,AC20,NGAW2_GMPE_Spreadsheets_v5.7_041415_ProtectedLocked.xlsm
ASK14,2.0,p2p000,SA,20,a29,-0.0017,-0.0017,,ASK14_Coeffs,AD20,NGAW2_GMPE_Spreadsheets_v5.7_041415_ProtectedLocked.xlsm
ASK14,2.0,p2p000,SA,20,a31,-0.1203,-0.1203,,ASK14_Coeffs,AE20,NGAW2_GMPE_Spreadsheets_v5.7_041415_ProtectedLocked.xlsm
ASK14,2.0,p2p000,SA,20,a36,0.123,0.123,,ASK14_Coeffs,AF20,NGAW2_GMPE_Spreadsheets_v5.7_041415_ProtectedLocked.xlsm
ASK14,2.0,p2p000,SA,20,a37,0.068,0.068,,ASK14_Coeffs,AG20,NGAW2_GMPE_Spreadsheets_v5.7_041415_ProtectedLocked.xlsm
ASK14,2.0,p2p000,SA,20,a38,0.119,0.119,,ASK14_Coeffs,AH20,NGAW2_GMPE_Spreadsheets_v5.7_041415_ProtectedLocked.xlsm
ASK14,2.0,p2p000,SA,20,a39,0,0,,ASK14_Coeffs,AI20,NGAW2_GMPE_Spreadsheets_v5.7_041415_ProtectedLocked.xlsm
ASK14,2.0,p2p000,SA,20,a40,0.083,0.083,,ASK14_Coeffs,AJ20,NGAW2_GMPE_Spreadsheets_v5.7_041415_ProtectedLocked.xlsm
ASK14,2.0,p2p000,SA,20,a41,-0.075,-0.075,,ASK14_Coeffs,AK20,NGAW2_GMPE_Spreadsheets_v5.7_041415_ProtectedLocked.xlsm
ASK14,2.0,p2p000,SA,20,a42,-0.143,-0.143,,ASK14_Coeffs,AL20,NGAW2_GMPE_Spreadsheets_v5.7_041415_ProtectedLocked.xlsm
ASK14,2.0,p2p000,SA,20,s1,0.555,0.555,,ASK14_Coeffs,AM20,NGAW2_GMPE_Spreadsheets_v5.7_041415_ProtectedLocked.xlsm
ASK14,2.0,p2p000,SA,20,s2,0.65,0.65,,ASK14_Coeffs,AN20,NGAW2_GMPE_Spreadsheets_v5.7_041415_ProtectedLocked.xlsm
ASK14,2.0,p2p000,SA,20,s3,0.47,0.47,,ASK14_Coeffs,AO20,NGAW2_GMPE_Spreadsheets_v5.7_041415_ProtectedLocked.xlsm
ASK14,2.0,p2p000,SA,20,s4,0.36,0.36,,ASK14_Coeffs,AP20,NGAW2_GMPE_Spreadsheets_v5.7_041415_ProtectedLocked.xlsm
ASK14,2.0,p2p000,SA,20,s1 (known vs),0.48,0.48,,ASK14_Coeffs,AQ20,NGAW2_GMPE_Spreadsheets_v5.7_041415_ProtectedLocked.xlsm
ASK14,2.0,p2p000,SA,20,s2 (known vs),0.587,0.587,,ASK14_Coeffs,AR20,NGAW2_GMPE_Spreadsheets_v5.7_041415_ProtectedLocked.xlsm
ASK14,2.0,p2p000,SA,20,s5 (Japan Phi),0.8,0.8,,ASK14_Coeffs,AS20,NGAW2_GMPE_Spreadsheets_v5.7_041415_ProtectedLocked.xlsm
ASK14,2.0,p2p000,SA,20,s6 (Japan Phi),0.62,0.62,,ASK14_Coeffs,AT20,NGAW2_GMPE_Spreadsheets_v5.7_041415_ProtectedLocked.xlsm
ASK14,3.0,p3p000,SA,21,VLIN,330,330,,ASK14_Coeffs,B21,NGAW2_GMPE_Spreadsheets_v5.7_041415_ProtectedLocked.xlsm
ASK14,3.0,p3p000,SA,21,b,0,0,,ASK14_Coeffs,C21,NGAW2_GMPE_Spreadsheets_v5.7_041415_ProtectedLocked.xlsm
ASK14,3.0,p3p000,SA,21,n,1.5,1.5,,ASK14_Coeffs,D21,NGAW2_GMPE_Spreadsheets_v5.7_041415_ProtectedLocked.xlsm
ASK14,3.0,p3p000,SA,21,M1,6.82,6.82,,ASK14_Coeffs,E21,NGAW2_GMPE_Spreadsheets_v5.7_041415_ProtectedLocked.xlsm
ASK14,3.0,p3p000,SA,21,c,2.4,2.4,,ASK14_Coeffs,F21,NGAW2_GMPE_Spreadsheets_v5.7_041415_ProtectedLocked.xlsm
ASK14,3.0,p3p000,SA,21,c4,4.5,4.5,,ASK14_Coeffs,G21,NGAW2_GMPE_Spreadsheets_v5.7_041415_ProtectedLocked.xlsm
ASK14,3.0,p3p000,SA,21,a1,-0.060000000000000005,-0.060000000000000005,,ASK14_Coeffs,H21,NGAW2_GMPE_Spreadsheets_v5.7_041415_ProtectedLocked.xlsm
ASK14,3.0,p3p000,SA,21,a2,-0.79,-0.79,,ASK14_Coeffs,I21,NGAW2_GMPE_Spreadsheets_v5.7_041415_ProtectedLocked.xlsm
ASK14,3.0,p3p000,SA,21,a3,0.275,0.275,,ASK14_Coeffs,J21,NGAW2_GMPE_Spreadsheets_v5.7_041415_ProtectedLocked.xlsm
ASK14,3.0,p3p000,SA,21,a4,-0.1,-0.1,,ASK14_Coeffs,K21,NGAW2_GMPE_Spreadsheets_v5.7_041415_ProtectedLocked.xlsm
ASK14,3.0,p3p000,SA,21,a5,-0.41,-0.41,,ASK14_Coeffs,L21,NGAW2_GMPE_Spreadsheets_v5.7_041415_ProtectedLocked.xlsm
ASK14,3.0,p3p000,SA,21,a6,2.9061,2.9061,,ASK14_Coeffs,M21,NGAW2_GMPE_Spreadsheets_v5.7_041415_ProtectedLocked.xlsm
ASK14,3.0,p3p000,SA,21,a7,0,0,,ASK14_Coeffs,N21,NGAW2_GMPE_Spreadsheets_v5.7_041415_ProtectedLocked.xlsm
ASK14,3.0,p3p000,SA,21,a8,-0.172,-0.172,,ASK14_Coeffs,O21,NGAW2_GMPE_Spreadsheets_v5.7_041415_ProtectedLocked.xlsm
ASK14,3.0,p3p000,SA,21,a10,-0.95,-0.95,,ASK14_Coeffs,P21,NGAW2_GMPE_Spreadsheets_v5.7_041415_ProtectedLocked.xlsm
ASK14,3.0,p3p000,SA,21,a11,0,0,,ASK14_Coeffs,Q21,NGAW2_GMPE_Spreadsheets_v5.7_041415_ProtectedLocked.xlsm
ASK14,3.0,p3p000,SA,21,a12,-0.1,-0.1,,ASK14_Coeffs,R21,NGAW2_GMPE_Spreadsheets_v5.7_041415_ProtectedLocked.xlsm
ASK14,3.0,p3p000,SA,21,a13,0.2,0.2,,ASK14_Coeffs,S21,NGAW2_GMPE_Spreadsheets_v5.7_041415_ProtectedLocked.xlsm
ASK14,3.0,p3p000,SA,21,a14,0.46,0.46,,ASK14_Coeffs,T21,NGAW2_GMPE_Spreadsheets_v5.7_041415_ProtectedLocked.xlsm
ASK14,3.0,p3p000,SA,21,a15,0.16,0.16,,ASK14_Coeffs,U21,NGAW2_GMPE_Spreadsheets_v5.7_041415_ProtectedLocked.xlsm
ASK14,3.0,p3p000,SA,21,a16,0,0,,ASK14_Coeffs,V21,NGAW2_GMPE_Spreadsheets_v5.7_041415_ProtectedLocked.xlsm
ASK14,3.0,p3p000,SA,21,a17,-0.0015,-0.0015,,ASK14_Coeffs,W21,NGAW2_GMPE_Spreadsheets_v5.7_041415_ProtectedLocked.xlsm
ASK14,3.0,p3p000,SA,21,a43,0.34,0.34,,ASK14_Coeffs,X21,NGAW2_GMPE_Spreadsheets_v5.7_041415_ProtectedLocked.xlsm
ASK14,3.0,p3p000,SA,21,a44,0.3,0.3,,ASK14_Coeffs,Y21,NGAW2_GMPE_Spreadsheets_v5.7_041415_ProtectedLocked.xlsm
ASK14,3.0,p3p000,SA,21,a45,0.23,0.23,,ASK14_Coeffs,Z21,NGAW2_GMPE_Spreadsheets_v5.7_041415_ProtectedLocked.xlsm
ASK14,3.0,p3p000,SA,21,a46,0.16,0.16,,ASK14_Coeffs,AA21,NGAW2_GMPE_Spreadsheets_v5.7_041415_ProtectedLocked.xlsm
ASK14,3.0,p3p000,SA,21,a25,0,0,,ASK14_Coeffs,AB21,NGAW2_GMPE_Spreadsheets_v5.7_041415_ProtectedLocked.xlsm
ASK14,3.0,p3p000,SA,21,a28,0,0,,ASK14_Coeffs,AC21,NGAW2_GMPE_Spreadsheets_v5.7_041415_ProtectedLocked.xlsm
ASK14,3.0,p3p000,SA,21,a29,-0.002,-0.002,,ASK14_Coeffs,AD21,NGAW2_GMPE_Spreadsheets_v5.7_041415_ProtectedLocked.xlsm
ASK14,3.0,p3p000,SA,21,a31,-0.2719,-0.2719,,ASK14_Coeffs,AE21,NGAW2_GMPE_Spreadsheets_v5.7_041415_ProtectedLocked.xlsm
ASK14,3.0,p3p000,SA,21,a36,0.109,0.109,,ASK14_Coeffs,AF21,NGAW2_GMPE_Spreadsheets_v5.7_041415_ProtectedLocked.xlsm
ASK14,3.0,p3p000,SA,21,a37,-0.023,-0.023,,ASK14_Coeffs,AG21,NGAW2_GMPE_Spreadsheets_v5.7_041415_ProtectedLocked.xlsm
ASK14,3.0,p3p000,SA,21,a38,0.093,0.093,,ASK14_Coeffs,AH21,NGAW2_GMPE_Spreadsheets_v5.7_041415_ProtectedLocked.xlsm
ASK14,3.0,p3p000,SA,21,a39,0,0,,ASK14_Coeffs,AI21,NGAW2_GMPE_Spreadsheets_v5.7_041415_ProtectedLocked.xlsm
ASK14,3.0,p3p000,SA,21,a40,0.07,0.07,,ASK14_Coeffs,AJ21,NGAW2_GMPE_Spreadsheets_v5.7_041415_ProtectedLocked.xlsm
ASK14,3.0,p3p000,SA,21,a41,-0.021,-0.021,,ASK14_Coeffs,AK21,NGAW2_GMPE_Spreadsheets_v5.7_041415_ProtectedLocked.xlsm
ASK14,3.0,p3p000,SA,21,a42,-0.028,-0.028,,ASK14_Coeffs,AL21,NGAW2_GMPE_Spreadsheets_v5.7_041415_ProtectedLocked.xlsm
ASK14,3.0,p3p000,SA,21,s1,0.548,0.548,,ASK14_Coeffs,AM21,NGAW2_GMPE_Spreadsheets_v5.7_041415_ProtectedLocked.xlsm
ASK14,3.0,p3p000,SA,21,s2,0.64,0.64,,ASK14_Coeffs,AN21,NGAW2_GMPE_Spreadsheets_v5.7_041415_ProtectedLocked.xlsm
ASK14,3.0,p3p000,SA,21,s3,0.47,0.47,,ASK14_Coeffs,AO21,NGAW2_GMPE_Spreadsheets_v5.7_041415_ProtectedLocked.xlsm
ASK14,3.0,p3p000,SA,21,s4,0.36,0.36,,ASK14_Coeffs,AP21,NGAW2_GMPE_Spreadsheets_v5.7_041415_ProtectedLocked.xlsm
ASK14,3.0,p3p000,SA,21,s1 (known vs),0.472,0.472,,ASK14_Coeffs,AQ21,NGAW2_GMPE_Spreadsheets_v5.7_041415_ProtectedLocked.xlsm
ASK14,3.0,p3p000,SA,21,s2 (known vs),0.576,0.576,,ASK14_Coeffs,AR21,NGAW2_GMPE_Spreadsheets_v5.7_041415_ProtectedLocked.xlsm
ASK14,3.0,p3p000,SA,21,s5 (Japan Phi),0.8,0.8,,ASK14_Coeffs,AS21,NGAW2_GMPE_Spreadsheets_v5.7_041415_ProtectedLocked.xlsm
ASK14,3.0,p3p000,SA,21,s6 (Japan Phi),0.55,0.55,,ASK14_Coeffs,AT21,NGAW2_GMPE_Spreadsheets_v5.7_041415_ProtectedLocked.xlsm
ASK14,4.0,p4p000,SA,22,VLIN,330,330,,ASK14_Coeffs,B22,NGAW2_GMPE_Spreadsheets_v5.7_041415_ProtectedLocked.xlsm
ASK14,4.0,p4p000,SA,22,b,0,0,,ASK14_Coeffs,C22,NGAW2_GMPE_Spreadsheets_v5.7_041415_ProtectedLocked.xlsm
ASK14,4.0,p4p000,SA,22,n,1.5,1.5,,ASK14_Coeffs,D22,NGAW2_GMPE_Spreadsheets_v5.7_041415_ProtectedLocked.xlsm
ASK14,4.0,p4p000,SA,22,M1,6.92,6.92,,ASK14_Coeffs,E22,NGAW2_GMPE_Spreadsheets_v5.7_041415_ProtectedLocked.xlsm
ASK14,4.0,p4p000,SA,22,c,2.4,2.4,,ASK14_Coeffs,F22,NGAW2_GMPE_Spreadsheets_v5.7_041415_ProtectedLocked.xlsm
ASK14,4.0,p4p000,SA,22,c4,4.5,4.5,,ASK14_Coeffs,G22,NGAW2_GMPE_Spreadsheets_v5.7_041415_ProtectedLocked.xlsm
ASK14,4.0,p4p000,SA,22,a1,-0.299,-0.299,,ASK14_Coeffs,H22,NGAW2_GMPE_Spreadsheets_v5.7_041415_ProtectedLocked.xlsm
ASK14,4.0,p4p000,SA,22,a2,-0.79,-0.79,,ASK14_Coeffs,I22,NGAW2_GMPE_Spreadsheets_v5.7_041415_ProtectedLocked.xlsm
ASK14,4.0,p4p000,SA,22,a3,0.275,0.275,,ASK14_Coeffs,J22,NGAW2_GMPE_Spreadsheets_v5.7_041415_ProtectedLocked.xlsm
ASK14,4.0,p4p000,SA,22,a4,-0.1,-0.1,,ASK14_Coeffs,K22,NGAW2_GMPE_Spreadsheets_v5.7_041415_ProtectedLocked.xlsm
ASK14,4.0,p4p000,SA,22,a5,-0.41,-0.41,,ASK14_Coeffs,L22,NGAW2_GMPE_Spreadsheets_v5.7_041415_ProtectedLocked.xlsm
ASK14,4.0,p4p000,SA,22,a6,2.8888,2.8888,,ASK14_Coeffs,M22,NGAW2_GMPE_Spreadsheets_v5.7_041415_ProtectedLocked.xlsm
ASK14,4.0,p4p000,SA,22,a7,0,0,,ASK14_Coeffs,N22,NGAW2_GMPE_Spreadsheets_v5.7_041415_ProtectedLocked.xlsm
ASK14,4.0,p4p000,SA,22,a8,-0.197,-0.197,,ASK14_Coeffs,O22,NGAW2_GMPE_Spreadsheets_v5.7_041415_ProtectedLocked.xlsm
ASK14,4.0,p4p000,SA,22,a10,-0.95,-0.95,,ASK14_Coeffs,P22,NGAW2_GMPE_Spreadsheets_v5.7_041415_ProtectedLocked.xlsm
ASK14,4.0,p4p000,SA,22,a11,0,0,,ASK14_Coeffs,Q22,NGAW2_GMPE_Spreadsheets_v5.7_041415_ProtectedLocked.xlsm
ASK14,4.0,p4p000,SA,22,a12,-0.1,-0.1,,ASK14_Coeffs,R22,NGAW2_GMPE_Spreadsheets_v5.7_041415_ProtectedLocked.xlsm
ASK14,4.0,p4p000,SA,22,a13,0,0,,ASK14_Coeffs,S22,NGAW2_GMPE_Spreadsheets_v5.7_041415_ProtectedLocked.xlsm
ASK14,4.0,p4p000,SA,22,a14,0.54,0.54,,ASK14_Coeffs,T22,NGAW2_GMPE_Spreadsheets_v5.7_041415_ProtectedLocked.xlsm
ASK14,4.0,p4p000,SA,22,a15,0.05,0.05,,ASK14_Coeffs,U22,NGAW2_GMPE_Spreadsheets_v5.7_041415_ProtectedLocked.xlsm
ASK14,4.0,p4p000,SA,22,a16,0,0,,ASK14_Coeffs,V22,NGAW2_GMPE_Spreadsheets_v5.7_041415_ProtectedLocked.xlsm
ASK14,4.0,p4p000,SA,22,a17,-0.001,-0.001,,ASK14_Coeffs,W22,NGAW2_GMPE_Spreadsheets_v5.7_041415_ProtectedLocked.xlsm
ASK14,4.0,p4p000,SA,22,a43,0.41,0.41,,ASK14_Coeffs,X22,NGAW2_GMPE_Spreadsheets_v5.7_041415_ProtectedLocked.xlsm
ASK14,4.0,p4p000,SA,22,a44,0.32,0.32,,ASK14_Coeffs,Y22,NGAW2_GMPE_Spreadsheets_v5.7_041415_ProtectedLocked.xlsm
ASK14,4.0,p4p000,SA,22,a45,0.23,0.23,,ASK14_Coeffs,Z22,NGAW2_GMPE_Spreadsheets_v5.7_041415_ProtectedLocked.xlsm
ASK14,4.0,p4p000,SA,22,a46,0.14,0.14,,ASK14_Coeffs,AA22,NGAW2_GMPE_Spreadsheets_v5.7_041415_ProtectedLocked.xlsm
ASK14,4.0,p4p000,SA,22,a25,0,0,,ASK14_Coeffs,AB22,NGAW2_GMPE_Spreadsheets_v5.7_041415_ProtectedLocked.xlsm
ASK14,4.0,p4p000,SA,22,a28,0,0,,ASK14_Coeffs,AC22,NGAW2_GMPE_Spreadsheets_v5.7_041415_ProtectedLocked.xlsm
ASK14,4.0,p4p000,SA,22,a29,-0.002,-0.002,,ASK14_Coeffs,AD22,NGAW2_GMPE_Spreadsheets_v5.7_041415_ProtectedLocked.xlsm
ASK14,4.0,p4p000,SA,22,a31,-0.2958,-0.2958,,ASK14_Coeffs,AE22,NGAW2_GMPE_Spreadsheets_v5.7_041415_ProtectedLocked.xlsm
ASK14,4.0,p4p000,SA,22,a36,0.135,0.135,,ASK14_Coeffs,AF22,NGAW2_GMPE_Spreadsheets_v5.7_041415_ProtectedLocked.xlsm
ASK14,4.0,p4p000,SA,22,a37,0.028,0.028,,ASK14_Coeffs,AG22,NGAW2_GMPE_Spreadsheets_v5.7_041415_ProtectedLocked.xlsm
ASK14,4.0,p4p000,SA,22,a38,0.084,0.084,,ASK14_Coeffs,AH22,NGAW2_GMPE_Spreadsheets_v5.7_041415_ProtectedLocked.xlsm
ASK14,4.0,p4p000,SA,22,a39,0,0,,ASK14_Coeffs,AI22,NGAW2_GMPE_Spreadsheets_v5.7_041415_ProtectedLocked.xlsm
ASK14,4.0,p4p000,SA,22,a40,0.101,0.101,,ASK14_Coeffs,AJ22,NGAW2_GMPE_Spreadsheets_v5.7_041415_ProtectedLocked.xlsm
ASK14,4.0,p4p000,SA,22,a41,0.072,0.072,,ASK14_Coeffs,AK22,NGAW2_GMPE_Spreadsheets_v5.7_041415_ProtectedLocked.xlsm
ASK14,4.0,p4p000,SA,22,a42,-0.097,-0.097,,ASK14_Coeffs,AL22,NGAW2_GMPE_Spreadsheets_v5.7_041415_ProtectedLocked.xlsm
ASK14,4.0,p4p000,SA,22,s1,0.527,0.527,,ASK14_Coeffs,AM22,NGAW2_GMPE_Spreadsheets_v5.7_041415_ProtectedLocked.xlsm
ASK14,4.0,p4p000,SA,22,s2,0.63,0.63,,ASK14_Coeffs,AN22,NGAW2_GMPE_Spreadsheets_v5.7_041415_ProtectedLocked.xlsm
ASK14,4.0,p4p000,SA,22,s3,0.47,0.47,,ASK14_Coeffs,AO22,NGAW2_GMPE_Spreadsheets_v5.7_041415_ProtectedLocked.xlsm
ASK14,4.0,p4p000,SA,22,s4,0.36,0.36,,ASK14_Coeffs,AP22,NGAW2_GMPE_Spreadsheets_v5.7_041415_ProtectedLocked.xlsm
ASK14,4.0,p4p000,SA,22,s1 (known vs),0.447,0.447,,ASK14_Coeffs,AQ22,NGAW2_GMPE_Spreadsheets_v5.7_041415_ProtectedLocked.xlsm
ASK14,4.0,p4p000,SA,22,s2 (known vs),0.565,0.565,,ASK14_Coeffs,AR22,NGAW2_GMPE_Spreadsheets_v5.7_041415_ProtectedLocked.xlsm
ASK14,4.0,p4p000,SA,22,s5 (Japan Phi),0.76,0.76,,ASK14_Coeffs,AS22,NGAW2_GMPE_Spreadsheets_v5.7_041415_ProtectedLocked.xlsm
ASK14,4.0,p4p000,SA,22,s6 (Japan Phi),0.52,0.52,,ASK14_Coeffs,AT22,NGAW2_GMPE_Spreadsheets_v5.7_041415_ProtectedLocked.xlsm
ASK14,5.0,p5p000,SA,23,VLIN,330,330,,ASK14_Coeffs,B23,NGAW2_GMPE_Spreadsheets_v5.7_041415_ProtectedLocked.xlsm
ASK14,5.0,p5p000,SA,23,b,0,0,,ASK14_Coeffs,C23,NGAW2_GMPE_Spreadsheets_v5.7_041415_ProtectedLocked.xlsm
ASK14,5.0,p5p000,SA,23,n,1.5,1.5,,ASK14_Coeffs,D23,NGAW2_GMPE_Spreadsheets_v5.7_041415_ProtectedLocked.xlsm
ASK14,5.0,p5p000,SA,23,M1,7,7,,ASK14_Coeffs,E23,NGAW2_GMPE_Spreadsheets_v5.7_041415_ProtectedLocked.xlsm
ASK14,5.0,p5p000,SA,23,c,2.4,2.4,,ASK14_Coeffs,F23,NGAW2_GMPE_Spreadsheets_v5.7_041415_ProtectedLocked.xlsm
ASK14,5.0,p5p000,SA,23,c4,4.5,4.5,,ASK14_Coeffs,G23,NGAW2_GMPE_Spreadsheets_v5.7_041415_ProtectedLocked.xlsm
ASK14,5.0,p5p000,SA,23,a1,-0.562,-0.562,,ASK14_Coeffs,H23,NGAW2_GMPE_Spreadsheets_v5.7_041415_ProtectedLocked.xlsm
ASK14,5.0,p5p000,SA,23,a2,-0.765,-0.765,,ASK14_Coeffs,I23,NGAW2_GMPE_Spreadsheets_v5.7_041415_ProtectedLocked.xlsm
ASK14,5.0,p5p000,SA,23,a3,0.275,0.275,,ASK14_Coeffs,J23,NGAW2_GMPE_Spreadsheets_v5.7_041415_ProtectedLocked.xlsm
ASK14,5.0,p5p000,SA,23,a4,-0.1,-0.1,,ASK14_Coeffs,K23,NGAW2_GMPE_Spreadsheets_v5.7_041415_ProtectedLocked.xlsm
ASK14,5.0,p5p000,SA,23,a5,-0.41,-0.41,,ASK14_Coeffs,L23,NGAW2_GMPE_Spreadsheets_v5.7_041415_ProtectedLocked.xlsm
ASK14,5.0,p5p000,SA,23,a6,2.8984,2.8984,,ASK14_Coeffs,M23,NGAW2_GMPE_Spreadsheets_v5.7_041415_ProtectedLocked.xlsm
ASK14,5.0,p5p000,SA,23,a7,0,0,,ASK14_Coeffs,N23,NGAW2_GMPE_Spreadsheets_v5.7_041415_ProtectedLocked.xlsm
ASK14,5.0,p5p000,SA,23,a8,-0.218,-0.218,,ASK14_Coeffs,O23,NGAW2_GMPE_Spreadsheets_v5.7_041415_ProtectedLocked.xlsm
ASK14,5.0,p5p000,SA,23,a10,-0.93,-0.93,,ASK14_Coeffs,P23,NGAW2_GMPE_Spreadsheets_v5.7_041415_ProtectedLocked.xlsm
ASK14,5.0,p5p000,SA,23,a11,0,0,,ASK14_Coeffs,Q23,NGAW2_GMPE_Spreadsheets_v5.7_041415_ProtectedLocked.xlsm
ASK14,5.0,p5p000,SA,23,a12,-0.1,-0.1,,ASK14_Coeffs,R23,NGAW2_GMPE_Spreadsheets_v5.7_041415_ProtectedLocked.xlsm
ASK14,5.0,p5p000,SA,23,a13,0,0,,ASK14_Coeffs,S23,NGAW2_GMPE_Spreadsheets_v5.7_041415_ProtectedLocked.xlsm
ASK14,5.0,p5p000,SA,23,a14,0.61,0.61,,ASK14_Coeffs,T23,NGAW2_GMPE_Spreadsheets_v5.7_041415_ProtectedLocked.xlsm
ASK14,5.0,p5p000,SA,23,a15,-0.04,-0.04,,ASK14_Coeffs,U23,NGAW2_GMPE_Spreadsheets_v5.7_041415_ProtectedLocked.xlsm
ASK14,5.0,p5p000,SA,23,a16,0,0,,ASK14_Coeffs,V23,NGAW2_GMPE_Spreadsheets_v5.7_041415_ProtectedLocked.xlsm
ASK14,5.0,p5p000,SA,23,a17,-0.001,-0.001,,ASK14_Coeffs,W23,NGAW2_GMPE_Spreadsheets_v5.7_041415_ProtectedLocked.xlsm
ASK14,5.0,p5p000,SA,23,a43,0.51,0.51,,ASK14_Coeffs,X23,NGAW2_GMPE_Spreadsheets_v5.7_041415_ProtectedLocked.xlsm
ASK14,5.0,p5p000,SA,23,a44,0.32,0.32,,ASK14_Coeffs,Y23,NGAW2_GMPE_Spreadsheets_v5.7_041415_ProtectedLocked.xlsm
ASK14,5.0,p5p000,SA,23,a45,0.22,0.22,,ASK14_Coeffs,Z23,NGAW2_GMPE_Spreadsheets_v5.7_041415_ProtectedLocked.xlsm
ASK14,5.0,p5p000,SA,23,a46,0.13,0.13,,ASK14_Coeffs,AA23,NGAW2_GMPE_Spreadsheets_v5.7_041415_ProtectedLocked.xlsm
ASK14,5.0,p5p000,SA,23,a25,0,0,,ASK14_Coeffs,AB23,NGAW2_GMPE_Spreadsheets_v5.7_041415_ProtectedLocked.xlsm
ASK14,5.0,p5p000,SA,23,a28,0,0,,ASK14_Coeffs,AC23,NGAW2_GMPE_Spreadsheets_v5.7_041415_ProtectedLocked.xlsm
ASK14,5.0,p5p000,SA,23,a29,-0.002,-0.002,,ASK14_Coeffs,AD23,NGAW2_GMPE_Spreadsheets_v5.7_041415_ProtectedLocked.xlsm
ASK14,5.0,p5p000,SA,23,a31,-0.2718,-0.2718,,ASK14_Coeffs,AE23,NGAW2_GMPE_Spreadsheets_v5.7_041415_ProtectedLocked.xlsm
ASK14,5.0,p5p000,SA,23,a36,0.189,0.189,,ASK14_Coeffs,AF23,NGAW2_GMPE_Spreadsheets_v5.7_041415_ProtectedLocked.xlsm
ASK14,5.0,p5p000,SA,23,a37,0.031,0.031,,ASK14_Coeffs,AG23,NGAW2_GMPE_Spreadsheets_v5.7_041415_ProtectedLocked.xlsm
ASK14,5.0,p5p000,SA,23,a38,0.058,0.058,,ASK14_Coeffs,AH23,NGAW2_GMPE_Spreadsheets_v5.7_041415_ProtectedLocked.xlsm
ASK14,5.0,p5p000,SA,23,a39,0,0,,ASK14_Coeffs,AI23,NGAW2_GMPE_Spreadsheets_v5.7_041415_ProtectedLocked.xlsm
ASK14,5.0,p5p000,SA,23,a40,0.095,0.095,,ASK14_Coeffs,AJ23,NGAW2_GMPE_Spreadsheets_v5.7_041415_ProtectedLocked.xlsm
ASK14,5.0,p5p000,SA,23,a41,0.205,0.205,,ASK14_Coeffs,AK23,NGAW2_GMPE_Spreadsheets_v5.7_041415_ProtectedLocked.xlsm
ASK14,5.0,p5p000,SA,23,a42,0.015,0.015,,ASK14_Coeffs,AL23,NGAW2_GMPE_Spreadsheets_v5.7_041415_ProtectedLocked.xlsm
ASK14,5.0,p5p000,SA,23,s1,0.505,0.505,,ASK14_Coeffs,AM23,NGAW2_GMPE_Spreadsheets_v5.7_041415_ProtectedLocked.xlsm
ASK14,5.0,p5p000,SA,23,s2,0.63,0.63,,ASK14_Coeffs,AN23,NGAW2_GMPE_Spreadsheets_v5.7_041415_ProtectedLocked.xlsm
ASK14,5.0,p5p000,SA,23,s3,0.47,0.47,,ASK14_Coeffs,AO23,NGAW2_GMPE_Spreadsheets_v5.7_041415_ProtectedLocked.xlsm
ASK14,5.0,p5p000,SA,23,s4,0.36,0.36,,ASK14_Coeffs,AP23,NGAW2_GMPE_Spreadsheets_v5.7_041415_ProtectedLocked.xlsm
ASK14,5.0,p5p000,SA,23,s1 (known vs),0.425,0.425,,ASK14_Coeffs,AQ23,NGAW2_GMPE_Spreadsheets_v5.7_041415_ProtectedLocked.xlsm
ASK14,5.0,p5p000,SA,23,s2 (known vs),0.568,0.568,,ASK14_Coeffs,AR23,NGAW2_GMPE_Spreadsheets_v5.7_041415_ProtectedLocked.xlsm
ASK14,5.0,p5p000,SA,23,s5 (Japan Phi),0.72,0.72,,ASK14_Coeffs,AS23,NGAW2_GMPE_Spreadsheets_v5.7_041415_ProtectedLocked.xlsm
ASK14,5.0,p5p000,SA,23,s6 (Japan Phi),0.5,0.5,,ASK14_Coeffs,AT23,NGAW2_GMPE_Spreadsheets_v5.7_041415_ProtectedLocked.xlsm
ASK14,6.0,p6p000,SA,24,VLIN,330,330,,ASK14_Coeffs,B24,NGAW2_GMPE_Spreadsheets_v5.7_041415_ProtectedLocked.xlsm
ASK14,6.0,p6p000,SA,24,b,0,0,,ASK14_Coeffs,C24,NGAW2_GMPE_Spreadsheets_v5.7_041415_ProtectedLocked.xlsm
ASK14,6.0,p6p000,SA,24,n,1.5,1.5,,ASK14_Coeffs,D24,NGAW2_GMPE_Spreadsheets_v5.7_041415_ProtectedLocked.xlsm
ASK14,6.0,p6p000,SA,24,M1,7.06,7.06,,ASK14_Coeffs,E24,NGAW2_GMPE_Spreadsheets_v5.7_041415_ProtectedLocked.xlsm
ASK14,6.0,p6p000,SA,24,c,2.4,2.4,,ASK14_Coeffs,F24,NGAW2_GMPE_Spreadsheets_v5.7_041415_ProtectedLocked.xlsm
ASK14,6.0,p6p000,SA,24,c4,4.5,4.5,,ASK14_Coeffs,G24,NGAW2_GMPE_Spreadsheets_v5.7_041415_ProtectedLocked.xlsm
ASK14,6.0,p6p000,SA,24,a1,-0.875,-0.875,,ASK14_Coeffs,H24,NGAW2_GMPE_Spreadsheets_v5.7_041415_ProtectedLocked.xlsm
ASK14,6.0,p6p000,SA,24,a2,-0.711,-0.711,,ASK14_Coeffs,I24,NGAW2_GMPE_Spreadsheets_v5.7_041415_ProtectedLocked.xlsm
ASK14,6.0,p6p000,SA,24,a3,0.275,0.275,,ASK14_Coeffs,J24,NGAW2_GMPE_Spreadsheets_v5.7_041415_ProtectedLocked.xlsm
ASK14,6.0,p6p000,SA,24,a4,-0.1,-0.1,,ASK14_Coeffs,K24,NGAW2_GMPE_Spreadsheets_v5.7_041415_ProtectedLocked.xlsm
ASK14,6.0,p6p000,SA,24,a5,-0.41,-0.41,,ASK14_Coeffs,L24,NGAW2_GMPE_Spreadsheets_v5.7_041415_ProtectedLocked.xlsm
ASK14,6.0,p6p000,SA,24,a6,2.8955,2.8955,,ASK14_Coeffs,M24,NGAW2_GMPE_Spreadsheets_v5.7_041415_ProtectedLocked.xlsm
ASK14,6.0,p6p000,SA,24,a7,0,0,,ASK14_Coeffs,N24,NGAW2_GMPE_Spreadsheets_v5.7_041415_ProtectedLocked.xlsm
ASK14,6.0,p6p000,SA,24,a8,-0.235,-0.235,,ASK14_Coeffs,O24,NGAW2_GMPE_Spreadsheets_v5.7_041415_ProtectedLocked.xlsm
ASK14,6.0,p6p000,SA,24,a10,-0.91,-0.91,,ASK14_Coeffs,P24,NGAW2_GMPE_Spreadsheets_v5.7_041415_ProtectedLocked.xlsm
ASK14,6.0,p6p000,SA,24,a11,0,0,,ASK14_Coeffs,Q24,NGAW2_GMPE_Spreadsheets_v5.7_041415_ProtectedLocked.xlsm
ASK14,6.0,p6p000,SA,24,a12,-0.2,-0.2,,ASK14_Coeffs,R24,NGAW2_GMPE_Spreadsheets_v5.7_041415_ProtectedLocked.xlsm
ASK14,6.0,p6p000,SA,24,a13,0,0,,ASK14_Coeffs,S24,NGAW2_GMPE_Spreadsheets_v5.7_041415_ProtectedLocked.xlsm
ASK14,6.0,p6p000,SA,24,a14,0.65,0.65,,ASK14_Coeffs,T24,NGAW2_GMPE_Spreadsheets_v5.7_041415_ProtectedLocked.xlsm
ASK14,6.0,p6p000,SA,24,a15,-0.11,-0.11,,ASK14_Coeffs,U24,NGAW2_GMPE_Spreadsheets_v5.7_041415_ProtectedLocked.xlsm
ASK14,6.0,p6p000,SA,24,a16,0,0,,ASK14_Coeffs,V24,NGAW2_GMPE_Spreadsheets_v5.7_041415_ProtectedLocked.xlsm
ASK14,6.0,p6p000,SA,24,a17,-0.001,-0.001,,ASK14_Coeffs,W24,NGAW2_GMPE_Spreadsheets_v5.7_041415_ProtectedLocked.xlsm
ASK14,6.0,p6p000,SA,24,a43,0.55,0.55,,ASK14_Coeffs,X24,NGAW2_GMPE_Spreadsheets_v5.7_041415_ProtectedLocked.xlsm
ASK14,6.0,p6p000,SA,24,a44,0.32,0.32,,ASK14_Coeffs,Y24,NGAW2_GMPE_Spreadsheets_v5.7_041415_ProtectedLocked.xlsm
ASK14,6.0,p6p000,SA,24,a45,0.2,0.2,,ASK14_Coeffs,Z24,NGAW2_GMPE_Spreadsheets_v5.7_041415_ProtectedLocked.xlsm
ASK14,6.0,p6p000,SA,24,a46,0.1,0.1,,ASK14_Coeffs,AA24,NGAW2_GMPE_Spreadsheets_v5.7_041415_ProtectedLocked.xlsm
ASK14,6.0,p6p000,SA,24,a25,0,0,,ASK14_Coeffs,AB24,NGAW2_GMPE_Spreadsheets_v5.7_041415_ProtectedLocked.xlsm
ASK14,6.0,p6p000,SA,24,a28,0,0,,ASK14_Coeffs,AC24,NGAW2_GMPE_Spreadsheets_v5.7_041415_ProtectedLocked.xlsm
ASK14,6.0,p6p000,SA,24,a29,-0.002,-0.002,,ASK14_Coeffs,AD24,NGAW2_GMPE_Spreadsheets_v5.7_041415_ProtectedLocked.xlsm
ASK14,6.0,p6p000,SA,24,a31,-0.2517,-0.2517,,ASK14_Coeffs,AE24,NGAW2_GMPE_Spreadsheets_v5.7_041415_ProtectedLocked.xlsm
ASK14,6.0,p6p000,SA,24,a36,0.215,0.215,,ASK14_Coeffs,AF24,NGAW2_GMPE_Spreadsheets_v5.7_041415_ProtectedLocked.xlsm
ASK14,6.0,p6p000,SA,24,a37,0.024,0.024,,ASK14_Coeffs,AG24,NGAW2_GMPE_Spreadsheets_v5.7_041415_ProtectedLocked.xlsm
ASK14,6.0,p6p000,SA,24,a38,0.065,0.065,,ASK14_Coeffs,AH24,NGAW2_GMPE_Spreadsheets_v5.7_041415_ProtectedLocked.xlsm
ASK14,6.0,p6p000,SA,24,a39,0,0,,ASK14_Coeffs,AI24,NGAW2_GMPE_Spreadsheets_v5.7_041415_ProtectedLocked.xlsm
ASK14,6.0,p6p000,SA,24,a40,0.133,0.133,,ASK14_Coeffs,AJ24,NGAW2_GMPE_Spreadsheets_v5.7_041415_ProtectedLocked.xlsm
ASK14,6.0,p6p000,SA,24,a41,0.285,0.285,,ASK14_Coeffs,AK24,NGAW2_GMPE_Spreadsheets_v5.7_041415_ProtectedLocked.xlsm
ASK14,6.0,p6p000,SA,24,a42,0.104,0.104,,ASK14_Coeffs,AL24,NGAW2_GMPE_Spreadsheets_v5.7_041415_ProtectedLocked.xlsm
ASK14,6.0,p6p000,SA,24,s1,0.477,0.477,,ASK14_Coeffs,AM24,NGAW2_GMPE_Spreadsheets_v5.7_041415_ProtectedLocked.xlsm
ASK14,6.0,p6p000,SA,24,s2,0.63,0.63,,ASK14_Coeffs,AN24,NGAW2_GMPE_Spreadsheets_v5.7_041415_ProtectedLocked.xlsm
ASK14,6.0,p6p000,SA,24,s3,0.47,0.47,,ASK14_Coeffs,AO24,NGAW2_GMPE_Spreadsheets_v5.7_041415_ProtectedLocked.xlsm
ASK14,6.0,p6p000,SA,24,s4,0.36,0.36,,ASK14_Coeffs,AP24,NGAW2_GMPE_Spreadsheets_v5.7_041415_ProtectedLocked.xlsm
ASK14,6.0,p6p000,SA,24,s1 (known vs),0.395,0.395,,ASK14_Coeffs,AQ24,NGAW2_GMPE_Spreadsheets_v5.7_041415_ProtectedLocked.xlsm
ASK14,6.0,p6p000,SA,24,s2 (known vs),0.571,0.571,,ASK14_Coeffs,AR24,NGAW2_GMPE_Spreadsheets_v5.7_041415_ProtectedLocked.xlsm
ASK14,6.0,p6p000,SA,24,s5 (Japan Phi),0.7,0.7,,ASK14_Coeffs,AS24,NGAW2_GMPE_Spreadsheets_v5.7_041415_ProtectedLocked.xlsm
ASK14,6.0,p6p000,SA,24,s6 (Japan Phi),0.5,0.5,,ASK14_Coeffs,AT24,NGAW2_GMPE_Spreadsheets_v5.7_041415_ProtectedLocked.xlsm
ASK14,7.5,p7p500,SA,25,VLIN,330,330,,ASK14_Coeffs,B25,NGAW2_GMPE_Spreadsheets_v5.7_041415_ProtectedLocked.xlsm
ASK14,7.5,p7p500,SA,25,b,0,0,,ASK14_Coeffs,C25,NGAW2_GMPE_Spreadsheets_v5.7_041415_ProtectedLocked.xlsm
ASK14,7.5,p7p500,SA,25,n,1.5,1.5,,ASK14_Coeffs,D25,NGAW2_GMPE_Spreadsheets_v5.7_041415_ProtectedLocked.xlsm
ASK14,7.5,p7p500,SA,25,M1,7.145,7.145,,ASK14_Coeffs,E25,NGAW2_GMPE_Spreadsheets_v5.7_041415_ProtectedLocked.xlsm
ASK14,7.5,p7p500,SA,25,c,2.4,2.4,,ASK14_Coeffs,F25,NGAW2_GMPE_Spreadsheets_v5.7_041415_ProtectedLocked.xlsm
ASK14,7.5,p7p500,SA,25,c4,4.5,4.5,,ASK14_Coeffs,G25,NGAW2_GMPE_Spreadsheets_v5.7_041415_ProtectedLocked.xlsm
ASK14,7.5,p7p500,SA,25,a1,-1.303,-1.303,,ASK14_Coeffs,H25,NGAW2_GMPE_Spreadsheets_v5.7_041415_ProtectedLocked.xlsm
ASK14,7.5,p7p500,SA,25,a2,-0.634,-0.634,,ASK14_Coeffs,I25,NGAW2_GMPE_Spreadsheets_v5.7_041415_ProtectedLocked.xlsm
ASK14,7.5,p7p500,SA,25,a3,0.275,0.275,,ASK14_Coeffs,J25,NGAW2_GMPE_Spreadsheets_v5.7_041415_ProtectedLocked.xlsm
ASK14,7.5,p7p500,SA,25,a4,-0.1,-0.1,,ASK14_Coeffs,K25,NGAW2_GMPE_Spreadsheets_v5.7_041415_ProtectedLocked.xlsm
ASK14,7.5,p7p500,SA,25,a5,-0.41,-0.41,,ASK14_Coeffs,L25,NGAW2_GMPE_Spreadsheets_v5.7_041415_ProtectedLocked.xlsm
ASK14,7.5,p7p500,SA,25,a6,2.87,2.87,,ASK14_Coeffs,M25,NGAW2_GMPE_Spreadsheets_v5.7_041415_ProtectedLocked.xlsm
ASK14,7.5,p7p500,SA,25,a7,0,0,,ASK14_Coeffs,N25,NGAW2_GMPE_Spreadsheets_v5.7_041415_ProtectedLocked.xlsm
ASK14,7.5,p7p500,SA,25,a8,-0.255,-0.255,,ASK14_Coeffs,O25,NGAW2_GMPE_Spreadsheets_v5.7_041415_ProtectedLocked.xlsm
ASK14,7.5,p7p500,SA,25,a10,-0.87,-0.87,,ASK14_Coeffs,P25,NGAW2_GMPE_Spreadsheets_v5.7_041415_ProtectedLocked.xlsm
ASK14,7.5,p7p500,SA,25,a11,0,0,,ASK14_Coeffs,Q25,NGAW2_GMPE_Spreadsheets_v5.7_041415_ProtectedLocked.xlsm
ASK14,7.5,p7p500,SA,25,a12,-0.2,-0.2,,ASK14_Coeffs,R25,NGAW2_GMPE_Spreadsheets_v5.7_041415_ProtectedLocked.xlsm
ASK14,7.5,p7p500,SA,25,a13,0,0,,ASK14_Coeffs,S25,NGAW2_GMPE_Spreadsheets_v5.7_041415_ProtectedLocked.xlsm
ASK14,7.5,p7p500,SA,25,a14,0.72,0.72,,ASK14_Coeffs,T25,NGAW2_GMPE_Spreadsheets_v5.7_041415_ProtectedLocked.xlsm
ASK14,7.5,p7p500,SA,25,a15,-0.19,-0.19,,ASK14_Coeffs,U25,NGAW2_GMPE_Spreadsheets_v5.7_041415_ProtectedLocked.xlsm
ASK14,7.5,p7p500,SA,25,a16,0,0,,ASK14_Coeffs,V25,NGAW2_GMPE_Spreadsheets_v5.7_041415_ProtectedLocked.xlsm
ASK14,7.5,p7p500,SA,25,a17,-0.001,-0.001,,ASK14_Coeffs,W25,NGAW2_GMPE_Spreadsheets_v5.7_041415_ProtectedLocked.xlsm
ASK14,7.5,p7p500,SA,25,a43,0.49,0.49,,ASK14_Coeffs,X25,NGAW2_GMPE_Spreadsheets_v5.7_041415_ProtectedLocked.xlsm
ASK14,7.5,p7p500,SA,25,a44,0.275,0.275,,ASK14_Coeffs,Y25,NGAW2_GMPE_Spreadsheets_v5.7_041415_ProtectedLocked.xlsm
ASK14,7.5,p7p500,SA,25,a45,0.17,0.17,,ASK14_Coeffs,Z25,NGAW2_GMPE_Spreadsheets_v5.7_041415_ProtectedLocked.xlsm
ASK14,7.5,p7p500,SA,25,a46,0.09,0.09,,ASK14_Coeffs,AA25,NGAW2_GMPE_Spreadsheets_v5.7_041415_ProtectedLocked.xlsm
ASK14,7.5,p7p500,SA,25,a25,0,0,,ASK14_Coeffs,AB25,NGAW2_GMPE_Spreadsheets_v5.7_041415_ProtectedLocked.xlsm
ASK14,7.5,p7p500,SA,25,a28,0,0,,ASK14_Coeffs,AC25,NGAW2_GMPE_Spreadsheets_v5.7_041415_ProtectedLocked.xlsm
ASK14,7.5,p7p500,SA,25,a29,-0.002,-0.002,,ASK14_Coeffs,AD25,NGAW2_GMPE_Spreadsheets_v5.7_041415_ProtectedLocked.xlsm
ASK14,7.5,p7p500,SA,25,a31,-0.14,-0.14,,ASK14_Coeffs,AE25,NGAW2_GMPE_Spreadsheets_v5.7_041415_ProtectedLocked.xlsm
ASK14,7.5,p7p500,SA,25,a36,0.15,0.15,,ASK14_Coeffs,AF25,NGAW2_GMPE_Spreadsheets_v5.7_041415_ProtectedLocked.xlsm
ASK14,7.5,p7p500,SA,25,a37,-0.07,-0.07,,ASK14_Coeffs,AG25,NGAW2_GMPE_Spreadsheets_v5.7_041415_ProtectedLocked.xlsm
ASK14,7.5,p7p500,SA,25,a38,0,0,,ASK14_Coeffs,AH25,NGAW2_GMPE_Spreadsheets_v5.7_041415_ProtectedLocked.xlsm
ASK14,7.5,p7p500,SA,25,a39,0,0,,ASK14_Coeffs,AI25,NGAW2_GMPE_Spreadsheets_v5.7_041415_ProtectedLocked.xlsm
ASK14,7.5,p7p500,SA,25,a40,0.151,0.151,,ASK14_Coeffs,AJ25,NGAW2_GMPE_Spreadsheets_v5.7_041415_ProtectedLocked.xlsm
ASK14,7.5,p7p500,SA,25,a41,0.329,0.329,,ASK14_Coeffs,AK25,NGAW2_GMPE_Spreadsheets_v5.7_041415_ProtectedLocked.xlsm
ASK14,7.5,p7p500,SA,25,a42,0.299,0.299,,ASK14_Coeffs,AL25,NGAW2_GMPE_Spreadsheets_v5.7_041415_ProtectedLocked.xlsm
ASK14,7.5,p7p500,SA,25,s1,0.457,0.457,,ASK14_Coeffs,AM25,NGAW2_GMPE_Spreadsheets_v5.7_041415_ProtectedLocked.xlsm
ASK14,7.5,p7p500,SA,25,s2,0.63,0.63,,ASK14_Coeffs,AN25,NGAW2_GMPE_Spreadsheets_v5.7_041415_ProtectedLocked.xlsm
ASK14,7.5,p7p500,SA,25,s3,0.47,0.47,,ASK14_Coeffs,AO25,NGAW2_GMPE_Spreadsheets_v5.7_041415_ProtectedLocked.xlsm
ASK14,7.5,p7p500,SA,25,s4,0.36,0.36,,ASK14_Coeffs,AP25,NGAW2_GMPE_Spreadsheets_v5.7_041415_ProtectedLocked.xlsm
ASK14,7.5,p7p500,SA,25,s1 (known vs),0.378,0.378,,ASK14_Coeffs,AQ25,NGAW2_GMPE_Spreadsheets_v5.7_041415_ProtectedLocked.xlsm
ASK14,7.5,p7p500,SA,25,s2 (known vs),0.575,0.575,,ASK14_Coeffs,AR25,NGAW2_GMPE_Spreadsheets_v5.7_041415_ProtectedLocked.xlsm
ASK14,7.5,p7p500,SA,25,s5 (Japan Phi),0.67,0.67,,ASK14_Coeffs,AS25,NGAW2_GMPE_Spreadsheets_v5.7_041415_ProtectedLocked.xlsm
ASK14,7.5,p7p500,SA,25,s6 (Japan Phi),0.5,0.5,,ASK14_Coeffs,AT25,NGAW2_GMPE_Spreadsheets_v5.7_041415_ProtectedLocked.xlsm
ASK14,10.0,p10p000,SA,26,VLIN,330,330,,ASK14_Coeffs,B26,NGAW2_GMPE_Spreadsheets_v5.7_041415_ProtectedLocked.xlsm
ASK14,10.0,p10p000,SA,26,b,0,0,,ASK14_Coeffs,C26,NGAW2_GMPE_Spreadsheets_v5.7_041415_ProtectedLocked.xlsm
ASK14,10.0,p10p000,SA,26,n,1.5,1.5,,ASK14_Coeffs,D26,NGAW2_GMPE_Spreadsheets_v5.7_041415_ProtectedLocked.xlsm
ASK14,10.0,p10p000,SA,26,M1,7.25,7.25,,ASK14_Coeffs,E26,NGAW2_GMPE_Spreadsheets_v5.7_041415_ProtectedLocked.xlsm
ASK14,10.0,p10p000,SA,26,c,2.4,2.4,,ASK14_Coeffs,F26,NGAW2_GMPE_Spreadsheets_v5.7_041415_ProtectedLocked.xlsm
ASK14,10.0,p10p000,SA,26,c4,4.5,4.5,,ASK14_Coeffs,G26,NGAW2_GMPE_Spreadsheets_v5.7_041415_ProtectedLocked.xlsm
ASK14,10.0,p10p000,SA,26,a1,-1.9280000000000002,-1.9280000000000002,,ASK14_Coeffs,H26,NGAW2_GMPE_Spreadsheets_v5.7_041415_ProtectedLocked.xlsm
ASK14,10.0,p10p000,SA,26,a2,-0.529,-0.529,,ASK14_Coeffs,I26,NGAW2_GMPE_Spreadsheets_v5.7_041415_ProtectedLocked.xlsm
ASK14,10.0,p10p000,SA,26,a3,0.275,0.275,,ASK14_Coeffs,J26,NGAW2_GMPE_Spreadsheets_v5.7_041415_ProtectedLocked.xlsm
ASK14,10.0,p10p000,SA,26,a4,-0.1,-0.1,,ASK14_Coeffs,K26,NGAW2_GMPE_Spreadsheets_v5.7_041415_ProtectedLocked.xlsm
ASK14,10.0,p10p000,SA,26,a5,-0.41,-0.41,,ASK14_Coeffs,L26,NGAW2_GMPE_Spreadsheets_v5.7_041415_ProtectedLocked.xlsm
ASK14,10.0,p10p000,SA,26,a6,2.8430999999999997,2.8430999999999997,,ASK14_Coeffs,M26,NGAW2_GMPE_Spreadsheets_v5.7_041415_ProtectedLocked.xlsm
ASK14,10.0,p10p000,SA,26,a7,0,0,,ASK14_Coeffs,N26,NGAW2_GMPE_Spreadsheets_v5.7_041415_ProtectedLocked.xlsm
ASK14,10.0,p10p000,SA,26,a8,-0.28500000000000003,-0.28500000000000003,,ASK14_Coeffs,O26,NGAW2_GMPE_Spreadsheets_v5.7_041415_ProtectedLocked.xlsm
ASK14,10.0,p10p000,SA,26,a10,-0.8,-0.8,,ASK14_Coeffs,P26,NGAW2_GMPE_Spreadsheets_v5.7_041415_ProtectedLocked.xlsm
ASK14,10.0,p10p000,SA,26,a11,0,0,,ASK14_Coeffs,Q26,NGAW2_GMPE_Spreadsheets_v5.7_041415_ProtectedLocked.xlsm
ASK14,10.0,p10p000,SA,26,a12,-0.2,-0.2,,ASK14_Coeffs,R26,NGAW2_GMPE_Spreadsheets_v5.7_041415_ProtectedLocked.xlsm
ASK14,10.0,p10p000,SA,26,a13,0,0,,ASK14_Coeffs,S26,NGAW2_GMPE_Spreadsheets_v5.7_041415_ProtectedLocked.xlsm
ASK14,10.0,p10p000,SA,26,a14,0.8,0.8,,ASK14_Coeffs,T26,NGAW2_GMPE_Spreadsheets_v5.7_041415_ProtectedLocked.xlsm
ASK14,10.0,p10p000,SA,26,a15,-0.3,-0.3,,ASK14_Coeffs,U26,NGAW2_GMPE_Spreadsheets_v5.7_041415_ProtectedLocked.xlsm
ASK14,10.0,p10p000,SA,26,a16,0,0,,ASK14_Coeffs,V26,NGAW2_GMPE_Spreadsheets_v5.7_041415_ProtectedLocked.xlsm
ASK14,10.0,p10p000,SA,26,a17,-0.001,-0.001,,ASK14_Coeffs,W26,NGAW2_GMPE_Spreadsheets_v5.7_041415_ProtectedLocked.xlsm
ASK14,10.0,p10p000,SA,26,a43,0.42,0.42,,ASK14_Coeffs,X26,NGAW2_GMPE_Spreadsheets_v5.7_041415_ProtectedLocked.xlsm
ASK14,10.0,p10p000,SA,26,a44,0.22,0.22,,ASK14_Coeffs,Y26,NGAW2_GMPE_Spreadsheets_v5.7_041415_ProtectedLocked.xlsm
ASK14,10.0,p10p000,SA,26,a45,0.14,0.14,,ASK14_Coeffs,Z26,NGAW2_GMPE_Spreadsheets_v5.7_041415_ProtectedLocked.xlsm
ASK14,10.0,p10p000,SA,26,a46,0.08,0.08,,ASK14_Coeffs,AA26,NGAW2_GMPE_Spreadsheets_v5.7_041415_ProtectedLocked.xlsm
ASK14,10.0,p10p000,SA,26,a25,0,0,,ASK14_Coeffs,AB26,NGAW2_GMPE_Spreadsheets_v5.7_041415_ProtectedLocked.xlsm
ASK14,10.0,p10p000,SA,26,a28,0,0,,ASK14_Coeffs,AC26,NGAW2_GMPE_Spreadsheets_v5.7_041415_ProtectedLocked.xlsm
ASK14,10.0,p10p000,SA,26,a29,-0.002,-0.002,,ASK14_Coeffs,AD26,NGAW2_GMPE_Spreadsheets_v5.7_041415_ProtectedLocked.xlsm
ASK14,10.0,p10p000,SA,26,a31,-0.0216,-0.0216,,ASK14_Coeffs,AE26,NGAW2_GMPE_Spreadsheets_v5.7_041415_ProtectedLocked.xlsm
ASK14,10.0,p10p000,SA,26,a36,0.092,0.092,,ASK14_Coeffs,AF26,NGAW2_GMPE_Spreadsheets_v5.7_041415_ProtectedLocked.xlsm
ASK14,10.0,p10p000,SA,26,a37,-0.159,-0.159,,ASK14_Coeffs,AG26,NGAW2_GMPE_Spreadsheets_v5.7_041415_ProtectedLocked.xlsm
ASK14,10.0,p10p000,SA,26,a38,-0.05,-0.05,,ASK14_Coeffs,AH26,NGAW2_GMPE_Spreadsheets_v5.7_041415_ProtectedLocked.xlsm
ASK14,10.0,p10p000,SA,26,a39,0,0,,ASK14_Coeffs,AI26,NGAW2_GMPE_Spreadsheets_v5.7_041415_ProtectedLocked.xlsm
ASK14,10.0,p10p000,SA,26,a40,0.124,0.124,,ASK14_Coeffs,AJ26,NGAW2_GMPE_Spreadsheets_v5.7_041415_ProtectedLocked.xlsm
ASK14,10.0,p10p000,SA,26,a41,0.301,0.301,,ASK14_Coeffs,AK26,NGAW2_GMPE_Spreadsheets_v5.7_041415_ProtectedLocked.xlsm
ASK14,10.0,p10p000,SA,26,a42,0.243,0.243,,ASK14_Coeffs,AL26,NGAW2_GMPE_Spreadsheets_v5.7_041415_ProtectedLocked.xlsm
ASK14,10.0,p10p000,SA,26,s1,0.429,0.429,,ASK14_Coeffs,AM26,NGAW2_GMPE_Spreadsheets_v5.7_041415_ProtectedLocked.xlsm
ASK14,10.0,p10p000,SA,26,s2,0.63,0.63,,ASK14_Coeffs,AN26,NGAW2_GMPE_Spreadsheets_v5.7_041415_ProtectedLocked.xlsm
ASK14,10.0,p10p000,SA,26,s3,0.47,0.47,,ASK14_Coeffs,AO26,NGAW2_GMPE_Spreadsheets_v5.7_041415_ProtectedLocked.xlsm
ASK14,10.0,p10p000,SA,26,s4,0.36,0.36,,ASK14_Coeffs,AP26,NGAW2_GMPE_Spreadsheets_v5.7_041415_ProtectedLocked.xlsm
ASK14,10.0,p10p000,SA,26,s1 (known vs),0.359,0.359,,ASK14_Coeffs,AQ26,NGAW2_GMPE_Spreadsheets_v5.7_041415_ProtectedLocked.xlsm
ASK14,10.0,p10p000,SA,26,s2 (known vs),0.585,0.585,,ASK14_Coeffs,AR26,NGAW2_GMPE_Spreadsheets_v5.7_041415_ProtectedLocked.xlsm
ASK14,10.0,p10p000,SA,26,s5 (Japan Phi),0.64,0.64,,ASK14_Coeffs,AS26,NGAW2_GMPE_Spreadsheets_v5.7_041415_ProtectedLocked.xlsm
ASK14,10.0,p10p000,SA,26,s6 (Japan Phi),0.5,0.5,,ASK14_Coeffs,AT26,NGAW2_GMPE_Spreadsheets_v5.7_041415_ProtectedLocked.xlsm
ASK14,0.0,pga,PGA,27,VLIN,660,660,,ASK14_Coeffs,B27,NGAW2_GMPE_Spreadsheets_v5.7_041415_ProtectedLocked.xlsm
ASK14,0.0,pga,PGA,27,b,-1.47,-1.47,,ASK14_Coeffs,C27,NGAW2_GMPE_Spreadsheets_v5.7_041415_ProtectedLocked.xlsm
ASK14,0.0,pga,PGA,27,n,1.5,1.5,,ASK14_Coeffs,D27,NGAW2_GMPE_Spreadsheets_v5.7_041415_ProtectedLocked.xlsm
ASK14,0.0,pga,PGA,27,M1,6.75,6.75,,ASK14_Coeffs,E27,NGAW2_GMPE_Spreadsheets_v5.7_041415_ProtectedLocked.xlsm
ASK14,0.0,pga,PGA,27,c,2.4,2.4,,ASK14_Coeffs,F27,NGAW2_GMPE_Spreadsheets_v5.7_041415_ProtectedLocked.xlsm
ASK14,0.0,pga,PGA,27,c4,4.5,4.5,,ASK14_Coeffs,G27,NGAW2_GMPE_Spreadsheets_v5.7_041415_ProtectedLocked.xlsm
ASK14,0.0,pga,PGA,27,a1,0.587,0.587,,ASK14_Coeffs,H27,NGAW2_GMPE_Spreadsheets_v5.7_041415_ProtectedLocked.xlsm
ASK14,0.0,pga,PGA,27,a2,-0.79,-0.79,,ASK14_Coeffs,I27,NGAW2_GMPE_Spreadsheets_v5.7_041415_ProtectedLocked.xlsm
ASK14,0.0,pga,PGA,27,a3,0.275,0.275,,ASK14_Coeffs,J27,NGAW2_GMPE_Spreadsheets_v5.7_041415_ProtectedLocked.xlsm
ASK14,0.0,pga,PGA,27,a4,-0.1,-0.1,,ASK14_Coeffs,K27,NGAW2_GMPE_Spreadsheets_v5.7_041415_ProtectedLocked.xlsm
ASK14,0.0,pga,PGA,27,a5,-0.41,-0.41,,ASK14_Coeffs,L27,NGAW2_GMPE_Spreadsheets_v5.7_041415_ProtectedLocked.xlsm
ASK14,0.0,pga,PGA,27,a6,2.1541,2.1541,,ASK14_Coeffs,M27,NGAW2_GMPE_Spreadsheets_v5.7_041415_ProtectedLocked.xlsm
ASK14,0.0,pga,PGA,27,a7,0,0,,ASK14_Coeffs,N27,NGAW2_GMPE_Spreadsheets_v5.7_041415_ProtectedLocked.xlsm
ASK14,0.0,pga,PGA,27,a8,-0.015,-0.015,,ASK14_Coeffs,O27,NGAW2_GMPE_Spreadsheets_v5.7_041415_ProtectedLocked.xlsm
ASK14,0.0,pga,PGA,27,a10,1.735,1.735,,ASK14_Coeffs,P27,NGAW2_GMPE_Spreadsheets_v5.7_041415_ProtectedLocked.xlsm
ASK14,0.0,pga,PGA,27,a11,0,0,,ASK14_Coeffs,Q27,NGAW2_GMPE_Spreadsheets_v5.7_041415_ProtectedLocked.xlsm
ASK14,0.0,pga,PGA,27,a12,-0.1,-0.1,,ASK14_Coeffs,R27,NGAW2_GMPE_Spreadsheets_v5.7_041415_ProtectedLocked.xlsm
ASK14,0.0,pga,PGA,27,a13,0.6,0.6,,ASK14_Coeffs,S27,NGAW2_GMPE_Spreadsheets_v5.7_041415_ProtectedLocked.xlsm
ASK14,0.0,pga,PGA,27,a14,-0.3,-0.3,,ASK14_Coeffs,T27,NGAW2_GMPE_Spreadsheets_v5.7_041415_ProtectedLocked.xlsm
ASK14,0.0,pga,PGA,27,a15,1.1,1.1,,ASK14_Coeffs,U27,NGAW2_GMPE_Spreadsheets_v5.7_041415_ProtectedLocked.xlsm
ASK14,0.0,pga,PGA,27,a16,0,0,,ASK14_Coeffs,V27,NGAW2_GMPE_Spreadsheets_v5.7_041415_ProtectedLocked.xlsm
ASK14,0.0,pga,PGA,27,a17,-0.0072,-0.0072,,ASK14_Coeffs,W27,NGAW2_GMPE_Spreadsheets_v5.7_041415_ProtectedLocked.xlsm
ASK14,0.0,pga,PGA,27,a43,0.1,0.1,,ASK14_Coeffs,X27,NGAW2_GMPE_Spreadsheets_v5.7_041415_ProtectedLocked.xlsm
ASK14,0.0,pga,PGA,27,a44,0.05,0.05,,ASK14_Coeffs,Y27,NGAW2_GMPE_Spreadsheets_v5.7_041415_ProtectedLocked.xlsm
ASK14,0.0,pga,PGA,27,a45,0,0,,ASK14_Coeffs,Z27,NGAW2_GMPE_Spreadsheets_v5.7_041415_ProtectedLocked.xlsm
ASK14,0.0,pga,PGA,27,a46,-0.05,-0.05,,ASK14_Coeffs,AA27,NGAW2_GMPE_Spreadsheets_v5.7_041415_ProtectedLocked.xlsm
ASK14,0.0,pga,PGA,27,a25,-0.0015,-0.0015,,ASK14_Coeffs,AB27,NGAW2_GMPE_Spreadsheets_v5.7_041415_ProtectedLocked.xlsm
ASK14,0.0,pga,PGA,27,a28,0.0025,0.0025,,ASK14_Coeffs,AC27,NGAW2_GMPE_Spreadsheets_v5.7_041415_ProtectedLocked.xlsm
ASK14,0.0,pga,PGA,27,a29,-0.0034,-0.0034,,ASK14_Coeffs,AD27,NGAW2_GMPE_Spreadsheets_v5.7_041415_ProtectedLocked.xlsm
ASK14,0.0,pga,PGA,27,a31,-0.1503,-0.1503,,ASK14_Coeffs,AE27,NGAW2_GMPE_Spreadsheets_v5.7_041415_ProtectedLocked.xlsm
ASK14,0.0,pga,PGA,27,a36,0.265,0.265,,ASK14_Coeffs,AF27,NGAW2_GMPE_Spreadsheets_v5.7_041415_ProtectedLocked.xlsm
ASK14,0.0,pga,PGA,27,a37,0.337,0.337,,ASK14_Coeffs,AG27,NGAW2_GMPE_Spreadsheets_v5.7_041415_ProtectedLocked.xlsm
ASK14,0.0,pga,PGA,27,a38,0.188,0.188,,ASK14_Coeffs,AH27,NGAW2_GMPE_Spreadsheets_v5.7_041415_ProtectedLocked.xlsm
ASK14,0.0,pga,PGA,27,a39,0,0,,ASK14_Coeffs,AI27,NGAW2_GMPE_Spreadsheets_v5.7_041415_ProtectedLocked.xlsm
ASK14,0.0,pga,PGA,27,a40,0.088,0.088,,ASK14_Coeffs,AJ27,NGAW2_GMPE_Spreadsheets_v5.7_041415_ProtectedLocked.xlsm
ASK14,0.0,pga,PGA,27,a41,-0.196,-0.196,,ASK14_Coeffs,AK27,NGAW2_GMPE_Spreadsheets_v5.7_041415_ProtectedLocked.xlsm
ASK14,0.0,pga,PGA,27,a42,0.044,0.044,,ASK14_Coeffs,AL27,NGAW2_GMPE_Spreadsheets_v5.7_041415_ProtectedLocked.xlsm
ASK14,0.0,pga,PGA,27,s1,0.754,0.754,,ASK14_Coeffs,AM27,NGAW2_GMPE_Spreadsheets_v5.7_041415_ProtectedLocked.xlsm
ASK14,0.0,pga,PGA,27,s2,0.52,0.52,,ASK14_Coeffs,AN27,NGAW2_GMPE_Spreadsheets_v5.7_041415_ProtectedLocked.xlsm
ASK14,0.0,pga,PGA,27,s3,0.47,0.47,,ASK14_Coeffs,AO27,NGAW2_GMPE_Spreadsheets_v5.7_041415_ProtectedLocked.xlsm
ASK14,0.0,pga,PGA,27,s4,0.36,0.36,,ASK14_Coeffs,AP27,NGAW2_GMPE_Spreadsheets_v5.7_041415_ProtectedLocked.xlsm
ASK14,0.0,pga,PGA,27,s1 (known vs),0.741,0.741,,ASK14_Coeffs,AQ27,NGAW2_GMPE_Spreadsheets_v5.7_041415_ProtectedLocked.xlsm
ASK14,0.0,pga,PGA,27,s2 (known vs),0.501,0.501,,ASK14_Coeffs,AR27,NGAW2_GMPE_Spreadsheets_v5.7_041415_ProtectedLocked.xlsm
ASK14,0.0,pga,PGA,27,s5 (Japan Phi),0.54,0.54,,ASK14_Coeffs,AS27,NGAW2_GMPE_Spreadsheets_v5.7_041415_ProtectedLocked.xlsm
ASK14,0.0,pga,PGA,27,s6 (Japan Phi),0.63,0.63,,ASK14_Coeffs,AT27,NGAW2_GMPE_Spreadsheets_v5.7_041415_ProtectedLocked.xlsm
ASK14,-1.0,pgv,PGV,28,VLIN,330,330,,ASK14_Coeffs,B28,NGAW2_GMPE_Spreadsheets_v5.7_041415_ProtectedLocked.xlsm
ASK14,-1.0,pgv,PGV,28,b,-2.02,-2.02,,ASK14_Coeffs,C28,NGAW2_GMPE_Spreadsheets_v5.7_041415_ProtectedLocked.xlsm
ASK14,-1.0,pgv,PGV,28,n,1.5,1.5,,ASK14_Coeffs,D28,NGAW2_GMPE_Spreadsheets_v5.7_041415_ProtectedLocked.xlsm
ASK14,-1.0,pgv,PGV,28,M1,6.75,6.75,,ASK14_Coeffs,E28,NGAW2_GMPE_Spreadsheets_v5.7_041415_ProtectedLocked.xlsm
ASK14,-1.0,pgv,PGV,28,c,2400,2400,,ASK14_Coeffs,F28,NGAW2_GMPE_Spreadsheets_v5.7_041415_ProtectedLocked.xlsm
ASK14,-1.0,pgv,PGV,28,c4,4.5,4.5,,ASK14_Coeffs,G28,NGAW2_GMPE_Spreadsheets_v5.7_041415_ProtectedLocked.xlsm
ASK14,-1.0,pgv,PGV,28,a1,5.975,5.975,,ASK14_Coeffs,H28,NGAW2_GMPE_Spreadsheets_v5.7_041415_ProtectedLocked.xlsm
ASK14,-1.0,pgv,PGV,28,a2,-0.919,-0.919,,ASK14_Coeffs,I28,NGAW2_GMPE_Spreadsheets_v5.7_041415_ProtectedLocked.xlsm
ASK14,-1.0,pgv,PGV,28,a3,0.275,0.275,,ASK14_Coeffs,J28,NGAW2_GMPE_Spreadsheets_v5.7_041415_ProtectedLocked.xlsm
ASK14,-1.0,pgv,PGV,28,a4,-0.1,-0.1,,ASK14_Coeffs,K28,NGAW2_GMPE_Spreadsheets_v5.7_041415_ProtectedLocked.xlsm
ASK14,-1.0,pgv,PGV,28,a5,-0.41,-0.41,,ASK14_Coeffs,L28,NGAW2_GMPE_Spreadsheets_v5.7_041415_ProtectedLocked.xlsm
ASK14,-1.0,pgv,PGV,28,a6,2.3657,2.3657,,ASK14_Coeffs,M28,NGAW2_GMPE_Spreadsheets_v5.7_041415_ProtectedLocked.xlsm
ASK14,-1.0,pgv,PGV,28,a7,0,0,,ASK14_Coeffs,N28,NGAW2_GMPE_Spreadsheets_v5.7_041415_ProtectedLocked.xlsm
ASK14,-1.0,pgv,PGV,28,a8,-0.094,-0.094,,ASK14_Coeffs,O28,NGAW2_GMPE_Spreadsheets_v5.7_041415_ProtectedLocked.xlsm
ASK14,-1.0,pgv,PGV,28,a10,2.36,2.36,,ASK14_Coeffs,P28,NGAW2_GMPE_Spreadsheets_v5.7_041415_ProtectedLocked.xlsm
ASK14,-1.0,pgv,PGV,28,a11,0,0,,ASK14_Coeffs,Q28,NGAW2_GMPE_Spreadsheets_v5.7_041415_ProtectedLocked.xlsm
ASK14,-1.0,pgv,PGV,28,a12,-0.1,-0.1,,ASK14_Coeffs,R28,NGAW2_GMPE_Spreadsheets_v5.7_041415_ProtectedLocked.xlsm
ASK14,-1.0,pgv,PGV,28,a13,0.25,0.25,,ASK14_Coeffs,S28,NGAW2_GMPE_Spreadsheets_v5.7_041415_ProtectedLocked.xlsm
ASK14,-1.0,pgv,PGV,28,a14,0.22,0.22,,ASK14_Coeffs,T28,NGAW2_GMPE_Spreadsheets_v5.7_041415_ProtectedLocked.xlsm
ASK14,-1.0,pgv,PGV,28,a15,0.3,0.3,,ASK14_Coeffs,U28,NGAW2_GMPE_Spreadsheets_v5.7_041415_ProtectedLocked.xlsm
ASK14,-1.0,pgv,PGV,28,a16,0,0,,ASK14_Coeffs,V28,NGAW2_GMPE_Spreadsheets_v5.7_041415_ProtectedLocked.xlsm
ASK14,-1.0,pgv,PGV,28,a17,-0.0005,-0.0005,,ASK14_Coeffs,W28,NGAW2_GMPE_Spreadsheets_v5.7_041415_ProtectedLocked.xlsm
ASK14,-1.0,pgv,PGV,28,a43,0.28,0.28,,ASK14_Coeffs,X28,NGAW2_GMPE_Spreadsheets_v5.7_041415_ProtectedLocked.xlsm
ASK14,-1.0,pgv,PGV,28,a44,0.15,0.15,,ASK14_Coeffs,Y28,NGAW2_GMPE_Spreadsheets_v5.7_041415_ProtectedLocked.xlsm
ASK14,-1.0,pgv,PGV,28,a45,0.09,0.09,,ASK14_Coeffs,Z28,NGAW2_GMPE_Spreadsheets_v5.7_041415_ProtectedLocked.xlsm
ASK14,-1.0,pgv,PGV,28,a46,0.07,0.07,,ASK14_Coeffs,AA28,NGAW2_GMPE_Spreadsheets_v5.7_041415_ProtectedLocked.xlsm
ASK14,-1.0,pgv,PGV,28,a25,-0.0001,-0.0001,,ASK14_Coeffs,AB28,NGAW2_GMPE_Spreadsheets_v5.7_041415_ProtectedLocked.xlsm
ASK14,-1.0,pgv,PGV,28,a28,0.0005,0.0005,,ASK14_Coeffs,AC28,NGAW2_GMPE_Spreadsheets_v5.7_041415_ProtectedLocked.xlsm
ASK14,-1.0,pgv,PGV,28,a29,-0.0037,-0.0037,,ASK14_Coeffs,AD28,NGAW2_GMPE_Spreadsheets_v5.7_041415_ProtectedLocked.xlsm
ASK14,-1.0,pgv,PGV,28,a31,-0.1462,-0.1462,,ASK14_Coeffs,AE28,NGAW2_GMPE_Spreadsheets_v5.7_041415_ProtectedLocked.xlsm
ASK14,-1.0,pgv,PGV,28,a36,0.377,0.377,,ASK14_Coeffs,AF28,NGAW2_GMPE_Spreadsheets_v5.7_041415_ProtectedLocked.xlsm
ASK14,-1.0,pgv,PGV,28,a37,0.212,0.212,,ASK14_Coeffs,AG28,NGAW2_GMPE_Spreadsheets_v5.7_041415_ProtectedLocked.xlsm
ASK14,-1.0,pgv,PGV,28,a38,0.157,0.157,,ASK14_Coeffs,AH28,NGAW2_GMPE_Spreadsheets_v5.7_041415_ProtectedLocked.xlsm
ASK14,-1.0,pgv,PGV,28,a39,0,0,,ASK14_Coeffs,AI28,NGAW2_GMPE_Spreadsheets_v5.7_041415_ProtectedLocked.xlsm
ASK14,-1.0,pgv,PGV,28,a40,0.095,0.095,,ASK14_Coeffs,AJ28,NGAW2_GMPE_Spreadsheets_v5.7_041415_ProtectedLocked.xlsm
ASK14,-1.0,pgv,PGV,28,a41,-0.038,-0.038,,ASK14_Coeffs,AK28,NGAW2_GMPE_Spreadsheets_v5.7_041415_ProtectedLocked.xlsm
ASK14,-1.0,pgv,PGV,28,a42,0.065,0.065,,ASK14_Coeffs,AL28,NGAW2_GMPE_Spreadsheets_v5.7_041415_ProtectedLocked.xlsm
ASK14,-1.0,pgv,PGV,28,s1,0.662,0.662,,ASK14_Coeffs,AM28,NGAW2_GMPE_Spreadsheets_v5.7_041415_ProtectedLocked.xlsm
ASK14,-1.0,pgv,PGV,28,s2,0.51,0.51,,ASK14_Coeffs,AN28,NGAW2_GMPE_Spreadsheets_v5.7_041415_ProtectedLocked.xlsm
ASK14,-1.0,pgv,PGV,28,s3,0.38,0.38,,ASK14_Coeffs,AO28,NGAW2_GMPE_Spreadsheets_v5.7_041415_ProtectedLocked.xlsm
ASK14,-1.0,pgv,PGV,28,s4,0.38,0.38,,ASK14_Coeffs,AP28,NGAW2_GMPE_Spreadsheets_v5.7_041415_ProtectedLocked.xlsm
ASK14,-1.0,pgv,PGV,28,s1 (known vs),0.66,0.66,,ASK14_Coeffs,AQ28,NGAW2_GMPE_Spreadsheets_v5.7_041415_ProtectedLocked.xlsm
ASK14,-1.0,pgv,PGV,28,s2 (known vs),0.51,0.51,,ASK14_Coeffs,AR28,NGAW2_GMPE_Spreadsheets_v5.7_041415_ProtectedLocked.xlsm
ASK14,-1.0,pgv,PGV,28,s5 (Japan Phi),0.58,0.58,,ASK14_Coeffs,AS28,NGAW2_GMPE_Spreadsheets_v5.7_041415_ProtectedLocked.xlsm
ASK14,-1.0,pgv,PGV,28,s6 (Japan Phi),0.53,0.53,,ASK14_Coeffs,AT28,NGAW2_GMPE_Spreadsheets_v5.7_041415_ProtectedLocked.xlsm
