model,period_s,period_key,imt,row_index,coefficient,value,cached_value,formula,source_sheet,source_cell,source_workbook
CB14,0.01,p0p010,SA,5,c0,-4.365,-4.365,,CB14_Coeffs,B5,NGAW2_GMPE_Spreadsheets_v5.7_041415_ProtectedLocked.xlsm
CB14,0.01,p0p010,SA,5,c1,0.977,0.977,,CB14_Coeffs,C5,NGAW2_GMPE_Spreadsheets_v5.7_041415_ProtectedLocked.xlsm
CB14,0.01,p0p010,SA,5,c2,0.533,0.533,,CB14_Coeffs,D5,NGAW2_GMPE_Spreadsheets_v5.7_041415_ProtectedLocked.xlsm
CB14,0.01,p0p010,SA,5,c3,-1.485,-1.485,,CB14_Coeffs,E5,NGAW2_GMPE_Spreadsheets_v5.7_041415_ProtectedLocked.xlsm
CB14,0.01,p0p010,SA,5,c4,-0.499,-0.499,,CB14_Coeffs,F5,NGAW2_GMPE_Spreadsheets_v5.7_041415_ProtectedLocked.xlsm
CB14,0.01,p0p010,SA,5,c5,-2.773,-2.773,,CB14_Coeffs,G5,NGAW2_GMPE_Spreadsheets_v5.7_041415_ProtectedLocked.xlsm
CB14,0.01,p0p010,SA,5,c6,0.248,0.248,,CB14_Coeffs,H5,NGAW2_GMPE_Spreadsheets_v5.7_041415_ProtectedLocked.xlsm
CB14,0.01,p0p010,SA,5,c7,6.753,6.753,,CB14_Coeffs,I5,NGAW2_GMPE_Spreadsheets_v5.7_041415_ProtectedLocked.xlsm
CB14,0.01,p0p010,SA,5,c8,0,0,,CB14_Coeffs,J5,NGAW2_GMPE_Spreadsheets_v5.7_041415_ProtectedLocked.xlsm
CB14,0.01,p0p010,SA,5,c9,-0.214,-0.214,,CB14_Coeffs,K5,NGAW2_GMPE_Spreadsheets_v5.7_041415_ProtectedLocked.xlsm
CB14,0.01,p0p010,SA,5,c10,0.72,0.72,,CB14_Coeffs,L5,NGAW2_GMPE_Spreadsheets_v5.7_041415_ProtectedLocked.xlsm
CB14,0.01,p0p010,SA,5,c11,1.094,1.094,,CB14_Coeffs,M5,NGAW2_GMPE_Spreadsheets_v5.7_041415_ProtectedLocked.xlsm
CB14,0.01,p0p010,SA,5,c12,2.191,2.191,,CB14_Coeffs,N5,NGAW2_GMPE_Spreadsheets_v5.7_041415_ProtectedLocked.xlsm
CB14,0.01,p0p010,SA,5,c13,1.416,1.416,,CB14_Coeffs,O5,NGAW2_GMPE_Spreadsheets_v5.7_041415_ProtectedLocked.xlsm
CB14,0.01,p0p010,SA,5,c14,-0.007,-0.007,,CB14_Coeffs,P5,NGAW2_GMPE_Spreadsheets_v5.7_041415_ProtectedLocked.xlsm
CB14,0.01,p0p010,SA,5,c15,-0.207,-0.207,,CB14_Coeffs,Q5,NGAW2_GMPE_Spreadsheets_v5.7_041415_ProtectedLocked.xlsm
CB14,0.01,p0p010,SA,5,c16,0.39,0.39,,CB14_Coeffs,R5,NGAW2_GMPE_Spreadsheets_v5.7_041415_ProtectedLocked.xlsm
CB14,0.01,p0p010,SA,5,c17,0.0981,0.0981,,CB14_Coeffs,S5,NGAW2_GMPE_Spreadsheets_v5.7_041415_ProtectedLocked.xlsm
CB14,0.01,p0p010,SA,5,c18,0.0334,0.0334,,CB14_Coeffs,T5,NGAW2_GMPE_Spreadsheets_v5.7_041415_ProtectedLocked.xlsm
CB14,0.01,p0p010,SA,5,c19,0.00755,0.00755,,CB14_Coeffs,U5,NGAW2_GMPE_Spreadsheets_v5.7_041415_ProtectedLocked.xlsm
CB14,0.01,p0p010,SA,5,c20,-0.0055,-0.0055,,CB14_Coeffs,V5,NGAW2_GMPE_Spreadsheets_v5.7_041415_ProtectedLocked.xlsm
CB14,0.01,p0p010,SA,5,Dc20 (CA),0,0,,CB14_Coeffs,W5,NGAW2_GMPE_Spreadsheets_v5.7_041415_ProtectedLocked.xlsm
CB14,0.01,p0p010,SA,5,Dc20 (JP),-0.0035,-0.0035,,CB14_Coeffs,X5,NGAW2_GMPE_Spreadsheets_v5.7_041415_ProtectedLocked.xlsm
CB14,0.01,p0p010,SA,5,Dc20 (CH),0.0036,0.0036,,CB14_Coeffs,Y5,NGAW2_GMPE_Spreadsheets_v5.7_041415_ProtectedLocked.xlsm
CB14,0.01,p0p010,SA,5,a2,0.168,0.168,,CB14_Coeffs,Z5,NGAW2_GMPE_Spreadsheets_v5.7_041415_ProtectedLocked.xlsm
CB14,0.01,p0p010,SA,5,h1,0.242,0.242,,CB14_Coeffs,AA5,NGAW2_GMPE_Spreadsheets_v5.7_041415_ProtectedLocked.xlsm
CB14,0.01,p0p010,SA,5,h2,1.471,1.471,,CB14_Coeffs,AB5,NGAW2_GMPE_Spreadsheets_v5.7_041415_ProtectedLocked.xlsm
CB14,0.01,p0p010,SA,5,h3,-0.714,-0.714,,CB14_Coeffs,AC5,NGAW2_GMPE_Spreadsheets_v5.7_041415_ProtectedLocked.xlsm
CB14,0.01,p0p010,SA,5,h4,1,1,,CB14_Coeffs,AD5,NGAW2_GMPE_Spreadsheets_v5.7_041415_ProtectedLocked.xlsm
CB14,0.01,p0p010,SA,5,h5,-0.336,-0.336,,CB14_Coeffs,AE5,NGAW2_GMPE_Spreadsheets_v5.7_041415_ProtectedLocked.xlsm
CB14,0.01,p0p010,SA,5,h6,-0.27,-0.27,,CB14_Coeffs,AF5,NGAW2_GMPE_Spreadsheets_v5.7_041415_ProtectedLocked.xlsm
CB14,0.01,p0p010,SA,5,k1,865,865,,CB14_Coeffs,AG5,NGAW2_GMPE_Spreadsheets_v5.7_041415_ProtectedLocked.xlsm
CB14,0.01,p0p010,SA,5,k2,-1.186,-1.186,,CB14_Coeffs,AH5,NGAW2_GMPE_Spreadsheets_v5.7_041415_ProtectedLocked.xlsm
CB14,0.01,p0p010,SA,5,k3,1.839,1.839,,CB14_Coeffs,AI5,NGAW2_GMPE_Spreadsheets_v5.7_041415_ProtectedLocked.xlsm
CB14,0.01,p0p010,SA,5,c,1.88,1.88,,CB14_Coeffs,AJ5,NGAW2_GMPE_Spreadsheets_v5.7_041415_ProtectedLocked.xlsm
CB14,0.01,p0p010,SA,5,n,1.18,1.18,,CB14_Coeffs,AK5,NGAW2_GMPE_Spreadsheets_v5.7_041415_ProtectedLocked.xlsm
CB14,0.01,p0p010,SA,5,f1,0.734,0.734,,CB14_Coeffs,AL5,NGAW2_GMPE_Spreadsheets_v5.7_041415_ProtectedLocked.xlsm
CB14,0.01,p0p010,SA,5,f2,0.492,0.492,,CB14_Coeffs,AM5,NGAW2_GMPE_Spreadsheets_v5.7_041415_ProtectedLocked.xlsm
CB14,0.01,p0p010,SA,5,t1,0.404,0.404,,CB14_Coeffs,AN5,NGAW2_GMPE_Spreadsheets_v5.7_041415_ProtectedLocked.xlsm
CB14,0.01,p0p010,SA,5,t2,0.325,0.325,,CB14_Coeffs,AO5,NGAW2_GMPE_Spreadsheets_v5.7_041415_ProtectedLocked.xlsm
CB14,0.01,p0p010,SA,5,flnAF,0.3,0.3,,CB14_Coeffs,AP5,NGAW2_GMPE_Spreadsheets_v5.7_041415_ProtectedLocked.xlsm
CB14,0.01,p0p010,SA,5,fC,0.166,0.166,,CB14_Coeffs,AQ5,NGAW2_GMPE_Spreadsheets_v5.7_041415_ProtectedLocked.xlsm
CB14,0.01,p0p010,SA,5,"rlnPGA,lnY",1,1,,CB14_Coeffs,AR5,NGAW2_GMPE_Spreadsheets_v5.7_041415_ProtectedLocked.xlsm
CB14,0.02,p0p020,SA,6,c0,-4.348,-4.348,,CB14_Coeffs,B6,NGAW2_GMPE_Spreadsheets_v5.7_041415_ProtectedLocked.xlsm
CB14,0.02,p0p020,SA,6,c1,0.976,0.976,,CB14_Coeffs,C6,NGAW2_GMPE_Spreadsheets_v5.7_041415_ProtectedLocked.xlsm
CB14,0.02,p0p020,SA,6,c2,0.549,0.549,,CB14_Coeffs,D6,NGAW2_GMPE_Spreadsheets_v5.7_041415_ProtectedLocked.xlsm
CB14,0.02,p0p020,SA,6,c3,-1.488,-1.488,,CB14_Coeffs,E6,NGAW2_GMPE_Spreadsheets_v5.7_041415_ProtectedLocked.xlsm
CB14,0.02,p0p020,SA,6,c4,-0.501,-0.501,,CB14_Coeffs,F6,NGAW2_GMPE_Spreadsheets_v5.7_041415_ProtectedLocked.xlsm
CB14,0.02,p0p020,SA,6,c5,-2.772,-2.772,,CB14_Coeffs,G6,NGAW2_GMPE_Spreadsheets_v5.7_041415_ProtectedLocked.xlsm
CB14,0.02,p0p020,SA,6,c6,0.247,0.247,,CB14_Coeffs,H6,NGAW2_GMPE_Spreadsheets_v5.7_041415_ProtectedLocked.xlsm
CB14,0.02,p0p020,SA,6,c7,6.502,6.502,,CB14_Coeffs,I6,NGAW2_GMPE_Spreadsheets_v5.7_041415_ProtectedLocked.xlsm
CB14,0.02,p0p020,SA,6,c8,0,0,,CB14_Coeffs,J6,NGAW2_GMPE_Spreadsheets_v5.7_041415_ProtectedLocked.xlsm
CB14,0.02,p0p020,SA,6,c9,-0.208,-0.208,,CB14_Coeffs,K6,NGAW2_GMPE_Spreadsheets_v5.7_041415_ProtectedLocked.xlsm
CB14,0.02,p0p020,SA,6,c10,0.73,0.73,,CB14_Coeffs,L6,NGAW2_GMPE_Spreadsheets_v5.7_041415_ProtectedLocked.xlsm
CB14,0.02,p0p020,SA,6,c11,1.149,1.149,,CB14_Coeffs,M6,NGAW2_GMPE_Spreadsheets_v5.7_041415_ProtectedLocked.xlsm
CB14,0.02,p0p020,SA,6,c12,2.189,2.189,,CB14_Coeffs,N6,NGAW2_GMPE_Spreadsheets_v5.7_041415_ProtectedLocked.xlsm
CB14,0.02,p0p020,SA,6,c13,1.453,1.453,,CB14_Coeffs,O6,NGAW2_GMPE_Spreadsheets_v5.7_041415_ProtectedLocked.xlsm
CB14,0.02,p0p020,SA,6,c14,-0.0167,-0.0167,,CB14_Coeffs,P6,NGAW2_GMPE_Spreadsheets_v5.7_041415_ProtectedLocked.xlsm
CB14,0.02,p0p020,SA,6,c15,-0.199,-0.199,,CB14_Coeffs,Q6,NGAW2_GMPE_Spreadsheets_v5.7_041415_ProtectedLocked.xlsm
CB14,0.02,p0p020,SA,6,c16,0.387,0.387,,CB14_Coeffs,R6,NGAW2_GMPE_Spreadsheets_v5.7_041415_ProtectedLocked.xlsm
CB14,0.02,p0p020,SA,6,c17,0.1009,0.1009,,CB14_Coeffs,S6,NGAW2_GMPE_Spreadsheets_v5.7_041415_ProtectedLocked.xlsm
CB14,0.02,p0p020,SA,6,c18,0.0327,0.0327,,CB14_Coeffs,T6,NGAW2_GMPE_Spreadsheets_v5.7_041415_ProtectedLocked.xlsm
CB14,0.02,p0p020,SA,6,c19,0.00759,0.00759,,CB14_Coeffs,U6,NGAW2_GMPE_Spreadsheets_v5.7_041415_ProtectedLocked.xlsm
CB14,0.02,p0p020,SA,6,c20,-0.0055,-0.0055,,CB14_Coeffs,V6,NGAW2_GMPE_Spreadsheets_v5.7_041415_ProtectedLocked.xlsm
CB14,0.02,p0p020,SA,6,Dc20 (CA),0,0,,CB14_Coeffs,W6,NGAW2_GMPE_Spreadsheets_v5.7_041415_ProtectedLocked.xlsm
CB14,0.02,p0p020,SA,6,Dc20 (JP),-0.0035,-0.0035,,CB14_Coeffs,X6,NGAW2_GMPE_Spreadsheets_v5.7_041415_ProtectedLocked.xlsm
CB14,0.02,p0p020,SA,6,Dc20 (CH),0.0036,0.0036,,CB14_Coeffs,Y6,NGAW2_GMPE_Spreadsheets_v5.7_041415_ProtectedLocked.xlsm
CB14,0.02,p0p020,SA,6,a2,0.166,0.166,,CB14_Coeffs,Z6,NGAW2_GMPE_Spreadsheets_v5.7_041415_ProtectedLocked.xlsm
CB14,0.02,p0p020,SA,6,h1,0.244,0.244,,CB14_Coeffs,AA6,NGAW2_GMPE_Spreadsheets_v5.7_041415_ProtectedLocked.xlsm
CB14,0.02,p0p020,SA,6,h2,1.467,1.467,,CB14_Coeffs,AB6,NGAW2_GMPE_Spreadsheets_v5.7_041415_ProtectedLocked.xlsm
CB14,0.02,p0p020,SA,6,h3,-0.711,-0.711,,CB14_Coeffs,AC6,NGAW2_GMPE_Spreadsheets_v5.7_041415_ProtectedLocked.xlsm
CB14,0.02,p0p020,SA,6,h4,1,1,,CB14_Coeffs,AD6,NGAW2_GMPE_Spreadsheets_v5.7_041415_ProtectedLocked.xlsm
CB14,0.02,p0p020,SA,6,h5,-0.339,-0.339,,CB14_Coeffs,AE6,NGAW2_GMPE_Spreadsheets_v5.7_041415_ProtectedLocked.xlsm
CB14,0.02,p0p020,SA,6,h6,-0.263,-0.263,,CB14_Coeffs,AF6,NGAW2_GMPE_Spreadsheets_v5.7_041415_ProtectedLocked.xlsm
CB14,0.02,p0p020,SA,6,k1,865,865,,CB14_Coeffs,AG6,NGAW2_GMPE_Spreadsheets_v5.7_041415_ProtectedLocked.xlsm
CB14,0.02,p0p020,SA,6,k2,-1.219,-1.219,,CB14_Coeffs,AH6,NGAW2_GMPE_Spreadsheets_v5.7_041415_ProtectedLocked.xlsm
CB14,0.02,p0p020,SA,6,k3,1.84,1.84,,CB14_Coeffs,AI6,NGAW2_GMPE_Spreadsheets_v5.7_041415_ProtectedLocked.xlsm
CB14,0.02,p0p020,SA,6,c,1.88,1.88,,CB14_Coeffs,AJ6,NGAW2_GMPE_Spreadsheets_v5.7_041415_ProtectedLocked.xlsm
CB14,0.02,p0p020,SA,6,n,1.18,1.18,,CB14_Coeffs,AK6,NGAW2_GMPE_Spreadsheets_v5.7_041415_ProtectedLocked.xlsm
CB14,0.02,p0p020,SA,6,f1,0.738,0.738,,CB14_Coeffs,AL6,NGAW2_GMPE_Spreadsheets_v5.7_041415_ProtectedLocked.xlsm
CB14,0.02,p0p020,SA,6,f2,0.496,0.496,,CB14_Coeffs,AM6,NGAW2_GMPE_Spreadsheets_v5.7_041415_ProtectedLocked.xlsm
CB14,0.02,p0p020,SA,6,t1,0.417,0.417,,CB14_Coeffs,AN6,NGAW2_GMPE_Spreadsheets_v5.7_041415_ProtectedLocked.xlsm
CB14,0.02,p0p020,SA,6,t2,0.326,0.326,,CB14_Coeffs,AO6,NGAW2_GMPE_Spreadsheets_v5.7_041415_ProtectedLocked.xlsm
CB14,0.02,p0p020,SA,6,flnAF,0.3,0.3,,CB14_Coeffs,AP6,NGAW2_GMPE_Spreadsheets_v5.7_041415_ProtectedLocked.xlsm
CB14,0.02,p0p020,SA,6,fC,0.166,0.166,,CB14_Coeffs,AQ6,NGAW2_GMPE_Spreadsheets_v5.7_041415_ProtectedLocked.xlsm
CB14,0.02,p0p020,SA,6,"rlnPGA,lnY",0.998,0.998,,CB14_Coeffs,AR6,NGAW2_GMPE_Spreadsheets_v5.7_041415_ProtectedLocked.xlsm
CB14,0.03,p0p030,SA,7,c0,-4.024,-4.024,,CB14_Coeffs,B7,NGAW2_GMPE_Spreadsheets_v5.7_041415_ProtectedLocked.xlsm
CB14,0.03,p0p030,SA,7,c1,0.931,0.931,,CB14_Coeffs,C7,NGAW2_GMPE_Spreadsheets_v5.7_041415_ProtectedLocked.xlsm
CB14,0.03,p0p030,SA,7,c2,0.628,0.628,,CB14_Coeffs,D7,NGAW2_GMPE_Spreadsheets_v5.7_041415_ProtectedLocked.xlsm
CB14,0.03,p0p030,SA,7,c3,-1.494,-1.494,,CB14_Coeffs,E7,NGAW2_GMPE_Spreadsheets_v5.7_041415_ProtectedLocked.xlsm
CB14,0.03,p0p030,SA,7,c4,-0.517,-0.517,,CB14_Coeffs,F7,NGAW2_GMPE_Spreadsheets_v5.7_041415_ProtectedLocked.xlsm
CB14,0.03,p0p030,SA,7,c5,-2.782,-2.782,,CB14_Coeffs,G7,NGAW2_GMPE_Spreadsheets_v5.7_041415_ProtectedLocked.xlsm
CB14,0.03,p0p030,SA,7,c6,0.246,0.246,,CB14_Coeffs,H7,NGAW2_GMPE_Spreadsheets_v5.7_041415_ProtectedLocked.xlsm
CB14,0.03,p0p030,SA,7,c7,6.291,6.291,,CB14_Coeffs,I7,NGAW2_GMPE_Spreadsheets_v5.7_041415_ProtectedLocked.xlsm
CB14,0.03,p0p030,SA,7,c8,0,0,,CB14_Coeffs,J7,NGAW2_GMPE_Spreadsheets_v5.7_041415_ProtectedLocked.xlsm
CB14,0.03,p0p030,SA,7,c9,-0.213,-0.213,,CB14_Coeffs,K7,NGAW2_GMPE_Spreadsheets_v5.7_041415_ProtectedLocked.xlsm
CB14,0.03,p0p030,SA,7,c10,0.759,0.759,,CB14_Coeffs,L7,NGAW2_GMPE_Spreadsheets_v5.7_041415_ProtectedLocked.xlsm
CB14,0.03,p0p030,SA,7,c11,1.29,1.29,,CB14_Coeffs,M7,NGAW2_GMPE_Spreadsheets_v5.7_041415_ProtectedLocked.xlsm
CB14,0.03,p0p030,SA,7,c12,2.164,2.164,,CB14_Coeffs,N7,NGAW2_GMPE_Spreadsheets_v5.7_041415_ProtectedLocked.xlsm
CB14,0.03,p0p030,SA,7,c13,1.476,1.476,,CB14_Coeffs,O7,NGAW2_GMPE_Spreadsheets_v5.7_041415_ProtectedLocked.xlsm
CB14,0.03,p0p030,SA,7,c14,-0.0422,-0.0422,,CB14_Coeffs,P7,NGAW2_GMPE_Spreadsheets_v5.7_041415_ProtectedLocked.xlsm
CB14,0.03,p0p030,SA,7,c15,-0.202,-0.202,,CB14_Coeffs,Q7,NGAW2_GMPE_Spreadsheets_v5.7_041415_ProtectedLocked.xlsm
CB14,0.03,p0p030,SA,7,c16,0.378,0.378,,CB14_Coeffs,R7,NGAW2_GMPE_Spreadsheets_v5.7_041415_ProtectedLocked.xlsm
CB14,0.03,p0p030,SA,7,c17,0.1095,0.1095,,CB14_Coeffs,S7,NGAW2_GMPE_Spreadsheets_v5.7_041415_ProtectedLocked.xlsm
CB14,0.03,p0p030,SA,7,c18,0.0331,0.0331,,CB14_Coeffs,T7,NGAW2_GMPE_Spreadsheets_v5.7_041415_ProtectedLocked.xlsm
CB14,0.03,p0p030,SA,7,c19,0.0079,0.0079,,CB14_Coeffs,U7,NGAW2_GMPE_Spreadsheets_v5.7_041415_ProtectedLocked.xlsm
CB14,0.03,p0p030,SA,7,c20,-0.0057,-0.0057,,CB14_Coeffs,V7,NGAW2_GMPE_Spreadsheets_v5.7_041415_ProtectedLocked.xlsm
CB14,0.03,p0p030,SA,7,Dc20 (CA),0,0,,CB14_Coeffs,W7,NGAW2_GMPE_Spreadsheets_v5.7_041415_ProtectedLocked.xlsm
CB14,0.03,p0p030,SA,7,Dc20 (JP),-0.0034,-0.0034,,CB14_Coeffs,X7,NGAW2_GMPE_Spreadsheets_v5.7_041415_ProtectedLocked.xlsm
CB14,0.03,p0p030,SA,7,Dc20 (CH),0.0037,0.0037,,CB14_Coeffs,Y7,NGAW2_GMPE_Spreadsheets_v5.7_041415_ProtectedLocked.xlsm
CB14,0.03,p0p030,SA,7,a2,0.167,0.167,,CB14_Coeffs,Z7,NGAW2_GMPE_Spreadsheets_v5.7_041415_ProtectedLocked.xlsm
CB14,0.03,p0p030,SA,7,h1,0.246,0.246,,CB14_Coeffs,AA7,NGAW2_GMPE_Spreadsheets_v5.7_041415_ProtectedLocked.xlsm
CB14,0.03,p0p030,SA,7,h2,1.467,1.467,,CB14_Coeffs,AB7,NGAW2_GMPE_Spreadsheets_v5.7_041415_ProtectedLocked.xlsm
CB14,0.03,p0p030,SA,7,h3,-0.713,-0.713,,CB14_Coeffs,AC7,NGAW2_GMPE_Spreadsheets_v5.7_041415_ProtectedLocked.xlsm
CB14,0.03,p0p030,SA,7,h4,1,1,,CB14_Coeffs,AD7,NGAW2_GMPE_Spreadsheets_v5.7_041415_ProtectedLocked.xlsm
CB14,0.03,p0p030,SA,7,h5,-0.338,-0.338,,CB14_Coeffs,AE7,NGAW2_GMPE_Spreadsheets_v5.7_041415_ProtectedLocked.xlsm
CB14,0.03,p0p030,SA,7,h6,-0.259,-0.259,,CB14_Coeffs,AF7,NGAW2_GMPE_Spreadsheets_v5.7_041415_ProtectedLocked.xlsm
CB14,0.03,p0p030,SA,7,k1,908,908,,CB14_Coeffs,AG7,NGAW2_GMPE_Spreadsheets_v5.7_041415_ProtectedLocked.xlsm
CB14,0.03,p0p030,SA,7,k2,-1.273,-1.273,,CB14_Coeffs,AH7,NGAW2_GMPE_Spreadsheets_v5.7_041415_ProtectedLocked.xlsm
CB14,0.03,p0p030,SA,7,k3,1.841,1.841,,CB14_Coeffs,AI7,NGAW2_GMPE_Spreadsheets_v5.7_041415_ProtectedLocked.xlsm
CB14,0.03,p0p030,SA,7,c,1.88,1.88,,CB14_Coeffs,AJ7,NGAW2_GMPE_Spreadsheets_v5.7_041415_ProtectedLocked.xlsm
CB14,0.03,p0p030,SA,7,n,1.18,1.18,,CB14_Coeffs,AK7,NGAW2_GMPE_Spreadsheets_v5.7_041415_ProtectedLocked.xlsm
CB14,0.03,p0p030,SA,7,f1,0.747,0.747,,CB14_Coeffs,AL7,NGAW2_GMPE_Spreadsheets_v5.7_041415_ProtectedLocked.xlsm
CB14,0.03,p0p030,SA,7,f2,0.503,0.503,,CB14_Coeffs,AM7,NGAW2_GMPE_Spreadsheets_v5.7_041415_ProtectedLocked.xlsm
CB14,0.03,p0p030,SA,7,t1,0.446,0.446,,CB14_Coeffs,AN7,NGAW2_GMPE_Spreadsheets_v5.7_041415_ProtectedLocked.xlsm
CB14,0.03,p0p030,SA,7,t2,0.344,0.344,,CB14_Coeffs,AO7,NGAW2_GMPE_Spreadsheets_v5.7_041415_ProtectedLocked.xlsm
CB14,0.03,p0p030,SA,7,flnAF,0.3,0.3,,CB14_Coeffs,AP7,NGAW2_GMPE_Spreadsheets_v5.7_041415_ProtectedLocked.xlsm
CB14,0.03,p0p030,SA,7,fC,0.165,0.165,,CB14_Coeffs,AQ7,NGAW2_GMPE_Spreadsheets_v5.7_041415_ProtectedLocked.xlsm
CB14,0.03,p0p030,SA,7,"rlnPGA,lnY",0.986,0.986,,CB14_Coeffs,AR7,NGAW2_GMPE_Spreadsheets_v5.7_041415_ProtectedLocked.xlsm
CB14,0.05,p0p050,SA,8,c0,-3.479,-3.479,,CB14_Coeffs,B8,NGAW2_GMPE_Spreadsheets_v5.7_041415_ProtectedLocked.xlsm
CB14,0.05,p0p050,SA,8,c1,0.887,0.887,,CB14_Coeffs,C8,NGAW2_GMPE_Spreadsheets_v5.7_041415_ProtectedLocked.xlsm
CB14,0.05,p0p050,SA,8,c2,0.674,0.674,,CB14_Coeffs,D8,NGAW2_GMPE_Spreadsheets_v5.7_041415_ProtectedLocked.xlsm
CB14,0.05,p0p050,SA,8,c3,-1.388,-1.388,,CB14_Coeffs,E8,NGAW2_GMPE_Spreadsheets_v5.7_041415_ProtectedLocked.xlsm
CB14,0.05,p0p050,SA,8,c4,-0.615,-0.615,,CB14_Coeffs,F8,NGAW2_GMPE_Spreadsheets_v5.7_041415_ProtectedLocked.xlsm
CB14,0.05,p0p050,SA,8,c5,-2.791,-2.791,,CB14_Coeffs,G8,NGAW2_GMPE_Spreadsheets_v5.7_041415_ProtectedLocked.xlsm
CB14,0.05,p0p050,SA,8,c6,0.24,0.24,,CB14_Coeffs,H8,NGAW2_GMPE_Spreadsheets_v5.7_041415_ProtectedLocked.xlsm
CB14,0.05,p0p050,SA,8,c7,6.317,6.317,,CB14_Coeffs,I8,NGAW2_GMPE_Spreadsheets_v5.7_041415_ProtectedLocked.xlsm
CB14,0.05,p0p050,SA,8,c8,0,0,,CB14_Coeffs,J8,NGAW2_GMPE_Spreadsheets_v5.7_041415_ProtectedLocked.xlsm
CB14,0.05,p0p050,SA,8,c9,-0.244,-0.244,,CB14_Coeffs,K8,NGAW2_GMPE_Spreadsheets_v5.7_041415_ProtectedLocked.xlsm
CB14,0.05,p0p050,SA,8,c10,0.826,0.826,,CB14_Coeffs,L8,NGAW2_GMPE_Spreadsheets_v5.7_041415_ProtectedLocked.xlsm
CB14,0.05,p0p050,SA,8,c11,1.449,1.449,,CB14_Coeffs,M8,NGAW2_GMPE_Spreadsheets_v5.7_041415_ProtectedLocked.xlsm
CB14,0.05,p0p050,SA,8,c12,2.138,2.138,,CB14_Coeffs,N8,NGAW2_GMPE_Spreadsheets_v5.7_041415_ProtectedLocked.xlsm
CB14,0.05,p0p050,SA,8,c13,1.549,1.549,,CB14_Coeffs,O8,NGAW2_GMPE_Spreadsheets_v5.7_041415_ProtectedLocked.xlsm
CB14,0.05,p0p050,SA,8,c14,-0.0663,-0.0663,,CB14_Coeffs,P8,NGAW2_GMPE_Spreadsheets_v5.7_041415_ProtectedLocked.xlsm
CB14,0.05,p0p050,SA,8,c15,-0.339,-0.339,,CB14_Coeffs,Q8,NGAW2_GMPE_Spreadsheets_v5.7_041415_ProtectedLocked.xlsm
CB14,0.05,p0p050,SA,8,c16,0.295,0.295,,CB14_Coeffs,R8,NGAW2_GMPE_Spreadsheets_v5.7_041415_ProtectedLocked.xlsm
CB14,0.05,p0p050,SA,8,c17,0.1226,0.1226,,CB14_Coeffs,S8,NGAW2_GMPE_Spreadsheets_v5.7_041415_ProtectedLocked.xlsm
CB14,0.05,p0p050,SA,8,c18,0.027,0.027,,CB14_Coeffs,T8,NGAW2_GMPE_Spreadsheets_v5.7_041415_ProtectedLocked.xlsm
CB14,0.05,p0p050,SA,8,c19,0.00803,0.00803,,CB14_Coeffs,U8,NGAW2_GMPE_Spreadsheets_v5.7_041415_ProtectedLocked.xlsm
CB14,0.05,p0p050,SA,8,c20,-0.0063,-0.0063,,CB14_Coeffs,V8,NGAW2_GMPE_Spreadsheets_v5.7_041415_ProtectedLocked.xlsm
CB14,0.05,p0p050,SA,8,Dc20 (CA),0,0,,CB14_Coeffs,W8,NGAW2_GMPE_Spreadsheets_v5.7_041415_ProtectedLocked.xlsm
CB14,0.05,p0p050,SA,8,Dc20 (JP),-0.0037,-0.0037,,CB14_Coeffs,X8,NGAW2_GMPE_Spreadsheets_v5.7_041415_ProtectedLocked.xlsm
CB14,0.05,p0p050,SA,8,Dc20 (CH),0.004,0.004,,CB14_Coeffs,Y8,NGAW2_GMPE_Spreadsheets_v5.7_041415_ProtectedLocked.xlsm
CB14,0.05,p0p050,SA,8,a2,0.173,0.173,,CB14_Coeffs,Z8,NGAW2_GMPE_Spreadsheets_v5.7_041415_ProtectedLocked.xlsm
CB14,0.05,p0p050,SA,8,h1,0.251,0.251,,CB14_Coeffs,AA8,NGAW2_GMPE_Spreadsheets_v5.7_041415_ProtectedLocked.xlsm
CB14,0.05,p0p050,SA,8,h2,1.449,1.449,,CB14_Coeffs,AB8,NGAW2_GMPE_Spreadsheets_v5.7_041415_ProtectedLocked.xlsm
CB14,0.05,p0p050,SA,8,h3,-0.701,-0.701,,CB14_Coeffs,AC8,NGAW2_GMPE_Spreadsheets_v5.7_041415_ProtectedLocked.xlsm
CB14,0.05,p0p050,SA,8,h4,1,1,,CB14_Coeffs,AD8,NGAW2_GMPE_Spreadsheets_v5.7_041415_ProtectedLocked.xlsm
CB14,0.05,p0p050,SA,8,h5,-0.338,-0.338,,CB14_Coeffs,AE8,NGAW2_GMPE_Spreadsheets_v5.7_041415_ProtectedLocked.xlsm
CB14,0.05,p0p050,SA,8,h6,-0.263,-0.263,,CB14_Coeffs,AF8,NGAW2_GMPE_Spreadsheets_v5.7_041415_ProtectedLocked.xlsm
CB14,0.05,p0p050,SA,8,k1,1054,1054,,CB14_Coeffs,AG8,NGAW2_GMPE_Spreadsheets_v5.7_041415_ProtectedLocked.xlsm
CB14,0.05,p0p050,SA,8,k2,-1.346,-1.346,,CB14_Coeffs,AH8,NGAW2_GMPE_Spreadsheets_v5.7_041415_ProtectedLocked.xlsm
CB14,0.05,p0p050,SA,8,k3,1.843,1.843,,CB14_Coeffs,AI8,NGAW2_GMPE_Spreadsheets_v5.7_041415_ProtectedLocked.xlsm
CB14,0.05,p0p050,SA,8,c,1.88,1.88,,CB14_Coeffs,AJ8,NGAW2_GMPE_Spreadsheets_v5.7_041415_ProtectedLocked.xlsm
CB14,0.05,p0p050,SA,8,n,1.18,1.18,,CB14_Coeffs,AK8,NGAW2_GMPE_Spreadsheets_v5.7_041415_ProtectedLocked.xlsm
CB14,0.05,p0p050,SA,8,f1,0.777,0.777,,CB14_Coeffs,AL8,NGAW2_GMPE_Spreadsheets_v5.7_041415_ProtectedLocked.xlsm
CB14,0.05,p0p050,SA,8,f2,0.52,0.52,,CB14_Coeffs,AM8,NGAW2_GMPE_Spreadsheets_v5.7_041415_ProtectedLocked.xlsm
CB14,0.05,p0p050,SA,8,t1,0.508,0.508,,CB14_Coeffs,AN8,NGAW2_GMPE_Spreadsheets_v5.7_041415_ProtectedLocked.xlsm
CB14,0.05,p0p050,SA,8,t2,0.377,0.377,,CB14_Coeffs,AO8,NGAW2_GMPE_Spreadsheets_v5.7_041415_ProtectedLocked.xlsm
CB14,0.05,p0p050,SA,8,flnAF,0.3,0.3,,CB14_Coeffs,AP8,NGAW2_GMPE_Spreadsheets_v5.7_041415_ProtectedLocked.xlsm
CB14,0.05,p0p050,SA,8,fC,0.162,0.162,,CB14_Coeffs,AQ8,NGAW2_GMPE_Spreadsheets_v5.7_041415_ProtectedLocked.xlsm
CB14,0.05,p0p050,SA,8,"rlnPGA,lnY",0.938,0.938,,CB14_Coeffs,AR8,NGAW2_GMPE_Spreadsheets_v5.7_041415_ProtectedLocked.xlsm
CB14,0.075,p0p075,SA,9,c0,-3.293,-3.293,,CB14_Coeffs,B9,NGAW2_GMPE_Spreadsheets_v5.7_041415_ProtectedLocked.xlsm
CB14,0.075,p0p075,SA,9,c1,0.902,0.902,,CB14_Coeffs,C9,NGAW2_GMPE_Spreadsheets_v5.7_041415_ProtectedLocked.xlsm
CB14,0.075,p0p075,SA,9,c2,0.726,0.726,,CB14_Coeffs,D9,NGAW2_GMPE_Spreadsheets_v5.7_041415_ProtectedLocked.xlsm
CB14,0.075,p0p075,SA,9,c3,-1.469,-1.469,,CB14_Coeffs,E9,NGAW2_GMPE_Spreadsheets_v5.7_041415_ProtectedLocked.xlsm
CB14,0.075,p0p075,SA,9,c4,-0.596,-0.596,,CB14_Coeffs,F9,NGAW2_GMPE_Spreadsheets_v5.7_041415_ProtectedLocked.xlsm
CB14,0.075,p0p075,SA,9,c5,-2.745,-2.745,,CB14_Coeffs,G9,NGAW2_GMPE_Spreadsheets_v5.7_041415_ProtectedLocked.xlsm
CB14,0.075,p0p075,SA,9,c6,0.227,0.227,,CB14_Coeffs,H9,NGAW2_GMPE_Spreadsheets_v5.7_041415_ProtectedLocked.xlsm
CB14,0.075,p0p075,SA,9,c7,6.861,6.861,,CB14_Coeffs,I9,NGAW2_GMPE_Spreadsheets_v5.7_041415_ProtectedLocked.xlsm
CB14,0.075,p0p075,SA,9,c8,0,0,,CB14_Coeffs,J9,NGAW2_GMPE_Spreadsheets_v5.7_041415_ProtectedLocked.xlsm
CB14,0.075,p0p075,SA,9,c9,-0.266,-0.266,,CB14_Coeffs,K9,NGAW2_GMPE_Spreadsheets_v5.7_041415_ProtectedLocked.xlsm
CB14,0.075,p0p075,SA,9,c10,0.815,0.815,,CB14_Coeffs,L9,NGAW2_GMPE_Spreadsheets_v5.7_041415_ProtectedLocked.xlsm
CB14,0.075,p0p075,SA,9,c11,1.535,1.535,,CB14_Coeffs,M9,NGAW2_GMPE_Spreadsheets_v5.7_041415_ProtectedLocked.xlsm
CB14,0.075,p0p075,SA,9,c12,2.446,2.446,,CB14_Coeffs,N9,NGAW2_GMPE_Spreadsheets_v5.7_041415_ProtectedLocked.xlsm
CB14,0.075,p0p075,SA,9,c13,1.772,1.772,,CB14_Coeffs,O9,NGAW2_GMPE_Spreadsheets_v5.7_041415_ProtectedLocked.xlsm
CB14,0.075,p0p075,SA,9,c14,-0.0794,-0.0794,,CB14_Coeffs,P9,NGAW2_GMPE_Spreadsheets_v5.7_041415_ProtectedLocked.xlsm
CB14,0.075,p0p075,SA,9,c15,-0.404,-0.404,,CB14_Coeffs,Q9,NGAW2_GMPE_Spreadsheets_v5.7_041415_ProtectedLocked.xlsm
CB14,0.075,p0p075,SA,9,c16,0.322,0.322,,CB14_Coeffs,R9,NGAW2_GMPE_Spreadsheets_v5.7_041415_ProtectedLocked.xlsm
CB14,0.075,p0p075,SA,9,c17,0.1165,0.1165,,CB14_Coeffs,S9,NGAW2_GMPE_Spreadsheets_v5.7_041415_ProtectedLocked.xlsm
CB14,0.075,p0p075,SA,9,c18,0.0288,0.0288,,CB14_Coeffs,T9,NGAW2_GMPE_Spreadsheets_v5.7_041415_ProtectedLocked.xlsm
CB14,0.075,p0p075,SA,9,c19,0.00811,0.00811,,CB14_Coeffs,U9,NGAW2_GMPE_Spreadsheets_v5.7_041415_ProtectedLocked.xlsm
CB14,0.075,p0p075,SA,9,c20,-0.007,-0.007,,CB14_Coeffs,V9,NGAW2_GMPE_Spreadsheets_v5.7_041415_ProtectedLocked.xlsm
CB14,0.075,p0p075,SA,9,Dc20 (CA),0,0,,CB14_Coeffs,W9,NGAW2_GMPE_Spreadsheets_v5.7_041415_ProtectedLocked.xlsm
CB14,0.075,p0p075,SA,9,Dc20 (JP),-0.0037,-0.0037,,CB14_Coeffs,X9,NGAW2_GMPE_Spreadsheets_v5.7_041415_ProtectedLocked.xlsm
CB14,0.075,p0p075,SA,9,Dc20 (CH),0.0039,0.0039,,CB14_Coeffs,Y9,NGAW2_GMPE_Spreadsheets_v5.7_041415_ProtectedLocked.xlsm
CB14,0.075,p0p075,SA,9,a2,0.198,0.198,,CB14_Coeffs,Z9,NGAW2_GMPE_Spreadsheets_v5.7_041415_ProtectedLocked.xlsm
CB14,0.075,p0p075,SA,9,h1,0.26,0.26,,CB14_Coeffs,AA9,NGAW2_GMPE_Spreadsheets_v5.7_041415_ProtectedLocked.xlsm
CB14,0.075,p0p075,SA,9,h2,1.435,1.435,,CB14_Coeffs,AB9,NGAW2_GMPE_Spreadsheets_v5.7_041415_ProtectedLocked.xlsm
CB14,0.075,p0p075,SA,9,h3,-0.695,-0.695,,CB14_Coeffs,AC9,NGAW2_GMPE_Spreadsheets_v5.7_041415_ProtectedLocked.xlsm
CB14,0.075,p0p075,SA,9,h4,1,1,,CB14_Coeffs,AD9,NGAW2_GMPE_Spreadsheets_v5.7_041415_ProtectedLocked.xlsm
CB14,0.075,p0p075,SA,9,h5,-0.347,-0.347,,CB14_Coeffs,AE9,NGAW2_GMPE_Spreadsheets_v5.7_041415_ProtectedLocked.xlsm
CB14,0.075,p0p075,SA,9,h6,-0.219,-0.219,,CB14_Coeffs,AF9,NGAW2_GMPE_Spreadsheets_v5.7_041415_ProtectedLocked.xlsm
CB14,0.075,p0p075,SA,9,k1,1086,1086,,CB14_Coeffs,AG9,NGAW2_GMPE_Spreadsheets_v5.7_041415_ProtectedLocked.xlsm
CB14,0.075,p0p075,SA,9,k2,-1.471,-1.471,,CB14_Coeffs,AH9,NGAW2_GMPE_Spreadsheets_v5.7_041415_ProtectedLocked.xlsm
CB14,0.075,p0p075,SA,9,k3,1.845,1.845,,CB14_Coeffs,AI9,NGAW2_GMPE_Spreadsheets_v5.7_041415_ProtectedLocked.xlsm
CB14,0.075,p0p075,SA,9,c,1.88,1.88,,CB14_Coeffs,AJ9,NGAW2_GMPE_Spreadsheets_v5.7_041415_ProtectedLocked.xlsm
CB14,0.075,p0p075,SA,9,n,1.18,1.18,,CB14_Coeffs,AK9,NGAW2_GMPE_Spreadsheets_v5.7_041415_ProtectedLocked.xlsm
CB14,0.075,p0p075,SA,9,f1,0.782,0.782,,CB14_Coeffs,AL9,NGAW2_GMPE_Spreadsheets_v5.7_041415_ProtectedLocked.xlsm
CB14,0.075,p0p075,SA,9,f2,0.535,0.535,,CB14_Coeffs,AM9,NGAW2_GMPE_Spreadsheets_v5.7_041415_ProtectedLocked.xlsm
CB14,0.075,p0p075,SA,9,t1,0.504,0.504,,CB14_Coeffs,AN9,NGAW2_GMPE_Spreadsheets_v5.7_041415_ProtectedLocked.xlsm
CB14,0.075,p0p075,SA,9,t2,0.418,0.418,,CB14_Coeffs,AO9,NGAW2_GMPE_Spreadsheets_v5.7_041415_ProtectedLocked.xlsm
CB14,0.075,p0p075,SA,9,flnAF,0.3,0.3,,CB14_Coeffs,AP9,NGAW2_GMPE_Spreadsheets_v5.7_041415_ProtectedLocked.xlsm
CB14,0.075,p0p075,SA,9,fC,0.158,0.158,,CB14_Coeffs,AQ9,NGAW2_GMPE_Spreadsheets_v5.7_041415_ProtectedLocked.xlsm
CB14,0.075,p0p075,SA,9,"rlnPGA,lnY",0.887,0.887,,CB14_Coeffs,AR9,NGAW2_GMPE_Spreadsheets_v5.7_041415_ProtectedLocked.xlsm
CB14,0.1,p0p100,SA,10,c0,-3.666,-3.666,,CB14_Coeffs,B10,NGAW2_GMPE_Spreadsheets_v5.7_041415_ProtectedLocked.xlsm
CB14,0.1,p0p100,SA,10,c1,0.993,0.993,,CB14_Coeffs,C10,NGAW2_GMPE_Spreadsheets_v5.7_041415_ProtectedLocked.xlsm
CB14,0.1,p0p100,SA,10,c2,0.698,0.698,,CB14_Coeffs,D10,NGAW2_GMPE_Spreadsheets_v5.7_041415_ProtectedLocked.xlsm
CB14,0.1,p0p100,SA,10,c3,-1.572,-1.572,,CB14_Coeffs,E10,NGAW2_GMPE_Spreadsheets_v5.7_041415_ProtectedLocked.xlsm
CB14,0.1,p0p100,SA,10,c4,-0.536,-0.536,,CB14_Coeffs,F10,NGAW2_GMPE_Spreadsheets_v5.7_041415_ProtectedLocked.xlsm
CB14,0.1,p0p100,SA,10,c5,-2.633,-2.633,,CB14_Coeffs,G10,NGAW2_GMPE_Spreadsheets_v5.7_041415_ProtectedLocked.xlsm
CB14,0.1,p0p100,SA,10,c6,0.21,0.21,,CB14_Coeffs,H10,NGAW2_GMPE_Spreadsheets_v5.7_041415_ProtectedLocked.xlsm
CB14,0.1,p0p100,SA,10,c7,7.294,7.294,,CB14_Coeffs,I10,NGAW2_GMPE_Spreadsheets_v5.7_041415_ProtectedLocked.xlsm
CB14,0.1,p0p100,SA,10,c8,0,0,,CB14_Coeffs,J10,NGAW2_GMPE_Spreadsheets_v5.7_041415_ProtectedLocked.xlsm
CB14,0.1,p0p100,SA,10,c9,-0.229,-0.229,,CB14_Coeffs,K10,NGAW2_GMPE_Spreadsheets_v5.7_041415_ProtectedLocked.xlsm
CB14,0.1,p0p100,SA,10,c10,0.831,0.831,,CB14_Coeffs,L10,NGAW2_GMPE_Spreadsheets_v5.7_041415_ProtectedLocked.xlsm
CB14,0.1,p0p100,SA,10,c11,1.615,1.615,,CB14_Coeffs,M10,NGAW2_GMPE_Spreadsheets_v5.7_041415_ProtectedLocked.xlsm
CB14,0.1,p0p100,SA,10,c12,2.969,2.969,,CB14_Coeffs,N10,NGAW2_GMPE_Spreadsheets_v5.7_041415_ProtectedLocked.xlsm
CB14,0.1,p0p100,SA,10,c13,1.916,1.916,,CB14_Coeffs,O10,NGAW2_GMPE_Spreadsheets_v5.7_041415_ProtectedLocked.xlsm
CB14,0.1,p0p100,SA,10,c14,-0.0294,-0.0294,,CB14_Coeffs,P10,NGAW2_GMPE_Spreadsheets_v5.7_041415_ProtectedLocked.xlsm
CB14,0.1,p0p100,SA,10,c15,-0.416,-0.416,,CB14_Coeffs,Q10,NGAW2_GMPE_Spreadsheets_v5.7_041415_ProtectedLocked.xlsm
CB14,0.1,p0p100,SA,10,c16,0.384,0.384,,CB14_Coeffs,R10,NGAW2_GMPE_Spreadsheets_v5.7_041415_ProtectedLocked.xlsm
CB14,0.1,p0p100,SA,10,c17,0.0998,0.0998,,CB14_Coeffs,S10,NGAW2_GMPE_Spreadsheets_v5.7_041415_ProtectedLocked.xlsm
CB14,0.1,p0p100,SA,10,c18,0.0325,0.0325,,CB14_Coeffs,T10,NGAW2_GMPE_Spreadsheets_v5.7_041415_ProtectedLocked.xlsm
CB14,0.1,p0p100,SA,10,c19,0.00744,0.00744,,CB14_Coeffs,U10,NGAW2_GMPE_Spreadsheets_v5.7_041415_ProtectedLocked.xlsm
CB14,0.1,p0p100,SA,10,c20,-0.0073,-0.0073,,CB14_Coeffs,V10,NGAW2_GMPE_Spreadsheets_v5.7_041415_ProtectedLocked.xlsm
CB14,0.1,p0p100,SA,10,Dc20 (CA),0,0,,CB14_Coeffs,W10,NGAW2_GMPE_Spreadsheets_v5.7_041415_ProtectedLocked.xlsm
CB14,0.1,p0p100,SA,10,Dc20 (JP),-0.0034,-0.0034,,CB14_Coeffs,X10,NGAW2_GMPE_Spreadsheets_v5.7_041415_ProtectedLocked.xlsm
CB14,0.1,p0p100,SA,10,Dc20 (CH),0.0042,0.0042,,CB14_Coeffs,Y10,NGAW2_GMPE_Spreadsheets_v5.7_041415_ProtectedLocked.xlsm
CB14,0.1,p0p100,SA,10,a2,0.174,0.174,,CB14_Coeffs,Z10,NGAW2_GMPE_Spreadsheets_v5.7_041415_ProtectedLocked.xlsm
CB14,0.1,p0p100,SA,10,h1,0.259,0.259,,CB14_Coeffs,AA10,NGAW2_GMPE_Spreadsheets_v5.7_041415_ProtectedLocked.xlsm
CB14,0.1,p0p100,SA,10,h2,1.449,1.449,,CB14_Coeffs,AB10,NGAW2_GMPE_Spreadsheets_v5.7_041415_ProtectedLocked.xlsm
CB14,0.1,p0p100,SA,10,h3,-0.708,-0.708,,CB14_Coeffs,AC10,NGAW2_GMPE_Spreadsheets_v5.7_041415_ProtectedLocked.xlsm
CB14,0.1,p0p100,SA,10,h4,1,1,,CB14_Coeffs,AD10,NGAW2_GMPE_Spreadsheets_v5.7_041415_ProtectedLocked.xlsm
CB14,0.1,p0p100,SA,10,h5,-0.391,-0.391,,CB14_Coeffs,AE10,NGAW2_GMPE_Spreadsheets_v5.7_041415_ProtectedLocked.xlsm
CB14,0.1,p0p100,SA,10,h6,-0.201,-0.201,,CB14_Coeffs,AF10,NGAW2_GMPE_Spreadsheets_v5.7_041415_ProtectedLocked.xlsm
CB14,0.1,p0p100,SA,10,k1,1032,1032,,CB14_Coeffs,AG10,NGAW2_GMPE_Spreadsheets_v5.7_041415_ProtectedLocked.xlsm
CB14,0.1,p0p100,SA,10,k2,-1.624,-1.624,,CB14_Coeffs,AH10,NGAW2_GMPE_Spreadsheets_v5.7_041415_ProtectedLocked.xlsm
CB14,0.1,p0p100,SA,10,k3,1.847,1.847,,CB14_Coeffs,AI10,NGAW2_GMPE_Spreadsheets_v5.7_041415_ProtectedLocked.xlsm
CB14,0.1,p0p100,SA,10,c,1.88,1.88,,CB14_Coeffs,AJ10,NGAW2_GMPE_Spreadsheets_v5.7_041415_ProtectedLocked.xlsm
CB14,0.1,p0p100,SA,10,n,1.18,1.18,,CB14_Coeffs,AK10,NGAW2_GMPE_Spreadsheets_v5.7_041415_ProtectedLocked.xlsm
CB14,0.1,p0p100,SA,10,f1,0.769,0.769,,CB14_Coeffs,AL10,NGAW2_GMPE_Spreadsheets_v5.7_041415_ProtectedLocked.xlsm
CB14,0.1,p0p100,SA,10,f2,0.543,0.543,,CB14_Coeffs,AM10,NGAW2_GMPE_Spreadsheets_v5.7_041415_ProtectedLocked.xlsm
CB14,0.1,p0p100,SA,10,t1,0.445,0.445,,CB14_Coeffs,AN10,NGAW2_GMPE_Spreadsheets_v5.7_041415_ProtectedLocked.xlsm
CB14,0.1,p0p100,SA,10,t2,0.426,0.426,,CB14_Coeffs,AO10,NGAW2_GMPE_Spreadsheets_v5.7_041415_ProtectedLocked.xlsm
CB14,0.1,p0p100,SA,10,flnAF,0.3,0.3,,CB14_Coeffs,AP10,NGAW2_GMPE_Spreadsheets_v5.7_041415_ProtectedLocked.xlsm
CB14,0.1,p0p100,SA,10,fC,0.17,0.17,,CB14_Coeffs,AQ10,NGAW2_GMPE_Spreadsheets_v5.7_041415_ProtectedLocked.xlsm
CB14,0.1,p0p100,SA,10,"rlnPGA,lnY",0.87,0.87,,CB14_Coeffs,AR10,NGAW2_GMPE_Spreadsheets_v5.7_041415_ProtectedLocked.xlsm
CB14,0.15,p0p150,SA,11,c0,-4.866,-4.866,,CB14_Coeffs,B11,NGAW2_GMPE_Spreadsheets_v5.7_041415_ProtectedLocked.xlsm
CB14,0.15,p0p150,SA,11,c1,1.267,1.267,,CB14_Coeffs,C11,NGAW2_GMPE_Spreadsheets_v5.7_041415_ProtectedLocked.xlsm
CB14,0.15,p0p150,SA,11,c2,0.51,0.51,,CB14_Coeffs,D11,NGAW2_GMPE_Spreadsheets_v5.7_041415_ProtectedLocked.xlsm
CB14,0.15,p0p150,SA,11,c3,-1.669,-1.669,,CB14_Coeffs,E11,NGAW2_GMPE_Spreadsheets_v5.7_041415_ProtectedLocked.xlsm
CB14,0.15,p0p150,SA,11,c4,-0.49,-0.49,,CB14_Coeffs,F11,NGAW2_GMPE_Spreadsheets_v5.7_041415_ProtectedLocked.xlsm
CB14,0.15,p0p150,SA,11,c5,-2.458,-2.458,,CB14_Coeffs,G11,NGAW2_GMPE_Spreadsheets_v5.7_041415_ProtectedLocked.xlsm
CB14,0.15,p0p150,SA,11,c6,0.183,0.183,,CB14_Coeffs,H11,NGAW2_GMPE_Spreadsheets_v5.7_041415_ProtectedLocked.xlsm
CB14,0.15,p0p150,SA,11,c7,8.031,8.031,,CB14_Coeffs,I11,NGAW2_GMPE_Spreadsheets_v5.7_041415_ProtectedLocked.xlsm
CB14,0.15,p0p150,SA,11,c8,0,0,,CB14_Coeffs,J11,NGAW2_GMPE_Spreadsheets_v5.7_041415_ProtectedLocked.xlsm
CB14,0.15,p0p150,SA,11,c9,-0.211,-0.211,,CB14_Coeffs,K11,NGAW2_GMPE_Spreadsheets_v5.7_041415_ProtectedLocked.xlsm
CB14,0.15,p0p150,SA,11,c10,0.749,0.749,,CB14_Coeffs,L11,NGAW2_GMPE_Spreadsheets_v5.7_041415_ProtectedLocked.xlsm
CB14,0.15,p0p150,SA,11,c11,1.877,1.877,,CB14_Coeffs,M11,NGAW2_GMPE_Spreadsheets_v5.7_041415_ProtectedLocked.xlsm
CB14,0.15,p0p150,SA,11,c12,3.544,3.544,,CB14_Coeffs,N11,NGAW2_GMPE_Spreadsheets_v5.7_041415_ProtectedLocked.xlsm
CB14,0.15,p0p150,SA,11,c13,2.161,2.161,,CB14_Coeffs,O11,NGAW2_GMPE_Spreadsheets_v5.7_041415_ProtectedLocked.xlsm
CB14,0.15,p0p150,SA,11,c14,0.0642,0.0642,,CB14_Coeffs,P11,NGAW2_GMPE_Spreadsheets_v5.7_041415_ProtectedLocked.xlsm
CB14,0.15,p0p150,SA,11,c15,-0.407,-0.407,,CB14_Coeffs,Q11,NGAW2_GMPE_Spreadsheets_v5.7_041415_ProtectedLocked.xlsm
CB14,0.15,p0p150,SA,11,c16,0.417,0.417,,CB14_Coeffs,R11,NGAW2_GMPE_Spreadsheets_v5.7_041415_ProtectedLocked.xlsm
CB14,0.15,p0p150,SA,11,c17,0.076,0.076,,CB14_Coeffs,S11,NGAW2_GMPE_Spreadsheets_v5.7_041415_ProtectedLocked.xlsm
CB14,0.15,p0p150,SA,11,c18,0.0388,0.0388,,CB14_Coeffs,T11,NGAW2_GMPE_Spreadsheets_v5.7_041415_ProtectedLocked.xlsm
CB14,0.15,p0p150,SA,11,c19,0.00716,0.00716,,CB14_Coeffs,U11,NGAW2_GMPE_Spreadsheets_v5.7_041415_ProtectedLocked.xlsm
CB14,0.15,p0p150,SA,11,c20,-0.0069,-0.0069,,CB14_Coeffs,V11,NGAW2_GMPE_Spreadsheets_v5.7_041415_ProtectedLocked.xlsm
CB14,0.15,p0p150,SA,11,Dc20 (CA),0,0,,CB14_Coeffs,W11,NGAW2_GMPE_Spreadsheets_v5.7_041415_ProtectedLocked.xlsm
CB14,0.15,p0p150,SA,11,Dc20 (JP),-0.003,-0.003,,CB14_Coeffs,X11,NGAW2_GMPE_Spreadsheets_v5.7_041415_ProtectedLocked.xlsm
CB14,0.15,p0p150,SA,11,Dc20 (CH),0.0042,0.0042,,CB14_Coeffs,Y11,NGAW2_GMPE_Spreadsheets_v5.7_041415_ProtectedLocked.xlsm
CB14,0.15,p0p150,SA,11,a2,0.198,0.198,,CB14_Coeffs,Z11,NGAW2_GMPE_Spreadsheets_v5.7_041415_ProtectedLocked.xlsm
CB14,0.15,p0p150,SA,11,h1,0.254,0.254,,CB14_Coeffs,AA11,NGAW2_GMPE_Spreadsheets_v5.7_041415_ProtectedLocked.xlsm
CB14,0.15,p0p150,SA,11,h2,1.461,1.461,,CB14_Coeffs,AB11,NGAW2_GMPE_Spreadsheets_v5.7_041415_ProtectedLocked.xlsm
CB14,0.15,p0p150,SA,11,h3,-0.715,-0.715,,CB14_Coeffs,AC11,NGAW2_GMPE_Spreadsheets_v5.7_041415_ProtectedLocked.xlsm
CB14,0.15,p0p150,SA,11,h4,1,1,,CB14_Coeffs,AD11,NGAW2_GMPE_Spreadsheets_v5.7_041415_ProtectedLocked.xlsm
CB14,0.15,p0p150,SA,11,h5,-0.449,-0.449,,CB14_Coeffs,AE11,NGAW2_GMPE_Spreadsheets_v5.7_041415_ProtectedLocked.xlsm
CB14,0.15,p0p150,SA,11,h6,-0.099,-0.099,,CB14_Coeffs,AF11,NGAW2_GMPE_Spreadsheets_v5.7_041415_ProtectedLocked.xlsm
CB14,0.15,p0p150,SA,11,k1,878,878,,CB14_Coeffs,AG11,NGAW2_GMPE_Spreadsheets_v5.7_041415_ProtectedLocked.xlsm
CB14,0.15,p0p150,SA,11,k2,-1.931,-1.931,,CB14_Coeffs,AH11,NGAW2_GMPE_Spreadsheets_v5.7_041415_ProtectedLocked.xlsm
CB14,0.15,p0p150,SA,11,k3,1.852,1.852,,CB14_Coeffs,AI11,NGAW2_GMPE_Spreadsheets_v5.7_041415_ProtectedLocked.xlsm
CB14,0.15,p0p150,SA,11,c,1.88,1.88,,CB14_Coeffs,AJ11,NGAW2_GMPE_Spreadsheets_v5.7_041415_ProtectedLocked.xlsm
CB14,0.15,p0p150,SA,11,n,1.18,1.18,,CB14_Coeffs,AK11,NGAW2_GMPE_Spreadsheets_v5.7_041415_ProtectedLocked.xlsm
CB14,0.15,p0p150,SA,11,f1,0.769,0.769,,CB14_Coeffs,AL11,NGAW2_GMPE_Spreadsheets_v5.7_041415_ProtectedLocked.xlsm
CB14,0.15,p0p150,SA,11,f2,0.543,0.543,,CB14_Coeffs,AM11,NGAW2_GMPE_Spreadsheets_v5.7_041415_ProtectedLocked.xlsm
CB14,0.15,p0p150,SA,11,t1,0.382,0.382,,CB14_Coeffs,AN11,NGAW2_GMPE_Spreadsheets_v5.7_041415_ProtectedLocked.xlsm
CB14,0.15,p0p150,SA,11,t2,0.387,0.387,,CB14_Coeffs,AO11,NGAW2_GMPE_Spreadsheets_v5.7_041415_ProtectedLocked.xlsm
CB14,0.15,p0p150,SA,11,flnAF,0.3,0.3,,CB14_Coeffs,AP11,NGAW2_GMPE_Spreadsheets_v5.7_041415_ProtectedLocked.xlsm
CB14,0.15,p0p150,SA,11,fC,0.18,0.18,,CB14_Coeffs,AQ11,NGAW2_GMPE_Spreadsheets_v5.7_041415_ProtectedLocked.xlsm
CB14,0.15,p0p150,SA,11,"rlnPGA,lnY",0.876,0.876,,CB14_Coeffs,AR11,NGAW2_GMPE_Spreadsheets_v5.7_041415_ProtectedLocked.xlsm
CB14,0.2,p0p200,SA,12,c0,-5.411,-5.411,,CB14_Coeffs,B12,NGAW2_GMPE_Spreadsheets_v5.7_041415_ProtectedLocked.xlsm
CB14,0.2,p0p200,SA,12,c1,1.366,1.366,,CB14_Coeffs,C12,NGAW2_GMPE_Spreadsheets_v5.7_041415_ProtectedLocked.xlsm
CB14,0.2,p0p200,SA,12,c2,0.447,0.447,,CB14_Coeffs,D12,NGAW2_GMPE_Spreadsheets_v5.7_041415_ProtectedLocked.xlsm
CB14,0.2,p0p200,SA,12,c3,-1.75,-1.75,,CB14_Coeffs,E12,NGAW2_GMPE_Spreadsheets_v5.7_041415_ProtectedLocked.xlsm
CB14,0.2,p0p200,SA,12,c4,-0.451,-0.451,,CB14_Coeffs,F12,NGAW2_GMPE_Spreadsheets_v5.7_041415_ProtectedLocked.xlsm
CB14,0.2,p0p200,SA,12,c5,-2.421,-2.421,,CB14_Coeffs,G12,NGAW2_GMPE_Spreadsheets_v5.7_041415_ProtectedLocked.xlsm
CB14,0.2,p0p200,SA,12,c6,0.182,0.182,,CB14_Coeffs,H12,NGAW2_GMPE_Spreadsheets_v5.7_041415_ProtectedLocked.xlsm
CB14,0.2,p0p200,SA,12,c7,8.385,8.385,,CB14_Coeffs,I12,NGAW2_GMPE_Spreadsheets_v5.7_041415_ProtectedLocked.xlsm
CB14,0.2,p0p200,SA,12,c8,0,0,,CB14_Coeffs,J12,NGAW2_GMPE_Spreadsheets_v5.7_041415_ProtectedLocked.xlsm
CB14,0.2,p0p200,SA,12,c9,-0.163,-0.163,,CB14_Coeffs,K12,NGAW2_GMPE_Spreadsheets_v5.7_041415_ProtectedLocked.xlsm
CB14,0.2,p0p200,SA,12,c10,0.764,0.764,,CB14_Coeffs,L12,NGAW2_GMPE_Spreadsheets_v5.7_041415_ProtectedLocked.xlsm
CB14,0.2,p0p200,SA,12,c11,2.069,2.069,,CB14_Coeffs,M12,NGAW2_GMPE_Spreadsheets_v5.7_041415_ProtectedLocked.xlsm
CB14,0.2,p0p200,SA,12,c12,3.707,3.707,,CB14_Coeffs,N12,NGAW2_GMPE_Spreadsheets_v5.7_041415_ProtectedLocked.xlsm
CB14,0.2,p0p200,SA,12,c13,2.465,2.465,,CB14_Coeffs,O12,NGAW2_GMPE_Spreadsheets_v5.7_041415_ProtectedLocked.xlsm
CB14,0.2,p0p200,SA,12,c14,0.0968,0.0968,,CB14_Coeffs,P12,NGAW2_GMPE_Spreadsheets_v5.7_041415_ProtectedLocked.xlsm
CB14,0.2,p0p200,SA,12,c15,-0.311,-0.311,,CB14_Coeffs,Q12,NGAW2_GMPE_Spreadsheets_v5.7_041415_ProtectedLocked.xlsm
CB14,0.2,p0p200,SA,12,c16,0.404,0.404,,CB14_Coeffs,R12,NGAW2_GMPE_Spreadsheets_v5.7_041415_ProtectedLocked.xlsm
CB14,0.2,p0p200,SA,12,c17,0.0571,0.0571,,CB14_Coeffs,S12,NGAW2_GMPE_Spreadsheets_v5.7_041415_ProtectedLocked.xlsm
CB14,0.2,p0p200,SA,12,c18,0.0437,0.0437,,CB14_Coeffs,T12,NGAW2_GMPE_Spreadsheets_v5.7_041415_ProtectedLocked.xlsm
CB14,0.2,p0p200,SA,12,c19,0.00688,0.00688,,CB14_Coeffs,U12,NGAW2_GMPE_Spreadsheets_v5.7_041415_ProtectedLocked.xlsm
CB14,0.2,p0p200,SA,12,c20,-0.006,-0.006,,CB14_Coeffs,V12,NGAW2_GMPE_Spreadsheets_v5.7_041415_ProtectedLocked.xlsm
CB14,0.2,p0p200,SA,12,Dc20 (CA),0,0,,CB14_Coeffs,W12,NGAW2_GMPE_Spreadsheets_v5.7_041415_ProtectedLocked.xlsm
CB14,0.2,p0p200,SA,12,Dc20 (JP),-0.0031,-0.0031,,CB14_Coeffs,X12,NGAW2_GMPE_Spreadsheets_v5.7_041415_ProtectedLocked.xlsm
CB14,0.2,p0p200,SA,12,Dc20 (CH),0.0041,0.0041,,CB14_Coeffs,Y12,NGAW2_GMPE_Spreadsheets_v5.7_041415_ProtectedLocked.xlsm
CB14,0.2,p0p200,SA,12,a2,0.204,0.204,,CB14_Coeffs,Z12,NGAW2_GMPE_Spreadsheets_v5.7_041415_ProtectedLocked.xlsm
CB14,0.2,p0p200,SA,12,h1,0.237,0.237,,CB14_Coeffs,AA12,NGAW2_GMPE_Spreadsheets_v5.7_041415_ProtectedLocked.xlsm
CB14,0.2,p0p200,SA,12,h2,1.484,1.484,,CB14_Coeffs,AB12,NGAW2_GMPE_Spreadsheets_v5.7_041415_ProtectedLocked.xlsm
CB14,0.2,p0p200,SA,12,h3,-0.721,-0.721,,CB14_Coeffs,AC12,NGAW2_GMPE_Spreadsheets_v5.7_041415_ProtectedLocked.xlsm
CB14,0.2,p0p200,SA,12,h4,1,1,,CB14_Coeffs,AD12,NGAW2_GMPE_Spreadsheets_v5.7_041415_ProtectedLocked.xlsm
CB14,0.2,p0p200,SA,12,h5,-0.393,-0.393,,CB14_Coeffs,AE12,NGAW2_GMPE_Spreadsheets_v5.7_041415_ProtectedLocked.xlsm
CB14,0.2,p0p200,SA,12,h6,-0.198,-0.198,,CB14_Coeffs,AF12,NGAW2_GMPE_Spreadsheets_v5.7_041415_ProtectedLocked.xlsm
CB14,0.2,p0p200,SA,12,k1,748,748,,CB14_Coeffs,AG12,NGAW2_GMPE_Spreadsheets_v5.7_041415_ProtectedLocked.xlsm
CB14,0.2,p0p200,SA,12,k2,-2.188,-2.188,,CB14_Coeffs,AH12,NGAW2_GMPE_Spreadsheets_v5.7_041415_ProtectedLocked.xlsm
CB14,0.2,p0p200,SA,12,k3,1.856,1.856,,CB14_Coeffs,AI12,NGAW2_GMPE_Spreadsheets_v5.7_041415_ProtectedLocked.xlsm
CB14,0.2,p0p200,SA,12,c,1.88,1.88,,CB14_Coeffs,AJ12,NGAW2_GMPE_Spreadsheets_v5.7_041415_ProtectedLocked.xlsm
CB14,0.2,p0p200,SA,12,n,1.18,1.18,,CB14_Coeffs,AK12,NGAW2_GMPE_Spreadsheets_v5.7_041415_ProtectedLocked.xlsm
CB14,0.2,p0p200,SA,12,f1,0.761,0.761,,CB14_Coeffs,AL12,NGAW2_GMPE_Spreadsheets_v5.7_041415_ProtectedLocked.xlsm
CB14,0.2,p0p200,SA,12,f2,0.552,0.552,,CB14_Coeffs,AM12,NGAW2_GMPE_Spreadsheets_v5.7_041415_ProtectedLocked.xlsm
CB14,0.2,p0p200,SA,12,t1,0.339,0.339,,CB14_Coeffs,AN12,NGAW2_GMPE_Spreadsheets_v5.7_041415_ProtectedLocked.xlsm
CB14,0.2,p0p200,SA,12,t2,0.338,0.338,,CB14_Coeffs,AO12,NGAW2_GMPE_Spreadsheets_v5.7_041415_ProtectedLocked.xlsm
CB14,0.2,p0p200,SA,12,flnAF,0.3,0.3,,CB14_Coeffs,AP12,NGAW2_GMPE_Spreadsheets_v5.7_041415_ProtectedLocked.xlsm
CB14,0.2,p0p200,SA,12,fC,0.186,0.186,,CB14_Coeffs,AQ12,NGAW2_GMPE_Spreadsheets_v5.7_041415_ProtectedLocked.xlsm
CB14,0.2,p0p200,SA,12,"rlnPGA,lnY",0.87,0.87,,CB14_Coeffs,AR12,NGAW2_GMPE_Spreadsheets_v5.7_041415_ProtectedLocked.xlsm
CB14,0.25,p0p250,SA,13,c0,-5.962,-5.962,,CB14_Coeffs,B13,NGAW2_GMPE_Spreadsheets_v5.7_041415_ProtectedLocked.xlsm
CB14,0.25,p0p250,SA,13,c1,1.458,1.458,,CB14_Coeffs,C13,NGAW2_GMPE_Spreadsheets_v5.7_041415_ProtectedLocked.xlsm
CB14,0.25,p0p250,SA,13,c2,0.274,0.274,,CB14_Coeffs,D13,NGAW2_GMPE_Spreadsheets_v5.7_041415_ProtectedLocked.xlsm
CB14,0.25,p0p250,SA,13,c3,-1.711,-1.711,,CB14_Coeffs,E13,NGAW2_GMPE_Spreadsheets_v5.7_041415_ProtectedLocked.xlsm
CB14,0.25,p0p250,SA,13,c4,-0.404,-0.404,,CB14_Coeffs,F13,NGAW2_GMPE_Spreadsheets_v5.7_041415_ProtectedLocked.xlsm
CB14,0.25,p0p250,SA,13,c5,-2.392,-2.392,,CB14_Coeffs,G13,NGAW2_GMPE_Spreadsheets_v5.7_041415_ProtectedLocked.xlsm
CB14,0.25,p0p250,SA,13,c6,0.189,0.189,,CB14_Coeffs,H13,NGAW2_GMPE_Spreadsheets_v5.7_041415_ProtectedLocked.xlsm
CB14,0.25,p0p250,SA,13,c7,7.534,7.534,,CB14_Coeffs,I13,NGAW2_GMPE_Spreadsheets_v5.7_041415_ProtectedLocked.xlsm
CB14,0.25,p0p250,SA,13,c8,0,0,,CB14_Coeffs,J13,NGAW2_GMPE_Spreadsheets_v5.7_041415_ProtectedLocked.xlsm
CB14,0.25,p0p250,SA,13,c9,-0.15,-0.15,,CB14_Coeffs,K13,NGAW2_GMPE_Spreadsheets_v5.7_041415_ProtectedLocked.xlsm
CB14,0.25,p0p250,SA,13,c10,0.716,0.716,,CB14_Coeffs,L13,NGAW2_GMPE_Spreadsheets_v5.7_041415_ProtectedLocked.xlsm
CB14,0.25,p0p250,SA,13,c11,2.205,2.205,,CB14_Coeffs,M13,NGAW2_GMPE_Spreadsheets_v5.7_041415_ProtectedLocked.xlsm
CB14,0.25,p0p250,SA,13,c12,3.343,3.343,,CB14_Coeffs,N13,NGAW2_GMPE_Spreadsheets_v5.7_041415_ProtectedLocked.xlsm
CB14,0.25,p0p250,SA,13,c13,2.766,2.766,,CB14_Coeffs,O13,NGAW2_GMPE_Spreadsheets_v5.7_041415_ProtectedLocked.xlsm
CB14,0.25,p0p250,SA,13,c14,0.1441,0.1441,,CB14_Coeffs,P13,NGAW2_GMPE_Spreadsheets_v5.7_041415_ProtectedLocked.xlsm
CB14,0.25,p0p250,SA,13,c15,-0.172,-0.172,,CB14_Coeffs,Q13,NGAW2_GMPE_Spreadsheets_v5.7_041415_ProtectedLocked.xlsm
CB14,0.25,p0p250,SA,13,c16,0.466,0.466,,CB14_Coeffs,R13,NGAW2_GMPE_Spreadsheets_v5.7_041415_ProtectedLocked.xlsm
CB14,0.25,p0p250,SA,13,c17,0.0437,0.0437,,CB14_Coeffs,S13,NGAW2_GMPE_Spreadsheets_v5.7_041415_ProtectedLocked.xlsm
CB14,0.25,p0p250,SA,13,c18,0.0463,0.0463,,CB14_Coeffs,T13,NGAW2_GMPE_Spreadsheets_v5.7_041415_ProtectedLocked.xlsm
CB14,0.25,p0p250,SA,13,c19,0.00556,0.00556,,CB14_Coeffs,U13,NGAW2_GMPE_Spreadsheets_v5.7_041415_ProtectedLocked.xlsm
CB14,0.25,p0p250,SA,13,c20,-0.0055,-0.0055,,CB14_Coeffs,V13,NGAW2_GMPE_Spreadsheets_v5.7_041415_ProtectedLocked.xlsm
CB14,0.25,p0p250,SA,13,Dc20 (CA),0,0,,CB14_Coeffs,W13,NGAW2_GMPE_Spreadsheets_v5.7_041415_ProtectedLocked.xlsm
CB14,0.25,p0p250,SA,13,Dc20 (JP),-0.0033,-0.0033,,CB14_Coeffs,X13,NGAW2_GMPE_Spreadsheets_v5.7_041415_ProtectedLocked.xlsm
CB14,0.25,p0p250,SA,13,Dc20 (CH),0.0036,0.0036,,CB14_Coeffs,Y13,NGAW2_GMPE_Spreadsheets_v5.7_041415_ProtectedLocked.xlsm
CB14,0.25,p0p250,SA,13,a2,0.185,0.185,,CB14_Coeffs,Z13,NGAW2_GMPE_Spreadsheets_v5.7_041415_ProtectedLocked.xlsm
CB14,0.25,p0p250,SA,13,h1,0.206,0.206,,CB14_Coeffs,AA13,NGAW2_GMPE_Spreadsheets_v5.7_041415_ProtectedLocked.xlsm
CB14,0.25,p0p250,SA,13,h2,1.581,1.581,,CB14_Coeffs,AB13,NGAW2_GMPE_Spreadsheets_v5.7_041415_ProtectedLocked.xlsm
CB14,0.25,p0p250,SA,13,h3,-0.787,-0.787,,CB14_Coeffs,AC13,NGAW2_GMPE_Spreadsheets_v5.7_041415_ProtectedLocked.xlsm
CB14,0.25,p0p250,SA,13,h4,1,1,,CB14_Coeffs,AD13,NGAW2_GMPE_Spreadsheets_v5.7_041415_ProtectedLocked.xlsm
CB14,0.25,p0p250,SA,13,h5,-0.339,-0.339,,CB14_Coeffs,AE13,NGAW2_GMPE_Spreadsheets_v5.7_041415_ProtectedLocked.xlsm
CB14,0.25,p0p250,SA,13,h6,-0.21,-0.21,,CB14_Coeffs,AF13,NGAW2_GMPE_Spreadsheets_v5.7_041415_ProtectedLocked.xlsm
CB14,0.25,p0p250,SA,13,k1,654,654,,CB14_Coeffs,AG13,NGAW2_GMPE_Spreadsheets_v5.7_041415_ProtectedLocked.xlsm
CB14,0.25,p0p250,SA,13,k2,-2.381,-2.381,,CB14_Coeffs,AH13,NGAW2_GMPE_Spreadsheets_v5.7_041415_ProtectedLocked.xlsm
CB14,0.25,p0p250,SA,13,k3,1.861,1.861,,CB14_Coeffs,AI13,NGAW2_GMPE_Spreadsheets_v5.7_041415_ProtectedLocked.xlsm
CB14,0.25,p0p250,SA,13,c,1.88,1.88,,CB14_Coeffs,AJ13,NGAW2_GMPE_Spreadsheets_v5.7_041415_ProtectedLocked.xlsm
CB14,0.25,p0p250,SA,13,n,1.18,1.18,,CB14_Coeffs,AK13,NGAW2_GMPE_Spreadsheets_v5.7_041415_ProtectedLocked.xlsm
CB14,0.25,p0p250,SA,13,f1,0.744,0.744,,CB14_Coeffs,AL13,NGAW2_GMPE_Spreadsheets_v5.7_041415_ProtectedLocked.xlsm
CB14,0.25,p0p250,SA,13,f2,0.545,0.545,,CB14_Coeffs,AM13,NGAW2_GMPE_Spreadsheets_v5.7_041415_ProtectedLocked.xlsm
CB14,0.25,p0p250,SA,13,t1,0.34,0.34,,CB14_Coeffs,AN13,NGAW2_GMPE_Spreadsheets_v5.7_041415_ProtectedLocked.xlsm
CB14,0.25,p0p250,SA,13,t2,0.316,0.316,,CB14_Coeffs,AO13,NGAW2_GMPE_Spreadsheets_v5.7_041415_ProtectedLocked.xlsm
CB14,0.25,p0p250,SA,13,flnAF,0.3,0.3,,CB14_Coeffs,AP13,NGAW2_GMPE_Spreadsheets_v5.7_041415_ProtectedLocked.xlsm
CB14,0.25,p0p250,SA,13,fC,0.191,0.191,,CB14_Coeffs,AQ13,NGAW2_GMPE_Spreadsheets_v5.7_041415_ProtectedLocked.xlsm
CB14,0.25,p0p250,SA,13,"rlnPGA,lnY",0.85,0.85,,CB14_Coeffs,AR13,NGAW2_GMPE_Spreadsheets_v5.7_041415_ProtectedLocked.xlsm
CB14,0.3,p0p300,SA,14,c0,-6.403,-6.403,,CB14_Coeffs,B14,NGAW2_GMPE_Spreadsheets_v5.7_041415_ProtectedLocked.xlsm
CB14,0.3,p0p300,SA,14,c1,1.528,1.528,,CB14_Coeffs,C14,NGAW2_GMPE_Spreadsheets_v5.7_041415_ProtectedLocked.xlsm
CB14,0.3,p0p300,SA,14,c2,0.193,0.193,,CB14_Coeffs,D14,NGAW2_GMPE_Spreadsheets_v5.7_041415_ProtectedLocked.xlsm
CB14,0.3,p0p300,SA,14,c3,-1.77,-1.77,,CB14_Coeffs,E14,NGAW2_GMPE_Spreadsheets_v5.7_041415_ProtectedLocked.xlsm
CB14,0.3,p0p300,SA,14,c4,-0.321,-0.321,,CB14_Coeffs,F14,NGAW2_GMPE_Spreadsheets_v5.7_041415_ProtectedLocked.xlsm
CB14,0.3,p0p300,SA,14,c5,-2.376,-2.376,,CB14_Coeffs,G14,NGAW2_GMPE_Spreadsheets_v5.7_041415_ProtectedLocked.xlsm
CB14,0.3,p0p300,SA,14,c6,0.195,0.195,,CB14_Coeffs,H14,NGAW2_GMPE_Spreadsheets_v5.7_041415_ProtectedLocked.xlsm
CB14,0.3,p0p300,SA,14,c7,6.99,6.99,,CB14_Coeffs,I14,NGAW2_GMPE_Spreadsheets_v5.7_041415_ProtectedLocked.xlsm
CB14,0.3,p0p300,SA,14,c8,0,0,,CB14_Coeffs,J14,NGAW2_GMPE_Spreadsheets_v5.7_041415_ProtectedLocked.xlsm
CB14,0.3,p0p300,SA,14,c9,-0.131,-0.131,,CB14_Coeffs,K14,NGAW2_GMPE_Spreadsheets_v5.7_041415_ProtectedLocked.xlsm
CB14,0.3,p0p300,SA,14,c10,0.737,0.737,,CB14_Coeffs,L14,NGAW2_GMPE_Spreadsheets_v5.7_041415_ProtectedLocked.xlsm
CB14,0.3,p0p300,SA,14,c11,2.306,2.306,,CB14_Coeffs,M14,NGAW2_GMPE_Spreadsheets_v5.7_041415_ProtectedLocked.xlsm
CB14,0.3,p0p300,SA,14,c12,3.334,3.334,,CB14_Coeffs,N14,NGAW2_GMPE_Spreadsheets_v5.7_041415_ProtectedLocked.xlsm
CB14,0.3,p0p300,SA,14,c13,3.011,3.011,,CB14_Coeffs,O14,NGAW2_GMPE_Spreadsheets_v5.7_041415_ProtectedLocked.xlsm
CB14,0.3,p0p300,SA,14,c14,0.1597,0.1597,,CB14_Coeffs,P14,NGAW2_GMPE_Spreadsheets_v5.7_041415_ProtectedLocked.xlsm
CB14,0.3,p0p300,SA,14,c15,-0.084,-0.084,,CB14_Coeffs,Q14,NGAW2_GMPE_Spreadsheets_v5.7_041415_ProtectedLocked.xlsm
CB14,0.3,p0p300,SA,14,c16,0.528,0.528,,CB14_Coeffs,R14,NGAW2_GMPE_Spreadsheets_v5.7_041415_ProtectedLocked.xlsm
CB14,0.3,p0p300,SA,14,c17,0.0323,0.0323,,CB14_Coeffs,S14,NGAW2_GMPE_Spreadsheets_v5.7_041415_ProtectedLocked.xlsm
CB14,0.3,p0p300,SA,14,c18,0.0508,0.0508,,CB14_Coeffs,T14,NGAW2_GMPE_Spreadsheets_v5.7_041415_ProtectedLocked.xlsm
CB14,0.3,p0p300,SA,14,c19,0.00458,0.00458,,CB14_Coeffs,U14,NGAW2_GMPE_Spreadsheets_v5.7_041415_ProtectedLocked.xlsm
CB14,0.3,p0p300,SA,14,c20,-0.0049,-0.0049,,CB14_Coeffs,V14,NGAW2_GMPE_Spreadsheets_v5.7_041415_ProtectedLocked.xlsm
CB14,0.3,p0p300,SA,14,Dc20 (CA),0,0,,CB14_Coeffs,W14,NGAW2_GMPE_Spreadsheets_v5.7_041415_ProtectedLocked.xlsm
CB14,0.3,p0p300,SA,14,Dc20 (JP),-0.0035,-0.0035,,CB14_Coeffs,X14,NGAW2_GMPE_Spreadsheets_v5.7_041415_ProtectedLocked.xlsm
CB14,0.3,p0p300,SA,14,Dc20 (CH),0.0031,0.0031,,CB14_Coeffs,Y14,NGAW2_GMPE_Spreadsheets_v5.7_041415_ProtectedLocked.xlsm
CB14,0.3,p0p300,SA,14,a2,0.164,0.164,,CB14_Coeffs,Z14,NGAW2_GMPE_Spreadsheets_v5.7_041415_ProtectedLocked.xlsm
CB14,0.3,p0p300,SA,14,h1,0.21,0.21,,CB14_Coeffs,AA14,NGAW2_GMPE_Spreadsheets_v5.7_041415_ProtectedLocked.xlsm
CB14,0.3,p0p300,SA,14,h2,1.586,1.586,,CB14_Coeffs,AB14,NGAW2_GMPE_Spreadsheets_v5.7_041415_ProtectedLocked.xlsm
CB14,0.3,p0p300,SA,14,h3,-0.795,-0.795,,CB14_Coeffs,AC14,NGAW2_GMPE_Spreadsheets_v5.7_041415_ProtectedLocked.xlsm
CB14,0.3,p0p300,SA,14,h4,1,1,,CB14_Coeffs,AD14,NGAW2_GMPE_Spreadsheets_v5.7_041415_ProtectedLocked.xlsm
CB14,0.3,p0p300,SA,14,h5,-0.447,-0.447,,CB14_Coeffs,AE14,NGAW2_GMPE_Spreadsheets_v5.7_041415_ProtectedLocked.xlsm
CB14,0.3,p0p300,SA,14,h6,-0.121,-0.121,,CB14_Coeffs,AF14,NGAW2_GMPE_Spreadsheets_v5.7_041415_ProtectedLocked.xlsm
CB14,0.3,p0p300,SA,14,k1,587,587,,CB14_Coeffs,AG14,NGAW2_GMPE_Spreadsheets_v5.7_041415_ProtectedLocked.xlsm
CB14,0.3,p0p300,SA,14,k2,-2.518,-2.518,,CB14_Coeffs,AH14,NGAW2_GMPE_Spreadsheets_v5.7_041415_ProtectedLocked.xlsm
CB14,0.3,p0p300,SA,14,k3,1.865,1.865,,CB14_Coeffs,AI14,NGAW2_GMPE_Spreadsheets_v5.7_041415_ProtectedLocked.xlsm
CB14,0.3,p0p300,SA,14,c,1.88,1.88,,CB14_Coeffs,AJ14,NGAW2_GMPE_Spreadsheets_v5.7_041415_ProtectedLocked.xlsm
CB14,0.3,p0p300,SA,14,n,1.18,1.18,,CB14_Coeffs,AK14,NGAW2_GMPE_Spreadsheets_v5.7_041415_ProtectedLocked.xlsm
CB14,0.3,p0p300,SA,14,f1,0.727,0.727,,CB14_Coeffs,AL14,NGAW2_GMPE_Spreadsheets_v5.7_041415_ProtectedLocked.xlsm
CB14,0.3,p0p300,SA,14,f2,0.568,0.568,,CB14_Coeffs,AM14,NGAW2_GMPE_Spreadsheets_v5.7_041415_ProtectedLocked.xlsm
CB14,0.3,p0p300,SA,14,t1,0.34,0.34,,CB14_Coeffs,AN14,NGAW2_GMPE_Spreadsheets_v5.7_041415_ProtectedLocked.xlsm
CB14,0.3,p0p300,SA,14,t2,0.3,0.3,,CB14_Coeffs,AO14,NGAW2_GMPE_Spreadsheets_v5.7_041415_ProtectedLocked.xlsm
CB14,0.3,p0p300,SA,14,flnAF,0.3,0.3,,CB14_Coeffs,AP14,NGAW2_GMPE_Spreadsheets_v5.7_041415_ProtectedLocked.xlsm
CB14,0.3,p0p300,SA,14,fC,0.198,0.198,,CB14_Coeffs,AQ14,NGAW2_GMPE_Spreadsheets_v5.7_041415_ProtectedLocked.xlsm
CB14,0.3,p0p300,SA,14,"rlnPGA,lnY",0.819,0.819,,CB14_Coeffs,AR14,NGAW2_GMPE_Spreadsheets_v5.7_041415_ProtectedLocked.xlsm
CB14,0.4,p0p400,SA,15,c0,-7.566,-7.566,,CB14_Coeffs,B15,NGAW2_GMPE_Spreadsheets_v5.7_041415_ProtectedLocked.xlsm
CB14,0.4,p0p400,SA,15,c1,1.739,1.739,,CB14_Coeffs,C15,NGAW2_GMPE_Spreadsheets_v5.7_041415_ProtectedLocked.xlsm
CB14,0.4,p0p400,SA,15,c2,-0.02,-0.02,,CB14_Coeffs,D15,NGAW2_GMPE_Spreadsheets_v5.7_041415_ProtectedLocked.xlsm
CB14,0.4,p0p400,SA,15,c3,-1.594,-1.594,,CB14_Coeffs,E15,NGAW2_GMPE_Spreadsheets_v5.7_041415_ProtectedLocked.xlsm
CB14,0.4,p0p400,SA,15,c4,-0.426,-0.426,,CB14_Coeffs,F15,NGAW2_GMPE_Spreadsheets_v5.7_041415_ProtectedLocked.xlsm
CB14,0.4,p0p400,SA,15,c5,-2.303,-2.303,,CB14_Coeffs,G15,NGAW2_GMPE_Spreadsheets_v5.7_041415_ProtectedLocked.xlsm
CB14,0.4,p0p400,SA,15,c6,0.185,0.185,,CB14_Coeffs,H15,NGAW2_GMPE_Spreadsheets_v5.7_041415_ProtectedLocked.xlsm
CB14,0.4,p0p400,SA,15,c7,7.012,7.012,,CB14_Coeffs,I15,NGAW2_GMPE_Spreadsheets_v5.7_041415_ProtectedLocked.xlsm
CB14,0.4,p0p400,SA,15,c8,0,0,,CB14_Coeffs,J15,NGAW2_GMPE_Spreadsheets_v5.7_041415_ProtectedLocked.xlsm
CB14,0.4,p0p400,SA,15,c9,-0.159,-0.159,,CB14_Coeffs,K15,NGAW2_GMPE_Spreadsheets_v5.7_041415_ProtectedLocked.xlsm
CB14,0.4,p0p400,SA,15,c10,0.738,0.738,,CB14_Coeffs,L15,NGAW2_GMPE_Spreadsheets_v5.7_041415_ProtectedLocked.xlsm
CB14,0.4,p0p400,SA,15,c11,2.398,2.398,,CB14_Coeffs,M15,NGAW2_GMPE_Spreadsheets_v5.7_041415_ProtectedLocked.xlsm
CB14,0.4,p0p400,SA,15,c12,3.544,3.544,,CB14_Coeffs,N15,NGAW2_GMPE_Spreadsheets_v5.7_041415_ProtectedLocked.xlsm
CB14,0.4,p0p400,SA,15,c13,3.203,3.203,,CB14_Coeffs,O15,NGAW2_GMPE_Spreadsheets_v5.7_041415_ProtectedLocked.xlsm
CB14,0.4,p0p400,SA,15,c14,0.141,0.141,,CB14_Coeffs,P15,NGAW2_GMPE_Spreadsheets_v5.7_041415_ProtectedLocked.xlsm
CB14,0.4,p0p400,SA,15,c15,0.085,0.085,,CB14_Coeffs,Q15,NGAW2_GMPE_Spreadsheets_v5.7_041415_ProtectedLocked.xlsm
CB14,0.4,p0p400,SA,15,c16,0.54,0.54,,CB14_Coeffs,R15,NGAW2_GMPE_Spreadsheets_v5.7_041415_ProtectedLocked.xlsm
CB14,0.4,p0p400,SA,15,c17,0.0209,0.0209,,CB14_Coeffs,S15,NGAW2_GMPE_Spreadsheets_v5.7_041415_ProtectedLocked.xlsm
CB14,0.4,p0p400,SA,15,c18,0.0432,0.0432,,CB14_Coeffs,T15,NGAW2_GMPE_Spreadsheets_v5.7_041415_ProtectedLocked.xlsm
CB14,0.4,p0p400,SA,15,c19,0.00401,0.00401,,CB14_Coeffs,U15,NGAW2_GMPE_Spreadsheets_v5.7_041415_ProtectedLocked.xlsm
CB14,0.4,p0p400,SA,15,c20,-0.0037,-0.0037,,CB14_Coeffs,V15,NGAW2_GMPE_Spreadsheets_v5.7_041415_ProtectedLocked.xlsm
CB14,0.4,p0p400,SA,15,Dc20 (CA),0,0,,CB14_Coeffs,W15,NGAW2_GMPE_Spreadsheets_v5.7_041415_ProtectedLocked.xlsm
CB14,0.4,p0p400,SA,15,Dc20 (JP),-0.0034,-0.0034,,CB14_Coeffs,X15,NGAW2_GMPE_Spreadsheets_v5.7_041415_ProtectedLocked.xlsm
CB14,0.4,p0p400,SA,15,Dc20 (CH),0.0028,0.0028,,CB14_Coeffs,Y15,NGAW2_GMPE_Spreadsheets_v5.7_041415_ProtectedLocked.xlsm
CB14,0.4,p0p400,SA,15,a2,0.16,0.16,,CB14_Coeffs,Z15,NGAW2_GMPE_Spreadsheets_v5.7_041415_ProtectedLocked.xlsm
CB14,0.4,p0p400,SA,15,h1,0.226,0.226,,CB14_Coeffs,AA15,NGAW2_GMPE_Spreadsheets_v5.7_041415_ProtectedLocked.xlsm
CB14,0.4,p0p400,SA,15,h2,1.544,1.544,,CB14_Coeffs,AB15,NGAW2_GMPE_Spreadsheets_v5.7_041415_ProtectedLocked.xlsm
CB14,0.4,p0p400,SA,15,h3,-0.77,-0.77,,CB14_Coeffs,AC15,NGAW2_GMPE_Spreadsheets_v5.7_041415_ProtectedLocked.xlsm
CB14,0.4,p0p400,SA,15,h4,1,1,,CB14_Coeffs,AD15,NGAW2_GMPE_Spreadsheets_v5.7_041415_ProtectedLocked.xlsm
CB14,0.4,p0p400,SA,15,h5,-0.525,-0.525,,CB14_Coeffs,AE15,NGAW2_GMPE_Spreadsheets_v5.7_041415_ProtectedLocked.xlsm
CB14,0.4,p0p400,SA,15,h6,-0.086,-0.086,,CB14_Coeffs,AF15,NGAW2_GMPE_Spreadsheets_v5.7_041415_ProtectedLocked.xlsm
CB14,0.4,p0p400,SA,15,k1,503,503,,CB14_Coeffs,AG15,NGAW2_GMPE_Spreadsheets_v5.7_041415_ProtectedLocked.xlsm
CB14,0.4,p0p400,SA,15,k2,-2.657,-2.657,,CB14_Coeffs,AH15,NGAW2_GMPE_Spreadsheets_v5.7_041415_ProtectedLocked.xlsm
CB14,0.4,p0p400,SA,15,k3,1.874,1.874,,CB14_Coeffs,AI15,NGAW2_GMPE_Spreadsheets_v5.7_041415_ProtectedLocked.xlsm
CB14,0.4,p0p400,SA,15,c,1.88,1.88,,CB14_Coeffs,AJ15,NGAW2_GMPE_Spreadsheets_v5.7_041415_ProtectedLocked.xlsm
CB14,0.4,p0p400,SA,15,n,1.18,1.18,,CB14_Coeffs,AK15,NGAW2_GMPE_Spreadsheets_v5.7_041415_ProtectedLocked.xlsm
CB14,0.4,p0p400,SA,15,f1,0.69,0.69,,CB14_Coeffs,AL15,NGAW2_GMPE_Spreadsheets_v5.7_041415_ProtectedLocked.xlsm
CB14,0.4,p0p400,SA,15,f2,0.593,0.593,,CB14_Coeffs,AM15,NGAW2_GMPE_Spreadsheets_v5.7_041415_ProtectedLocked.xlsm
CB14,0.4,p0p400,SA,15,t1,0.356,0.356,,CB14_Coeffs,AN15,NGAW2_GMPE_Spreadsheets_v5.7_041415_ProtectedLocked.xlsm
CB14,0.4,p0p400,SA,15,t2,0.264,0.264,,CB14_Coeffs,AO15,NGAW2_GMPE_Spreadsheets_v5.7_041415_ProtectedLocked.xlsm
CB14,0.4,p0p400,SA,15,flnAF,0.3,0.3,,CB14_Coeffs,AP15,NGAW2_GMPE_Spreadsheets_v5.7_041415_ProtectedLocked.xlsm
CB14,0.4,p0p400,SA,15,fC,0.206,0.206,,CB14_Coeffs,AQ15,NGAW2_GMPE_Spreadsheets_v5.7_041415_ProtectedLocked.xlsm
CB14,0.4,p0p400,SA,15,"rlnPGA,lnY",0.743,0.743,,CB14_Coeffs,AR15,NGAW2_GMPE_Spreadsheets_v5.7_041415_ProtectedLocked.xlsm
CB14,0.5,p0p500,SA,16,c0,-8.379,-8.379,,CB14_Coeffs,B16,NGAW2_GMPE_Spreadsheets_v5.7_041415_ProtectedLocked.xlsm
CB14,0.5,p0p500,SA,16,c1,1.872,1.872,,CB14_Coeffs,C16,NGAW2_GMPE_Spreadsheets_v5.7_041415_ProtectedLocked.xlsm
CB14,0.5,p0p500,SA,16,c2,-0.121,-0.121,,CB14_Coeffs,D16,NGAW2_GMPE_Spreadsheets_v5.7_041415_ProtectedLocked.xlsm
CB14,0.5,p0p500,SA,16,c3,-1.577,-1.577,,CB14_Coeffs,E16,NGAW2_GMPE_Spreadsheets_v5.7_041415_ProtectedLocked.xlsm
CB14,0.5,p0p500,SA,16,c4,-0.44,-0.44,,CB14_Coeffs,F16,NGAW2_GMPE_Spreadsheets_v5.7_041415_ProtectedLocked.xlsm
CB14,0.5,p0p500,SA,16,c5,-2.296,-2.296,,CB14_Coeffs,G16,NGAW2_GMPE_Spreadsheets_v5.7_041415_ProtectedLocked.xlsm
CB14,0.5,p0p500,SA,16,c6,0.186,0.186,,CB14_Coeffs,H16,NGAW2_GMPE_Spreadsheets_v5.7_041415_ProtectedLocked.xlsm
CB14,0.5,p0p500,SA,16,c7,6.902,6.902,,CB14_Coeffs,I16,NGAW2_GMPE_Spreadsheets_v5.7_041415_ProtectedLocked.xlsm
CB14,0.5,p0p500,SA,16,c8,0,0,,CB14_Coeffs,J16,NGAW2_GMPE_Spreadsheets_v5.7_041415_ProtectedLocked.xlsm
CB14,0.5,p0p500,SA,16,c9,-0.153,-0.153,,CB14_Coeffs,K16,NGAW2_GMPE_Spreadsheets_v5.7_041415_ProtectedLocked.xlsm
CB14,0.5,p0p500,SA,16,c10,0.718,0.718,,CB14_Coeffs,L16,NGAW2_GMPE_Spreadsheets_v5.7_041415_ProtectedLocked.xlsm
CB14,0.5,p0p500,SA,16,c11,2.355,2.355,,CB14_Coeffs,M16,NGAW2_GMPE_Spreadsheets_v5.7_041415_ProtectedLocked.xlsm
CB14,0.5,p0p500,SA,16,c12,3.016,3.016,,CB14_Coeffs,N16,NGAW2_GMPE_Spreadsheets_v5.7_041415_ProtectedLocked.xlsm
CB14,0.5,p0p500,SA,16,c13,3.333,3.333,,CB14_Coeffs,O16,NGAW2_GMPE_Spreadsheets_v5.7_041415_ProtectedLocked.xlsm
CB14,0.5,p0p500,SA,16,c14,0.1474,0.1474,,CB14_Coeffs,P16,NGAW2_GMPE_Spreadsheets_v5.7_041415_ProtectedLocked.xlsm
CB14,0.5,p0p500,SA,16,c15,0.233,0.233,,CB14_Coeffs,Q16,NGAW2_GMPE_Spreadsheets_v5.7_041415_ProtectedLocked.xlsm
CB14,0.5,p0p500,SA,16,c16,0.638,0.638,,CB14_Coeffs,R16,NGAW2_GMPE_Spreadsheets_v5.7_041415_ProtectedLocked.xlsm
CB14,0.5,p0p500,SA,16,c17,0.0092,0.0092,,CB14_Coeffs,S16,NGAW2_GMPE_Spreadsheets_v5.7_041415_ProtectedLocked.xlsm
CB14,0.5,p0p500,SA,16,c18,0.0405,0.0405,,CB14_Coeffs,T16,NGAW2_GMPE_Spreadsheets_v5.7_041415_ProtectedLocked.xlsm
CB14,0.5,p0p500,SA,16,c19,0.00388,0.00388,,CB14_Coeffs,U16,NGAW2_GMPE_Spreadsheets_v5.7_041415_ProtectedLocked.xlsm
CB14,0.5,p0p500,SA,16,c20,-0.0027,-0.0027,,CB14_Coeffs,V16,NGAW2_GMPE_Spreadsheets_v5.7_041415_ProtectedLocked.xlsm
CB14,0.5,p0p500,SA,16,Dc20 (CA),0,0,,CB14_Coeffs,W16,NGAW2_GMPE_Spreadsheets_v5.7_041415_ProtectedLocked.xlsm
CB14,0.5,p0p500,SA,16,Dc20 (JP),-0.0034,-0.0034,,CB14_Coeffs,X16,NGAW2_GMPE_Spreadsheets_v5.7_041415_ProtectedLocked.xlsm
CB14,0.5,p0p500,SA,16,Dc20 (CH),0.0025,0.0025,,CB14_Coeffs,Y16,NGAW2_GMPE_Spreadsheets_v5.7_041415_ProtectedLocked.xlsm
CB14,0.5,p0p500,SA,16,a2,0.184,0.184,,CB14_Coeffs,Z16,NGAW2_GMPE_Spreadsheets_v5.7_041415_ProtectedLocked.xlsm
CB14,0.5,p0p500,SA,16,h1,0.217,0.217,,CB14_Coeffs,AA16,NGAW2_GMPE_Spreadsheets_v5.7_041415_ProtectedLocked.xlsm
CB14,0.5,p0p500,SA,16,h2,1.554,1.554,,CB14_Coeffs,AB16,NGAW2_GMPE_Spreadsheets_v5.7_041415_ProtectedLocked.xlsm
CB14,0.5,p0p500,SA,16,h3,-0.77,-0.77,,CB14_Coeffs,AC16,NGAW2_GMPE_Spreadsheets_v5.7_041415_ProtectedLocked.xlsm
CB14,0.5,p0p500,SA,16,h4,1,1,,CB14_Coeffs,AD16,NGAW2_GMPE_Spreadsheets_v5.7_041415_ProtectedLocked.xlsm
CB14,0.5,p0p500,SA,16,h5,-0.407,-0.407,,CB14_Coeffs,AE16,NGAW2_GMPE_Spreadsheets_v5.7_041415_ProtectedLocked.xlsm
CB14,0.5,p0p500,SA,16,h6,-0.281,-0.281,,CB14_Coeffs,AF16,NGAW2_GMPE_Spreadsheets_v5.7_041415_ProtectedLocked.xlsm
CB14,0.5,p0p500,SA,16,k1,457,457,,CB14_Coeffs,AG16,NGAW2_GMPE_Spreadsheets_v5.7_041415_ProtectedLocked.xlsm
CB14,0.5,p0p500,SA,16,k2,-2.669,-2.669,,CB14_Coeffs,AH16,NGAW2_GMPE_Spreadsheets_v5.7_041415_ProtectedLocked.xlsm
CB14,0.5,p0p500,SA,16,k3,1.883,1.883,,CB14_Coeffs,AI16,NGAW2_GMPE_Spreadsheets_v5.7_041415_ProtectedLocked.xlsm
CB14,0.5,p0p500,SA,16,c,1.88,1.88,,CB14_Coeffs,AJ16,NGAW2_GMPE_Spreadsheets_v5.7_041415_ProtectedLocked.xlsm
CB14,0.5,p0p500,SA,16,n,1.18,1.18,,CB14_Coeffs,AK16,NGAW2_GMPE_Spreadsheets_v5.7_041415_ProtectedLocked.xlsm
CB14,0.5,p0p500,SA,16,f1,0.663,0.663,,CB14_Coeffs,AL16,NGAW2_GMPE_Spreadsheets_v5.7_041415_ProtectedLocked.xlsm
CB14,0.5,p0p500,SA,16,f2,0.611,0.611,,CB14_Coeffs,AM16,NGAW2_GMPE_Spreadsheets_v5.7_041415_ProtectedLocked.xlsm
CB14,0.5,p0p500,SA,16,t1,0.379,0.379,,CB14_Coeffs,AN16,NGAW2_GMPE_Spreadsheets_v5.7_041415_ProtectedLocked.xlsm
CB14,0.5,p0p500,SA,16,t2,0.263,0.263,,CB14_Coeffs,AO16,NGAW2_GMPE_Spreadsheets_v5.7_041415_ProtectedLocked.xlsm
CB14,0.5,p0p500,SA,16,flnAF,0.3,0.3,,CB14_Coeffs,AP16,NGAW2_GMPE_Spreadsheets_v5.7_041415_ProtectedLocked.xlsm
CB14,0.5,p0p500,SA,16,fC,0.208,0.208,,CB14_Coeffs,AQ16,NGAW2_GMPE_Spreadsheets_v5.7_041415_ProtectedLocked.xlsm
CB14,0.5,p0p500,SA,16,"rlnPGA,lnY",0.684,0.684,,CB14_Coeffs,AR16,NGAW2_GMPE_Spreadsheets_v5.7_041415_ProtectedLocked.xlsm
CB14,0.75,p0p750,SA,17,c0,-9.841,-9.841,,CB14_Coeffs,B17,NGAW2_GMPE_Spreadsheets_v5.7_041415_ProtectedLocked.xlsm
CB14,0.75,p0p750,SA,17,c1,2.021,2.021,,CB14_Coeffs,C17,NGAW2_GMPE_Spreadsheets_v5.7_041415_ProtectedLocked.xlsm
CB14,0.75,p0p750,SA,17,c2,-0.042,-0.042,,CB14_Coeffs,D17,NGAW2_GMPE_Spreadsheets_v5.7_041415_ProtectedLocked.xlsm
CB14,0.75,p0p750,SA,17,c3,-1.757,-1.757,,CB14_Coeffs,E17,NGAW2_GMPE_Spreadsheets_v5.7_041415_ProtectedLocked.xlsm
CB14,0.75,p0p750,SA,17,c4,-0.443,-0.443,,CB14_Coeffs,F17,NGAW2_GMPE_Spreadsheets_v5.7_041415_ProtectedLocked.xlsm
CB14,0.75,p0p750,SA,17,c5,-2.232,-2.232,,CB14_Coeffs,G17,NGAW2_GMPE_Spreadsheets_v5.7_041415_ProtectedLocked.xlsm
CB14,0.75,p0p750,SA,17,c6,0.186,0.186,,CB14_Coeffs,H17,NGAW2_GMPE_Spreadsheets_v5.7_041415_ProtectedLocked.xlsm
CB14,0.75,p0p750,SA,17,c7,5.522,5.522,,CB14_Coeffs,I17,NGAW2_GMPE_Spreadsheets_v5.7_041415_ProtectedLocked.xlsm
CB14,0.75,p0p750,SA,17,c8,0,0,,CB14_Coeffs,J17,NGAW2_GMPE_Spreadsheets_v5.7_041415_ProtectedLocked.xlsm
CB14,0.75,p0p750,SA,17,c9,-0.09,-0.09,,CB14_Coeffs,K17,NGAW2_GMPE_Spreadsheets_v5.7_041415_ProtectedLocked.xlsm
CB14,0.75,p0p750,SA,17,c10,0.795,0.795,,CB14_Coeffs,L17,NGAW2_GMPE_Spreadsheets_v5.7_041415_ProtectedLocked.xlsm
CB14,0.75,p0p750,SA,17,c11,1.995,1.995,,CB14_Coeffs,M17,NGAW2_GMPE_Spreadsheets_v5.7_041415_ProtectedLocked.xlsm
CB14,0.75,p0p750,SA,17,c12,2.616,2.616,,CB14_Coeffs,N17,NGAW2_GMPE_Spreadsheets_v5.7_041415_ProtectedLocked.xlsm
CB14,0.75,p0p750,SA,17,c13,3.054,3.054,,CB14_Coeffs,O17,NGAW2_GMPE_Spreadsheets_v5.7_041415_ProtectedLocked.xlsm
CB14,0.75,p0p750,SA,17,c14,0.1764,0.1764,,CB14_Coeffs,P17,NGAW2_GMPE_Spreadsheets_v5.7_041415_ProtectedLocked.xlsm
CB14,0.75,p0p750,SA,17,c15,0.411,0.411,,CB14_Coeffs,Q17,NGAW2_GMPE_Spreadsheets_v5.7_041415_ProtectedLocked.xlsm
CB14,0.75,p0p750,SA,17,c16,0.776,0.776,,CB14_Coeffs,R17,NGAW2_GMPE_Spreadsheets_v5.7_041415_ProtectedLocked.xlsm
CB14,0.75,p0p750,SA,17,c17,-0.0082,-0.0082,,CB14_Coeffs,S17,NGAW2_GMPE_Spreadsheets_v5.7_041415_ProtectedLocked.xlsm
CB14,0.75,p0p750,SA,17,c18,0.042,0.042,,CB14_Coeffs,T17,NGAW2_GMPE_Spreadsheets_v5.7_041415_ProtectedLocked.xlsm
CB14,0.75,p0p750,SA,17,c19,0.0042,0.0042,,CB14_Coeffs,U17,NGAW2_GMPE_Spreadsheets_v5.7_041415_ProtectedLocked.xlsm
CB14,0.75,p0p750,SA,17,c20,-0.0016,-0.0016,,CB14_Coeffs,V17,NGAW2_GMPE_Spreadsheets_v5.7_041415_ProtectedLocked.xlsm
CB14,0.75,p0p750,SA,17,Dc20 (CA),0,0,,CB14_Coeffs,W17,NGAW2_GMPE_Spreadsheets_v5.7_041415_ProtectedLocked.xlsm
CB14,0.75,p0p750,SA,17,Dc20 (JP),-0.0032,-0.0032,,CB14_Coeffs,X17,NGAW2_GMPE_Spreadsheets_v5.7_041415_ProtectedLocked.xlsm
CB14,0.75,p0p750,SA,17,Dc20 (CH),0.0016,0.0016,,CB14_Coeffs,Y17,NGAW2_GMPE_Spreadsheets_v5.7_041415_ProtectedLocked.xlsm
CB14,0.75,p0p750,SA,17,a2,0.216,0.216,,CB14_Coeffs,Z17,NGAW2_GMPE_Spreadsheets_v5.7_041415_ProtectedLocked.xlsm
CB14,0.75,p0p750,SA,17,h1,0.154,0.154,,CB14_Coeffs,AA17,NGAW2_GMPE_Spreadsheets_v5.7_041415_ProtectedLocked.xlsm
CB14,0.75,p0p750,SA,17,h2,1.626,1.626,,CB14_Coeffs,AB17,NGAW2_GMPE_Spreadsheets_v5.7_041415_ProtectedLocked.xlsm
CB14,0.75,p0p750,SA,17,h3,-0.78,-0.78,,CB14_Coeffs,AC17,NGAW2_GMPE_Spreadsheets_v5.7_041415_ProtectedLocked.xlsm
CB14,0.75,p0p750,SA,17,h4,1,1,,CB14_Coeffs,AD17,NGAW2_GMPE_Spreadsheets_v5.7_041415_ProtectedLocked.xlsm
CB14,0.75,p0p750,SA,17,h5,-0.371,-0.371,,CB14_Coeffs,AE17,NGAW2_GMPE_Spreadsheets_v5.7_041415_ProtectedLocked.xlsm
CB14,0.75,p0p750,SA,17,h6,-0.285,-0.285,,CB14_Coeffs,AF17,NGAW2_GMPE_Spreadsheets_v5.7_041415_ProtectedLocked.xlsm
CB14,0.75,p0p750,SA,17,k1,410,410,,CB14_Coeffs,AG17,NGAW2_GMPE_Spreadsheets_v5.7_041415_ProtectedLocked.xlsm
CB14,0.75,p0p750,SA,17,k2,-2.401,-2.401,,CB14_Coeffs,AH17,NGAW2_GMPE_Spreadsheets_v5.7_041415_ProtectedLocked.xlsm
CB14,0.75,p0p750,SA,17,k3,1.906,1.906,,CB14_Coeffs,AI17,NGAW2_GMPE_Spreadsheets_v5.7_041415_ProtectedLocked.xlsm
CB14,0.75,p0p750,SA,17,c,1.88,1.88,,CB14_Coeffs,AJ17,NGAW2_GMPE_Spreadsheets_v5.7_041415_ProtectedLocked.xlsm
CB14,0.75,p0p750,SA,17,n,1.18,1.18,,CB14_Coeffs,AK17,NGAW2_GMPE_Spreadsheets_v5.7_041415_ProtectedLocked.xlsm
CB14,0.75,p0p750,SA,17,f1,0.606,0.606,,CB14_Coeffs,AL17,NGAW2_GMPE_Spreadsheets_v5.7_041415_ProtectedLocked.xlsm
CB14,0.75,p0p750,SA,17,f2,0.633,0.633,,CB14_Coeffs,AM17,NGAW2_GMPE_Spreadsheets_v5.7_041415_ProtectedLocked.xlsm
CB14,0.75,p0p750,SA,17,t1,0.43,0.43,,CB14_Coeffs,AN17,NGAW2_GMPE_Spreadsheets_v5.7_041415_ProtectedLocked.xlsm
CB14,0.75,p0p750,SA,17,t2,0.326,0.326,,CB14_Coeffs,AO17,NGAW2_GMPE_Spreadsheets_v5.7_041415_ProtectedLocked.xlsm
CB14,0.75,p0p750,SA,17,flnAF,0.3,0.3,,CB14_Coeffs,AP17,NGAW2_GMPE_Spreadsheets_v5.7_041415_ProtectedLocked.xlsm
CB14,0.75,p0p750,SA,17,fC,0.221,0.221,,CB14_Coeffs,AQ17,NGAW2_GMPE_Spreadsheets_v5.7_041415_ProtectedLocked.xlsm
CB14,0.75,p0p750,SA,17,"rlnPGA,lnY",0.562,0.562,,CB14_Coeffs,AR17,NGAW2_GMPE_Spreadsheets_v5.7_041415_ProtectedLocked.xlsm
CB14,1.0,p1p000,SA,18,c0,-11.011,-11.011,,CB14_Coeffs,B18,NGAW2_GMPE_Spreadsheets_v5.7_041415_ProtectedLocked.xlsm
CB14,1.0,p1p000,SA,18,c1,2.18,2.18,,CB14_Coeffs,C18,NGAW2_GMPE_Spreadsheets_v5.7_041415_ProtectedLocked.xlsm
CB14,1.0,p1p000,SA,18,c2,-0.069,-0.069,,CB14_Coeffs,D18,NGAW2_GMPE_Spreadsheets_v5.7_041415_ProtectedLocked.xlsm
CB14,1.0,p1p000,SA,18,c3,-1.707,-1.707,,CB14_Coeffs,E18,NGAW2_GMPE_Spreadsheets_v5.7_041415_ProtectedLocked.xlsm
CB14,1.0,p1p000,SA,18,c4,-0.527,-0.527,,CB14_Coeffs,F18,NGAW2_GMPE_Spreadsheets_v5.7_041415_ProtectedLocked.xlsm
CB14,1.0,p1p000,SA,18,c5,-2.158,-2.158,,CB14_Coeffs,G18,NGAW2_GMPE_Spreadsheets_v5.7_041415_ProtectedLocked.xlsm
CB14,1.0,p1p000,SA,18,c6,0.169,0.169,,CB14_Coeffs,H18,NGAW2_GMPE_Spreadsheets_v5.7_041415_ProtectedLocked.xlsm
CB14,1.0,p1p000,SA,18,c7,5.65,5.65,,CB14_Coeffs,I18,NGAW2_GMPE_Spreadsheets_v5.7_041415_ProtectedLocked.xlsm
CB14,1.0,p1p000,SA,18,c8,0,0,,CB14_Coeffs,J18,NGAW2_GMPE_Spreadsheets_v5.7_041415_ProtectedLocked.xlsm
CB14,1.0,p1p000,SA,18,c9,-0.105,-0.105,,CB14_Coeffs,K18,NGAW2_GMPE_Spreadsheets_v5.7_041415_ProtectedLocked.xlsm
CB14,1.0,p1p000,SA,18,c10,0.556,0.556,,CB14_Coeffs,L18,NGAW2_GMPE_Spreadsheets_v5.7_041415_ProtectedLocked.xlsm
CB14,1.0,p1p000,SA,18,c11,1.447,1.447,,CB14_Coeffs,M18,NGAW2_GMPE_Spreadsheets_v5.7_041415_ProtectedLocked.xlsm
CB14,1.0,p1p000,SA,18,c12,2.47,2.47,,CB14_Coeffs,N18,NGAW2_GMPE_Spreadsheets_v5.7_041415_ProtectedLocked.xlsm
CB14,1.0,p1p000,SA,18,c13,2.562,2.562,,CB14_Coeffs,O18,NGAW2_GMPE_Spreadsheets_v5.7_041415_ProtectedLocked.xlsm
CB14,1.0,p1p000,SA,18,c14,0.2593,0.2593,,CB14_Coeffs,P18,NGAW2_GMPE_Spreadsheets_v5.7_041415_ProtectedLocked.xlsm
CB14,1.0,p1p000,SA,18,c15,0.479,0.479,,CB14_Coeffs,Q18,NGAW2_GMPE_Spreadsheets_v5.7_041415_ProtectedLocked.xlsm
CB14,1.0,p1p000,SA,18,c16,0.771,0.771,,CB14_Coeffs,R18,NGAW2_GMPE_Spreadsheets_v5.7_041415_ProtectedLocked.xlsm
CB14,1.0,p1p000,SA,18,c17,-0.0131,-0.0131,,CB14_Coeffs,S18,NGAW2_GMPE_Spreadsheets_v5.7_041415_ProtectedLocked.xlsm
CB14,1.0,p1p000,SA,18,c18,0.0426,0.0426,,CB14_Coeffs,T18,NGAW2_GMPE_Spreadsheets_v5.7_041415_ProtectedLocked.xlsm
CB14,1.0,p1p000,SA,18,c19,0.00409,0.00409,,CB14_Coeffs,U18,NGAW2_GMPE_Spreadsheets_v5.7_041415_ProtectedLocked.xlsm
CB14,1.0,p1p000,SA,18,c20,-0.0006,-0.0006,,CB14_Coeffs,V18,NGAW2_GMPE_Spreadsheets_v5.7_041415_ProtectedLocked.xlsm
CB14,1.0,p1p000,SA,18,Dc20 (CA),0,0,,CB14_Coeffs,W18,NGAW2_GMPE_Spreadsheets_v5.7_041415_ProtectedLocked.xlsm
CB14,1.0,p1p000,SA,18,Dc20 (JP),-0.003,-0.003,,CB14_Coeffs,X18,NGAW2_GMPE_Spreadsheets_v5.7_041415_ProtectedLocked.xlsm
CB14,1.0,p1p000,SA,18,Dc20 (CH),0.0006,0.0006,,CB14_Coeffs,Y18,NGAW2_GMPE_Spreadsheets_v5.7_041415_ProtectedLocked.xlsm
CB14,1.0,p1p000,SA,18,a2,0.596,0.596,,CB14_Coeffs,Z18,NGAW2_GMPE_Spreadsheets_v5.7_041415_ProtectedLocked.xlsm
CB14,1.0,p1p000,SA,18,h1,0.117,0.117,,CB14_Coeffs,AA18,NGAW2_GMPE_Spreadsheets_v5.7_041415_ProtectedLocked.xlsm
CB14,1.0,p1p000,SA,18,h2,1.616,1.616,,CB14_Coeffs,AB18,NGAW2_GMPE_Spreadsheets_v5.7_041415_ProtectedLocked.xlsm
CB14,1.0,p1p000,SA,18,h3,-0.733,-0.733,,CB14_Coeffs,AC18,NGAW2_GMPE_Spreadsheets_v5.7_041415_ProtectedLocked.xlsm
CB14,1.0,p1p000,SA,18,h4,1,1,,CB14_Coeffs,AD18,NGAW2_GMPE_Spreadsheets_v5.7_041415_ProtectedLocked.xlsm
CB14,1.0,p1p000,SA,18,h5,-0.128,-0.128,,CB14_Coeffs,AE18,NGAW2_GMPE_Spreadsheets_v5.7_041415_ProtectedLocked.xlsm
CB14,1.0,p1p000,SA,18,h6,-0.756,-0.756,,CB14_Coeffs,AF18,NGAW2_GMPE_Spreadsheets_v5.7_041415_ProtectedLocked.xlsm
CB14,1.0,p1p000,SA,18,k1,400,400,,CB14_Coeffs,AG18,NGAW2_GMPE_Spreadsheets_v5.7_041415_ProtectedLocked.xlsm
CB14,1.0,p1p000,SA,18,k2,-1.955,-1.955,,CB14_Coeffs,AH18,NGAW2_GMPE_Spreadsheets_v5.7_041415_ProtectedLocked.xlsm
CB14,1.0,p1p000,SA,18,k3,1.929,1.929,,CB14_Coeffs,AI18,NGAW2_GMPE_Spreadsheets_v5.7_041415_ProtectedLocked.xlsm
CB14,1.0,p1p000,SA,18,c,1.88,1.88,,CB14_Coeffs,AJ18,NGAW2_GMPE_Spreadsheets_v5.7_041415_ProtectedLocked.xlsm
CB14,1.0,p1p000,SA,18,n,1.18,1.18,,CB14_Coeffs,AK18,NGAW2_GMPE_Spreadsheets_v5.7_041415_ProtectedLocked.xlsm
CB14,1.0,p1p000,SA,18,f1,0.579,0.579,,CB14_Coeffs,AL18,NGAW2_GMPE_Spreadsheets_v5.7_041415_ProtectedLocked.xlsm
CB14,1.0,p1p000,SA,18,f2,0.628,0.628,,CB14_Coeffs,AM18,NGAW2_GMPE_Spreadsheets_v5.7_041415_ProtectedLocked.xlsm
CB14,1.0,p1p000,SA,18,t1,0.47,0.47,,CB14_Coeffs,AN18,NGAW2_GMPE_Spreadsheets_v5.7_041415_ProtectedLocked.xlsm
CB14,1.0,p1p000,SA,18,t2,0.353,0.353,,CB14_Coeffs,AO18,NGAW2_GMPE_Spreadsheets_v5.7_041415_ProtectedLocked.xlsm
CB14,1.0,p1p000,SA,18,flnAF,0.3,0.3,,CB14_Coeffs,AP18,NGAW2_GMPE_Spreadsheets_v5.7_041415_ProtectedLocked.xlsm
CB14,1.0,p1p000,SA,18,fC,0.225,0.225,,CB14_Coeffs,AQ18,NGAW2_GMPE_Spreadsheets_v5.7_041415_ProtectedLocked.xlsm
CB14,1.0,p1p000,SA,18,"rlnPGA,lnY",0.467,0.467,,CB14_Coeffs,AR18,NGAW2_GMPE_Spreadsheets_v5.7_041415_ProtectedLocked.xlsm
CB14,1.5,p1p500,SA,19,c0,-12.469,-12.469,,CB14_Coeffs,B19,NGAW2_GMPE_Spreadsheets_v5.7_041415_ProtectedLocked.xlsm
CB14,1.5,p1p500,SA,19,c1,2.27,2.27,,CB14_Coeffs,C19,NGAW2_GMPE_Spreadsheets_v5.7_041415_ProtectedLocked.xlsm
CB14,1.5,p1p500,SA,19,c2,0.047,0.047,,CB14_Coeffs,D19,NGAW2_GMPE_Spreadsheets_v5.7_041415_ProtectedLocked.xlsm
CB14,1.5,p1p500,SA,19,c3,-1.621,-1.621,,CB14_Coeffs,E19,NGAW2_GMPE_Spreadsheets_v5.7_041415_ProtectedLocked.xlsm
CB14,1.5,p1p500,SA,19,c4,-0.63,-0.63,,CB14_Coeffs,F19,NGAW2_GMPE_Spreadsheets_v5.7_041415_ProtectedLocked.xlsm
CB14,1.5,p1p500,SA,19,c5,-2.063,-2.063,,CB14_Coeffs,G19,NGAW2_GMPE_Spreadsheets_v5.7_041415_ProtectedLocked.xlsm
CB14,1.5,p1p500,SA,19,c6,0.158,0.158,,CB14_Coeffs,H19,NGAW2_GMPE_Spreadsheets_v5.7_041415_ProtectedLocked.xlsm
CB14,1.5,p1p500,SA,19,c7,5.795,5.795,,CB14_Coeffs,I19,NGAW2_GMPE_Spreadsheets_v5.7_041415_ProtectedLocked.xlsm
CB14,1.5,p1p500,SA,19,c8,0,0,,CB14_Coeffs,J19,NGAW2_GMPE_Spreadsheets_v5.7_041415_ProtectedLocked.xlsm
CB14,1.5,p1p500,SA,19,c9,-0.058,-0.058,,CB14_Coeffs,K19,NGAW2_GMPE_Spreadsheets_v5.7_041415_ProtectedLocked.xlsm
CB14,1.5,p1p500,SA,19,c10,0.48,0.48,,CB14_Coeffs,L19,NGAW2_GMPE_Spreadsheets_v5.7_041415_ProtectedLocked.xlsm
CB14,1.5,p1p500,SA,19,c11,0.33,0.33,,CB14_Coeffs,M19,NGAW2_GMPE_Spreadsheets_v5.7_041415_ProtectedLocked.xlsm
CB14,1.5,p1p500,SA,19,c12,2.108,2.108,,CB14_Coeffs,N19,NGAW2_GMPE_Spreadsheets_v5.7_041415_ProtectedLocked.xlsm
CB14,1.5,p1p500,SA,19,c13,1.453,1.453,,CB14_Coeffs,O19,NGAW2_GMPE_Spreadsheets_v5.7_041415_ProtectedLocked.xlsm
CB14,1.5,p1p500,SA,19,c14,0.2881,0.2881,,CB14_Coeffs,P19,NGAW2_GMPE_Spreadsheets_v5.7_041415_ProtectedLocked.xlsm
CB14,1.5,p1p500,SA,19,c15,0.566,0.566,,CB14_Coeffs,Q19,NGAW2_GMPE_Spreadsheets_v5.7_041415_ProtectedLocked.xlsm
CB14,1.5,p1p500,SA,19,c16,0.748,0.748,,CB14_Coeffs,R19,NGAW2_GMPE_Spreadsheets_v5.7_041415_ProtectedLocked.xlsm
CB14,1.5,p1p500,SA,19,c17,-0.0187,-0.0187,,CB14_Coeffs,S19,NGAW2_GMPE_Spreadsheets_v5.7_041415_ProtectedLocked.xlsm
CB14,1.5,p1p500,SA,19,c18,0.038,0.038,,CB14_Coeffs,T19,NGAW2_GMPE_Spreadsheets_v5.7_041415_ProtectedLocked.xlsm
CB14,1.5,p1p500,SA,19,c19,0.00424,0.00424,,CB14_Coeffs,U19,NGAW2_GMPE_Spreadsheets_v5.7_041415_ProtectedLocked.xlsm
CB14,1.5,p1p500,SA,19,c20,0,0,,CB14_Coeffs,V19,NGAW2_GMPE_Spreadsheets_v5.7_041415_ProtectedLocked.xlsm
CB14,1.5,p1p500,SA,19,Dc20 (CA),0,0,,CB14_Coeffs,W19,NGAW2_GMPE_Spreadsheets_v5.7_041415_ProtectedLocked.xlsm
CB14,1.5,p1p500,SA,19,Dc20 (JP),-0.0019,-0.0019,,CB14_Coeffs,X19,NGAW2_GMPE_Spreadsheets_v5.7_041415_ProtectedLocked.xlsm
CB14,1.5,p1p500,SA,19,Dc20 (CH),0,0,,CB14_Coeffs,Y19,NGAW2_GMPE_Spreadsheets_v5.7_041415_ProtectedLocked.xlsm
CB14,1.5,p1p500,SA,19,a2,0.596,0.596,,CB14_Coeffs,Z19,NGAW2_GMPE_Spreadsheets_v5.7_041415_ProtectedLocked.xlsm
CB14,1.5,p1p500,SA,19,h1,0.117,0.117,,CB14_Coeffs,AA19,NGAW2_GMPE_Spreadsheets_v5.7_041415_ProtectedLocked.xlsm
CB14,1.5,p1p500,SA,19,h2,1.616,1.616,,CB14_Coeffs,AB19,NGAW2_GMPE_Spreadsheets_v5.7_041415_ProtectedLocked.xlsm
CB14,1.5,p1p500,SA,19,h3,-0.733,-0.733,,CB14_Coeffs,AC19,NGAW2_GMPE_Spreadsheets_v5.7_041415_ProtectedLocked.xlsm
CB14,1.5,p1p500,SA,19,h4,1,1,,CB14_Coeffs,AD19,NGAW2_GMPE_Spreadsheets_v5.7_041415_ProtectedLocked.xlsm
CB14,1.5,p1p500,SA,19,h5,-0.128,-0.128,,CB14_Coeffs,AE19,NGAW2_GMPE_Spreadsheets_v5.7_041415_ProtectedLocked.xlsm
CB14,1.5,p1p500,SA,19,h6,-0.756,-0.756,,CB14_Coeffs,AF19,NGAW2_GMPE_Spreadsheets_v5.7_041415_ProtectedLocked.xlsm
CB14,1.5,p1p500,SA,19,k1,400,400,,CB14_Coeffs,AG19,NGAW2_GMPE_Spreadsheets_v5.7_041415_ProtectedLocked.xlsm
CB14,1.5,p1p500,SA,19,k2,-1.025,-1.025,,CB14_Coeffs,AH19,NGAW2_GMPE_Spreadsheets_v5.7_041415_ProtectedLocked.xlsm
CB14,1.5,p1p500,SA,19,k3,1.974,1.974,,CB14_Coeffs,AI19,NGAW2_GMPE_Spreadsheets_v5.7_041415_ProtectedLocked.xlsm
CB14,1.5,p1p500,SA,19,c,1.88,1.88,,CB14_Coeffs,AJ19,NGAW2_GMPE_Spreadsheets_v5.7_041415_ProtectedLocked.xlsm
CB14,1.5,p1p500,SA,19,n,1.18,1.18,,CB14_Coeffs,AK19,NGAW2_GMPE_Spreadsheets_v5.7_041415_ProtectedLocked.xlsm
CB14,1.5,p1p500,SA,19,f1,0.541,0.541,,CB14_Coeffs,AL19,NGAW2_GMPE_Spreadsheets_v5.7_041415_ProtectedLocked.xlsm
CB14,1.5,p1p500,SA,19,f2,0.603,0.603,,CB14_Coeffs,AM19,NGAW2_GMPE_Spreadsheets_v5.7_041415_ProtectedLocked.xlsm
CB14,1.5,p1p500,SA,19,t1,0.497,0.497,,CB14_Coeffs,AN19,NGAW2_GMPE_Spreadsheets_v5.7_041415_ProtectedLocked.xlsm
CB14,1.5,p1p500,SA,19,t2,0.399,0.399,,CB14_Coeffs,AO19,NGAW2_GMPE_Spreadsheets_v5.7_041415_ProtectedLocked.xlsm
CB14,1.5,p1p500,SA,19,flnAF,0.3,0.3,,CB14_Coeffs,AP19,NGAW2_GMPE_Spreadsheets_v5.7_041415_ProtectedLocked.xlsm
CB14,1.5,p1p500,SA,19,fC,0.222,0.222,,CB14_Coeffs,AQ19,NGAW2_GMPE_Spreadsheets_v5.7_041415_ProtectedLocked.xlsm
CB14,1.5,p1p500,SA,19,"rlnPGA,lnY",0.364,0.364,,CB14_Coeffs,AR19,NGAW2_GMPE_Spreadsheets_v5.7_041415_ProtectedLocked.xlsm
CB14,2.0,p2p000,SA,20,c0,-12.969,-12.969,,CB14_Coeffs,B20,NGAW2_GMPE_Spreadsheets_v5.7_041415_ProtectedLocked.xlsm
CB14,2.0,p2p000,SA,20,c1,2.271,2.271,,CB14_Coeffs,C20,NGAW2_GMPE_Spreadsheets_v5.7_041415_ProtectedLocked.xlsm
CB14,2.0,p2p000,SA,20,c2,0.149,0.149,,CB14_Coeffs,D20,NGAW2_GMPE_Spreadsheets_v5.7_041415_ProtectedLocked.xlsm
CB14,2.0,p2p000,SA,20,c3,-1.512,-1.512,,CB14_Coeffs,E20,NGAW2_GMPE_Spreadsheets_v5.7_041415_ProtectedLocked.xlsm
CB14,2.0,p2p000,SA,20,c4,-0.768,-0.768,,CB14_Coeffs,F20,NGAW2_GMPE_Spreadsheets_v5.7_041415_ProtectedLocked.xlsm
CB14,2.0,p2p000,SA,20,c5,-2.104,-2.104,,CB14_Coeffs,G20,NGAW2_GMPE_Spreadsheets_v5.7_041415_ProtectedLocked.xlsm
CB14,2.0,p2p000,SA,20,c6,0.158,0.158,,CB14_Coeffs,H20,NGAW2_GMPE_Spreadsheets_v5.7_041415_ProtectedLocked.xlsm
CB14,2.0,p2p000,SA,20,c7,6.632,6.632,,CB14_Coeffs,I20,NGAW2_GMPE_Spreadsheets_v5.7_041415_ProtectedLocked.xlsm
CB14,2.0,p2p000,SA,20,c8,0,0,,CB14_Coeffs,J20,NGAW2_GMPE_Spreadsheets_v5.7_041415_ProtectedLocked.xlsm
CB14,2.0,p2p000,SA,20,c9,-0.028,-0.028,,CB14_Coeffs,K20,NGAW2_GMPE_Spreadsheets_v5.7_041415_ProtectedLocked.xlsm
CB14,2.0,p2p000,SA,20,c10,0.401,0.401,,CB14_Coeffs,L20,NGAW2_GMPE_Spreadsheets_v5.7_041415_ProtectedLocked.xlsm
CB14,2.0,p2p000,SA,20,c11,-0.514,-0.514,,CB14_Coeffs,M20,NGAW2_GMPE_Spreadsheets_v5.7_041415_ProtectedLocked.xlsm
CB14,2.0,p2p000,SA,20,c12,1.327,1.327,,CB14_Coeffs,N20,NGAW2_GMPE_Spreadsheets_v5.7_041415_ProtectedLocked.xlsm
CB14,2.0,p2p000,SA,20,c13,0.657,0.657,,CB14_Coeffs,O20,NGAW2_GMPE_Spreadsheets_v5.7_041415_ProtectedLocked.xlsm
CB14,2.0,p2p000,SA,20,c14,0.3112,0.3112,,CB14_Coeffs,P20,NGAW2_GMPE_Spreadsheets_v5.7_041415_ProtectedLocked.xlsm
CB14,2.0,p2p000,SA,20,c15,0.562,0.562,,CB14_Coeffs,Q20,NGAW2_GMPE_Spreadsheets_v5.7_041415_ProtectedLocked.xlsm
CB14,2.0,p2p000,SA,20,c16,0.763,0.763,,CB14_Coeffs,R20,NGAW2_GMPE_Spreadsheets_v5.7_041415_ProtectedLocked.xlsm
CB14,2.0,p2p000,SA,20,c17,-0.0258,-0.0258,,CB14_Coeffs,S20,NGAW2_GMPE_Spreadsheets_v5.7_041415_ProtectedLocked.xlsm
CB14,2.0,p2p000,SA,20,c18,0.0252,0.0252,,CB14_Coeffs,T20,NGAW2_GMPE_Spreadsheets_v5.7_041415_ProtectedLocked.xlsm
CB14,2.0,p2p000,SA,20,c19,0.00448,0.00448,,CB14_Coeffs,U20,NGAW2_GMPE_Spreadsheets_v5.7_041415_ProtectedLocked.xlsm
CB14,2.0,p2p000,SA,20,c20,0,0,,CB14_Coeffs,V20,NGAW2_GMPE_Spreadsheets_v5.7_041415_ProtectedLocked.xlsm
CB14,2.0,p2p000,SA,20,Dc20 (CA),0,0,,CB14_Coeffs,W20,NGAW2_GMPE_Spreadsheets_v5.7_041415_ProtectedLocked.xlsm
CB14,2.0,p2p000,SA,20,Dc20 (JP),-0.0005,-0.0005,,CB14_Coeffs,X20,NGAW2_GMPE_Spreadsheets_v5.7_041415_ProtectedLocked.xlsm
CB14,2.0,p2p000,SA,20,Dc20 (CH),0,0,,CB14_Coeffs,Y20,NGAW2_GMPE_Spreadsheets_v5.7_041415_ProtectedLocked.xlsm
CB14,2.0,p2p000,SA,20,a2,0.596,0.596,,CB14_Coeffs,Z20,NGAW2_GMPE_Spreadsheets_v5.7_041415_ProtectedLocked.xlsm
CB14,2.0,p2p000,SA,20,h1,0.117,0.117,,CB14_Coeffs,AA20,NGAW2_GMPE_Spreadsheets_v5.7_041415_ProtectedLocked.xlsm
CB14,2.0,p2p000,SA,20,h2,1.616,1.616,,CB14_Coeffs,AB20,NGAW2_GMPE_Spreadsheets_v5.7_041415_ProtectedLocked.xlsm
CB14,2.0,p2p000,SA,20,h3,-0.733,-0.733,,CB14_Coeffs,AC20,NGAW2_GMPE_Spreadsheets_v5.7_041415_ProtectedLocked.xlsm
CB14,2.0,p2p000,SA,20,h4,1,1,,CB14_Coeffs,AD20,NGAW2_GMPE_Spreadsheets_v5.7_041415_ProtectedLocked.xlsm
CB14,2.0,p2p000,SA,20,h5,-0.128,-0.128,,CB14_Coeffs,AE20,NGAW2_GMPE_Spreadsheets_v5.7_041415_ProtectedLocked.xlsm
CB14,2.0,p2p000,SA,20,h6,-0.756,-0.756,,CB14_Coeffs,AF20,NGAW2_GMPE_Spreadsheets_v5.7_041415_ProtectedLocked.xlsm
CB14,2.0,p2p000,SA,20,k1,400,400,,CB14_Coeffs,AG20,NGAW2_GMPE_Spreadsheets_v5.7_041415_ProtectedLocked.xlsm
CB14,2.0,p2p000,SA,20,k2,-0.299,-0.299,,CB14_Coeffs,AH20,NGAW2_GMPE_Spreadsheets_v5.7_041415_ProtectedLocked.xlsm
CB14,2.0,p2p000,SA,20,k3,2.019,2.019,,CB14_Coeffs,AI20,NGAW2_GMPE_Spreadsheets_v5.7_041415_ProtectedLocked.xlsm
CB14,2.0,p2p000,SA,20,c,1.88,1.88,,CB14_Coeffs,AJ20,NGAW2_GMPE_Spreadsheets_v5.7_041415_ProtectedLocked.xlsm
CB14,2.0,p2p000,SA,20,n,1.18,1.18,,CB14_Coeffs,AK20,NGAW2_GMPE_Spreadsheets_v5.7_041415_ProtectedLocked.xlsm
CB14,2.0,p2p000,SA,20,f1,0.529,0.529,,CB14_Coeffs,AL20,NGAW2_GMPE_Spreadsheets_v5.7_041415_ProtectedLocked.xlsm
CB14,2.0,p2p000,SA,20,f2,0.588,0.588,,CB14_Coeffs,AM20,NGAW2_GMPE_Spreadsheets_v5.7_041415_ProtectedLocked.xlsm
CB14,2.0,p2p000,SA,20,t1,0.499,0.499,,CB14_Coeffs,AN20,NGAW2_GMPE_Spreadsheets_v5.7_041415_ProtectedLocked.xlsm
CB14,2.0,p2p000,SA,20,t2,0.4,0.4,,CB14_Coeffs,AO20,NGAW2_GMPE_Spreadsheets_v5.7_041415_ProtectedLocked.xlsm
CB14,2.0,p2p000,SA,20,flnAF,0.3,0.3,,CB14_Coeffs,AP20,NGAW2_GMPE_Spreadsheets_v5.7_041415_ProtectedLocked.xlsm
CB14,2.0,p2p000,SA,20,fC,0.226,0.226,,CB14_Coeffs,AQ20,NGAW2_GMPE_Spreadsheets_v5.7_041415_ProtectedLocked.xlsm
CB14,2.0,p2p000,SA,20,"rlnPGA,lnY",0.298,0.298,,CB14_Coeffs,AR20,NGAW2_GMPE_Spreadsheets_v5.7_041415_ProtectedLocked.xlsm
CB14,3.0,p3p000,SA,21,c0,-13.306,-13.306,,CB14_Coeffs,B21,NGAW2_GMPE_Spreadsheets_v5.7_041415_ProtectedLocked.xlsm
CB14,3.0,p3p000,SA,21,c1,2.15,2.15,,CB14_Coeffs,C21,NGAW2_GMPE_Spreadsheets_v5.7_041415_ProtectedLocked.xlsm
CB14,3.0,p3p000,SA,21,c2,0.368,0.368,,CB14_Coeffs,D21,NGAW2_GMPE_Spreadsheets_v5.7_041415_ProtectedLocked.xlsm
CB14,3.0,p3p000,SA,21,c3,-1.315,-1.315,,CB14_Coeffs,E21,NGAW2_GMPE_Spreadsheets_v5.7_041415_ProtectedLocked.xlsm
CB14,3.0,p3p000,SA,21,c4,-0.89,-0.89,,CB14_Coeffs,F21,NGAW2_GMPE_Spreadsheets_v5.7_041415_ProtectedLocked.xlsm
CB14,3.0,p3p000,SA,21,c5,-2.051,-2.051,,CB14_Coeffs,G21,NGAW2_GMPE_Spreadsheets_v5.7_041415_ProtectedLocked.xlsm
CB14,3.0,p3p000,SA,21,c6,0.148,0.148,,CB14_Coeffs,H21,NGAW2_GMPE_Spreadsheets_v5.7_041415_ProtectedLocked.xlsm
CB14,3.0,p3p000,SA,21,c7,6.759,6.759,,CB14_Coeffs,I21,NGAW2_GMPE_Spreadsheets_v5.7_041415_ProtectedLocked.xlsm
CB14,3.0,p3p000,SA,21,c8,0,0,,CB14_Coeffs,J21,NGAW2_GMPE_Spreadsheets_v5.7_041415_ProtectedLocked.xlsm
CB14,3.0,p3p000,SA,21,c9,0,0,,CB14_Coeffs,K21,NGAW2_GMPE_Spreadsheets_v5.7_041415_ProtectedLocked.xlsm
CB14,3.0,p3p000,SA,21,c10,0.206,0.206,,CB14_Coeffs,L21,NGAW2_GMPE_Spreadsheets_v5.7_041415_ProtectedLocked.xlsm
CB14,3.0,p3p000,SA,21,c11,-0.848,-0.848,,CB14_Coeffs,M21,NGAW2_GMPE_Spreadsheets_v5.7_041415_ProtectedLocked.xlsm
CB14,3.0,p3p000,SA,21,c12,0.601,0.601,,CB14_Coeffs,N21,NGAW2_GMPE_Spreadsheets_v5.7_041415_ProtectedLocked.xlsm
CB14,3.0,p3p000,SA,21,c13,0.367,0.367,,CB14_Coeffs,O21,NGAW2_GMPE_Spreadsheets_v5.7_041415_ProtectedLocked.xlsm
CB14,3.0,p3p000,SA,21,c14,0.3478,0.3478,,CB14_Coeffs,P21,NGAW2_GMPE_Spreadsheets_v5.7_041415_ProtectedLocked.xlsm
CB14,3.0,p3p000,SA,21,c15,0.534,0.534,,CB14_Coeffs,Q21,NGAW2_GMPE_Spreadsheets_v5.7_041415_ProtectedLocked.xlsm
CB14,3.0,p3p000,SA,21,c16,0.686,0.686,,CB14_Coeffs,R21,NGAW2_GMPE_Spreadsheets_v5.7_041415_ProtectedLocked.xlsm
CB14,3.0,p3p000,SA,21,c17,-0.0311,-0.0311,,CB14_Coeffs,S21,NGAW2_GMPE_Spreadsheets_v5.7_041415_ProtectedLocked.xlsm
CB14,3.0,p3p000,SA,21,c18,0.0236,0.0236,,CB14_Coeffs,T21,NGAW2_GMPE_Spreadsheets_v5.7_041415_ProtectedLocked.xlsm
CB14,3.0,p3p000,SA,21,c19,0.00345,0.00345,,CB14_Coeffs,U21,NGAW2_GMPE_Spreadsheets_v5.7_041415_ProtectedLocked.xlsm
CB14,3.0,p3p000,SA,21,c20,0,0,,CB14_Coeffs,V21,NGAW2_GMPE_Spreadsheets_v5.7_041415_ProtectedLocked.xlsm
CB14,3.0,p3p000,SA,21,Dc20 (CA),0,0,,CB14_Coeffs,W21,NGAW2_GMPE_Spreadsheets_v5.7_041415_ProtectedLocked.xlsm
CB14,3.0,p3p000,SA,21,Dc20 (JP),0,0,,CB14_Coeffs,X21,NGAW2_GMPE_Spreadsheets_v5.7_041415_ProtectedLocked.xlsm
CB14,3.0,p3p000,SA,21,Dc20 (CH),0,0,,CB14_Coeffs,Y21,NGAW2_GMPE_Spreadsheets_v5.7_041415_ProtectedLocked.xlsm
CB14,3.0,p3p000,SA,21,a2,0.596,0.596,,CB14_Coeffs,Z21,NGAW2_GMPE_Spreadsheets_v5.7_041415_ProtectedLocked.xlsm
CB14,3.0,p3p000,SA,21,h1,0.117,0.117,,CB14_Coeffs,AA21,NGAW2_GMPE_Spreadsheets_v5.7_041415_ProtectedLocked.xlsm
CB14,3.0,p3p000,SA,21,h2,1.616,1.616,,CB14_Coeffs,AB21,NGAW2_GMPE_Spreadsheets_v5.7_041415_ProtectedLocked.xlsm
CB14,3.0,p3p000,SA,21,h3,-0.733,-0.733,,CB14_Coeffs,AC21,NGAW2_GMPE_Spreadsheets_v5.7_041415_ProtectedLocked.xlsm
CB14,3.0,p3p000,SA,21,h4,1,1,,CB14_Coeffs,AD21,NGAW2_GMPE_Spreadsheets_v5.7_041415_ProtectedLocked.xlsm
CB14,3.0,p3p000,SA,21,h5,-0.128,-0.128,,CB14_Coeffs,AE21,NGAW2_GMPE_Spreadsheets_v5.7_041415_ProtectedLocked.xlsm
CB14,3.0,p3p000,SA,21,h6,-0.756,-0.756,,CB14_Coeffs,AF21,NGAW2_GMPE_Spreadsheets_v5.7_041415_ProtectedLocked.xlsm
CB14,3.0,p3p000,SA,21,k1,400,400,,CB14_Coeffs,AG21,NGAW2_GMPE_Spreadsheets_v5.7_041415_ProtectedLocked.xlsm
CB14,3.0,p3p000,SA,21,k2,0,0,,CB14_Coeffs,AH21,NGAW2_GMPE_Spreadsheets_v5.7_041415_ProtectedLocked.xlsm
CB14,3.0,p3p000,SA,21,k3,2.11,2.11,,CB14_Coeffs,AI21,NGAW2_GMPE_Spreadsheets_v5.7_041415_ProtectedLocked.xlsm
CB14,3.0,p3p000,SA,21,c,1.88,1.88,,CB14_Coeffs,AJ21,NGAW2_GMPE_Spreadsheets_v5.7_041415_ProtectedLocked.xlsm
CB14,3.0,p3p000,SA,21,n,1.18,1.18,,CB14_Coeffs,AK21,NGAW2_GMPE_Spreadsheets_v5.7_041415_ProtectedLocked.xlsm
CB14,3.0,p3p000,SA,21,f1,0.527,0.527,,CB14_Coeffs,AL21,NGAW2_GMPE_Spreadsheets_v5.7_041415_ProtectedLocked.xlsm
CB14,3.0,p3p000,SA,21,f2,0.578,0.578,,CB14_Coeffs,AM21,NGAW2_GMPE_Spreadsheets_v5.7_041415_ProtectedLocked.xlsm
CB14,3.0,p3p000,SA,21,t1,0.5,0.5,,CB14_Coeffs,AN21,NGAW2_GMPE_Spreadsheets_v5.7_041415_ProtectedLocked.xlsm
CB14,3.0,p3p000,SA,21,t2,0.417,0.417,,CB14_Coeffs,AO21,NGAW2_GMPE_Spreadsheets_v5.7_041415_ProtectedLocked.xlsm
CB14,3.0,p3p000,SA,21,flnAF,0.3,0.3,,CB14_Coeffs,AP21,NGAW2_GMPE_Spreadsheets_v5.7_041415_ProtectedLocked.xlsm
CB14,3.0,p3p000,SA,21,fC,0.229,0.229,,CB14_Coeffs,AQ21,NGAW2_GMPE_Spreadsheets_v5.7_041415_ProtectedLocked.xlsm
CB14,3.0,p3p000,SA,21,"rlnPGA,lnY",0.234,0.234,,CB14_Coeffs,AR21,NGAW2_GMPE_Spreadsheets_v5.7_041415_ProtectedLocked.xlsm
CB14,4.0,p4p000,SA,22,c0,-14.02,-14.02,,CB14_Coeffs,B22,NGAW2_GMPE_Spreadsheets_v5.7_041415_ProtectedLocked.xlsm
CB14,4.0,p4p000,SA,22,c1,2.132,2.132,,CB14_Coeffs,C22,NGAW2_GMPE_Spreadsheets_v5.7_041415_ProtectedLocked.xlsm
CB14,4.0,p4p000,SA,22,c2,0.726,0.726,,CB14_Coeffs,D22,NGAW2_GMPE_Spreadsheets_v5.7_041415_ProtectedLocked.xlsm
CB14,4.0,p4p000,SA,22,c3,-1.506,-1.506,,CB14_Coeffs,E22,NGAW2_GMPE_Spreadsheets_v5.7_041415_ProtectedLocked.xlsm
CB14,4.0,p4p000,SA,22,c4,-0.885,-0.885,,CB14_Coeffs,F22,NGAW2_GMPE_Spreadsheets_v5.7_041415_ProtectedLocked.xlsm
CB14,4.0,p4p000,SA,22,c5,-1.986,-1.986,,CB14_Coeffs,G22,NGAW2_GMPE_Spreadsheets_v5.7_041415_ProtectedLocked.xlsm
CB14,4.0,p4p000,SA,22,c6,0.135,0.135,,CB14_Coeffs,H22,NGAW2_GMPE_Spreadsheets_v5.7_041415_ProtectedLocked.xlsm
CB14,4.0,p4p000,SA,22,c7,7.978,7.978,,CB14_Coeffs,I22,NGAW2_GMPE_Spreadsheets_v5.7_041415_ProtectedLocked.xlsm
CB14,4.0,p4p000,SA,22,c8,0,0,,CB14_Coeffs,J22,NGAW2_GMPE_Spreadsheets_v5.7_041415_ProtectedLocked.xlsm
CB14,4.0,p4p000,SA,22,c9,0,0,,CB14_Coeffs,K22,NGAW2_GMPE_Spreadsheets_v5.7_041415_ProtectedLocked.xlsm
CB14,4.0,p4p000,SA,22,c10,0.105,0.105,,CB14_Coeffs,L22,NGAW2_GMPE_Spreadsheets_v5.7_041415_ProtectedLocked.xlsm
CB14,4.0,p4p000,SA,22,c11,-0.793,-0.793,,CB14_Coeffs,M22,NGAW2_GMPE_Spreadsheets_v5.7_041415_ProtectedLocked.xlsm
CB14,4.0,p4p000,SA,22,c12,0.568,0.568,,CB14_Coeffs,N22,NGAW2_GMPE_Spreadsheets_v5.7_041415_ProtectedLocked.xlsm
CB14,4.0,p4p000,SA,22,c13,0.306,0.306,,CB14_Coeffs,O22,NGAW2_GMPE_Spreadsheets_v5.7_041415_ProtectedLocked.xlsm
CB14,4.0,p4p000,SA,22,c14,0.3747,0.3747,,CB14_Coeffs,P22,NGAW2_GMPE_Spreadsheets_v5.7_041415_ProtectedLocked.xlsm
CB14,4.0,p4p000,SA,22,c15,0.522,0.522,,CB14_Coeffs,Q22,NGAW2_GMPE_Spreadsheets_v5.7_041415_ProtectedLocked.xlsm
CB14,4.0,p4p000,SA,22,c16,0.691,0.691,,CB14_Coeffs,R22,NGAW2_GMPE_Spreadsheets_v5.7_041415_ProtectedLocked.xlsm
CB14,4.0,p4p000,SA,22,c17,-0.0413,-0.0413,,CB14_Coeffs,S22,NGAW2_GMPE_Spreadsheets_v5.7_041415_ProtectedLocked.xlsm
CB14,4.0,p4p000,SA,22,c18,0.0102,0.0102,,CB14_Coeffs,T22,NGAW2_GMPE_Spreadsheets_v5.7_041415_ProtectedLocked.xlsm
CB14,4.0,p4p000,SA,22,c19,0.00603,0.00603,,CB14_Coeffs,U22,NGAW2_GMPE_Spreadsheets_v5.7_041415_ProtectedLocked.xlsm
CB14,4.0,p4p000,SA,22,c20,0,0,,CB14_Coeffs,V22,NGAW2_GMPE_Spreadsheets_v5.7_041415_ProtectedLocked.xlsm
CB14,4.0,p4p000,SA,22,Dc20 (CA),0,0,,CB14_Coeffs,W22,NGAW2_GMPE_Spreadsheets_v5.7_041415_ProtectedLocked.xlsm
CB14,4.0,p4p000,SA,22,Dc20 (JP),0,0,,CB14_Coeffs,X22,NGAW2_GMPE_Spreadsheets_v5.7_041415_ProtectedLocked.xlsm
CB14,4.0,p4p000,SA,22,Dc20 (CH),0,0,,CB14_Coeffs,Y22,NGAW2_GMPE_Spreadsheets_v5.7_041415_ProtectedLocked.xlsm
CB14,4.0,p4p000,SA,22,a2,0.596,0.596,,CB14_Coeffs,Z22,NGAW2_GMPE_Spreadsheets_v5.7_041415_ProtectedLocked.xlsm
CB14,4.0,p4p000,SA,22,h1,0.117,0.117,,CB14_Coeffs,AA22,NGAW2_GMPE_Spreadsheets_v5.7_041415_ProtectedLocked.xlsm
CB14,4.0,p4p000,SA,22,h2,1.616,1.616,,CB14_Coeffs,AB22,NGAW2_GMPE_Spreadsheets_v5.7_041415_ProtectedLocked.xlsm
CB14,4.0,p4p000,SA,22,h3,-0.733,-0.733,,CB14_Coeffs,AC22,NGAW2_GMPE_Spreadsheets_v5.7_041415_ProtectedLocked.xlsm
CB14,4.0,p4p000,SA,22,h4,1,1,,CB14_Coeffs,AD22,NGAW2_GMPE_Spreadsheets_v5.7_041415_ProtectedLocked.xlsm
CB14,4.0,p4p000,SA,22,h5,-0.128,-0.128,,CB14_Coeffs,AE22,NGAW2_GMPE_Spreadsheets_v5.7_041415_ProtectedLocked.xlsm
CB14,4.0,p4p000,SA,22,h6,-0.756,-0.756,,CB14_Coeffs,AF22,NGAW2_GMPE_Spreadsheets_v5.7_041415_ProtectedLocked.xlsm
CB14,4.0,p4p000,SA,22,k1,400,400,,CB14_Coeffs,AG22,NGAW2_GMPE_Spreadsheets_v5.7_041415_ProtectedLocked.xlsm
CB14,4.0,p4p000,SA,22,k2,0,0,,CB14_Coeffs,AH22,NGAW2_GMPE_Spreadsheets_v5.7_041415_ProtectedLocked.xlsm
CB14,4.0,p4p000,SA,22,k3,2.2,2.2,,CB14_Coeffs,AI22,NGAW2_GMPE_Spreadsheets_v5.7_041415_ProtectedLocked.xlsm
CB14,4.0,p4p000,SA,22,c,1.88,1.88,,CB14_Coeffs,AJ22,NGAW2_GMPE_Spreadsheets_v5.7_041415_ProtectedLocked.xlsm
CB14,4.0,p4p000,SA,22,n,1.18,1.18,,CB14_Coeffs,AK22,NGAW2_GMPE_Spreadsheets_v5.7_041415_ProtectedLocked.xlsm
CB14,4.0,p4p000,SA,22,f1,0.521,0.521,,CB14_Coeffs,AL22,NGAW2_GMPE_Spreadsheets_v5.7_041415_ProtectedLocked.xlsm
CB14,4.0,p4p000,SA,22,f2,0.559,0.559,,CB14_Coeffs,AM22,NGAW2_GMPE_Spreadsheets_v5.7_041415_ProtectedLocked.xlsm
CB14,4.0,p4p000,SA,22,t1,0.543,0.543,,CB14_Coeffs,AN22,NGAW2_GMPE_Spreadsheets_v5.7_041415_ProtectedLocked.xlsm
CB14,4.0,p4p000,SA,22,t2,0.393,0.393,,CB14_Coeffs,AO22,NGAW2_GMPE_Spreadsheets_v5.7_041415_ProtectedLocked.xlsm
CB14,4.0,p4p000,SA,22,flnAF,0.3,0.3,,CB14_Coeffs,AP22,NGAW2_GMPE_Spreadsheets_v5.7_041415_ProtectedLocked.xlsm
CB14,4.0,p4p000,SA,22,fC,0.237,0.237,,CB14_Coeffs,AQ22,NGAW2_GMPE_Spreadsheets_v5.7_041415_ProtectedLocked.xlsm
CB14,4.0,p4p000,SA,22,"rlnPGA,lnY",0.202,0.202,,CB14_Coeffs,AR22,NGAW2_GMPE_Spreadsheets_v5.7_041415_ProtectedLocked.xlsm
CB14,5.0,p5p000,SA,23,c0,-14.558,-14.558,,CB14_Coeffs,B23,NGAW2_GMPE_Spreadsheets_v5.7_041415_ProtectedLocked.xlsm
CB14,5.0,p5p000,SA,23,c1,2.116,2.116,,CB14_Coeffs,C23,NGAW2_GMPE_Spreadsheets_v5.7_041415_ProtectedLocked.xlsm
CB14,5.0,p5p000,SA,23,c2,1.027,1.027,,CB14_Coeffs,D23,NGAW2_GMPE_Spreadsheets_v5.7_041415_ProtectedLocked.xlsm
CB14,5.0,p5p000,SA,23,c3,-1.721,-1.721,,CB14_Coeffs,E23,NGAW2_GMPE_Spreadsheets_v5.7_041415_ProtectedLocked.xlsm
CB14,5.0,p5p000,SA,23,c4,-0.878,-0.878,,CB14_Coeffs,F23,NGAW2_GMPE_Spreadsheets_v5.7_041415_ProtectedLocked.xlsm
CB14,5.0,p5p000,SA,23,c5,-2.021,-2.021,,CB14_Coeffs,G23,NGAW2_GMPE_Spreadsheets_v5.7_041415_ProtectedLocked.xlsm
CB14,5.0,p5p000,SA,23,c6,0.135,0.135,,CB14_Coeffs,H23,NGAW2_GMPE_Spreadsheets_v5.7_041415_ProtectedLocked.xlsm
CB14,5.0,p5p000,SA,23,c7,8.538,8.538,,CB14_Coeffs,I23,NGAW2_GMPE_Spreadsheets_v5.7_041415_ProtectedLocked.xlsm
CB14,5.0,p5p000,SA,23,c8,0,0,,CB14_Coeffs,J23,NGAW2_GMPE_Spreadsheets_v5.7_041415_ProtectedLocked.xlsm
CB14,5.0,p5p000,SA,23,c9,0,0,,CB14_Coeffs,K23,NGAW2_GMPE_Spreadsheets_v5.7_041415_ProtectedLocked.xlsm
CB14,5.0,p5p000,SA,23,c10,0,0,,CB14_Coeffs,L23,NGAW2_GMPE_Spreadsheets_v5.7_041415_ProtectedLocked.xlsm
CB14,5.0,p5p000,SA,23,c11,-0.748,-0.748,,CB14_Coeffs,M23,NGAW2_GMPE_Spreadsheets_v5.7_041415_ProtectedLocked.xlsm
CB14,5.0,p5p000,SA,23,c12,0.356,0.356,,CB14_Coeffs,N23,NGAW2_GMPE_Spreadsheets_v5.7_041415_ProtectedLocked.xlsm
CB14,5.0,p5p000,SA,23,c13,0.268,0.268,,CB14_Coeffs,O23,NGAW2_GMPE_Spreadsheets_v5.7_041415_ProtectedLocked.xlsm
CB14,5.0,p5p000,SA,23,c14,0.3382,0.3382,,CB14_Coeffs,P23,NGAW2_GMPE_Spreadsheets_v5.7_041415_ProtectedLocked.xlsm
CB14,5.0,p5p000,SA,23,c15,0.477,0.477,,CB14_Coeffs,Q23,NGAW2_GMPE_Spreadsheets_v5.7_041415_ProtectedLocked.xlsm
CB14,5.0,p5p000,SA,23,c16,0.67,0.67,,CB14_Coeffs,R23,NGAW2_GMPE_Spreadsheets_v5.7_041415_ProtectedLocked.xlsm
CB14,5.0,p5p000,SA,23,c17,-0.0281,-0.0281,,CB14_Coeffs,S23,NGAW2_GMPE_Spreadsheets_v5.7_041415_ProtectedLocked.xlsm
CB14,5.0,p5p000,SA,23,c18,0.0034,0.0034,,CB14_Coeffs,T23,NGAW2_GMPE_Spreadsheets_v5.7_041415_ProtectedLocked.xlsm
CB14,5.0,p5p000,SA,23,c19,0.00805,0.00805,,CB14_Coeffs,U23,NGAW2_GMPE_Spreadsheets_v5.7_041415_ProtectedLocked.xlsm
CB14,5.0,p5p000,SA,23,c20,0,0,,CB14_Coeffs,V23,NGAW2_GMPE_Spreadsheets_v5.7_041415_ProtectedLocked.xlsm
CB14,5.0,p5p000,SA,23,Dc20 (CA),0,0,,CB14_Coeffs,W23,NGAW2_GMPE_Spreadsheets_v5.7_041415_ProtectedLocked.xlsm
CB14,5.0,p5p000,SA,23,Dc20 (JP),0,0,,CB14_Coeffs,X23,NGAW2_GMPE_Spreadsheets_v5.7_041415_ProtectedLocked.xlsm
CB14,5.0,p5p000,SA,23,Dc20 (CH),0,0,,CB14_Coeffs,Y23,NGAW2_GMPE_Spreadsheets_v5.7_041415_ProtectedLocked.xlsm
CB14,5.0,p5p000,SA,23,a2,0.596,0.596,,CB14_Coeffs,Z23,NGAW2_GMPE_Spreadsheets_v5.7_041415_ProtectedLocked.xlsm
CB14,5.0,p5p000,SA,23,h1,0.117,0.117,,CB14_Coeffs,AA23,NGAW2_GMPE_Spreadsheets_v5.7_041415_ProtectedLocked.xlsm
CB14,5.0,p5p000,SA,23,h2,1.616,1.616,,CB14_Coeffs,AB23,NGAW2_GMPE_Spreadsheets_v5.7_041415_ProtectedLocked.xlsm
CB14,5.0,p5p000,SA,23,h3,-0.733,-0.733,,CB14_Coeffs,AC23,NGAW2_GMPE_Spreadsheets_v5.7_041415_ProtectedLocked.xlsm
CB14,5.0,p5p000,SA,23,h4,1,1,,CB14_Coeffs,AD23,NGAW2_GMPE_Spreadsheets_v5.7_041415_ProtectedLocked.xlsm
CB14,5.0,p5p000,SA,23,h5,-0.128,-0.128,,CB14_Coeffs,AE23,NGAW2_GMPE_Spreadsheets_v5.7_041415_ProtectedLocked.xlsm
CB14,5.0,p5p000,SA,23,h6,-0.756,-0.756,,CB14_Coeffs,AF23,NGAW2_GMPE_Spreadsheets_v5.7_041415_ProtectedLocked.xlsm
CB14,5.0,p5p000,SA,23,k1,400,400,,CB14_Coeffs,AG23,NGAW2_GMPE_Spreadsheets_v5.7_041415_ProtectedLocked.xlsm
CB14,5.0,p5p000,SA,23,k2,0,0,,CB14_Coeffs,AH23,NGAW2_GMPE_Spreadsheets_v5.7_041415_ProtectedLocked.xlsm
CB14,5.0,p5p000,SA,23,k3,2.291,2.291,,CB14_Coeffs,AI23,NGAW2_GMPE_Spreadsheets_v5.7_041415_ProtectedLocked.xlsm
CB14,5.0,p5p000,SA,23,c,1.88,1.88,,CB14_Coeffs,AJ23,NGAW2_GMPE_Spreadsheets_v5.7_041415_ProtectedLocked.xlsm
CB14,5.0,p5p000,SA,23,n,1.18,1.18,,CB14_Coeffs,AK23,NGAW2_GMPE_Spreadsheets_v5.7_041415_ProtectedLocked.xlsm
CB14,5.0,p5p000,SA,23,f1,0.502,0.502,,CB14_Coeffs,AL23,NGAW2_GMPE_Spreadsheets_v5.7_041415_ProtectedLocked.xlsm
CB14,5.0,p5p000,SA,23,f2,0.551,0.551,,CB14_Coeffs,AM23,NGAW2_GMPE_Spreadsheets_v5.7_041415_ProtectedLocked.xlsm
CB14,5.0,p5p000,SA,23,t1,0.534,0.534,,CB14_Coeffs,AN23,NGAW2_GMPE_Spreadsheets_v5.7_041415_ProtectedLocked.xlsm
CB14,5.0,p5p000,SA,23,t2,0.421,0.421,,CB14_Coeffs,AO23,NGAW2_GMPE_Spreadsheets_v5.7_041415_ProtectedLocked.xlsm
CB14,5.0,p5p000,SA,23,flnAF,0.3,0.3,,CB14_Coeffs,AP23,NGAW2_GMPE_Spreadsheets_v5.7_041415_ProtectedLocked.xlsm
CB14,5.0,p5p000,SA,23,fC,0.237,0.237,,CB14_Coeffs,AQ23,NGAW2_GMPE_Spreadsheets_v5.7_041415_ProtectedLocked.xlsm
CB14,5.0,p5p000,SA,23,"rlnPGA,lnY",0.184,0.184,,CB14_Coeffs,AR23,NGAW2_GMPE_Spreadsheets_v5.7_041415_ProtectedLocked.xlsm
CB14,7.5,p7p500,SA,24,c0,-15.509,-15.509,,CB14_Coeffs,B24,NGAW2_GMPE_Spreadsheets_v5.7_041415_ProtectedLocked.xlsm
CB14,7.5,p7p500,SA,24,c1,2.223,2.223,,CB14_Coeffs,C24,NGAW2_GMPE_Spreadsheets_v5.7_041415_ProtectedLocked.xlsm
CB14,7.5,p7p500,SA,24,c2,0.169,0.169,,CB14_Coeffs,D24,NGAW2_GMPE_Spreadsheets_v5.7_041415_ProtectedLocked.xlsm
CB14,7.5,p7p500,SA,24,c3,-0.756,-0.756,,CB14_Coeffs,E24,NGAW2_GMPE_Spreadsheets_v5.7_041415_ProtectedLocked.xlsm
CB14,7.5,p7p500,SA,24,c4,-1.077,-1.077,,CB14_Coeffs,F24,NGAW2_GMPE_Spreadsheets_v5.7_041415_ProtectedLocked.xlsm
CB14,7.5,p7p500,SA,24,c5,-2.179,-2.179,,CB14_Coeffs,G24,NGAW2_GMPE_Spreadsheets_v5.7_041415_ProtectedLocked.xlsm
CB14,7.5,p7p500,SA,24,c6,0.165,0.165,,CB14_Coeffs,H24,NGAW2_GMPE_Spreadsheets_v5.7_041415_ProtectedLocked.xlsm
CB14,7.5,p7p500,SA,24,c7,8.468,8.468,,CB14_Coeffs,I24,NGAW2_GMPE_Spreadsheets_v5.7_041415_ProtectedLocked.xlsm
CB14,7.5,p7p500,SA,24,c8,0,0,,CB14_Coeffs,J24,NGAW2_GMPE_Spreadsheets_v5.7_041415_ProtectedLocked.xlsm
CB14,7.5,p7p500,SA,24,c9,0,0,,CB14_Coeffs,K24,NGAW2_GMPE_Spreadsheets_v5.7_041415_ProtectedLocked.xlsm
CB14,7.5,p7p500,SA,24,c10,0,0,,CB14_Coeffs,L24,NGAW2_GMPE_Spreadsheets_v5.7_041415_ProtectedLocked.xlsm
CB14,7.5,p7p500,SA,24,c11,-0.664,-0.664,,CB14_Coeffs,M24,NGAW2_GMPE_Spreadsheets_v5.7_041415_ProtectedLocked.xlsm
CB14,7.5,p7p500,SA,24,c12,0.075,0.075,,CB14_Coeffs,N24,NGAW2_GMPE_Spreadsheets_v5.7_041415_ProtectedLocked.xlsm
CB14,7.5,p7p500,SA,24,c13,0.374,0.374,,CB14_Coeffs,O24,NGAW2_GMPE_Spreadsheets_v5.7_041415_ProtectedLocked.xlsm
CB14,7.5,p7p500,SA,24,c14,0.3754,0.3754,,CB14_Coeffs,P24,NGAW2_GMPE_Spreadsheets_v5.7_041415_ProtectedLocked.xlsm
CB14,7.5,p7p500,SA,24,c15,0.321,0.321,,CB14_Coeffs,Q24,NGAW2_GMPE_Spreadsheets_v5.7_041415_ProtectedLocked.xlsm
CB14,7.5,p7p500,SA,24,c16,0.757,0.757,,CB14_Coeffs,R24,NGAW2_GMPE_Spreadsheets_v5.7_041415_ProtectedLocked.xlsm
CB14,7.5,p7p500,SA,24,c17,-0.0205,-0.0205,,CB14_Coeffs,S24,NGAW2_GMPE_Spreadsheets_v5.7_041415_ProtectedLocked.xlsm
CB14,7.5,p7p500,SA,24,c18,0.005,0.005,,CB14_Coeffs,T24,NGAW2_GMPE_Spreadsheets_v5.7_041415_ProtectedLocked.xlsm
CB14,7.5,p7p500,SA,24,c19,0.0028,0.0028,,CB14_Coeffs,U24,NGAW2_GMPE_Spreadsheets_v5.7_041415_ProtectedLocked.xlsm
CB14,7.5,p7p500,SA,24,c20,0,0,,CB14_Coeffs,V24,NGAW2_GMPE_Spreadsheets_v5.7_041415_ProtectedLocked.xlsm
CB14,7.5,p7p500,SA,24,Dc20 (CA),0,0,,CB14_Coeffs,W24,NGAW2_GMPE_Spreadsheets_v5.7_041415_ProtectedLocked.xlsm
CB14,7.5,p7p500,SA,24,Dc20 (JP),0,0,,CB14_Coeffs,X24,NGAW2_GMPE_Spreadsheets_v5.7_041415_ProtectedLocked.xlsm
CB14,7.5,p7p500,SA,24,Dc20 (CH),0,0,,CB14_Coeffs,Y24,NGAW2_GMPE_Spreadsheets_v5.7_041415_ProtectedLocked.xlsm
CB14,7.5,p7p500,SA,24,a2,0.596,0.596,,CB14_Coeffs,Z24,NGAW2_GMPE_Spreadsheets_v5.7_041415_ProtectedLocked.xlsm
CB14,7.5,p7p500,SA,24,h1,0.117,0.117,,CB14_Coeffs,AA24,NGAW2_GMPE_Spreadsheets_v5.7_041415_ProtectedLocked.xlsm
CB14,7.5,p7p500,SA,24,h2,1.616,1.616,,CB14_Coeffs,AB24,NGAW2_GMPE_Spreadsheets_v5.7_041415_ProtectedLocked.xlsm
CB14,7.5,p7p500,SA,24,h3,-0.733,-0.733,,CB14_Coeffs,AC24,NGAW2_GMPE_Spreadsheets_v5.7_041415_ProtectedLocked.xlsm
CB14,7.5,p7p500,SA,24,h4,1,1,,CB14_Coeffs,AD24,NGAW2_GMPE_Spreadsheets_v5.7_041415_ProtectedLocked.xlsm
CB14,7.5,p7p500,SA,24,h5,-0.128,-0.128,,CB14_Coeffs,AE24,NGAW2_GMPE_Spreadsheets_v5.7_041415_ProtectedLocked.xlsm
CB14,7.5,p7p500,SA,24,h6,-0.756,-0.756,,CB14_Coeffs,AF24,NGAW2_GMPE_Spreadsheets_v5.7_041415_ProtectedLocked.xlsm
CB14,7.5,p7p500,SA,24,k1,400,400,,CB14_Coeffs,AG24,NGAW2_GMPE_Spreadsheets_v5.7_041415_ProtectedLocked.xlsm
CB14,7.5,p7p500,SA,24,k2,0,0,,CB14_Coeffs,AH24,NGAW2_GMPE_Spreadsheets_v5.7_041415_ProtectedLocked.xlsm
CB14,7.5,p7p500,SA,24,k3,2.517,2.517,,CB14_Coeffs,AI24,NGAW2_GMPE_Spreadsheets_v5.7_041415_ProtectedLocked.xlsm
CB14,7.5,p7p500,SA,24,c,1.88,1.88,,CB14_Coeffs,AJ24,NGAW2_GMPE_Spreadsheets_v5.7_041415_ProtectedLocked.xlsm
CB14,7.5,p7p500,SA,24,n,1.18,1.18,,CB14_Coeffs,AK24,NGAW2_GMPE_Spreadsheets_v5.7_041415_ProtectedLocked.xlsm
CB14,7.5,p7p500,SA,24,f1,0.457,0.457,,CB14_Coeffs,AL24,NGAW2_GMPE_Spreadsheets_v5.7_041415_ProtectedLocked.xlsm
CB14,7.5,p7p500,SA,24,f2,0.546,0.546,,CB14_Coeffs,AM24,NGAW2_GMPE_Spreadsheets_v5.7_041415_ProtectedLocked.xlsm
CB14,7.5,p7p500,SA,24,t1,0.523,0.523,,CB14_Coeffs,AN24,NGAW2_GMPE_Spreadsheets_v5.7_041415_ProtectedLocked.xlsm
CB14,7.5,p7p500,SA,24,t2,0.438,0.438,,CB14_Coeffs,AO24,NGAW2_GMPE_Spreadsheets_v5.7_041415_ProtectedLocked.xlsm
CB14,7.5,p7p500,SA,24,flnAF,0.3,0.3,,CB14_Coeffs,AP24,NGAW2_GMPE_Spreadsheets_v5.7_041415_ProtectedLocked.xlsm
CB14,7.5,p7p500,SA,24,fC,0.271,0.271,,CB14_Coeffs,AQ24,NGAW2_GMPE_Spreadsheets_v5.7_041415_ProtectedLocked.xlsm
CB14,7.5,p7p500,SA,24,"rlnPGA,lnY",0.176,0.176,,CB14_Coeffs,AR24,NGAW2_GMPE_Spreadsheets_v5.7_041415_ProtectedLocked.xlsm
CB14,10.0,p10p000,SA,25,c0,-15.975,-15.975,,CB14_Coeffs,B25,NGAW2_GMPE_Spreadsheets_v5.7_041415_ProtectedLocked.xlsm
CB14,10.0,p10p000,SA,25,c1,2.132,2.132,,CB14_Coeffs,C25,NGAW2_GMPE_Spreadsheets_v5.7_041415_ProtectedLocked.xlsm
CB14,10.0,p10p000,SA,25,c2,0.367,0.367,,CB14_Coeffs,D25,NGAW2_GMPE_Spreadsheets_v5.7_041415_ProtectedLocked.xlsm
CB14,10.0,p10p000,SA,25,c3,-0.8,-0.8,,CB14_Coeffs,E25,NGAW2_GMPE_Spreadsheets_v5.7_041415_ProtectedLocked.xlsm
CB14,10.0,p10p000,SA,25,c4,-1.282,-1.282,,CB14_Coeffs,F25,NGAW2_GMPE_Spreadsheets_v5.7_041415_ProtectedLocked.xlsm
CB14,10.0,p10p000,SA,25,c5,-2.244,-2.244,,CB14_Coeffs,G25,NGAW2_GMPE_Spreadsheets_v5.7_041415_ProtectedLocked.xlsm
CB14,10.0,p10p000,SA,25,c6,0.18,0.18,,CB14_Coeffs,H25,NGAW2_GMPE_Spreadsheets_v5.7_041415_ProtectedLocked.xlsm
CB14,10.0,p10p000,SA,25,c7,6.564,6.564,,CB14_Coeffs,I25,NGAW2_GMPE_Spreadsheets_v5.7_041415_ProtectedLocked.xlsm
CB14,10.0,p10p000,SA,25,c8,0,0,,CB14_Coeffs,J25,NGAW2_GMPE_Spreadsheets_v5.7_041415_ProtectedLocked.xlsm
CB14,10.0,p10p000,SA,25,c9,0,0,,CB14_Coeffs,K25,NGAW2_GMPE_Spreadsheets_v5.7_041415_ProtectedLocked.xlsm
CB14,10.0,p10p000,SA,25,c10,0,0,,CB14_Coeffs,L25,NGAW2_GMPE_Spreadsheets_v5.7_041415_ProtectedLocked.xlsm
CB14,10.0,p10p000,SA,25,c11,-0.576,-0.576,,CB14_Coeffs,M25,NGAW2_GMPE_Spreadsheets_v5.7_041415_ProtectedLocked.xlsm
CB14,10.0,p10p000,SA,25,c12,-0.027,-0.027,,CB14_Coeffs,N25,NGAW2_GMPE_Spreadsheets_v5.7_041415_ProtectedLocked.xlsm
CB14,10.0,p10p000,SA,25,c13,0.297,0.297,,CB14_Coeffs,O25,NGAW2_GMPE_Spreadsheets_v5.7_041415_ProtectedLocked.xlsm
CB14,10.0,p10p000,SA,25,c14,0.3506,0.3506,,CB14_Coeffs,P25,NGAW2_GMPE_Spreadsheets_v5.7_041415_ProtectedLocked.xlsm
CB14,10.0,p10p000,SA,25,c15,0.174,0.174,,CB14_Coeffs,Q25,NGAW2_GMPE_Spreadsheets_v5.7_041415_ProtectedLocked.xlsm
CB14,10.0,p10p000,SA,25,c16,0.621,0.621,,CB14_Coeffs,R25,NGAW2_GMPE_Spreadsheets_v5.7_041415_ProtectedLocked.xlsm
CB14,10.0,p10p000,SA,25,c17,0.0009,0.0009,,CB14_Coeffs,S25,NGAW2_GMPE_Spreadsheets_v5.7_041415_ProtectedLocked.xlsm
CB14,10.0,p10p000,SA,25,c18,0.0099,0.0099,,CB14_Coeffs,T25,NGAW2_GMPE_Spreadsheets_v5.7_041415_ProtectedLocked.xlsm
CB14,10.0,p10p000,SA,25,c19,0.00458,0.00458,,CB14_Coeffs,U25,NGAW2_GMPE_Spreadsheets_v5.7_041415_ProtectedLocked.xlsm
CB14,10.0,p10p000,SA,25,c20,0,0,,CB14_Coeffs,V25,NGAW2_GMPE_Spreadsheets_v5.7_041415_ProtectedLocked.xlsm
CB14,10.0,p10p000,SA,25,Dc20 (CA),0,0,,CB14_Coeffs,W25,NGAW2_GMPE_Spreadsheets_v5.7_041415_ProtectedLocked.xlsm
CB14,10.0,p10p000,SA,25,Dc20 (JP),0,0,,CB14_Coeffs,X25,NGAW2_GMPE_Spreadsheets_v5.7_041415_ProtectedLocked.xlsm
CB14,10.0,p10p000,SA,25,Dc20 (CH),0,0,,CB14_Coeffs,Y25,NGAW2_GMPE_Spreadsheets_v5.7_041415_ProtectedLocked.xlsm
CB14,10.0,p10p000,SA,25,a2,0.596,0.596,,CB14_Coeffs,Z25,NGAW2_GMPE_Spreadsheets_v5.7_041415_ProtectedLocked.xlsm
CB14,10.0,p10p000,SA,25,h1,0.117,0.117,,CB14_Coeffs,AA25,NGAW2_GMPE_Spreadsheets_v5.7_041415_ProtectedLocked.xlsm
CB14,10.0,p10p000,SA,25,h2,1.616,1.616,,CB14_Coeffs,AB25,NGAW2_GMPE_Spreadsheets_v5.7_041415_ProtectedLocked.xlsm
CB14,10.0,p10p000,SA,25,h3,-0.733,-0.733,,CB14_Coeffs,AC25,NGAW2_GMPE_Spreadsheets_v5.7_041415_ProtectedLocked.xlsm
CB14,10.0,p10p000,SA,25,h4,1,1,,CB14_Coeffs,AD25,NGAW2_GMPE_Spreadsheets_v5.7_041415_ProtectedLocked.xlsm
CB14,10.0,p10p000,SA,25,h5,-0.128,-0.128,,CB14_Coeffs,AE25,NGAW2_GMPE_Spreadsheets_v5.7_041415_ProtectedLocked.xlsm
CB14,10.0,p10p000,SA,25,h6,-0.756,-0.756,,CB14_Coeffs,AF25,NGAW2_GMPE_Spreadsheets_v5.7_041415_ProtectedLocked.xlsm
CB14,10.0,p10p000,SA,25,k1,400,400,,CB14_Coeffs,AG25,NGAW2_GMPE_Spreadsheets_v5.7_041415_ProtectedLocked.xlsm
CB14,10.0,p10p000,SA,25,k2,0,0,,CB14_Coeffs,AH25,NGAW2_GMPE_Spreadsheets_v5.7_041415_ProtectedLocked.xlsm
CB14,10.0,p10p000,SA,25,k3,2.744,2.744,,CB14_Coeffs,AI25,NGAW2_GMPE_Spreadsheets_v5.7_041415_ProtectedLocked.xlsm
CB14,10.0,p10p000,SA,25,c,1.88,1.88,,CB14_Coeffs,AJ25,NGAW2_GMPE_Spreadsheets_v5.7_041415_ProtectedLocked.xlsm
CB14,10.0,p10p000,SA,25,n,1.18,1.18,,CB14_Coeffs,AK25,NGAW2_GMPE_Spreadsheets_v5.7_041415_ProtectedLocked.xlsm
CB14,10.0,p10p000,SA,25,f1,0.441,0.441,,CB14_Coeffs,AL25,NGAW2_GMPE_Spreadsheets_v5.7_041415_ProtectedLocked.xlsm
CB14,10.0,p10p000,SA,25,f2,0.543,0.543,,CB14_Coeffs,AM25,NGAW2_GMPE_Spreadsheets_v5.7_041415_ProtectedLocked.xlsm
CB14,10.0,p10p000,SA,25,t1,0.466,0.466,,CB14_Coeffs,AN25,NGAW2_GMPE_Spreadsheets_v5.7_041415_ProtectedLocked.xlsm
CB14,10.0,p10p000,SA,25,t2,0.438,0.438,,CB14_Coeffs,AO25,NGAW2_GMPE_Spreadsheets_v5.7_041415_ProtectedLocked.xlsm
CB14,10.0,p10p000,SA,25,flnAF,0.3,0.3,,CB14_Coeffs,AP25,NGAW2_GMPE_Spreadsheets_v5.7_041415_ProtectedLocked.xlsm
CB14,10.0,p10p000,SA,25,fC,0.29,0.29,,CB14_Coeffs,AQ25,NGAW2_GMPE_Spreadsheets_v5.7_041415_ProtectedLocked.xlsm
CB14,10.0,p10p000,SA,25,"rlnPGA,lnY",0.154,0.154,,CB14_Coeffs,AR25,NGAW2_GMPE_Spreadsheets_v5.7_041415_ProtectedLocked.xlsm
CB14,0.001,p0p001,SA,26,c0,-4.416,-4.416,,CB14_Coeffs,B26,NGAW2_GMPE_Spreadsheets_v5.7_041415_ProtectedLocked.xlsm
CB14,0.001,p0p001,SA,26,c1,0.984,0.984,,CB14_Coeffs,C26,NGAW2_GMPE_Spreadsheets_v5.7_041415_ProtectedLocked.xlsm
CB14,0.001,p0p001,SA,26,c2,0.537,0.537,,CB14_Coeffs,D26,NGAW2_GMPE_Spreadsheets_v5.7_041415_ProtectedLocked.xlsm
CB14,0.001,p0p001,SA,26,c3,-1.499,-1.499,,CB14_Coeffs,E26,NGAW2_GMPE_Spreadsheets_v5.7_041415_ProtectedLocked.xlsm
CB14,0.001,p0p001,SA,26,c4,-0.496,-0.496,,CB14_Coeffs,F26,NGAW2_GMPE_Spreadsheets_v5.7_041415_ProtectedLocked.xlsm
CB14,0.001,p0p001,SA,26,c5,-2.773,-2.773,,CB14_Coeffs,G26,NGAW2_GMPE_Spreadsheets_v5.7_041415_ProtectedLocked.xlsm
CB14,0.001,p0p001,SA,26,c6,0.248,0.248,,CB14_Coeffs,H26,NGAW2_GMPE_Spreadsheets_v5.7_041415_ProtectedLocked.xlsm
CB14,0.001,p0p001,SA,26,c7,6.768,6.768,,CB14_Coeffs,I26,NGAW2_GMPE_Spreadsheets_v5.7_041415_ProtectedLocked.xlsm
CB14,0.001,p0p001,SA,26,c8,0,0,,CB14_Coeffs,J26,NGAW2_GMPE_Spreadsheets_v5.7_041415_ProtectedLocked.xlsm
CB14,0.001,p0p001,SA,26,c9,-0.212,-0.212,,CB14_Coeffs,K26,NGAW2_GMPE_Spreadsheets_v5.7_041415_ProtectedLocked.xlsm
CB14,0.001,p0p001,SA,26,c10,0.72,0.72,,CB14_Coeffs,L26,NGAW2_GMPE_Spreadsheets_v5.7_041415_ProtectedLocked.xlsm
CB14,0.001,p0p001,SA,26,c11,1.09,1.09,,CB14_Coeffs,M26,NGAW2_GMPE_Spreadsheets_v5.7_041415_ProtectedLocked.xlsm
CB14,0.001,p0p001,SA,26,c12,2.186,2.186,,CB14_Coeffs,N26,NGAW2_GMPE_Spreadsheets_v5.7_041415_ProtectedLocked.xlsm
CB14,0.001,p0p001,SA,26,c13,1.42,1.42,,CB14_Coeffs,O26,NGAW2_GMPE_Spreadsheets_v5.7_041415_ProtectedLocked.xlsm
CB14,0.001,p0p001,SA,26,c14,-0.0064,-0.0064,,CB14_Coeffs,P26,NGAW2_GMPE_Spreadsheets_v5.7_041415_ProtectedLocked.xlsm
CB14,0.001,p0p001,SA,26,c15,-0.202,-0.202,,CB14_Coeffs,Q26,NGAW2_GMPE_Spreadsheets_v5.7_041415_ProtectedLocked.xlsm
CB14,0.001,p0p001,SA,26,c16,0.393,0.393,,CB14_Coeffs,R26,NGAW2_GMPE_Spreadsheets_v5.7_041415_ProtectedLocked.xlsm
CB14,0.001,p0p001,SA,26,c17,0.0977,0.0977,,CB14_Coeffs,S26,NGAW2_GMPE_Spreadsheets_v5.7_041415_ProtectedLocked.xlsm
CB14,0.001,p0p001,SA,26,c18,0.0333,0.0333,,CB14_Coeffs,T26,NGAW2_GMPE_Spreadsheets_v5.7_041415_ProtectedLocked.xlsm
CB14,0.001,p0p001,SA,26,c19,0.00757,0.00757,,CB14_Coeffs,U26,NGAW2_GMPE_Spreadsheets_v5.7_041415_ProtectedLocked.xlsm
CB14,0.001,p0p001,SA,26,c20,-0.0055,-0.0055,,CB14_Coeffs,V26,NGAW2_GMPE_Spreadsheets_v5.7_041415_ProtectedLocked.xlsm
CB14,0.001,p0p001,SA,26,Dc20 (CA),0,0,,CB14_Coeffs,W26,NGAW2_GMPE_Spreadsheets_v5.7_041415_ProtectedLocked.xlsm
CB14,0.001,p0p001,SA,26,Dc20 (JP),-0.0035,-0.0035,,CB14_Coeffs,X26,NGAW2_GMPE_Spreadsheets_v5.7_041415_ProtectedLocked.xlsm
CB14,0.001,p0p001,SA,26,Dc20 (CH),0.0036,0.0036,,CB14_Coeffs,Y26,NGAW2_GMPE_Spreadsheets_v5.7_041415_ProtectedLocked.xlsm
CB14,0.001,p0p001,SA,26,a2,0.167,0.167,,CB14_Coeffs,Z26,NGAW2_GMPE_Spreadsheets_v5.7_041415_ProtectedLocked.xlsm
CB14,0.001,p0p001,SA,26,h1,0.241,0.241,,CB14_Coeffs,AA26,NGAW2_GMPE_Spreadsheets_v5.7_041415_ProtectedLocked.xlsm
CB14,0.001,p0p001,SA,26,h2,1.474,1.474,,CB14_Coeffs,AB26,NGAW2_GMPE_Spreadsheets_v5.7_041415_ProtectedLocked.xlsm
CB14,0.001,p0p001,SA,26,h3,-0.715,-0.715,,CB14_Coeffs,AC26,NGAW2_GMPE_Spreadsheets_v5.7_041415_ProtectedLocked.xlsm
CB14,0.001,p0p001,SA,26,h4,1,1,,CB14_Coeffs,AD26,NGAW2_GMPE_Spreadsheets_v5.7_041415_ProtectedLocked.xlsm
CB14,0.001,p0p001,SA,26,h5,-0.337,-0.337,,CB14_Coeffs,AE26,NGAW2_GMPE_Spreadsheets_v5.7_041415_ProtectedLocked.xlsm
CB14,0.001,p0p001,SA,26,h6,-0.27,-0.27,,CB14_Coeffs,AF26,NGAW2_GMPE_Spreadsheets_v5.7_041415_ProtectedLocked.xlsm
CB14,0.001,p0p001,SA,26,k1,865,865,,CB14_Coeffs,AG26,NGAW2_GMPE_Spreadsheets_v5.7_041415_ProtectedLocked.xlsm
CB14,0.001,p0p001,SA,26,k2,-1.186,-1.186,,CB14_Coeffs,AH26,NGAW2_GMPE_Spreadsheets_v5.7_041415_ProtectedLocked.xlsm
CB14,0.001,p0p001,SA,26,k3,1.839,1.839,,CB14_Coeffs,AI26,NGAW2_GMPE_Spreadsheets_v5.7_041415_ProtectedLocked.xlsm
CB14,0.001,p0p001,SA,26,c,1.88,1.88,,CB14_Coeffs,AJ26,NGAW2_GMPE_Spreadsheets_v5.7_041415_ProtectedLocked.xlsm
CB14,0.001,p0p001,SA,26,n,1.18,1.18,,CB14_Coeffs,AK26,NGAW2_GMPE_Spreadsheets_v5.7_041415_ProtectedLocked.xlsm
CB14,0.001,p0p001,SA,26,f1,0.734,0.734,,CB14_Coeffs,AL26,NGAW2_GMPE_Spreadsheets_v5.7_041415_ProtectedLocked.xlsm
CB14,0.001,p0p001,SA,26,f2,0.492,0.492,,CB14_Coeffs,AM26,NGAW2_GMPE_Spreadsheets_v5.7_041415_ProtectedLocked.xlsm
CB14,0.001,p0p001,SA,26,t1,0.409,0.409,,CB14_Coeffs,AN26,NGAW2_GMPE_Spreadsheets_v5.7_041415_ProtectedLocked.xlsm
CB14,0.001,p0p001,SA,26,t2,0.322,0.322,,CB14_Coeffs,AO26,NGAW2_GMPE_Spreadsheets_v5.7_041415_ProtectedLocked.xlsm
CB14,0.001,p0p001,SA,26,flnAF,0.3,0.3,,CB14_Coeffs,AP26,NGAW2_GMPE_Spreadsheets_v5.7_041415_ProtectedLocked.xlsm
CB14,0.001,p0p001,SA,26,fC,0.166,0.166,,CB14_Coeffs,AQ26,NGAW2_GMPE_Spreadsheets_v5.7_041415_ProtectedLocked.xlsm
CB14,0.001,p0p001,SA,26,"rlnPGA,lnY",1,1,,CB14_Coeffs,AR26,NGAW2_GMPE_Spreadsheets_v5.7_041415_ProtectedLocked.xlsm
CB14,-1.0,pgv,PGV,27,c0,-2.895,-2.895,,CB14_Coeffs,B27,NGAW2_GMPE_Spreadsheets_v5.7_041415_ProtectedLocked.xlsm
CB14,-1.0,pgv,PGV,27,c1,1.51,1.51,,CB14_Coeffs,C27,NGAW2_GMPE_Spreadsheets_v5.7_041415_ProtectedLocked.xlsm
CB14,-1.0,pgv,PGV,27,c2,0.27,0.27,,CB14_Coeffs,D27,NGAW2_GMPE_Spreadsheets_v5.7_041415_ProtectedLocked.xlsm
CB14,-1.0,pgv,PGV,27,c3,-1.299,-1.299,,CB14_Coeffs,E27,NGAW2_GMPE_Spreadsheets_v5.7_041415_ProtectedLocked.xlsm
CB14,-1.0,pgv,PGV,27,c4,-0.453,-0.453,,CB14_Coeffs,F27,NGAW2_GMPE_Spreadsheets_v5.7_041415_ProtectedLocked.xlsm
CB14,-1.0,pgv,PGV,27,c5,-2.466,-2.466,,CB14_Coeffs,G27,NGAW2_GMPE_Spreadsheets_v5.7_041415_ProtectedLocked.xlsm
CB14,-1.0,pgv,PGV,27,c6,0.204,0.204,,CB14_Coeffs,H27,NGAW2_GMPE_Spreadsheets_v5.7_041415_ProtectedLocked.xlsm
CB14,-1.0,pgv,PGV,27,c7,5.837,5.837,,CB14_Coeffs,I27,NGAW2_GMPE_Spreadsheets_v5.7_041415_ProtectedLocked.xlsm
CB14,-1.0,pgv,PGV,27,c8,0,0,,CB14_Coeffs,J27,NGAW2_GMPE_Spreadsheets_v5.7_041415_ProtectedLocked.xlsm
CB14,-1.0,pgv,PGV,27,c9,-0.168,-0.168,,CB14_Coeffs,K27,NGAW2_GMPE_Spreadsheets_v5.7_041415_ProtectedLocked.xlsm
CB14,-1.0,pgv,PGV,27,c10,0.305,0.305,,CB14_Coeffs,L27,NGAW2_GMPE_Spreadsheets_v5.7_041415_ProtectedLocked.xlsm
CB14,-1.0,pgv,PGV,27,c11,1.713,1.713,,CB14_Coeffs,M27,NGAW2_GMPE_Spreadsheets_v5.7_041415_ProtectedLocked.xlsm
CB14,-1.0,pgv,PGV,27,c12,2.602,2.602,,CB14_Coeffs,N27,NGAW2_GMPE_Spreadsheets_v5.7_041415_ProtectedLocked.xlsm
CB14,-1.0,pgv,PGV,27,c13,2.457,2.457,,CB14_Coeffs,O27,NGAW2_GMPE_Spreadsheets_v5.7_041415_ProtectedLocked.xlsm
CB14,-1.0,pgv,PGV,27,c14,0.106,0.106,,CB14_Coeffs,P27,NGAW2_GMPE_Spreadsheets_v5.7_041415_ProtectedLocked.xlsm
CB14,-1.0,pgv,PGV,27,c15,0.332,0.332,,CB14_Coeffs,Q27,NGAW2_GMPE_Spreadsheets_v5.7_041415_ProtectedLocked.xlsm
CB14,-1.0,pgv,PGV,27,c16,0.585,0.585,,CB14_Coeffs,R27,NGAW2_GMPE_Spreadsheets_v5.7_041415_ProtectedLocked.xlsm
CB14,-1.0,pgv,PGV,27,c17,0.0517,0.0517,,CB14_Coeffs,S27,NGAW2_GMPE_Spreadsheets_v5.7_041415_ProtectedLocked.xlsm
CB14,-1.0,pgv,PGV,27,c18,0.0327,0.0327,,CB14_Coeffs,T27,NGAW2_GMPE_Spreadsheets_v5.7_041415_ProtectedLocked.xlsm
CB14,-1.0,pgv,PGV,27,c19,0.00613,0.00613,,CB14_Coeffs,U27,NGAW2_GMPE_Spreadsheets_v5.7_041415_ProtectedLocked.xlsm
CB14,-1.0,pgv,PGV,27,c20,-0.0017,-0.0017,,CB14_Coeffs,V27,NGAW2_GMPE_Spreadsheets_v5.7_041415_ProtectedLocked.xlsm
CB14,-1.0,pgv,PGV,27,Dc20 (CA),0,0,,CB14_Coeffs,W27,NGAW2_GMPE_Spreadsheets_v5.7_041415_ProtectedLocked.xlsm
CB14,-1.0,pgv,PGV,27,Dc20 (JP),-0.0006,-0.0006,,CB14_Coeffs,X27,NGAW2_GMPE_Spreadsheets_v5.7_041415_ProtectedLocked.xlsm
CB14,-1.0,pgv,PGV,27,Dc20 (CH),0.0017,0.0017,,CB14_Coeffs,Y27,NGAW2_GMPE_Spreadsheets_v5.7_041415_ProtectedLocked.xlsm
CB14,-1.0,pgv,PGV,27,a2,0.596,0.596,,CB14_Coeffs,Z27,NGAW2_GMPE_Spreadsheets_v5.7_041415_ProtectedLocked.xlsm
CB14,-1.0,pgv,PGV,27,h1,0.117,0.117,,CB14_Coeffs,AA27,NGAW2_GMPE_Spreadsheets_v5.7_041415_ProtectedLocked.xlsm
CB14,-1.0,pgv,PGV,27,h2,1.616,1.616,,CB14_Coeffs,AB27,NGAW2_GMPE_Spreadsheets_v5.7_041415_ProtectedLocked.xlsm
CB14,-1.0,pgv,PGV,27,h3,-0.733,-0.733,,CB14_Coeffs,AC27,NGAW2_GMPE_Spreadsheets_v5.7_041415_ProtectedLocked.xlsm
CB14,-1.0,pgv,PGV,27,h4,1,1,,CB14_Coeffs,AD27,NGAW2_GMPE_Spreadsheets_v5.7_041415_ProtectedLocked.xlsm
CB14,-1.0,pgv,PGV,27,h5,-0.128,-0.128,,CB14_Coeffs,AE27,NGAW2_GMPE_Spreadsheets_v5.7_041415_ProtectedLocked.xlsm
CB14,-1.0,pgv,PGV,27,h6,-0.756,-0.756,,CB14_Coeffs,AF27,NGAW2_GMPE_Spreadsheets_v5.7_041415_ProtectedLocked.xlsm
CB14,-1.0,pgv,PGV,27,k1,400,400,,CB14_Coeffs,AG27,NGAW2_GMPE_Spreadsheets_v5.7_041415_ProtectedLocked.xlsm
CB14,-1.0,pgv,PGV,27,k2,-1.955,-1.955,,CB14_Coeffs,AH27,NGAW2_GMPE_Spreadsheets_v5.7_041415_ProtectedLocked.xlsm
CB14,-1.0,pgv,PGV,27,k3,1.929,1.929,,CB14_Coeffs,AI27,NGAW2_GMPE_Spreadsheets_v5.7_041415_ProtectedLocked.xlsm
CB14,-1.0,pgv,PGV,27,c,1.88,1.88,,CB14_Coeffs,AJ27,NGAW2_GMPE_Spreadsheets_v5.7_041415_ProtectedLocked.xlsm
CB14,-1.0,pgv,PGV,27,n,1.18,1.18,,CB14_Coeffs,AK27,NGAW2_GMPE_Spreadsheets_v5.7_041415_ProtectedLocked.xlsm
CB14,-1.0,pgv,PGV,27,f1,0.655,0.655,,CB14_Coeffs,AL27,NGAW2_GMPE_Spreadsheets_v5.7_041415_ProtectedLocked.xlsm
CB14,-1.0,pgv,PGV,27,f2,0.494,0.494,,CB14_Coeffs,AM27,NGAW2_GMPE_Spreadsheets_v5.7_041415_ProtectedLocked.xlsm
CB14,-1.0,pgv,PGV,27,t1,0.317,0.317,,CB14_Coeffs,AN27,NGAW2_GMPE_Spreadsheets_v5.7_041415_ProtectedLocked.xlsm
CB14,-1.0,pgv,PGV,27,t2,0.297,0.297,,CB14_Coeffs,AO27,NGAW2_GMPE_Spreadsheets_v5.7_041415_ProtectedLocked.xlsm
CB14,-1.0,pgv,PGV,27,flnAF,0.3,0.3,,CB14_Coeffs,AP27,NGAW2_GMPE_Spreadsheets_v5.7_041415_ProtectedLocked.xlsm
CB14,-1.0,pgv,PGV,27,fC,0.19,0.19,,CB14_Coeffs,AQ27,NGAW2_GMPE_Spreadsheets_v5.7_041415_ProtectedLocked.xlsm
CB14,-1.0,pgv,PGV,27,"rlnPGA,lnY",0.684,0.684,,CB14_Coeffs,AR27,NGAW2_GMPE_Spreadsheets_v5.7_041415_ProtectedLocked.xlsm
