model,period_s,period_key,imt,row_index,coefficient,value,cached_value,formula,source_sheet,source_cell,source_workbook
CY14,0.01,p0p010,SA,5,c2,1.06,1.06,,CY14_Coeffs,B5,NGAW2_GMPE_Spreadsheets_v5.7_041415_ProtectedLocked.xlsm
CY14,0.01,p0p010,SA,5,c4,-2.1,-2.1,,CY14_Coeffs,C5,NGAW2_GMPE_Spreadsheets_v5.7_041415_ProtectedLocked.xlsm
CY14,0.01,p0p010,SA,5,c4a,-0.5,-0.5,,CY14_Coeffs,D5,NGAW2_GMPE_Spreadsheets_v5.7_041415_ProtectedLocked.xlsm
CY14,0.01,p0p010,SA,5,cRB,50,50,,CY14_Coeffs,E5,NGAW2_GMPE_Spreadsheets_v5.7_041415_ProtectedLocked.xlsm
CY14,0.01,p0p010,SA,5,c8,0,0,,CY14_Coeffs,F5,NGAW2_GMPE_Spreadsheets_v5.7_041415_ProtectedLocked.xlsm
CY14,0.01,p0p010,SA,5,c8a,0.2695,0.2695,,CY14_Coeffs,G5,NGAW2_GMPE_Spreadsheets_v5.7_041415_ProtectedLocked.xlsm
CY14,0.01,p0p010,SA,5,c1,-1.5065,-1.5065,,CY14_Coeffs,H5,NGAW2_GMPE_Spreadsheets_v5.7_041415_ProtectedLocked.xlsm
CY14,0.01,p0p010,SA,5,c1a,0.165,0.165,,CY14_Coeffs,I5,NGAW2_GMPE_Spreadsheets_v5.7_041415_ProtectedLocked.xlsm
CY14,0.01,p0p010,SA,5,c1b,-0.255,-0.255,,CY14_Coeffs,J5,NGAW2_GMPE_Spreadsheets_v5.7_041415_ProtectedLocked.xlsm
CY14,0.01,p0p010,SA,5,c1c,-0.165,-0.165,,CY14_Coeffs,K5,NGAW2_GMPE_Spreadsheets_v5.7_041415_ProtectedLocked.xlsm
CY14,0.01,p0p010,SA,5,c1d,0.255,0.255,,CY14_Coeffs,L5,NGAW2_GMPE_Spreadsheets_v5.7_041415_ProtectedLocked.xlsm
CY14,0.01,p0p010,SA,5,cn,16.0875,16.0875,,CY14_Coeffs,M5,NGAW2_GMPE_Spreadsheets_v5.7_041415_ProtectedLocked.xlsm
CY14,0.01,p0p010,SA,5,cM,4.9993,4.9993,,CY14_Coeffs,N5,NGAW2_GMPE_Spreadsheets_v5.7_041415_ProtectedLocked.xlsm
CY14,0.01,p0p010,SA,5,c3,1.9636,1.9636,,CY14_Coeffs,O5,NGAW2_GMPE_Spreadsheets_v5.7_041415_ProtectedLocked.xlsm
CY14,0.01,p0p010,SA,5,c5,6.4551,6.4551,,CY14_Coeffs,P5,NGAW2_GMPE_Spreadsheets_v5.7_041415_ProtectedLocked.xlsm
CY14,0.01,p0p010,SA,5,cHM,3.0956,3.0956,,CY14_Coeffs,Q5,NGAW2_GMPE_Spreadsheets_v5.7_041415_ProtectedLocked.xlsm
CY14,0.01,p0p010,SA,5,c6,0.4908,0.4908,,CY14_Coeffs,R5,NGAW2_GMPE_Spreadsheets_v5.7_041415_ProtectedLocked.xlsm
CY14,0.01,p0p010,SA,5,c7,0.0352,0.0352,,CY14_Coeffs,S5,NGAW2_GMPE_Spreadsheets_v5.7_041415_ProtectedLocked.xlsm
CY14,0.01,p0p010,SA,5,c7b,0.0462,0.0462,,CY14_Coeffs,T5,NGAW2_GMPE_Spreadsheets_v5.7_041415_ProtectedLocked.xlsm
CY14,0.01,p0p010,SA,5,c8b,0.4833,0.4833,,CY14_Coeffs,U5,NGAW2_GMPE_Spreadsheets_v5.7_041415_ProtectedLocked.xlsm
CY14,0.01,p0p010,SA,5,c9,0.9228,0.9228,,CY14_Coeffs,V5,NGAW2_GMPE_Spreadsheets_v5.7_041415_ProtectedLocked.xlsm
CY14,0.01,p0p010,SA,5,c9a,0.1202,0.1202,,CY14_Coeffs,W5,NGAW2_GMPE_Spreadsheets_v5.7_041415_ProtectedLocked.xlsm
CY14,0.01,p0p010,SA,5,c9b,6.8607,6.8607,,CY14_Coeffs,X5,NGAW2_GMPE_Spreadsheets_v5.7_041415_ProtectedLocked.xlsm
CY14,0.01,p0p010,SA,5,c11,0,0,,CY14_Coeffs,Y5,NGAW2_GMPE_Spreadsheets_v5.7_041415_ProtectedLocked.xlsm
CY14,0.01,p0p010,SA,5,c11b,-0.4536,-0.4536,,CY14_Coeffs,Z5,NGAW2_GMPE_Spreadsheets_v5.7_041415_ProtectedLocked.xlsm
CY14,0.01,p0p010,SA,5,cg1,-0.007146,-0.007146,,CY14_Coeffs,AA5,NGAW2_GMPE_Spreadsheets_v5.7_041415_ProtectedLocked.xlsm
CY14,0.01,p0p010,SA,5,cg2,-0.006758,-0.006758,,CY14_Coeffs,AB5,NGAW2_GMPE_Spreadsheets_v5.7_041415_ProtectedLocked.xlsm
CY14,0.01,p0p010,SA,5,cg3,4.2542,4.2542,,CY14_Coeffs,AC5,NGAW2_GMPE_Spreadsheets_v5.7_041415_ProtectedLocked.xlsm
CY14,0.01,p0p010,SA,5,f1,-0.521,-0.521,,CY14_Coeffs,AD5,NGAW2_GMPE_Spreadsheets_v5.7_041415_ProtectedLocked.xlsm
CY14,0.01,p0p010,SA,5,f2,-0.1417,-0.1417,,CY14_Coeffs,AE5,NGAW2_GMPE_Spreadsheets_v5.7_041415_ProtectedLocked.xlsm
CY14,0.01,p0p010,SA,5,f3,-0.00701,-0.00701,,CY14_Coeffs,AF5,NGAW2_GMPE_Spreadsheets_v5.7_041415_ProtectedLocked.xlsm
CY14,0.01,p0p010,SA,5,f4,0.102151,0.102151,,CY14_Coeffs,AG5,NGAW2_GMPE_Spreadsheets_v5.7_041415_ProtectedLocked.xlsm
CY14,0.01,p0p010,SA,5,f5,0,0,,CY14_Coeffs,AH5,NGAW2_GMPE_Spreadsheets_v5.7_041415_ProtectedLocked.xlsm
CY14,0.01,p0p010,SA,5,f6,300,300,,CY14_Coeffs,AI5,NGAW2_GMPE_Spreadsheets_v5.7_041415_ProtectedLocked.xlsm
CY14,0.01,p0p010,SA,5,t1,0.4,0.4,,CY14_Coeffs,AJ5,NGAW2_GMPE_Spreadsheets_v5.7_041415_ProtectedLocked.xlsm
CY14,0.01,p0p010,SA,5,t2,0.26,0.26,,CY14_Coeffs,AK5,NGAW2_GMPE_Spreadsheets_v5.7_041415_ProtectedLocked.xlsm
CY14,0.01,p0p010,SA,5,s1,0.4912,0.4912,,CY14_Coeffs,AL5,NGAW2_GMPE_Spreadsheets_v5.7_041415_ProtectedLocked.xlsm
CY14,0.01,p0p010,SA,5,s2,0.3762,0.3762,,CY14_Coeffs,AM5,NGAW2_GMPE_Spreadsheets_v5.7_041415_ProtectedLocked.xlsm
CY14,0.01,p0p010,SA,5,s3,0.8,0.8,,CY14_Coeffs,AN5,NGAW2_GMPE_Spreadsheets_v5.7_041415_ProtectedLocked.xlsm
CY14,0.01,p0p010,SA,5,"s2,JP",0.4528,0.4528,,CY14_Coeffs,AO5,NGAW2_GMPE_Spreadsheets_v5.7_041415_ProtectedLocked.xlsm
CY14,0.01,p0p010,SA,5,gJp-It,1.5817,1.5817,,CY14_Coeffs,AP5,NGAW2_GMPE_Spreadsheets_v5.7_041415_ProtectedLocked.xlsm
CY14,0.01,p0p010,SA,5,gWn,0.7594,0.7594,,CY14_Coeffs,AQ5,NGAW2_GMPE_Spreadsheets_v5.7_041415_ProtectedLocked.xlsm
CY14,0.01,p0p010,SA,5,f1Jp,-0.6846,-0.6846,,CY14_Coeffs,AR5,NGAW2_GMPE_Spreadsheets_v5.7_041415_ProtectedLocked.xlsm
CY14,0.01,p0p010,SA,5,f5JP,0.459,0.459,,CY14_Coeffs,AS5,NGAW2_GMPE_Spreadsheets_v5.7_041415_ProtectedLocked.xlsm
CY14,0.01,p0p010,SA,5,f6JP,800,800,,CY14_Coeffs,AT5,NGAW2_GMPE_Spreadsheets_v5.7_041415_ProtectedLocked.xlsm
CY14,0.02,p0p020,SA,6,c2,1.06,1.06,,CY14_Coeffs,B6,NGAW2_GMPE_Spreadsheets_v5.7_041415_ProtectedLocked.xlsm
CY14,0.02,p0p020,SA,6,c4,-2.1,-2.1,,CY14_Coeffs,C6,NGAW2_GMPE_Spreadsheets_v5.7_041415_ProtectedLocked.xlsm
CY14,0.02,p0p020,SA,6,c4a,-0.5,-0.5,,CY14_Coeffs,D6,NGAW2_GMPE_Spreadsheets_v5.7_041415_ProtectedLocked.xlsm
CY14,0.02,p0p020,SA,6,cRB,50,50,,CY14_Coeffs,E6,NGAW2_GMPE_Spreadsheets_v5.7_041415_ProtectedLocked.xlsm
CY14,0.02,p0p020,SA,6,c8,0,0,,CY14_Coeffs,F6,NGAW2_GMPE_Spreadsheets_v5.7_041415_ProtectedLocked.xlsm
CY14,0.02,p0p020,SA,6,c8a,0.2695,0.2695,,CY14_Coeffs,G6,NGAW2_GMPE_Spreadsheets_v5.7_041415_ProtectedLocked.xlsm
CY14,0.02,p0p020,SA,6,c1,-1.4798,-1.4798,,CY14_Coeffs,H6,NGAW2_GMPE_Spreadsheets_v5.7_041415_ProtectedLocked.xlsm
CY14,0.02,p0p020,SA,6,c1a,0.165,0.165,,CY14_Coeffs,I6,NGAW2_GMPE_Spreadsheets_v5.7_041415_ProtectedLocked.xlsm
CY14,0.02,p0p020,SA,6,c1b,-0.255,-0.255,,CY14_Coeffs,J6,NGAW2_GMPE_Spreadsheets_v5.7_041415_ProtectedLocked.xlsm
CY14,0.02,p0p020,SA,6,c1c,-0.165,-0.165,,CY14_Coeffs,K6,NGAW2_GMPE_Spreadsheets_v5.7_041415_ProtectedLocked.xlsm
CY14,0.02,p0p020,SA,6,c1d,0.255,0.255,,CY14_Coeffs,L6,NGAW2_GMPE_Spreadsheets_v5.7_041415_ProtectedLocked.xlsm
CY14,0.02,p0p020,SA,6,cn,15.7118,15.7118,,CY14_Coeffs,M6,NGAW2_GMPE_Spreadsheets_v5.7_041415_ProtectedLocked.xlsm
CY14,0.02,p0p020,SA,6,cM,4.9993,4.9993,,CY14_Coeffs,N6,NGAW2_GMPE_Spreadsheets_v5.7_041415_ProtectedLocked.xlsm
CY14,0.02,p0p020,SA,6,c3,1.9636,1.9636,,CY14_Coeffs,O6,NGAW2_GMPE_Spreadsheets_v5.7_041415_ProtectedLocked.xlsm
CY14,0.02,p0p020,SA,6,c5,6.4551,6.4551,,CY14_Coeffs,P6,NGAW2_GMPE_Spreadsheets_v5.7_041415_ProtectedLocked.xlsm
CY14,0.02,p0p020,SA,6,cHM,3.0963,3.0963,,CY14_Coeffs,Q6,NGAW2_GMPE_Spreadsheets_v5.7_041415_ProtectedLocked.xlsm
CY14,0.02,p0p020,SA,6,c6,0.4925,0.4925,,CY14_Coeffs,R6,NGAW2_GMPE_Spreadsheets_v5.7_041415_ProtectedLocked.xlsm
CY14,0.02,p0p020,SA,6,c7,0.0352,0.0352,,CY14_Coeffs,S6,NGAW2_GMPE_Spreadsheets_v5.7_041415_ProtectedLocked.xlsm
CY14,0.02,p0p020,SA,6,c7b,0.0472,0.0472,,CY14_Coeffs,T6,NGAW2_GMPE_Spreadsheets_v5.7_041415_ProtectedLocked.xlsm
CY14,0.02,p0p020,SA,6,c8b,1.2144,1.2144,,CY14_Coeffs,U6,NGAW2_GMPE_Spreadsheets_v5.7_041415_ProtectedLocked.xlsm
CY14,0.02,p0p020,SA,6,c9,0.9296,0.9296,,CY14_Coeffs,V6,NGAW2_GMPE_Spreadsheets_v5.7_041415_ProtectedLocked.xlsm
CY14,0.02,p0p020,SA,6,c9a,0.1217,0.1217,,CY14_Coeffs,W6,NGAW2_GMPE_Spreadsheets_v5.7_041415_ProtectedLocked.xlsm
CY14,0.02,p0p020,SA,6,c9b,6.8697,6.8697,,CY14_Coeffs,X6,NGAW2_GMPE_Spreadsheets_v5.7_041415_ProtectedLocked.xlsm
CY14,0.02,p0p020,SA,6,c11,0,0,,CY14_Coeffs,Y6,NGAW2_GMPE_Spreadsheets_v5.7_041415_ProtectedLocked.xlsm
CY14,0.02,p0p020,SA,6,c11b,-0.4536,-0.4536,,CY14_Coeffs,Z6,NGAW2_GMPE_Spreadsheets_v5.7_041415_ProtectedLocked.xlsm
CY14,0.02,p0p020,SA,6,cg1,-0.007249,-0.007249,,CY14_Coeffs,AA6,NGAW2_GMPE_Spreadsheets_v5.7_041415_ProtectedLocked.xlsm
CY14,0.02,p0p020,SA,6,cg2,-0.006758,-0.006758,,CY14_Coeffs,AB6,NGAW2_GMPE_Spreadsheets_v5.7_041415_ProtectedLocked.xlsm
CY14,0.02,p0p020,SA,6,cg3,4.2386,4.2386,,CY14_Coeffs,AC6,NGAW2_GMPE_Spreadsheets_v5.7_041415_ProtectedLocked.xlsm
CY14,0.02,p0p020,SA,6,f1,-0.5055,-0.5055,,CY14_Coeffs,AD6,NGAW2_GMPE_Spreadsheets_v5.7_041415_ProtectedLocked.xlsm
CY14,0.02,p0p020,SA,6,f2,-0.1364,-0.1364,,CY14_Coeffs,AE6,NGAW2_GMPE_Spreadsheets_v5.7_041415_ProtectedLocked.xlsm
CY14,0.02,p0p020,SA,6,f3,-0.007279,-0.007279,,CY14_Coeffs,AF6,NGAW2_GMPE_Spreadsheets_v5.7_041415_ProtectedLocked.xlsm
CY14,0.02,p0p020,SA,6,f4,0.10836,0.10836,,CY14_Coeffs,AG6,NGAW2_GMPE_Spreadsheets_v5.7_041415_ProtectedLocked.xlsm
CY14,0.02,p0p020,SA,6,f5,0,0,,CY14_Coeffs,AH6,NGAW2_GMPE_Spreadsheets_v5.7_041415_ProtectedLocked.xlsm
CY14,0.02,p0p020,SA,6,f6,300,300,,CY14_Coeffs,AI6,NGAW2_GMPE_Spreadsheets_v5.7_041415_ProtectedLocked.xlsm
CY14,0.02,p0p020,SA,6,t1,0.4026,0.4026,,CY14_Coeffs,AJ6,NGAW2_GMPE_Spreadsheets_v5.7_041415_ProtectedLocked.xlsm
CY14,0.02,p0p020,SA,6,t2,0.2637,0.2637,,CY14_Coeffs,AK6,NGAW2_GMPE_Spreadsheets_v5.7_041415_ProtectedLocked.xlsm
CY14,0.02,p0p020,SA,6,s1,0.4904,0.4904,,CY14_Coeffs,AL6,NGAW2_GMPE_Spreadsheets_v5.7_041415_ProtectedLocked.xlsm
CY14,0.02,p0p020,SA,6,s2,0.3762,0.3762,,CY14_Coeffs,AM6,NGAW2_GMPE_Spreadsheets_v5.7_041415_ProtectedLocked.xlsm
CY14,0.02,p0p020,SA,6,s3,0.8,0.8,,CY14_Coeffs,AN6,NGAW2_GMPE_Spreadsheets_v5.7_041415_ProtectedLocked.xlsm
CY14,0.02,p0p020,SA,6,"s2,JP",0.4551,0.4551,,CY14_Coeffs,AO6,NGAW2_GMPE_Spreadsheets_v5.7_041415_ProtectedLocked.xlsm
CY14,0.02,p0p020,SA,6,gJp-It,1.574,1.574,,CY14_Coeffs,AP6,NGAW2_GMPE_Spreadsheets_v5.7_041415_ProtectedLocked.xlsm
CY14,0.02,p0p020,SA,6,gWn,0.7606,0.7606,,CY14_Coeffs,AQ6,NGAW2_GMPE_Spreadsheets_v5.7_041415_ProtectedLocked.xlsm
CY14,0.02,p0p020,SA,6,f1Jp,-0.6681,-0.6681,,CY14_Coeffs,AR6,NGAW2_GMPE_Spreadsheets_v5.7_041415_ProtectedLocked.xlsm
CY14,0.02,p0p020,SA,6,f5JP,0.458,0.458,,CY14_Coeffs,AS6,NGAW2_GMPE_Spreadsheets_v5.7_041415_ProtectedLocked.xlsm
CY14,0.02,p0p020,SA,6,f6JP,800,800,,CY14_Coeffs,AT6,NGAW2_GMPE_Spreadsheets_v5.7_041415_ProtectedLocked.xlsm
CY14,0.03,p0p030,SA,7,c2,1.06,1.06,,CY14_Coeffs,B7,NGAW2_GMPE_Spreadsheets_v5.7_041415_ProtectedLocked.xlsm
CY14,0.03,p0p030,SA,7,c4,-2.1,-2.1,,CY14_Coeffs,C7,NGAW2_GMPE_Spreadsheets_v5.7_041415_ProtectedLocked.xlsm
CY14,0.03,p0p030,SA,7,c4a,-0.5,-0.5,,CY14_Coeffs,D7,NGAW2_GMPE_Spreadsheets_v5.7_041415_ProtectedLocked.xlsm
CY14,0.03,p0p030,SA,7,cRB,50,50,,CY14_Coeffs,E7,NGAW2_GMPE_Spreadsheets_v5.7_041415_ProtectedLocked.xlsm
CY14,0.03,p0p030,SA,7,c8,0,0,,CY14_Coeffs,F7,NGAW2_GMPE_Spreadsheets_v5.7_041415_ProtectedLocked.xlsm
CY14,0.03,p0p030,SA,7,c8a,0.2695,0.2695,,CY14_Coeffs,G7,NGAW2_GMPE_Spreadsheets_v5.7_041415_ProtectedLocked.xlsm
CY14,0.03,p0p030,SA,7,c1,-1.2972,-1.2972,,CY14_Coeffs,H7,NGAW2_GMPE_Spreadsheets_v5.7_041415_ProtectedLocked.xlsm
CY14,0.03,p0p030,SA,7,c1a,0.165,0.165,,CY14_Coeffs,I7,NGAW2_GMPE_Spreadsheets_v5.7_041415_ProtectedLocked.xlsm
CY14,0.03,p0p030,SA,7,c1b,-0.255,-0.255,,CY14_Coeffs,J7,NGAW2_GMPE_Spreadsheets_v5.7_041415_ProtectedLocked.xlsm
CY14,0.03,p0p030,SA,7,c1c,-0.165,-0.165,,CY14_Coeffs,K7,NGAW2_GMPE_Spreadsheets_v5.7_041415_ProtectedLocked.xlsm
CY14,0.03,p0p030,SA,7,c1d,0.255,0.255,,CY14_Coeffs,L7,NGAW2_GMPE_Spreadsheets_v5.7_041415_ProtectedLocked.xlsm
CY14,0.03,p0p030,SA,7,cn,15.8819,15.8819,,CY14_Coeffs,M7,NGAW2_GMPE_Spreadsheets_v5.7_041415_ProtectedLocked.xlsm
CY14,0.03,p0p030,SA,7,cM,4.9993,4.9993,,CY14_Coeffs,N7,NGAW2_GMPE_Spreadsheets_v5.7_041415_ProtectedLocked.xlsm
CY14,0.03,p0p030,SA,7,c3,1.9636,1.9636,,CY14_Coeffs,O7,NGAW2_GMPE_Spreadsheets_v5.7_041415_ProtectedLocked.xlsm
CY14,0.03,p0p030,SA,7,c5,6.4551,6.4551,,CY14_Coeffs,P7,NGAW2_GMPE_Spreadsheets_v5.7_041415_ProtectedLocked.xlsm
CY14,0.03,p0p030,SA,7,cHM,3.0974,3.0974,,CY14_Coeffs,Q7,NGAW2_GMPE_Spreadsheets_v5.7_041415_ProtectedLocked.xlsm
CY14,0.03,p0p030,SA,7,c6,0.4992,0.4992,,CY14_Coeffs,R7,NGAW2_GMPE_Spreadsheets_v5.7_041415_ProtectedLocked.xlsm
CY14,0.03,p0p030,SA,7,c7,0.0352,0.0352,,CY14_Coeffs,S7,NGAW2_GMPE_Spreadsheets_v5.7_041415_ProtectedLocked.xlsm
CY14,0.03,p0p030,SA,7,c7b,0.0533,0.0533,,CY14_Coeffs,T7,NGAW2_GMPE_Spreadsheets_v5.7_041415_ProtectedLocked.xlsm
CY14,0.03,p0p030,SA,7,c8b,1.6421,1.6421,,CY14_Coeffs,U7,NGAW2_GMPE_Spreadsheets_v5.7_041415_ProtectedLocked.xlsm
CY14,0.03,p0p030,SA,7,c9,0.9396,0.9396,,CY14_Coeffs,V7,NGAW2_GMPE_Spreadsheets_v5.7_041415_ProtectedLocked.xlsm
CY14,0.03,p0p030,SA,7,c9a,0.1194,0.1194,,CY14_Coeffs,W7,NGAW2_GMPE_Spreadsheets_v5.7_041415_ProtectedLocked.xlsm
CY14,0.03,p0p030,SA,7,c9b,6.9113,6.9113,,CY14_Coeffs,X7,NGAW2_GMPE_Spreadsheets_v5.7_041415_ProtectedLocked.xlsm
CY14,0.03,p0p030,SA,7,c11,0,0,,CY14_Coeffs,Y7,NGAW2_GMPE_Spreadsheets_v5.7_041415_ProtectedLocked.xlsm
CY14,0.03,p0p030,SA,7,c11b,-0.4536,-0.4536,,CY14_Coeffs,Z7,NGAW2_GMPE_Spreadsheets_v5.7_041415_ProtectedLocked.xlsm
CY14,0.03,p0p030,SA,7,cg1,-0.007869,-0.007869,,CY14_Coeffs,AA7,NGAW2_GMPE_Spreadsheets_v5.7_041415_ProtectedLocked.xlsm
CY14,0.03,p0p030,SA,7,cg2,-0.006758,-0.006758,,CY14_Coeffs,AB7,NGAW2_GMPE_Spreadsheets_v5.7_041415_ProtectedLocked.xlsm
CY14,0.03,p0p030,SA,7,cg3,4.2519,4.2519,,CY14_Coeffs,AC7,NGAW2_GMPE_Spreadsheets_v5.7_041415_ProtectedLocked.xlsm
CY14,0.03,p0p030,SA,7,f1,-0.4368,-0.4368,,CY14_Coeffs,AD7,NGAW2_GMPE_Spreadsheets_v5.7_041415_ProtectedLocked.xlsm
CY14,0.03,p0p030,SA,7,f2,-0.1403,-0.1403,,CY14_Coeffs,AE7,NGAW2_GMPE_Spreadsheets_v5.7_041415_ProtectedLocked.xlsm
CY14,0.03,p0p030,SA,7,f3,-0.007354,-0.007354,,CY14_Coeffs,AF7,NGAW2_GMPE_Spreadsheets_v5.7_041415_ProtectedLocked.xlsm
CY14,0.03,p0p030,SA,7,f4,0.119888,0.119888,,CY14_Coeffs,AG7,NGAW2_GMPE_Spreadsheets_v5.7_041415_ProtectedLocked.xlsm
CY14,0.03,p0p030,SA,7,f5,0,0,,CY14_Coeffs,AH7,NGAW2_GMPE_Spreadsheets_v5.7_041415_ProtectedLocked.xlsm
CY14,0.03,p0p030,SA,7,f6,300,300,,CY14_Coeffs,AI7,NGAW2_GMPE_Spreadsheets_v5.7_041415_ProtectedLocked.xlsm
CY14,0.03,p0p030,SA,7,t1,0.4063,0.4063,,CY14_Coeffs,AJ7,NGAW2_GMPE_Spreadsheets_v5.7_041415_ProtectedLocked.xlsm
CY14,0.03,p0p030,SA,7,t2,0.2689,0.2689,,CY14_Coeffs,AK7,NGAW2_GMPE_Spreadsheets_v5.7_041415_ProtectedLocked.xlsm
CY14,0.03,p0p030,SA,7,s1,0.4988,0.4988,,CY14_Coeffs,AL7,NGAW2_GMPE_Spreadsheets_v5.7_041415_ProtectedLocked.xlsm
CY14,0.03,p0p030,SA,7,s2,0.3849,0.3849,,CY14_Coeffs,AM7,NGAW2_GMPE_Spreadsheets_v5.7_041415_ProtectedLocked.xlsm
CY14,0.03,p0p030,SA,7,s3,0.8,0.8,,CY14_Coeffs,AN7,NGAW2_GMPE_Spreadsheets_v5.7_041415_ProtectedLocked.xlsm
CY14,0.03,p0p030,SA,7,"s2,JP",0.4571,0.4571,,CY14_Coeffs,AO7,NGAW2_GMPE_Spreadsheets_v5.7_041415_ProtectedLocked.xlsm
CY14,0.03,p0p030,SA,7,gJp-It,1.5544,1.5544,,CY14_Coeffs,AP7,NGAW2_GMPE_Spreadsheets_v5.7_041415_ProtectedLocked.xlsm
CY14,0.03,p0p030,SA,7,gWn,0.7642,0.7642,,CY14_Coeffs,AQ7,NGAW2_GMPE_Spreadsheets_v5.7_041415_ProtectedLocked.xlsm
CY14,0.03,p0p030,SA,7,f1Jp,-0.6314,-0.6314,,CY14_Coeffs,AR7,NGAW2_GMPE_Spreadsheets_v5.7_041415_ProtectedLocked.xlsm
CY14,0.03,p0p030,SA,7,f5JP,0.462,0.462,,CY14_Coeffs,AS7,NGAW2_GMPE_Spreadsheets_v5.7_041415_ProtectedLocked.xlsm
CY14,0.03,p0p030,SA,7,f6JP,800,800,,CY14_Coeffs,AT7,NGAW2_GMPE_Spreadsheets_v5.7_041415_ProtectedLocked.xlsm
CY14,0.04,p0p040,SA,8,c2,1.06,1.06,,CY14_Coeffs,B8,NGAW2_GMPE_Spreadsheets_v5.7_041415_ProtectedLocked.xlsm
CY14,0.04,p0p040,SA,8,c4,-2.1,-2.1,,CY14_Coeffs,C8,NGAW2_GMPE_Spreadsheets_v5.7_041415_ProtectedLocked.xlsm
CY14,0.04,p0p040,SA,8,c4a,-0.5,-0.5,,CY14_Coeffs,D8,NGAW2_GMPE_Spreadsheets_v5.7_041415_ProtectedLocked.xlsm
CY14,0.04,p0p040,SA,8,cRB,50,50,,CY14_Coeffs,E8,NGAW2_GMPE_Spreadsheets_v5.7_041415_ProtectedLocked.xlsm
CY14,0.04,p0p040,SA,8,c8,0,0,,CY14_Coeffs,F8,NGAW2_GMPE_Spreadsheets_v5.7_041415_ProtectedLocked.xlsm
CY14,0.04,p0p040,SA,8,c8a,0.2695,0.2695,,CY14_Coeffs,G8,NGAW2_GMPE_Spreadsheets_v5.7_041415_ProtectedLocked.xlsm
CY14,0.04,p0p040,SA,8,c1,-1.1007,-1.1007,,CY14_Coeffs,H8,NGAW2_GMPE_Spreadsheets_v5.7_041415_ProtectedLocked.xlsm
CY14,0.04,p0p040,SA,8,c1a,0.165,0.165,,CY14_Coeffs,I8,NGAW2_GMPE_Spreadsheets_v5.7_041415_ProtectedLocked.xlsm
CY14,0.04,p0p040,SA,8,c1b,-0.255,-0.255,,CY14_Coeffs,J8,NGAW2_GMPE_Spreadsheets_v5.7_041415_ProtectedLocked.xlsm
CY14,0.04,p0p040,SA,8,c1c,-0.165,-0.165,,CY14_Coeffs,K8,NGAW2_GMPE_Spreadsheets_v5.7_041415_ProtectedLocked.xlsm
CY14,0.04,p0p040,SA,8,c1d,0.255,0.255,,CY14_Coeffs,L8,NGAW2_GMPE_Spreadsheets_v5.7_041415_ProtectedLocked.xlsm
CY14,0.04,p0p040,SA,8,cn,16.4556,16.4556,,CY14_Coeffs,M8,NGAW2_GMPE_Spreadsheets_v5.7_041415_ProtectedLocked.xlsm
CY14,0.04,p0p040,SA,8,cM,4.9993,4.9993,,CY14_Coeffs,N8,NGAW2_GMPE_Spreadsheets_v5.7_041415_ProtectedLocked.xlsm
CY14,0.04,p0p040,SA,8,c3,1.9636,1.9636,,CY14_Coeffs,O8,NGAW2_GMPE_Spreadsheets_v5.7_041415_ProtectedLocked.xlsm
CY14,0.04,p0p040,SA,8,c5,6.4551,6.4551,,CY14_Coeffs,P8,NGAW2_GMPE_Spreadsheets_v5.7_041415_ProtectedLocked.xlsm
CY14,0.04,p0p040,SA,8,cHM,3.0988,3.0988,,CY14_Coeffs,Q8,NGAW2_GMPE_Spreadsheets_v5.7_041415_ProtectedLocked.xlsm
CY14,0.04,p0p040,SA,8,c6,0.5037,0.5037,,CY14_Coeffs,R8,NGAW2_GMPE_Spreadsheets_v5.7_041415_ProtectedLocked.xlsm
CY14,0.04,p0p040,SA,8,c7,0.0352,0.0352,,CY14_Coeffs,S8,NGAW2_GMPE_Spreadsheets_v5.7_041415_ProtectedLocked.xlsm
CY14,0.04,p0p040,SA,8,c7b,0.0596,0.0596,,CY14_Coeffs,T8,NGAW2_GMPE_Spreadsheets_v5.7_041415_ProtectedLocked.xlsm
CY14,0.04,p0p040,SA,8,c8b,1.9456,1.9456,,CY14_Coeffs,U8,NGAW2_GMPE_Spreadsheets_v5.7_041415_ProtectedLocked.xlsm
CY14,0.04,p0p040,SA,8,c9,0.9661,0.9661,,CY14_Coeffs,V8,NGAW2_GMPE_Spreadsheets_v5.7_041415_ProtectedLocked.xlsm
CY14,0.04,p0p040,SA,8,c9a,0.1166,0.1166,,CY14_Coeffs,W8,NGAW2_GMPE_Spreadsheets_v5.7_041415_ProtectedLocked.xlsm
CY14,0.04,p0p040,SA,8,c9b,7.0271,7.0271,,CY14_Coeffs,X8,NGAW2_GMPE_Spreadsheets_v5.7_041415_ProtectedLocked.xlsm
CY14,0.04,p0p040,SA,8,c11,0,0,,CY14_Coeffs,Y8,NGAW2_GMPE_Spreadsheets_v5.7_041415_ProtectedLocked.xlsm
CY14,0.04,p0p040,SA,8,c11b,-0.4536,-0.4536,,CY14_Coeffs,Z8,NGAW2_GMPE_Spreadsheets_v5.7_041415_ProtectedLocked.xlsm
CY14,0.04,p0p040,SA,8,cg1,-0.008316,-0.008316,,CY14_Coeffs,AA8,NGAW2_GMPE_Spreadsheets_v5.7_041415_ProtectedLocked.xlsm
CY14,0.04,p0p040,SA,8,cg2,-0.006758,-0.006758,,CY14_Coeffs,AB8,NGAW2_GMPE_Spreadsheets_v5.7_041415_ProtectedLocked.xlsm
CY14,0.04,p0p040,SA,8,cg3,4.296,4.296,,CY14_Coeffs,AC8,NGAW2_GMPE_Spreadsheets_v5.7_041415_ProtectedLocked.xlsm
CY14,0.04,p0p040,SA,8,f1,-0.3752,-0.3752,,CY14_Coeffs,AD8,NGAW2_GMPE_Spreadsheets_v5.7_041415_ProtectedLocked.xlsm
CY14,0.04,p0p040,SA,8,f2,-0.1591,-0.1591,,CY14_Coeffs,AE8,NGAW2_GMPE_Spreadsheets_v5.7_041415_ProtectedLocked.xlsm
CY14,0.04,p0p040,SA,8,f3,-0.006977,-0.006977,,CY14_Coeffs,AF8,NGAW2_GMPE_Spreadsheets_v5.7_041415_ProtectedLocked.xlsm
CY14,0.04,p0p040,SA,8,f4,0.133641,0.133641,,CY14_Coeffs,AG8,NGAW2_GMPE_Spreadsheets_v5.7_041415_ProtectedLocked.xlsm
CY14,0.04,p0p040,SA,8,f5,0,0,,CY14_Coeffs,AH8,NGAW2_GMPE_Spreadsheets_v5.7_041415_ProtectedLocked.xlsm
CY14,0.04,p0p040,SA,8,f6,300,300,,CY14_Coeffs,AI8,NGAW2_GMPE_Spreadsheets_v5.7_041415_ProtectedLocked.xlsm
CY14,0.04,p0p040,SA,8,t1,0.4095,0.4095,,CY14_Coeffs,AJ8,NGAW2_GMPE_Spreadsheets_v5.7_041415_ProtectedLocked.xlsm
CY14,0.04,p0p040,SA,8,t2,0.2736,0.2736,,CY14_Coeffs,AK8,NGAW2_GMPE_Spreadsheets_v5.7_041415_ProtectedLocked.xlsm
CY14,0.04,p0p040,SA,8,s1,0.5049,0.5049,,CY14_Coeffs,AL8,NGAW2_GMPE_Spreadsheets_v5.7_041415_ProtectedLocked.xlsm
CY14,0.04,p0p040,SA,8,s2,0.391,0.391,,CY14_Coeffs,AM8,NGAW2_GMPE_Spreadsheets_v5.7_041415_ProtectedLocked.xlsm
CY14,0.04,p0p040,SA,8,s3,0.8,0.8,,CY14_Coeffs,AN8,NGAW2_GMPE_Spreadsheets_v5.7_041415_ProtectedLocked.xlsm
CY14,0.04,p0p040,SA,8,"s2,JP",0.4642,0.4642,,CY14_Coeffs,AO8,NGAW2_GMPE_Spreadsheets_v5.7_041415_ProtectedLocked.xlsm
CY14,0.04,p0p040,SA,8,gJp-It,1.5502,1.5502,,CY14_Coeffs,AP8,NGAW2_GMPE_Spreadsheets_v5.7_041415_ProtectedLocked.xlsm
CY14,0.04,p0p040,SA,8,gWn,0.7676,0.7676,,CY14_Coeffs,AQ8,NGAW2_GMPE_Spreadsheets_v5.7_041415_ProtectedLocked.xlsm
CY14,0.04,p0p040,SA,8,f1Jp,-0.5855,-0.5855,,CY14_Coeffs,AR8,NGAW2_GMPE_Spreadsheets_v5.7_041415_ProtectedLocked.xlsm
CY14,0.04,p0p040,SA,8,f5JP,0.453,0.453,,CY14_Coeffs,AS8,NGAW2_GMPE_Spreadsheets_v5.7_041415_ProtectedLocked.xlsm
CY14,0.04,p0p040,SA,8,f6JP,800,800,,CY14_Coeffs,AT8,NGAW2_GMPE_Spreadsheets_v5.7_041415_ProtectedLocked.xlsm
CY14,0.05,p0p050,SA,9,c2,1.06,1.06,,CY14_Coeffs,B9,NGAW2_GMPE_Spreadsheets_v5.7_041415_ProtectedLocked.xlsm
CY14,0.05,p0p050,SA,9,c4,-2.1,-2.1,,CY14_Coeffs,C9,NGAW2_GMPE_Spreadsheets_v5.7_041415_ProtectedLocked.xlsm
CY14,0.05,p0p050,SA,9,c4a,-0.5,-0.5,,CY14_Coeffs,D9,NGAW2_GMPE_Spreadsheets_v5.7_041415_ProtectedLocked.xlsm
CY14,0.05,p0p050,SA,9,cRB,50,50,,CY14_Coeffs,E9,NGAW2_GMPE_Spreadsheets_v5.7_041415_ProtectedLocked.xlsm
CY14,0.05,p0p050,SA,9,c8,0,0,,CY14_Coeffs,F9,NGAW2_GMPE_Spreadsheets_v5.7_041415_ProtectedLocked.xlsm
CY14,0.05,p0p050,SA,9,c8a,0.2695,0.2695,,CY14_Coeffs,G9,NGAW2_GMPE_Spreadsheets_v5.7_041415_ProtectedLocked.xlsm
CY14,0.05,p0p050,SA,9,c1,-0.9292,-0.9292,,CY14_Coeffs,H9,NGAW2_GMPE_Spreadsheets_v5.7_041415_ProtectedLocked.xlsm
CY14,0.05,p0p050,SA,9,c1a,0.165,0.165,,CY14_Coeffs,I9,NGAW2_GMPE_Spreadsheets_v5.7_041415_ProtectedLocked.xlsm
CY14,0.05,p0p050,SA,9,c1b,-0.255,-0.255,,CY14_Coeffs,J9,NGAW2_GMPE_Spreadsheets_v5.7_041415_ProtectedLocked.xlsm
CY14,0.05,p0p050,SA,9,c1c,-0.165,-0.165,,CY14_Coeffs,K9,NGAW2_GMPE_Spreadsheets_v5.7_041415_ProtectedLocked.xlsm
CY14,0.05,p0p050,SA,9,c1d,0.255,0.255,,CY14_Coeffs,L9,NGAW2_GMPE_Spreadsheets_v5.7_041415_ProtectedLocked.xlsm
CY14,0.05,p0p050,SA,9,cn,17.6453,17.6453,,CY14_Coeffs,M9,NGAW2_GMPE_Spreadsheets_v5.7_041415_ProtectedLocked.xlsm
CY14,0.05,p0p050,SA,9,cM,4.9993,4.9993,,CY14_Coeffs,N9,NGAW2_GMPE_Spreadsheets_v5.7_041415_ProtectedLocked.xlsm
CY14,0.05,p0p050,SA,9,c3,1.9636,1.9636,,CY14_Coeffs,O9,NGAW2_GMPE_Spreadsheets_v5.7_041415_ProtectedLocked.xlsm
CY14,0.05,p0p050,SA,9,c5,6.4551,6.4551,,CY14_Coeffs,P9,NGAW2_GMPE_Spreadsheets_v5.7_041415_ProtectedLocked.xlsm
CY14,0.05,p0p050,SA,9,cHM,3.1011,3.1011,,CY14_Coeffs,Q9,NGAW2_GMPE_Spreadsheets_v5.7_041415_ProtectedLocked.xlsm
CY14,0.05,p0p050,SA,9,c6,0.5048,0.5048,,CY14_Coeffs,R9,NGAW2_GMPE_Spreadsheets_v5.7_041415_ProtectedLocked.xlsm
CY14,0.05,p0p050,SA,9,c7,0.0352,0.0352,,CY14_Coeffs,S9,NGAW2_GMPE_Spreadsheets_v5.7_041415_ProtectedLocked.xlsm
CY14,0.05,p0p050,SA,9,c7b,0.0639,0.0639,,CY14_Coeffs,T9,NGAW2_GMPE_Spreadsheets_v5.7_041415_ProtectedLocked.xlsm
CY14,0.05,p0p050,SA,9,c8b,2.181,2.181,,CY14_Coeffs,U9,NGAW2_GMPE_Spreadsheets_v5.7_041415_ProtectedLocked.xlsm
CY14,0.05,p0p050,SA,9,c9,0.9794,0.9794,,CY14_Coeffs,V9,NGAW2_GMPE_Spreadsheets_v5.7_041415_ProtectedLocked.xlsm
CY14,0.05,p0p050,SA,9,c9a,0.1176,0.1176,,CY14_Coeffs,W9,NGAW2_GMPE_Spreadsheets_v5.7_041415_ProtectedLocked.xlsm
CY14,0.05,p0p050,SA,9,c9b,7.0959,7.0959,,CY14_Coeffs,X9,NGAW2_GMPE_Spreadsheets_v5.7_041415_ProtectedLocked.xlsm
CY14,0.05,p0p050,SA,9,c11,0,0,,CY14_Coeffs,Y9,NGAW2_GMPE_Spreadsheets_v5.7_041415_ProtectedLocked.xlsm
CY14,0.05,p0p050,SA,9,c11b,-0.4536,-0.4536,,CY14_Coeffs,Z9,NGAW2_GMPE_Spreadsheets_v5.7_041415_ProtectedLocked.xlsm
CY14,0.05,p0p050,SA,9,cg1,-0.008743,-0.008743,,CY14_Coeffs,AA9,NGAW2_GMPE_Spreadsheets_v5.7_041415_ProtectedLocked.xlsm
CY14,0.05,p0p050,SA,9,cg2,-0.006758,-0.006758,,CY14_Coeffs,AB9,NGAW2_GMPE_Spreadsheets_v5.7_041415_ProtectedLocked.xlsm
CY14,0.05,p0p050,SA,9,cg3,4.3578,4.3578,,CY14_Coeffs,AC9,NGAW2_GMPE_Spreadsheets_v5.7_041415_ProtectedLocked.xlsm
CY14,0.05,p0p050,SA,9,f1,-0.3469,-0.3469,,CY14_Coeffs,AD9,NGAW2_GMPE_Spreadsheets_v5.7_041415_ProtectedLocked.xlsm
CY14,0.05,p0p050,SA,9,f2,-0.1862,-0.1862,,CY14_Coeffs,AE9,NGAW2_GMPE_Spreadsheets_v5.7_041415_ProtectedLocked.xlsm
CY14,0.05,p0p050,SA,9,f3,-0.006467,-0.006467,,CY14_Coeffs,AF9,NGAW2_GMPE_Spreadsheets_v5.7_041415_ProtectedLocked.xlsm
CY14,0.05,p0p050,SA,9,f4,0.148927,0.148927,,CY14_Coeffs,AG9,NGAW2_GMPE_Spreadsheets_v5.7_041415_ProtectedLocked.xlsm
CY14,0.05,p0p050,SA,9,f5,0,0,,CY14_Coeffs,AH9,NGAW2_GMPE_Spreadsheets_v5.7_041415_ProtectedLocked.xlsm
CY14,0.05,p0p050,SA,9,f6,300,300,,CY14_Coeffs,AI9,NGAW2_GMPE_Spreadsheets_v5.7_041415_ProtectedLocked.xlsm
CY14,0.05,p0p050,SA,9,t1,0.4124,0.4124,,CY14_Coeffs,AJ9,NGAW2_GMPE_Spreadsheets_v5.7_041415_ProtectedLocked.xlsm
CY14,0.05,p0p050,SA,9,t2,0.2777,0.2777,,CY14_Coeffs,AK9,NGAW2_GMPE_Spreadsheets_v5.7_041415_ProtectedLocked.xlsm
CY14,0.05,p0p050,SA,9,s1,0.5096,0.5096,,CY14_Coeffs,AL9,NGAW2_GMPE_Spreadsheets_v5.7_041415_ProtectedLocked.xlsm
CY14,0.05,p0p050,SA,9,s2,0.3957,0.3957,,CY14_Coeffs,AM9,NGAW2_GMPE_Spreadsheets_v5.7_041415_ProtectedLocked.xlsm
CY14,0.05,p0p050,SA,9,s3,0.8,0.8,,CY14_Coeffs,AN9,NGAW2_GMPE_Spreadsheets_v5.7_041415_ProtectedLocked.xlsm
CY14,0.05,p0p050,SA,9,"s2,JP",0.4716,0.4716,,CY14_Coeffs,AO9,NGAW2_GMPE_Spreadsheets_v5.7_041415_ProtectedLocked.xlsm
CY14,0.05,p0p050,SA,9,gJp-It,1.5391,1.5391,,CY14_Coeffs,AP9,NGAW2_GMPE_Spreadsheets_v5.7_041415_ProtectedLocked.xlsm
CY14,0.05,p0p050,SA,9,gWn,0.7739,0.7739,,CY14_Coeffs,AQ9,NGAW2_GMPE_Spreadsheets_v5.7_041415_ProtectedLocked.xlsm
CY14,0.05,p0p050,SA,9,f1Jp,-0.5457,-0.5457,,CY14_Coeffs,AR9,NGAW2_GMPE_Spreadsheets_v5.7_041415_ProtectedLocked.xlsm
CY14,0.05,p0p050,SA,9,f5JP,0.436,0.436,,CY14_Coeffs,AS9,NGAW2_GMPE_Spreadsheets_v5.7_041415_ProtectedLocked.xlsm
CY14,0.05,p0p050,SA,9,f6JP,800,800,,CY14_Coeffs,AT9,NGAW2_GMPE_Spreadsheets_v5.7_041415_ProtectedLocked.xlsm
CY14,0.075,p0p075,SA,10,c2,1.06,1.06,,CY14_Coeffs,B10,NGAW2_GMPE_Spreadsheets_v5.7_041415_ProtectedLocked.xlsm
CY14,0.075,p0p075,SA,10,c4,-2.1,-2.1,,CY14_Coeffs,C10,NGAW2_GMPE_Spreadsheets_v5.7_041415_ProtectedLocked.xlsm
CY14,0.075,p0p075,SA,10,c4a,-0.5,-0.5,,CY14_Coeffs,D10,NGAW2_GMPE_Spreadsheets_v5.7_041415_ProtectedLocked.xlsm
CY14,0.075,p0p075,SA,10,cRB,50,50,,CY14_Coeffs,E10,NGAW2_GMPE_Spreadsheets_v5.7_041415_ProtectedLocked.xlsm
CY14,0.075,p0p075,SA,10,c8,0,0,,CY14_Coeffs,F10,NGAW2_GMPE_Spreadsheets_v5.7_041415_ProtectedLocked.xlsm
CY14,0.075,p0p075,SA,10,c8a,0.2695,0.2695,,CY14_Coeffs,G10,NGAW2_GMPE_Spreadsheets_v5.7_041415_ProtectedLocked.xlsm
CY14,0.075,p0p075,SA,10,c1,-0.658,-0.658,,CY14_Coeffs,H10,NGAW2_GMPE_Spreadsheets_v5.7_041415_ProtectedLocked.xlsm
CY14,0.075,p0p075,SA,10,c1a,0.165,0.165,,CY14_Coeffs,I10,NGAW2_GMPE_Spreadsheets_v5.7_041415_ProtectedLocked.xlsm
CY14,0.075,p0p075,SA,10,c1b,-0.254,-0.254,,CY14_Coeffs,J10,NGAW2_GMPE_Spreadsheets_v5.7_041415_ProtectedLocked.xlsm
CY14,0.075,p0p075,SA,10,c1c,-0.165,-0.165,,CY14_Coeffs,K10,NGAW2_GMPE_Spreadsheets_v5.7_041415_ProtectedLocked.xlsm
CY14,0.075,p0p075,SA,10,c1d,0.254,0.254,,CY14_Coeffs,L10,NGAW2_GMPE_Spreadsheets_v5.7_041415_ProtectedLocked.xlsm
CY14,0.075,p0p075,SA,10,cn,20.1772,20.1772,,CY14_Coeffs,M10,NGAW2_GMPE_Spreadsheets_v5.7_041415_ProtectedLocked.xlsm
CY14,0.075,p0p075,SA,10,cM,5.0031,5.0031,,CY14_Coeffs,N10,NGAW2_GMPE_Spreadsheets_v5.7_041415_ProtectedLocked.xlsm
CY14,0.075,p0p075,SA,10,c3,1.9636,1.9636,,CY14_Coeffs,O10,NGAW2_GMPE_Spreadsheets_v5.7_041415_ProtectedLocked.xlsm
CY14,0.075,p0p075,SA,10,c5,6.4551,6.4551,,CY14_Coeffs,P10,NGAW2_GMPE_Spreadsheets_v5.7_041415_ProtectedLocked.xlsm
CY14,0.075,p0p075,SA,10,cHM,3.1094,3.1094,,CY14_Coeffs,Q10,NGAW2_GMPE_Spreadsheets_v5.7_041415_ProtectedLocked.xlsm
CY14,0.075,p0p075,SA,10,c6,0.5048,0.5048,,CY14_Coeffs,R10,NGAW2_GMPE_Spreadsheets_v5.7_041415_ProtectedLocked.xlsm
CY14,0.075,p0p075,SA,10,c7,0.0352,0.0352,,CY14_Coeffs,S10,NGAW2_GMPE_Spreadsheets_v5.7_041415_ProtectedLocked.xlsm
CY14,0.075,p0p075,SA,10,c7b,0.063,0.063,,CY14_Coeffs,T10,NGAW2_GMPE_Spreadsheets_v5.7_041415_ProtectedLocked.xlsm
CY14,0.075,p0p075,SA,10,c8b,2.6087,2.6087,,CY14_Coeffs,U10,NGAW2_GMPE_Spreadsheets_v5.7_041415_ProtectedLocked.xlsm
CY14,0.075,p0p075,SA,10,c9,1.026,1.026,,CY14_Coeffs,V10,NGAW2_GMPE_Spreadsheets_v5.7_041415_ProtectedLocked.xlsm
CY14,0.075,p0p075,SA,10,c9a,0.1171,0.1171,,CY14_Coeffs,W10,NGAW2_GMPE_Spreadsheets_v5.7_041415_ProtectedLocked.xlsm
CY14,0.075,p0p075,SA,10,c9b,7.3298,7.3298,,CY14_Coeffs,X10,NGAW2_GMPE_Spreadsheets_v5.7_041415_ProtectedLocked.xlsm
CY14,0.075,p0p075,SA,10,c11,0,0,,CY14_Coeffs,Y10,NGAW2_GMPE_Spreadsheets_v5.7_041415_ProtectedLocked.xlsm
CY14,0.075,p0p075,SA,10,c11b,-0.4536,-0.4536,,CY14_Coeffs,Z10,NGAW2_GMPE_Spreadsheets_v5.7_041415_ProtectedLocked.xlsm
CY14,0.075,p0p075,SA,10,cg1,-0.009537,-0.009537,,CY14_Coeffs,AA10,NGAW2_GMPE_Spreadsheets_v5.7_041415_ProtectedLocked.xlsm
CY14,0.075,p0p075,SA,10,cg2,-0.00619,-0.00619,,CY14_Coeffs,AB10,NGAW2_GMPE_Spreadsheets_v5.7_041415_ProtectedLocked.xlsm
CY14,0.075,p0p075,SA,10,cg3,4.5455,4.5455,,CY14_Coeffs,AC10,NGAW2_GMPE_Spreadsheets_v5.7_041415_ProtectedLocked.xlsm
CY14,0.075,p0p075,SA,10,f1,-0.3747,-0.3747,,CY14_Coeffs,AD10,NGAW2_GMPE_Spreadsheets_v5.7_041415_ProtectedLocked.xlsm
CY14,0.075,p0p075,SA,10,f2,-0.2538,-0.2538,,CY14_Coeffs,AE10,NGAW2_GMPE_Spreadsheets_v5.7_041415_ProtectedLocked.xlsm
CY14,0.075,p0p075,SA,10,f3,-0.005734,-0.005734,,CY14_Coeffs,AF10,NGAW2_GMPE_Spreadsheets_v5.7_041415_ProtectedLocked.xlsm
CY14,0.075,p0p075,SA,10,f4,0.190596,0.190596,,CY14_Coeffs,AG10,NGAW2_GMPE_Spreadsheets_v5.7_041415_ProtectedLocked.xlsm
CY14,0.075,p0p075,SA,10,f5,0,0,,CY14_Coeffs,AH10,NGAW2_GMPE_Spreadsheets_v5.7_041415_ProtectedLocked.xlsm
CY14,0.075,p0p075,SA,10,f6,300,300,,CY14_Coeffs,AI10,NGAW2_GMPE_Spreadsheets_v5.7_041415_ProtectedLocked.xlsm
CY14,0.075,p0p075,SA,10,t1,0.4179,0.4179,,CY14_Coeffs,AJ10,NGAW2_GMPE_Spreadsheets_v5.7_041415_ProtectedLocked.xlsm
CY14,0.075,p0p075,SA,10,t2,0.2855,0.2855,,CY14_Coeffs,AK10,NGAW2_GMPE_Spreadsheets_v5.7_041415_ProtectedLocked.xlsm
CY14,0.075,p0p075,SA,10,s1,0.5179,0.5179,,CY14_Coeffs,AL10,NGAW2_GMPE_Spreadsheets_v5.7_041415_ProtectedLocked.xlsm
CY14,0.075,p0p075,SA,10,s2,0.4043,0.4043,,CY14_Coeffs,AM10,NGAW2_GMPE_Spreadsheets_v5.7_041415_ProtectedLocked.xlsm
CY14,0.075,p0p075,SA,10,s3,0.8,0.8,,CY14_Coeffs,AN10,NGAW2_GMPE_Spreadsheets_v5.7_041415_ProtectedLocked.xlsm
CY14,0.075,p0p075,SA,10,"s2,JP",0.5022,0.5022,,CY14_Coeffs,AO10,NGAW2_GMPE_Spreadsheets_v5.7_041415_ProtectedLocked.xlsm
CY14,0.075,p0p075,SA,10,gJp-It,1.4804,1.4804,,CY14_Coeffs,AP10,NGAW2_GMPE_Spreadsheets_v5.7_041415_ProtectedLocked.xlsm
CY14,0.075,p0p075,SA,10,gWn,0.7956,0.7956,,CY14_Coeffs,AQ10,NGAW2_GMPE_Spreadsheets_v5.7_041415_ProtectedLocked.xlsm
CY14,0.075,p0p075,SA,10,f1Jp,-0.4685,-0.4685,,CY14_Coeffs,AR10,NGAW2_GMPE_Spreadsheets_v5.7_041415_ProtectedLocked.xlsm
CY14,0.075,p0p075,SA,10,f5JP,0.383,0.383,,CY14_Coeffs,AS10,NGAW2_GMPE_Spreadsheets_v5.7_041415_ProtectedLocked.xlsm
CY14,0.075,p0p075,SA,10,f6JP,800,800,,CY14_Coeffs,AT10,NGAW2_GMPE_Spreadsheets_v5.7_041415_ProtectedLocked.xlsm
CY14,0.1,p0p100,SA,11,c2,1.06,1.06,,CY14_Coeffs,B11,NGAW2_GMPE_Spreadsheets_v5.7_041415_ProtectedLocked.xlsm
CY14,0.1,p0p100,SA,11,c4,-2.1,-2.1,,CY14_Coeffs,C11,NGAW2_GMPE_Spreadsheets_v5.7_041415_ProtectedLocked.xlsm
CY14,0.1,p0p100,SA,11,c4a,-0.5,-0.5,,CY14_Coeffs,D11,NGAW2_GMPE_Spreadsheets_v5.7_041415_ProtectedLocked.xlsm
CY14,0.1,p0p100,SA,11,cRB,50,50,,CY14_Coeffs,E11,NGAW2_GMPE_Spreadsheets_v5.7_041415_ProtectedLocked.xlsm
CY14,0.1,p0p100,SA,11,c8,0,0,,CY14_Coeffs,F11,NGAW2_GMPE_Spreadsheets_v5.7_041415_ProtectedLocked.xlsm
CY14,0.1,p0p100,SA,11,c8a,0.2695,0.2695,,CY14_Coeffs,G11,NGAW2_GMPE_Spreadsheets_v5.7_041415_ProtectedLocked.xlsm
CY14,0.1,p0p100,SA,11,c1,-0.5613,-0.5613,,CY14_Coeffs,H11,NGAW2_GMPE_Spreadsheets_v5.7_041415_ProtectedLocked.xlsm
CY14,0.1,p0p100,SA,11,c1a,0.165,0.165,,CY14_Coeffs,I11,NGAW2_GMPE_Spreadsheets_v5.7_041415_ProtectedLocked.xlsm
CY14,0.1,p0p100,SA,11,c1b,-0.253,-0.253,,CY14_Coeffs,J11,NGAW2_GMPE_Spreadsheets_v5.7_041415_ProtectedLocked.xlsm
CY14,0.1,p0p100,SA,11,c1c,-0.165,-0.165,,CY14_Coeffs,K11,NGAW2_GMPE_Spreadsheets_v5.7_041415_ProtectedLocked.xlsm
CY14,0.1,p0p100,SA,11,c1d,0.253,0.253,,CY14_Coeffs,L11,NGAW2_GMPE_Spreadsheets_v5.7_041415_ProtectedLocked.xlsm
CY14,0.1,p0p100,SA,11,cn,19.9992,19.9992,,CY14_Coeffs,M11,NGAW2_GMPE_Spreadsheets_v5.7_041415_ProtectedLocked.xlsm
CY14,0.1,p0p100,SA,11,cM,5.0172,5.0172,,CY14_Coeffs,N11,NGAW2_GMPE_Spreadsheets_v5.7_041415_ProtectedLocked.xlsm
CY14,0.1,p0p100,SA,11,c3,1.9636,1.9636,,CY14_Coeffs,O11,NGAW2_GMPE_Spreadsheets_v5.7_041415_ProtectedLocked.xlsm
CY14,0.1,p0p100,SA,11,c5,6.8305,6.8305,,CY14_Coeffs,P11,NGAW2_GMPE_Spreadsheets_v5.7_041415_ProtectedLocked.xlsm
CY14,0.1,p0p100,SA,11,cHM,3.2381,3.2381,,CY14_Coeffs,Q11,NGAW2_GMPE_Spreadsheets_v5.7_041415_ProtectedLocked.xlsm
CY14,0.1,p0p100,SA,11,c6,0.5048,0.5048,,CY14_Coeffs,R11,NGAW2_GMPE_Spreadsheets_v5.7_041415_ProtectedLocked.xlsm
CY14,0.1,p0p100,SA,11,c7,0.0352,0.0352,,CY14_Coeffs,S11,NGAW2_GMPE_Spreadsheets_v5.7_041415_ProtectedLocked.xlsm
CY14,0.1,p0p100,SA,11,c7b,0.0532,0.0532,,CY14_Coeffs,T11,NGAW2_GMPE_Spreadsheets_v5.7_041415_ProtectedLocked.xlsm
CY14,0.1,p0p100,SA,11,c8b,2.9122,2.9122,,CY14_Coeffs,U11,NGAW2_GMPE_Spreadsheets_v5.7_041415_ProtectedLocked.xlsm
CY14,0.1,p0p100,SA,11,c9,1.0177,1.0177,,CY14_Coeffs,V11,NGAW2_GMPE_Spreadsheets_v5.7_041415_ProtectedLocked.xlsm
CY14,0.1,p0p100,SA,11,c9a,0.1146,0.1146,,CY14_Coeffs,W11,NGAW2_GMPE_Spreadsheets_v5.7_041415_ProtectedLocked.xlsm
CY14,0.1,p0p100,SA,11,c9b,7.2588,7.2588,,CY14_Coeffs,X11,NGAW2_GMPE_Spreadsheets_v5.7_041415_ProtectedLocked.xlsm
CY14,0.1,p0p100,SA,11,c11,0,0,,CY14_Coeffs,Y11,NGAW2_GMPE_Spreadsheets_v5.7_041415_ProtectedLocked.xlsm
CY14,0.1,p0p100,SA,11,c11b,-0.4536,-0.4536,,CY14_Coeffs,Z11,NGAW2_GMPE_Spreadsheets_v5.7_041415_ProtectedLocked.xlsm
CY14,0.1,p0p100,SA,11,cg1,-0.00983,-0.00983,,CY14_Coeffs,AA11,NGAW2_GMPE_Spreadsheets_v5.7_041415_ProtectedLocked.xlsm
CY14,0.1,p0p100,SA,11,cg2,-0.005332,-0.005332,,CY14_Coeffs,AB11,NGAW2_GMPE_Spreadsheets_v5.7_041415_ProtectedLocked.xlsm
CY14,0.1,p0p100,SA,11,cg3,4.7603,4.7603,,CY14_Coeffs,AC11,NGAW2_GMPE_Spreadsheets_v5.7_041415_ProtectedLocked.xlsm
CY14,0.1,p0p100,SA,11,f1,-0.444,-0.444,,CY14_Coeffs,AD11,NGAW2_GMPE_Spreadsheets_v5.7_041415_ProtectedLocked.xlsm
CY14,0.1,p0p100,SA,11,f2,-0.2943,-0.2943,,CY14_Coeffs,AE11,NGAW2_GMPE_Spreadsheets_v5.7_041415_ProtectedLocked.xlsm
CY14,0.1,p0p100,SA,11,f3,-0.005604,-0.005604,,CY14_Coeffs,AF11,NGAW2_GMPE_Spreadsheets_v5.7_041415_ProtectedLocked.xlsm
CY14,0.1,p0p100,SA,11,f4,0.230662,0.230662,,CY14_Coeffs,AG11,NGAW2_GMPE_Spreadsheets_v5.7_041415_ProtectedLocked.xlsm
CY14,0.1,p0p100,SA,11,f5,0,0,,CY14_Coeffs,AH11,NGAW2_GMPE_Spreadsheets_v5.7_041415_ProtectedLocked.xlsm
CY14,0.1,p0p100,SA,11,f6,300,300,,CY14_Coeffs,AI11,NGAW2_GMPE_Spreadsheets_v5.7_041415_ProtectedLocked.xlsm
CY14,0.1,p0p100,SA,11,t1,0.4219,0.4219,,CY14_Coeffs,AJ11,NGAW2_GMPE_Spreadsheets_v5.7_041415_ProtectedLocked.xlsm
CY14,0.1,p0p100,SA,11,t2,0.2913,0.2913,,CY14_Coeffs,AK11,NGAW2_GMPE_Spreadsheets_v5.7_041415_ProtectedLocked.xlsm
CY14,0.1,p0p100,SA,11,s1,0.5236,0.5236,,CY14_Coeffs,AL11,NGAW2_GMPE_Spreadsheets_v5.7_041415_ProtectedLocked.xlsm
CY14,0.1,p0p100,SA,11,s2,0.4104,0.4104,,CY14_Coeffs,AM11,NGAW2_GMPE_Spreadsheets_v5.7_041415_ProtectedLocked.xlsm
CY14,0.1,p0p100,SA,11,s3,0.8,0.8,,CY14_Coeffs,AN11,NGAW2_GMPE_Spreadsheets_v5.7_041415_ProtectedLocked.xlsm
CY14,0.1,p0p100,SA,11,"s2,JP",0.523,0.523,,CY14_Coeffs,AO11,NGAW2_GMPE_Spreadsheets_v5.7_041415_ProtectedLocked.xlsm
CY14,0.1,p0p100,SA,11,gJp-It,1.4094,1.4094,,CY14_Coeffs,AP11,NGAW2_GMPE_Spreadsheets_v5.7_041415_ProtectedLocked.xlsm
CY14,0.1,p0p100,SA,11,gWn,0.7932,0.7932,,CY14_Coeffs,AQ11,NGAW2_GMPE_Spreadsheets_v5.7_041415_ProtectedLocked.xlsm
CY14,0.1,p0p100,SA,11,f1Jp,-0.4985,-0.4985,,CY14_Coeffs,AR11,NGAW2_GMPE_Spreadsheets_v5.7_041415_ProtectedLocked.xlsm
CY14,0.1,p0p100,SA,11,f5JP,0.375,0.375,,CY14_Coeffs,AS11,NGAW2_GMPE_Spreadsheets_v5.7_041415_ProtectedLocked.xlsm
CY14,0.1,p0p100,SA,11,f6JP,800,800,,CY14_Coeffs,AT11,NGAW2_GMPE_Spreadsheets_v5.7_041415_ProtectedLocked.xlsm
CY14,0.12,p0p120,SA,12,c2,1.06,1.06,,CY14_Coeffs,B12,NGAW2_GMPE_Spreadsheets_v5.7_041415_ProtectedLocked.xlsm
CY14,0.12,p0p120,SA,12,c4,-2.1,-2.1,,CY14_Coeffs,C12,NGAW2_GMPE_Spreadsheets_v5.7_041415_ProtectedLocked.xlsm
CY14,0.12,p0p120,SA,12,c4a,-0.5,-0.5,,CY14_Coeffs,D12,NGAW2_GMPE_Spreadsheets_v5.7_041415_ProtectedLocked.xlsm
CY14,0.12,p0p120,SA,12,cRB,50,50,,CY14_Coeffs,E12,NGAW2_GMPE_Spreadsheets_v5.7_041415_ProtectedLocked.xlsm
CY14,0.12,p0p120,SA,12,c8,0,0,,CY14_Coeffs,F12,NGAW2_GMPE_Spreadsheets_v5.7_041415_ProtectedLocked.xlsm
CY14,0.12,p0p120,SA,12,c8a,0.2695,0.2695,,CY14_Coeffs,G12,NGAW2_GMPE_Spreadsheets_v5.7_041415_ProtectedLocked.xlsm
CY14,0.12,p0p120,SA,12,c1,-0.5342,-0.5342,,CY14_Coeffs,H12,NGAW2_GMPE_Spreadsheets_v5.7_041415_ProtectedLocked.xlsm
CY14,0.12,p0p120,SA,12,c1a,0.165,0.165,,CY14_Coeffs,I12,NGAW2_GMPE_Spreadsheets_v5.7_041415_ProtectedLocked.xlsm
CY14,0.12,p0p120,SA,12,c1b,-0.252,-0.252,,CY14_Coeffs,J12,NGAW2_GMPE_Spreadsheets_v5.7_041415_ProtectedLocked.xlsm
CY14,0.12,p0p120,SA,12,c1c,-0.165,-0.165,,CY14_Coeffs,K12,NGAW2_GMPE_Spreadsheets_v5.7_041415_ProtectedLocked.xlsm
CY14,0.12,p0p120,SA,12,c1d,0.252,0.252,,CY14_Coeffs,L12,NGAW2_GMPE_Spreadsheets_v5.7_041415_ProtectedLocked.xlsm
CY14,0.12,p0p120,SA,12,cn,18.7106,18.7106,,CY14_Coeffs,M12,NGAW2_GMPE_Spreadsheets_v5.7_041415_ProtectedLocked.xlsm
CY14,0.12,p0p120,SA,12,cM,5.0315,5.0315,,CY14_Coeffs,N12,NGAW2_GMPE_Spreadsheets_v5.7_041415_ProtectedLocked.xlsm
CY14,0.12,p0p120,SA,12,c3,1.9795,1.9795,,CY14_Coeffs,O12,NGAW2_GMPE_Spreadsheets_v5.7_041415_ProtectedLocked.xlsm
CY14,0.12,p0p120,SA,12,c5,7.1333,7.1333,,CY14_Coeffs,P12,NGAW2_GMPE_Spreadsheets_v5.7_041415_ProtectedLocked.xlsm
CY14,0.12,p0p120,SA,12,cHM,3.3407,3.3407,,CY14_Coeffs,Q12,NGAW2_GMPE_Spreadsheets_v5.7_041415_ProtectedLocked.xlsm
CY14,0.12,p0p120,SA,12,c6,0.5048,0.5048,,CY14_Coeffs,R12,NGAW2_GMPE_Spreadsheets_v5.7_041415_ProtectedLocked.xlsm
CY14,0.12,p0p120,SA,12,c7,0.0352,0.0352,,CY14_Coeffs,S12,NGAW2_GMPE_Spreadsheets_v5.7_041415_ProtectedLocked.xlsm
CY14,0.12,p0p120,SA,12,c7b,0.0452,0.0452,,CY14_Coeffs,T12,NGAW2_GMPE_Spreadsheets_v5.7_041415_ProtectedLocked.xlsm
CY14,0.12,p0p120,SA,12,c8b,3.1045,3.1045,,CY14_Coeffs,U12,NGAW2_GMPE_Spreadsheets_v5.7_041415_ProtectedLocked.xlsm
CY14,0.12,p0p120,SA,12,c9,1.0008,1.0008,,CY14_Coeffs,V12,NGAW2_GMPE_Spreadsheets_v5.7_041415_ProtectedLocked.xlsm
CY14,0.12,p0p120,SA,12,c9a,0.1128,0.1128,,CY14_Coeffs,W12,NGAW2_GMPE_Spreadsheets_v5.7_041415_ProtectedLocked.xlsm
CY14,0.12,p0p120,SA,12,c9b,7.2372,7.2372,,CY14_Coeffs,X12,NGAW2_GMPE_Spreadsheets_v5.7_041415_ProtectedLocked.xlsm
CY14,0.12,p0p120,SA,12,c11,0,0,,CY14_Coeffs,Y12,NGAW2_GMPE_Spreadsheets_v5.7_041415_ProtectedLocked.xlsm
CY14,0.12,p0p120,SA,12,c11b,-0.4536,-0.4536,,CY14_Coeffs,Z12,NGAW2_GMPE_Spreadsheets_v5.7_041415_ProtectedLocked.xlsm
CY14,0.12,p0p120,SA,12,cg1,-0.009913,-0.009913,,CY14_Coeffs,AA12,NGAW2_GMPE_Spreadsheets_v5.7_041415_ProtectedLocked.xlsm
CY14,0.12,p0p120,SA,12,cg2,-0.004732,-0.004732,,CY14_Coeffs,AB12,NGAW2_GMPE_Spreadsheets_v5.7_041415_ProtectedLocked.xlsm
CY14,0.12,p0p120,SA,12,cg3,4.8963,4.8963,,CY14_Coeffs,AC12,NGAW2_GMPE_Spreadsheets_v5.7_041415_ProtectedLocked.xlsm
CY14,0.12,p0p120,SA,12,f1,-0.4895,-0.4895,,CY14_Coeffs,AD12,NGAW2_GMPE_Spreadsheets_v5.7_041415_ProtectedLocked.xlsm
CY14,0.12,p0p120,SA,12,f2,-0.3077,-0.3077,,CY14_Coeffs,AE12,NGAW2_GMPE_Spreadsheets_v5.7_041415_ProtectedLocked.xlsm
CY14,0.12,p0p120,SA,12,f3,-0.005696,-0.005696,,CY14_Coeffs,AF12,NGAW2_GMPE_Spreadsheets_v5.7_041415_ProtectedLocked.xlsm
CY14,0.12,p0p120,SA,12,f4,0.253169,0.253169,,CY14_Coeffs,AG12,NGAW2_GMPE_Spreadsheets_v5.7_041415_ProtectedLocked.xlsm
CY14,0.12,p0p120,SA,12,f5,0,0,,CY14_Coeffs,AH12,NGAW2_GMPE_Spreadsheets_v5.7_041415_ProtectedLocked.xlsm
CY14,0.12,p0p120,SA,12,f6,300,300,,CY14_Coeffs,AI12,NGAW2_GMPE_Spreadsheets_v5.7_041415_ProtectedLocked.xlsm
CY14,0.12,p0p120,SA,12,t1,0.4244,0.4244,,CY14_Coeffs,AJ12,NGAW2_GMPE_Spreadsheets_v5.7_041415_ProtectedLocked.xlsm
CY14,0.12,p0p120,SA,12,t2,0.2949,0.2949,,CY14_Coeffs,AK12,NGAW2_GMPE_Spreadsheets_v5.7_041415_ProtectedLocked.xlsm
CY14,0.12,p0p120,SA,12,s1,0.527,0.527,,CY14_Coeffs,AL12,NGAW2_GMPE_Spreadsheets_v5.7_041415_ProtectedLocked.xlsm
CY14,0.12,p0p120,SA,12,s2,0.4143,0.4143,,CY14_Coeffs,AM12,NGAW2_GMPE_Spreadsheets_v5.7_041415_ProtectedLocked.xlsm
CY14,0.12,p0p120,SA,12,s3,0.8,0.8,,CY14_Coeffs,AN12,NGAW2_GMPE_Spreadsheets_v5.7_041415_ProtectedLocked.xlsm
CY14,0.12,p0p120,SA,12,"s2,JP",0.5278,0.5278,,CY14_Coeffs,AO12,NGAW2_GMPE_Spreadsheets_v5.7_041415_ProtectedLocked.xlsm
CY14,0.12,p0p120,SA,12,gJp-It,1.3682,1.3682,,CY14_Coeffs,AP12,NGAW2_GMPE_Spreadsheets_v5.7_041415_ProtectedLocked.xlsm
CY14,0.12,p0p120,SA,12,gWn,0.7768,0.7768,,CY14_Coeffs,AQ12,NGAW2_GMPE_Spreadsheets_v5.7_041415_ProtectedLocked.xlsm
CY14,0.12,p0p120,SA,12,f1Jp,-0.5603,-0.5603,,CY14_Coeffs,AR12,NGAW2_GMPE_Spreadsheets_v5.7_041415_ProtectedLocked.xlsm
CY14,0.12,p0p120,SA,12,f5JP,0.377,0.377,,CY14_Coeffs,AS12,NGAW2_GMPE_Spreadsheets_v5.7_041415_ProtectedLocked.xlsm
CY14,0.12,p0p120,SA,12,f6JP,800,800,,CY14_Coeffs,AT12,NGAW2_GMPE_Spreadsheets_v5.7_041415_ProtectedLocked.xlsm
CY14,0.15,p0p150,SA,13,c2,1.06,1.06,,CY14_Coeffs,B13,NGAW2_GMPE_Spreadsheets_v5.7_041415_ProtectedLocked.xlsm
CY14,0.15,p0p150,SA,13,c4,-2.1,-2.1,,CY14_Coeffs,C13,NGAW2_GMPE_Spreadsheets_v5.7_041415_ProtectedLocked.xlsm
CY14,0.15,p0p150,SA,13,c4a,-0.5,-0.5,,CY14_Coeffs,D13,NGAW2_GMPE_Spreadsheets_v5.7_041415_ProtectedLocked.xlsm
CY14,0.15,p0p150,SA,13,cRB,50,50,,CY14_Coeffs,E13,NGAW2_GMPE_Spreadsheets_v5.7_041415_ProtectedLocked.xlsm
CY14,0.15,p0p150,SA,13,c8,0,0,,CY14_Coeffs,F13,NGAW2_GMPE_Spreadsheets_v5.7_041415_ProtectedLocked.xlsm
CY14,0.15,p0p150,SA,13,c8a,0.2695,0.2695,,CY14_Coeffs,G13,NGAW2_GMPE_Spreadsheets_v5.7_041415_ProtectedLocked.xlsm
CY14,0.15,p0p150,SA,13,c1,-0.5462,-0.5462,,CY14_Coeffs,H13,NGAW2_GMPE_Spreadsheets_v5.7_041415_ProtectedLocked.xlsm
CY14,0.15,p0p150,SA,13,c1a,0.165,0.165,,CY14_Coeffs,I13,NGAW2_GMPE_Spreadsheets_v5.7_041415_ProtectedLocked.xlsm
CY14,0.15,p0p150,SA,13,c1b,-0.25,-0.25,,CY14_Coeffs,J13,NGAW2_GMPE_Spreadsheets_v5.7_041415_ProtectedLocked.xlsm
CY14,0.15,p0p150,SA,13,c1c,-0.165,-0.165,,CY14_Coeffs,K13,NGAW2_GMPE_Spreadsheets_v5.7_041415_ProtectedLocked.xlsm
CY14,0.15,p0p150,SA,13,c1d,0.25,0.25,,CY14_Coeffs,L13,NGAW2_GMPE_Spreadsheets_v5.7_041415_ProtectedLocked.xlsm
CY14,0.15,p0p150,SA,13,cn,16.6246,16.6246,,CY14_Coeffs,M13,NGAW2_GMPE_Spreadsheets_v5.7_041415_ProtectedLocked.xlsm
CY14,0.15,p0p150,SA,13,cM,5.0547,5.0547,,CY14_Coeffs,N13,NGAW2_GMPE_Spreadsheets_v5.7_041415_ProtectedLocked.xlsm
CY14,0.15,p0p150,SA,13,c3,2.0362,2.0362,,CY14_Coeffs,O13,NGAW2_GMPE_Spreadsheets_v5.7_041415_ProtectedLocked.xlsm
CY14,0.15,p0p150,SA,13,c5,7.3621,7.3621,,CY14_Coeffs,P13,NGAW2_GMPE_Spreadsheets_v5.7_041415_ProtectedLocked.xlsm
CY14,0.15,p0p150,SA,13,cHM,3.43,3.43,,CY14_Coeffs,Q13,NGAW2_GMPE_Spreadsheets_v5.7_041415_ProtectedLocked.xlsm
CY14,0.15,p0p150,SA,13,c6,0.5045,0.5045,,CY14_Coeffs,R13,NGAW2_GMPE_Spreadsheets_v5.7_041415_ProtectedLocked.xlsm
CY14,0.15,p0p150,SA,13,c7,0.0352,0.0352,,CY14_Coeffs,S13,NGAW2_GMPE_Spreadsheets_v5.7_041415_ProtectedLocked.xlsm
CY14,0.15,p0p150,SA,13,c7b,0.0345,0.0345,,CY14_Coeffs,T13,NGAW2_GMPE_Spreadsheets_v5.7_041415_ProtectedLocked.xlsm
CY14,0.15,p0p150,SA,13,c8b,3.3399,3.3399,,CY14_Coeffs,U13,NGAW2_GMPE_Spreadsheets_v5.7_041415_ProtectedLocked.xlsm
CY14,0.15,p0p150,SA,13,c9,0.9801,0.9801,,CY14_Coeffs,V13,NGAW2_GMPE_Spreadsheets_v5.7_041415_ProtectedLocked.xlsm
CY14,0.15,p0p150,SA,13,c9a,0.1106,0.1106,,CY14_Coeffs,W13,NGAW2_GMPE_Spreadsheets_v5.7_041415_ProtectedLocked.xlsm
CY14,0.15,p0p150,SA,13,c9b,7.2109,7.2109,,CY14_Coeffs,X13,NGAW2_GMPE_Spreadsheets_v5.7_041415_ProtectedLocked.xlsm
CY14,0.15,p0p150,SA,13,c11,0,0,,CY14_Coeffs,Y13,NGAW2_GMPE_Spreadsheets_v5.7_041415_ProtectedLocked.xlsm
CY14,0.15,p0p150,SA,13,c11b,-0.4536,-0.4536,,CY14_Coeffs,Z13,NGAW2_GMPE_Spreadsheets_v5.7_041415_ProtectedLocked.xlsm
CY14,0.15,p0p150,SA,13,cg1,-0.009896,-0.009896,,CY14_Coeffs,AA13,NGAW2_GMPE_Spreadsheets_v5.7_041415_ProtectedLocked.xlsm
CY14,0.15,p0p150,SA,13,cg2,-0.003806,-0.003806,,CY14_Coeffs,AB13,NGAW2_GMPE_Spreadsheets_v5.7_041415_ProtectedLocked.xlsm
CY14,0.15,p0p150,SA,13,cg3,5.0644,5.0644,,CY14_Coeffs,AC13,NGAW2_GMPE_Spreadsheets_v5.7_041415_ProtectedLocked.xlsm
CY14,0.15,p0p150,SA,13,f1,-0.5477,-0.5477,,CY14_Coeffs,AD13,NGAW2_GMPE_Spreadsheets_v5.7_041415_ProtectedLocked.xlsm
CY14,0.15,p0p150,SA,13,f2,-0.3113,-0.3113,,CY14_Coeffs,AE13,NGAW2_GMPE_Spreadsheets_v5.7_041415_ProtectedLocked.xlsm
CY14,0.15,p0p150,SA,13,f3,-0.005845,-0.005845,,CY14_Coeffs,AF13,NGAW2_GMPE_Spreadsheets_v5.7_041415_ProtectedLocked.xlsm
CY14,0.15,p0p150,SA,13,f4,0.266468,0.266468,,CY14_Coeffs,AG13,NGAW2_GMPE_Spreadsheets_v5.7_041415_ProtectedLocked.xlsm
CY14,0.15,p0p150,SA,13,f5,0,0,,CY14_Coeffs,AH13,NGAW2_GMPE_Spreadsheets_v5.7_041415_ProtectedLocked.xlsm
CY14,0.15,p0p150,SA,13,f6,300,300,,CY14_Coeffs,AI13,NGAW2_GMPE_Spreadsheets_v5.7_041415_ProtectedLocked.xlsm
CY14,0.15,p0p150,SA,13,t1,0.4275,0.4275,,CY14_Coeffs,AJ13,NGAW2_GMPE_Spreadsheets_v5.7_041415_ProtectedLocked.xlsm
CY14,0.15,p0p150,SA,13,t2,0.2993,0.2993,,CY14_Coeffs,AK13,NGAW2_GMPE_Spreadsheets_v5.7_041415_ProtectedLocked.xlsm
CY14,0.15,p0p150,SA,13,s1,0.5308,0.5308,,CY14_Coeffs,AL13,NGAW2_GMPE_Spreadsheets_v5.7_041415_ProtectedLocked.xlsm
CY14,0.15,p0p150,SA,13,s2,0.4191,0.4191,,CY14_Coeffs,AM13,NGAW2_GMPE_Spreadsheets_v5.7_041415_ProtectedLocked.xlsm
CY14,0.15,p0p150,SA,13,s3,0.8,0.8,,CY14_Coeffs,AN13,NGAW2_GMPE_Spreadsheets_v5.7_041415_ProtectedLocked.xlsm
CY14,0.15,p0p150,SA,13,"s2,JP",0.5304,0.5304,,CY14_Coeffs,AO13,NGAW2_GMPE_Spreadsheets_v5.7_041415_ProtectedLocked.xlsm
CY14,0.15,p0p150,SA,13,gJp-It,1.3241,1.3241,,CY14_Coeffs,AP13,NGAW2_GMPE_Spreadsheets_v5.7_041415_ProtectedLocked.xlsm
CY14,0.15,p0p150,SA,13,gWn,0.7437,0.7437,,CY14_Coeffs,AQ13,NGAW2_GMPE_Spreadsheets_v5.7_041415_ProtectedLocked.xlsm
CY14,0.15,p0p150,SA,13,f1Jp,-0.6451,-0.6451,,CY14_Coeffs,AR13,NGAW2_GMPE_Spreadsheets_v5.7_041415_ProtectedLocked.xlsm
CY14,0.15,p0p150,SA,13,f5JP,0.379,0.379,,CY14_Coeffs,AS13,NGAW2_GMPE_Spreadsheets_v5.7_041415_ProtectedLocked.xlsm
CY14,0.15,p0p150,SA,13,f6JP,800,800,,CY14_Coeffs,AT13,NGAW2_GMPE_Spreadsheets_v5.7_041415_ProtectedLocked.xlsm
CY14,0.17,p0p170,SA,14,c2,1.06,1.06,,CY14_Coeffs,B14,NGAW2_GMPE_Spreadsheets_v5.7_041415_ProtectedLocked.xlsm
CY14,0.17,p0p170,SA,14,c4,-2.1,-2.1,,CY14_Coeffs,C14,NGAW2_GMPE_Spreadsheets_v5.7_041415_ProtectedLocked.xlsm
CY14,0.17,p0p170,SA,14,c4a,-0.5,-0.5,,CY14_Coeffs,D14,NGAW2_GMPE_Spreadsheets_v5.7_041415_ProtectedLocked.xlsm
CY14,0.17,p0p170,SA,14,cRB,50,50,,CY14_Coeffs,E14,NGAW2_GMPE_Spreadsheets_v5.7_041415_ProtectedLocked.xlsm
CY14,0.17,p0p170,SA,14,c8,0,0,,CY14_Coeffs,F14,NGAW2_GMPE_Spreadsheets_v5.7_041415_ProtectedLocked.xlsm
CY14,0.17,p0p170,SA,14,c8a,0.2695,0.2695,,CY14_Coeffs,G14,NGAW2_GMPE_Spreadsheets_v5.7_041415_ProtectedLocked.xlsm
CY14,0.17,p0p170,SA,14,c1,-0.5858,-0.5858,,CY14_Coeffs,H14,NGAW2_GMPE_Spreadsheets_v5.7_041415_ProtectedLocked.xlsm
CY14,0.17,p0p170,SA,14,c1a,0.165,0.165,,CY14_Coeffs,I14,NGAW2_GMPE_Spreadsheets_v5.7_041415_ProtectedLocked.xlsm
CY14,0.17,p0p170,SA,14,c1b,-0.248,-0.248,,CY14_Coeffs,J14,NGAW2_GMPE_Spreadsheets_v5.7_041415_ProtectedLocked.xlsm
CY14,0.17,p0p170,SA,14,c1c,-0.165,-0.165,,CY14_Coeffs,K14,NGAW2_GMPE_Spreadsheets_v5.7_041415_ProtectedLocked.xlsm
CY14,0.17,p0p170,SA,14,c1d,0.248,0.248,,CY14_Coeffs,L14,NGAW2_GMPE_Spreadsheets_v5.7_041415_ProtectedLocked.xlsm
CY14,0.17,p0p170,SA,14,cn,15.3709,15.3709,,CY14_Coeffs,M14,NGAW2_GMPE_Spreadsheets_v5.7_041415_ProtectedLocked.xlsm
CY14,0.17,p0p170,SA,14,cM,5.0704,5.0704,,CY14_Coeffs,N14,NGAW2_GMPE_Spreadsheets_v5.7_041415_ProtectedLocked.xlsm
CY14,0.17,p0p170,SA,14,c3,2.0823,2.0823,,CY14_Coeffs,O14,NGAW2_GMPE_Spreadsheets_v5.7_041415_ProtectedLocked.xlsm
CY14,0.17,p0p170,SA,14,c5,7.4365,7.4365,,CY14_Coeffs,P14,NGAW2_GMPE_Spreadsheets_v5.7_041415_ProtectedLocked.xlsm
CY14,0.17,p0p170,SA,14,cHM,3.4688,3.4688,,CY14_Coeffs,Q14,NGAW2_GMPE_Spreadsheets_v5.7_041415_ProtectedLocked.xlsm
CY14,0.17,p0p170,SA,14,c6,0.5036,0.5036,,CY14_Coeffs,R14,NGAW2_GMPE_Spreadsheets_v5.7_041415_ProtectedLocked.xlsm
CY14,0.17,p0p170,SA,14,c7,0.0352,0.0352,,CY14_Coeffs,S14,NGAW2_GMPE_Spreadsheets_v5.7_041415_ProtectedLocked.xlsm
CY14,0.17,p0p170,SA,14,c7b,0.0283,0.0283,,CY14_Coeffs,T14,NGAW2_GMPE_Spreadsheets_v5.7_041415_ProtectedLocked.xlsm
CY14,0.17,p0p170,SA,14,c8b,3.4719,3.4719,,CY14_Coeffs,U14,NGAW2_GMPE_Spreadsheets_v5.7_041415_ProtectedLocked.xlsm
CY14,0.17,p0p170,SA,14,c9,0.9652,0.9652,,CY14_Coeffs,V14,NGAW2_GMPE_Spreadsheets_v5.7_041415_ProtectedLocked.xlsm
CY14,0.17,p0p170,SA,14,c9a,0.115,0.115,,CY14_Coeffs,W14,NGAW2_GMPE_Spreadsheets_v5.7_041415_ProtectedLocked.xlsm
CY14,0.17,p0p170,SA,14,c9b,7.2491,7.2491,,CY14_Coeffs,X14,NGAW2_GMPE_Spreadsheets_v5.7_041415_ProtectedLocked.xlsm
CY14,0.17,p0p170,SA,14,c11,0,0,,CY14_Coeffs,Y14,NGAW2_GMPE_Spreadsheets_v5.7_041415_ProtectedLocked.xlsm
CY14,0.17,p0p170,SA,14,c11b,-0.4536,-0.4536,,CY14_Coeffs,Z14,NGAW2_GMPE_Spreadsheets_v5.7_041415_ProtectedLocked.xlsm
CY14,0.17,p0p170,SA,14,cg1,-0.009787,-0.009787,,CY14_Coeffs,AA14,NGAW2_GMPE_Spreadsheets_v5.7_041415_ProtectedLocked.xlsm
CY14,0.17,p0p170,SA,14,cg2,-0.00328,-0.00328,,CY14_Coeffs,AB14,NGAW2_GMPE_Spreadsheets_v5.7_041415_ProtectedLocked.xlsm
CY14,0.17,p0p170,SA,14,cg3,5.1371,5.1371,,CY14_Coeffs,AC14,NGAW2_GMPE_Spreadsheets_v5.7_041415_ProtectedLocked.xlsm
CY14,0.17,p0p170,SA,14,f1,-0.5922,-0.5922,,CY14_Coeffs,AD14,NGAW2_GMPE_Spreadsheets_v5.7_041415_ProtectedLocked.xlsm
CY14,0.17,p0p170,SA,14,f2,-0.3062,-0.3062,,CY14_Coeffs,AE14,NGAW2_GMPE_Spreadsheets_v5.7_041415_ProtectedLocked.xlsm
CY14,0.17,p0p170,SA,14,f3,-0.005959,-0.005959,,CY14_Coeffs,AF14,NGAW2_GMPE_Spreadsheets_v5.7_041415_ProtectedLocked.xlsm
CY14,0.17,p0p170,SA,14,f4,0.26506,0.26506,,CY14_Coeffs,AG14,NGAW2_GMPE_Spreadsheets_v5.7_041415_ProtectedLocked.xlsm
CY14,0.17,p0p170,SA,14,f5,0,0,,CY14_Coeffs,AH14,NGAW2_GMPE_Spreadsheets_v5.7_041415_ProtectedLocked.xlsm
CY14,0.17,p0p170,SA,14,f6,300,300,,CY14_Coeffs,AI14,NGAW2_GMPE_Spreadsheets_v5.7_041415_ProtectedLocked.xlsm
CY14,0.17,p0p170,SA,14,t1,0.4292,0.4292,,CY14_Coeffs,AJ14,NGAW2_GMPE_Spreadsheets_v5.7_041415_ProtectedLocked.xlsm
CY14,0.17,p0p170,SA,14,t2,0.3017,0.3017,,CY14_Coeffs,AK14,NGAW2_GMPE_Spreadsheets_v5.7_041415_ProtectedLocked.xlsm
CY14,0.17,p0p170,SA,14,s1,0.5328,0.5328,,CY14_Coeffs,AL14,NGAW2_GMPE_Spreadsheets_v5.7_041415_ProtectedLocked.xlsm
CY14,0.17,p0p170,SA,14,s2,0.4217,0.4217,,CY14_Coeffs,AM14,NGAW2_GMPE_Spreadsheets_v5.7_041415_ProtectedLocked.xlsm
CY14,0.17,p0p170,SA,14,s3,0.8,0.8,,CY14_Coeffs,AN14,NGAW2_GMPE_Spreadsheets_v5.7_041415_ProtectedLocked.xlsm
CY14,0.17,p0p170,SA,14,"s2,JP",0.531,0.531,,CY14_Coeffs,AO14,NGAW2_GMPE_Spreadsheets_v5.7_041415_ProtectedLocked.xlsm
CY14,0.17,p0p170,SA,14,gJp-It,1.3071,1.3071,,CY14_Coeffs,AP14,NGAW2_GMPE_Spreadsheets_v5.7_041415_ProtectedLocked.xlsm
CY14,0.17,p0p170,SA,14,gWn,0.7219,0.7219,,CY14_Coeffs,AQ14,NGAW2_GMPE_Spreadsheets_v5.7_041415_ProtectedLocked.xlsm
CY14,0.17,p0p170,SA,14,f1Jp,-0.6981,-0.6981,,CY14_Coeffs,AR14,NGAW2_GMPE_Spreadsheets_v5.7_041415_ProtectedLocked.xlsm
CY14,0.17,p0p170,SA,14,f5JP,0.38,0.38,,CY14_Coeffs,AS14,NGAW2_GMPE_Spreadsheets_v5.7_041415_ProtectedLocked.xlsm
CY14,0.17,p0p170,SA,14,f6JP,800,800,,CY14_Coeffs,AT14,NGAW2_GMPE_Spreadsheets_v5.7_041415_ProtectedLocked.xlsm
CY14,0.2,p0p200,SA,15,c2,1.06,1.06,,CY14_Coeffs,B15,NGAW2_GMPE_Spreadsheets_v5.7_041415_ProtectedLocked.xlsm
CY14,0.2,p0p200,SA,15,c4,-2.1,-2.1,,CY14_Coeffs,C15,NGAW2_GMPE_Spreadsheets_v5.7_041415_ProtectedLocked.xlsm
CY14,0.2,p0p200,SA,15,c4a,-0.5,-0.5,,CY14_Coeffs,D15,NGAW2_GMPE_Spreadsheets_v5.7_041415_ProtectedLocked.xlsm
CY14,0.2,p0p200,SA,15,cRB,50,50,,CY14_Coeffs,E15,NGAW2_GMPE_Spreadsheets_v5.7_041415_ProtectedLocked.xlsm
CY14,0.2,p0p200,SA,15,c8,0,0,,CY14_Coeffs,F15,NGAW2_GMPE_Spreadsheets_v5.7_041415_ProtectedLocked.xlsm
CY14,0.2,p0p200,SA,15,c8a,0.2695,0.2695,,CY14_Coeffs,G15,NGAW2_GMPE_Spreadsheets_v5.7_041415_ProtectedLocked.xlsm
CY14,0.2,p0p200,SA,15,c1,-0.6798,-0.6798,,CY14_Coeffs,H15,NGAW2_GMPE_Spreadsheets_v5.7_041415_ProtectedLocked.xlsm
CY14,0.2,p0p200,SA,15,c1a,0.165,0.165,,CY14_Coeffs,I15,NGAW2_GMPE_Spreadsheets_v5.7_041415_ProtectedLocked.xlsm
CY14,0.2,p0p200,SA,15,c1b,-0.2449,-0.2449,,CY14_Coeffs,J15,NGAW2_GMPE_Spreadsheets_v5.7_041415_ProtectedLocked.xlsm
CY14,0.2,p0p200,SA,15,c1c,-0.165,-0.165,,CY14_Coeffs,K15,NGAW2_GMPE_Spreadsheets_v5.7_041415_ProtectedLocked.xlsm
CY14,0.2,p0p200,SA,15,c1d,0.2449,0.2449,,CY14_Coeffs,L15,NGAW2_GMPE_Spreadsheets_v5.7_041415_ProtectedLocked.xlsm
CY14,0.2,p0p200,SA,15,cn,13.7012,13.7012,,CY14_Coeffs,M15,NGAW2_GMPE_Spreadsheets_v5.7_041415_ProtectedLocked.xlsm
CY14,0.2,p0p200,SA,15,cM,5.0939,5.0939,,CY14_Coeffs,N15,NGAW2_GMPE_Spreadsheets_v5.7_041415_ProtectedLocked.xlsm
CY14,0.2,p0p200,SA,15,c3,2.1521,2.1521,,CY14_Coeffs,O15,NGAW2_GMPE_Spreadsheets_v5.7_041415_ProtectedLocked.xlsm
CY14,0.2,p0p200,SA,15,c5,7.4972,7.4972,,CY14_Coeffs,P15,NGAW2_GMPE_Spreadsheets_v5.7_041415_ProtectedLocked.xlsm
CY14,0.2,p0p200,SA,15,cHM,3.5146,3.5146,,CY14_Coeffs,Q15,NGAW2_GMPE_Spreadsheets_v5.7_041415_ProtectedLocked.xlsm
CY14,0.2,p0p200,SA,15,c6,0.5016,0.5016,,CY14_Coeffs,R15,NGAW2_GMPE_Spreadsheets_v5.7_041415_ProtectedLocked.xlsm
CY14,0.2,p0p200,SA,15,c7,0.0352,0.0352,,CY14_Coeffs,S15,NGAW2_GMPE_Spreadsheets_v5.7_041415_ProtectedLocked.xlsm
CY14,0.2,p0p200,SA,15,c7b,0.0202,0.0202,,CY14_Coeffs,T15,NGAW2_GMPE_Spreadsheets_v5.7_041415_ProtectedLocked.xlsm
CY14,0.2,p0p200,SA,15,c8b,3.6434,3.6434,,CY14_Coeffs,U15,NGAW2_GMPE_Spreadsheets_v5.7_041415_ProtectedLocked.xlsm
CY14,0.2,p0p200,SA,15,c9,0.9459,0.9459,,CY14_Coeffs,V15,NGAW2_GMPE_Spreadsheets_v5.7_041415_ProtectedLocked.xlsm
CY14,0.2,p0p200,SA,15,c9a,0.1208,0.1208,,CY14_Coeffs,W15,NGAW2_GMPE_Spreadsheets_v5.7_041415_ProtectedLocked.xlsm
CY14,0.2,p0p200,SA,15,c9b,7.2988,7.2988,,CY14_Coeffs,X15,NGAW2_GMPE_Spreadsheets_v5.7_041415_ProtectedLocked.xlsm
CY14,0.2,p0p200,SA,15,c11,0,0,,CY14_Coeffs,Y15,NGAW2_GMPE_Spreadsheets_v5.7_041415_ProtectedLocked.xlsm
CY14,0.2,p0p200,SA,15,c11b,-0.444,-0.444,,CY14_Coeffs,Z15,NGAW2_GMPE_Spreadsheets_v5.7_041415_ProtectedLocked.xlsm
CY14,0.2,p0p200,SA,15,cg1,-0.009505,-0.009505,,CY14_Coeffs,AA15,NGAW2_GMPE_Spreadsheets_v5.7_041415_ProtectedLocked.xlsm
CY14,0.2,p0p200,SA,15,cg2,-0.00269,-0.00269,,CY14_Coeffs,AB15,NGAW2_GMPE_Spreadsheets_v5.7_041415_ProtectedLocked.xlsm
CY14,0.2,p0p200,SA,15,cg3,5.188,5.188,,CY14_Coeffs,AC15,NGAW2_GMPE_Spreadsheets_v5.7_041415_ProtectedLocked.xlsm
CY14,0.2,p0p200,SA,15,f1,-0.6693,-0.6693,,CY14_Coeffs,AD15,NGAW2_GMPE_Spreadsheets_v5.7_041415_ProtectedLocked.xlsm
CY14,0.2,p0p200,SA,15,f2,-0.2927,-0.2927,,CY14_Coeffs,AE15,NGAW2_GMPE_Spreadsheets_v5.7_041415_ProtectedLocked.xlsm
CY14,0.2,p0p200,SA,15,f3,-0.006141,-0.006141,,CY14_Coeffs,AF15,NGAW2_GMPE_Spreadsheets_v5.7_041415_ProtectedLocked.xlsm
CY14,0.2,p0p200,SA,15,f4,0.255253,0.255253,,CY14_Coeffs,AG15,NGAW2_GMPE_Spreadsheets_v5.7_041415_ProtectedLocked.xlsm
CY14,0.2,p0p200,SA,15,f5,0,0,,CY14_Coeffs,AH15,NGAW2_GMPE_Spreadsheets_v5.7_041415_ProtectedLocked.xlsm
CY14,0.2,p0p200,SA,15,f6,300,300,,CY14_Coeffs,AI15,NGAW2_GMPE_Spreadsheets_v5.7_041415_ProtectedLocked.xlsm
CY14,0.2,p0p200,SA,15,t1,0.4313,0.4313,,CY14_Coeffs,AJ15,NGAW2_GMPE_Spreadsheets_v5.7_041415_ProtectedLocked.xlsm
CY14,0.2,p0p200,SA,15,t2,0.3047,0.3047,,CY14_Coeffs,AK15,NGAW2_GMPE_Spreadsheets_v5.7_041415_ProtectedLocked.xlsm
CY14,0.2,p0p200,SA,15,s1,0.5351,0.5351,,CY14_Coeffs,AL15,NGAW2_GMPE_Spreadsheets_v5.7_041415_ProtectedLocked.xlsm
CY14,0.2,p0p200,SA,15,s2,0.4252,0.4252,,CY14_Coeffs,AM15,NGAW2_GMPE_Spreadsheets_v5.7_041415_ProtectedLocked.xlsm
CY14,0.2,p0p200,SA,15,s3,0.8,0.8,,CY14_Coeffs,AN15,NGAW2_GMPE_Spreadsheets_v5.7_041415_ProtectedLocked.xlsm
CY14,0.2,p0p200,SA,15,"s2,JP",0.5312,0.5312,,CY14_Coeffs,AO15,NGAW2_GMPE_Spreadsheets_v5.7_041415_ProtectedLocked.xlsm
CY14,0.2,p0p200,SA,15,gJp-It,1.2931,1.2931,,CY14_Coeffs,AP15,NGAW2_GMPE_Spreadsheets_v5.7_041415_ProtectedLocked.xlsm
CY14,0.2,p0p200,SA,15,gWn,0.6922,0.6922,,CY14_Coeffs,AQ15,NGAW2_GMPE_Spreadsheets_v5.7_041415_ProtectedLocked.xlsm
CY14,0.2,p0p200,SA,15,f1Jp,-0.7653,-0.7653,,CY14_Coeffs,AR15,NGAW2_GMPE_Spreadsheets_v5.7_041415_ProtectedLocked.xlsm
CY14,0.2,p0p200,SA,15,f5JP,0.384,0.384,,CY14_Coeffs,AS15,NGAW2_GMPE_Spreadsheets_v5.7_041415_ProtectedLocked.xlsm
CY14,0.2,p0p200,SA,15,f6JP,800,800,,CY14_Coeffs,AT15,NGAW2_GMPE_Spreadsheets_v5.7_041415_ProtectedLocked.xlsm
CY14,0.25,p0p250,SA,16,c2,1.06,1.06,,CY14_Coeffs,B16,NGAW2_GMPE_Spreadsheets_v5.7_041415_ProtectedLocked.xlsm
CY14,0.25,p0p250,SA,16,c4,-2.1,-2.1,,CY14_Coeffs,C16,NGAW2_GMPE_Spreadsheets_v5.7_041415_ProtectedLocked.xlsm
CY14,0.25,p0p250,SA,16,c4a,-0.5,-0.5,,CY14_Coeffs,D16,NGAW2_GMPE_Spreadsheets_v5.7_041415_ProtectedLocked.xlsm
CY14,0.25,p0p250,SA,16,cRB,50,50,,CY14_Coeffs,E16,NGAW2_GMPE_Spreadsheets_v5.7_041415_ProtectedLocked.xlsm
CY14,0.25,p0p250,SA,16,c8,0,0,,CY14_Coeffs,F16,NGAW2_GMPE_Spreadsheets_v5.7_041415_ProtectedLocked.xlsm
CY14,0.25,p0p250,SA,16,c8a,0.2695,0.2695,,CY14_Coeffs,G16,NGAW2_GMPE_Spreadsheets_v5.7_041415_ProtectedLocked.xlsm
CY14,0.25,p0p250,SA,16,c1,-0.8663,-0.8663,,CY14_Coeffs,H16,NGAW2_GMPE_Spreadsheets_v5.7_041415_ProtectedLocked.xlsm
CY14,0.25,p0p250,SA,16,c1a,0.165,0.165,,CY14_Coeffs,I16,NGAW2_GMPE_Spreadsheets_v5.7_041415_ProtectedLocked.xlsm
CY14,0.25,p0p250,SA,16,c1b,-0.2382,-0.2382,,CY14_Coeffs,J16,NGAW2_GMPE_Spreadsheets_v5.7_041415_ProtectedLocked.xlsm
CY14,0.25,p0p250,SA,16,c1c,-0.165,-0.165,,CY14_Coeffs,K16,NGAW2_GMPE_Spreadsheets_v5.7_041415_ProtectedLocked.xlsm
CY14,0.25,p0p250,SA,16,c1d,0.2382,0.2382,,CY14_Coeffs,L16,NGAW2_GMPE_Spreadsheets_v5.7_041415_ProtectedLocked.xlsm
CY14,0.25,p0p250,SA,16,cn,11.2667,11.2667,,CY14_Coeffs,M16,NGAW2_GMPE_Spreadsheets_v5.7_041415_ProtectedLocked.xlsm
CY14,0.25,p0p250,SA,16,cM,5.1315,5.1315,,CY14_Coeffs,N16,NGAW2_GMPE_Spreadsheets_v5.7_041415_ProtectedLocked.xlsm
CY14,0.25,p0p250,SA,16,c3,2.2574,2.2574,,CY14_Coeffs,O16,NGAW2_GMPE_Spreadsheets_v5.7_041415_ProtectedLocked.xlsm
CY14,0.25,p0p250,SA,16,c5,7.5416,7.5416,,CY14_Coeffs,P16,NGAW2_GMPE_Spreadsheets_v5.7_041415_ProtectedLocked.xlsm
CY14,0.25,p0p250,SA,16,cHM,3.5746,3.5746,,CY14_Coeffs,Q16,NGAW2_GMPE_Spreadsheets_v5.7_041415_ProtectedLocked.xlsm
CY14,0.25,p0p250,SA,16,c6,0.4971,0.4971,,CY14_Coeffs,R16,NGAW2_GMPE_Spreadsheets_v5.7_041415_ProtectedLocked.xlsm
CY14,0.25,p0p250,SA,16,c7,0.0352,0.0352,,CY14_Coeffs,S16,NGAW2_GMPE_Spreadsheets_v5.7_041415_ProtectedLocked.xlsm
CY14,0.25,p0p250,SA,16,c7b,0.009,0.009,,CY14_Coeffs,T16,NGAW2_GMPE_Spreadsheets_v5.7_041415_ProtectedLocked.xlsm
CY14,0.25,p0p250,SA,16,c8b,3.8787,3.8787,,CY14_Coeffs,U16,NGAW2_GMPE_Spreadsheets_v5.7_041415_ProtectedLocked.xlsm
CY14,0.25,p0p250,SA,16,c9,0.9196,0.9196,,CY14_Coeffs,V16,NGAW2_GMPE_Spreadsheets_v5.7_041415_ProtectedLocked.xlsm
CY14,0.25,p0p250,SA,16,c9a,0.1208,0.1208,,CY14_Coeffs,W16,NGAW2_GMPE_Spreadsheets_v5.7_041415_ProtectedLocked.xlsm
CY14,0.25,p0p250,SA,16,c9b,7.3691,7.3691,,CY14_Coeffs,X16,NGAW2_GMPE_Spreadsheets_v5.7_041415_ProtectedLocked.xlsm
CY14,0.25,p0p250,SA,16,c11,0,0,,CY14_Coeffs,Y16,NGAW2_GMPE_Spreadsheets_v5.7_041415_ProtectedLocked.xlsm
CY14,0.25,p0p250,SA,16,c11b,-0.3539,-0.3539,,CY14_Coeffs,Z16,NGAW2_GMPE_Spreadsheets_v5.7_041415_ProtectedLocked.xlsm
CY14,0.25,p0p250,SA,16,cg1,-0.008918,-0.008918,,CY14_Coeffs,AA16,NGAW2_GMPE_Spreadsheets_v5.7_041415_ProtectedLocked.xlsm
CY14,0.25,p0p250,SA,16,cg2,-0.002128,-0.002128,,CY14_Coeffs,AB16,NGAW2_GMPE_Spreadsheets_v5.7_041415_ProtectedLocked.xlsm
CY14,0.25,p0p250,SA,16,cg3,5.2164,5.2164,,CY14_Coeffs,AC16,NGAW2_GMPE_Spreadsheets_v5.7_041415_ProtectedLocked.xlsm
CY14,0.25,p0p250,SA,16,f1,-0.7766,-0.7766,,CY14_Coeffs,AD16,NGAW2_GMPE_Spreadsheets_v5.7_041415_ProtectedLocked.xlsm
CY14,0.25,p0p250,SA,16,f2,-0.2662,-0.2662,,CY14_Coeffs,AE16,NGAW2_GMPE_Spreadsheets_v5.7_041415_ProtectedLocked.xlsm
CY14,0.25,p0p250,SA,16,f3,-0.006439,-0.006439,,CY14_Coeffs,AF16,NGAW2_GMPE_Spreadsheets_v5.7_041415_ProtectedLocked.xlsm
CY14,0.25,p0p250,SA,16,f4,0.231541,0.231541,,CY14_Coeffs,AG16,NGAW2_GMPE_Spreadsheets_v5.7_041415_ProtectedLocked.xlsm
CY14,0.25,p0p250,SA,16,f5,0,0,,CY14_Coeffs,AH16,NGAW2_GMPE_Spreadsheets_v5.7_041415_ProtectedLocked.xlsm
CY14,0.25,p0p250,SA,16,f6,300,300,,CY14_Coeffs,AI16,NGAW2_GMPE_Spreadsheets_v5.7_041415_ProtectedLocked.xlsm
CY14,0.25,p0p250,SA,16,t1,0.4341,0.4341,,CY14_Coeffs,AJ16,NGAW2_GMPE_Spreadsheets_v5.7_041415_ProtectedLocked.xlsm
CY14,0.25,p0p250,SA,16,t2,0.3087,0.3087,,CY14_Coeffs,AK16,NGAW2_GMPE_Spreadsheets_v5.7_041415_ProtectedLocked.xlsm
CY14,0.25,p0p250,SA,16,s1,0.5377,0.5377,,CY14_Coeffs,AL16,NGAW2_GMPE_Spreadsheets_v5.7_041415_ProtectedLocked.xlsm
CY14,0.25,p0p250,SA,16,s2,0.4299,0.4299,,CY14_Coeffs,AM16,NGAW2_GMPE_Spreadsheets_v5.7_041415_ProtectedLocked.xlsm
CY14,0.25,p0p250,SA,16,s3,0.7999,0.7999,,CY14_Coeffs,AN16,NGAW2_GMPE_Spreadsheets_v5.7_041415_ProtectedLocked.xlsm
CY14,0.25,p0p250,SA,16,"s2,JP",0.5309,0.5309,,CY14_Coeffs,AO16,NGAW2_GMPE_Spreadsheets_v5.7_041415_ProtectedLocked.xlsm
CY14,0.25,p0p250,SA,16,gJp-It,1.315,1.315,,CY14_Coeffs,AP16,NGAW2_GMPE_Spreadsheets_v5.7_041415_ProtectedLocked.xlsm
CY14,0.25,p0p250,SA,16,gWn,0.6579,0.6579,,CY14_Coeffs,AQ16,NGAW2_GMPE_Spreadsheets_v5.7_041415_ProtectedLocked.xlsm
CY14,0.25,p0p250,SA,16,f1Jp,-0.8469,-0.8469,,CY14_Coeffs,AR16,NGAW2_GMPE_Spreadsheets_v5.7_041415_ProtectedLocked.xlsm
CY14,0.25,p0p250,SA,16,f5JP,0.393,0.393,,CY14_Coeffs,AS16,NGAW2_GMPE_Spreadsheets_v5.7_041415_ProtectedLocked.xlsm
CY14,0.25,p0p250,SA,16,f6JP,800,800,,CY14_Coeffs,AT16,NGAW2_GMPE_Spreadsheets_v5.7_041415_ProtectedLocked.xlsm
CY14,0.3,p0p300,SA,17,c2,1.06,1.06,,CY14_Coeffs,B17,NGAW2_GMPE_Spreadsheets_v5.7_041415_ProtectedLocked.xlsm
CY14,0.3,p0p300,SA,17,c4,-2.1,-2.1,,CY14_Coeffs,C17,NGAW2_GMPE_Spreadsheets_v5.7_041415_ProtectedLocked.xlsm
CY14,0.3,p0p300,SA,17,c4a,-0.5,-0.5,,CY14_Coeffs,D17,NGAW2_GMPE_Spreadsheets_v5.7_041415_ProtectedLocked.xlsm
CY14,0.3,p0p300,SA,17,cRB,50,50,,CY14_Coeffs,E17,NGAW2_GMPE_Spreadsheets_v5.7_041415_ProtectedLocked.xlsm
CY14,0.3,p0p300,SA,17,c8,0,0,,CY14_Coeffs,F17,NGAW2_GMPE_Spreadsheets_v5.7_041415_ProtectedLocked.xlsm
CY14,0.3,p0p300,SA,17,c8a,0.2695,0.2695,,CY14_Coeffs,G17,NGAW2_GMPE_Spreadsheets_v5.7_041415_ProtectedLocked.xlsm
CY14,0.3,p0p300,SA,17,c1,-1.0514,-1.0514,,CY14_Coeffs,H17,NGAW2_GMPE_Spreadsheets_v5.7_041415_ProtectedLocked.xlsm
CY14,0.3,p0p300,SA,17,c1a,0.165,0.165,,CY14_Coeffs,I17,NGAW2_GMPE_Spreadsheets_v5.7_041415_ProtectedLocked.xlsm
CY14,0.3,p0p300,SA,17,c1b,-0.2313,-0.2313,,CY14_Coeffs,J17,NGAW2_GMPE_Spreadsheets_v5.7_041415_ProtectedLocked.xlsm
CY14,0.3,p0p300,SA,17,c1c,-0.165,-0.165,,CY14_Coeffs,K17,NGAW2_GMPE_Spreadsheets_v5.7_041415_ProtectedLocked.xlsm
CY14,0.3,p0p300,SA,17,c1d,0.2313,0.2313,,CY14_Coeffs,L17,NGAW2_GMPE_Spreadsheets_v5.7_041415_ProtectedLocked.xlsm
CY14,0.3,p0p300,SA,17,cn,9.1908,9.1908,,CY14_Coeffs,M17,NGAW2_GMPE_Spreadsheets_v5.7_041415_ProtectedLocked.xlsm
CY14,0.3,p0p300,SA,17,cM,5.167,5.167,,CY14_Coeffs,N17,NGAW2_GMPE_Spreadsheets_v5.7_041415_ProtectedLocked.xlsm
CY14,0.3,p0p300,SA,17,c3,2.344,2.344,,CY14_Coeffs,O17,NGAW2_GMPE_Spreadsheets_v5.7_041415_ProtectedLocked.xlsm
CY14,0.3,p0p300,SA,17,c5,7.56,7.56,,CY14_Coeffs,P17,NGAW2_GMPE_Spreadsheets_v5.7_041415_ProtectedLocked.xlsm
CY14,0.3,p0p300,SA,17,cHM,3.6232,3.6232,,CY14_Coeffs,Q17,NGAW2_GMPE_Spreadsheets_v5.7_041415_ProtectedLocked.xlsm
CY14,0.3,p0p300,SA,17,c6,0.4919,0.4919,,CY14_Coeffs,R17,NGAW2_GMPE_Spreadsheets_v5.7_041415_ProtectedLocked.xlsm
CY14,0.3,p0p300,SA,17,c7,0.0352,0.0352,,CY14_Coeffs,S17,NGAW2_GMPE_Spreadsheets_v5.7_041415_ProtectedLocked.xlsm
CY14,0.3,p0p300,SA,17,c7b,-0.0004,-0.0004,,CY14_Coeffs,T17,NGAW2_GMPE_Spreadsheets_v5.7_041415_ProtectedLocked.xlsm
CY14,0.3,p0p300,SA,17,c8b,4.0711,4.0711,,CY14_Coeffs,U17,NGAW2_GMPE_Spreadsheets_v5.7_041415_ProtectedLocked.xlsm
CY14,0.3,p0p300,SA,17,c9,0.8829,0.8829,,CY14_Coeffs,V17,NGAW2_GMPE_Spreadsheets_v5.7_041415_ProtectedLocked.xlsm
CY14,0.3,p0p300,SA,17,c9a,0.1175,0.1175,,CY14_Coeffs,W17,NGAW2_GMPE_Spreadsheets_v5.7_041415_ProtectedLocked.xlsm
CY14,0.3,p0p300,SA,17,c9b,6.8789,6.8789,,CY14_Coeffs,X17,NGAW2_GMPE_Spreadsheets_v5.7_041415_ProtectedLocked.xlsm
CY14,0.3,p0p300,SA,17,c11,0,0,,CY14_Coeffs,Y17,NGAW2_GMPE_Spreadsheets_v5.7_041415_ProtectedLocked.xlsm
CY14,0.3,p0p300,SA,17,c11b,-0.2688,-0.2688,,CY14_Coeffs,Z17,NGAW2_GMPE_Spreadsheets_v5.7_041415_ProtectedLocked.xlsm
CY14,0.3,p0p300,SA,17,cg1,-0.008251,-0.008251,,CY14_Coeffs,AA17,NGAW2_GMPE_Spreadsheets_v5.7_041415_ProtectedLocked.xlsm
CY14,0.3,p0p300,SA,17,cg2,-0.001812,-0.001812,,CY14_Coeffs,AB17,NGAW2_GMPE_Spreadsheets_v5.7_041415_ProtectedLocked.xlsm
CY14,0.3,p0p300,SA,17,cg3,5.1954,5.1954,,CY14_Coeffs,AC17,NGAW2_GMPE_Spreadsheets_v5.7_041415_ProtectedLocked.xlsm
CY14,0.3,p0p300,SA,17,f1,-0.8501,-0.8501,,CY14_Coeffs,AD17,NGAW2_GMPE_Spreadsheets_v5.7_041415_ProtectedLocked.xlsm
CY14,0.3,p0p300,SA,17,f2,-0.2405,-0.2405,,CY14_Coeffs,AE17,NGAW2_GMPE_Spreadsheets_v5.7_041415_ProtectedLocked.xlsm
CY14,0.3,p0p300,SA,17,f3,-0.006704,-0.006704,,CY14_Coeffs,AF17,NGAW2_GMPE_Spreadsheets_v5.7_041415_ProtectedLocked.xlsm
CY14,0.3,p0p300,SA,17,f4,0.207277,0.207277,,CY14_Coeffs,AG17,NGAW2_GMPE_Spreadsheets_v5.7_041415_ProtectedLocked.xlsm
CY14,0.3,p0p300,SA,17,f5,0.001,0.001,,CY14_Coeffs,AH17,NGAW2_GMPE_Spreadsheets_v5.7_041415_ProtectedLocked.xlsm
CY14,0.3,p0p300,SA,17,f6,300,300,,CY14_Coeffs,AI17,NGAW2_GMPE_Spreadsheets_v5.7_041415_ProtectedLocked.xlsm
CY14,0.3,p0p300,SA,17,t1,0.4363,0.4363,,CY14_Coeffs,AJ17,NGAW2_GMPE_Spreadsheets_v5.7_041415_ProtectedLocked.xlsm
CY14,0.3,p0p300,SA,17,t2,0.3119,0.3119,,CY14_Coeffs,AK17,NGAW2_GMPE_Spreadsheets_v5.7_041415_ProtectedLocked.xlsm
CY14,0.3,p0p300,SA,17,s1,0.5395,0.5395,,CY14_Coeffs,AL17,NGAW2_GMPE_Spreadsheets_v5.7_041415_ProtectedLocked.xlsm
CY14,0.3,p0p300,SA,17,s2,0.4338,0.4338,,CY14_Coeffs,AM17,NGAW2_GMPE_Spreadsheets_v5.7_041415_ProtectedLocked.xlsm
CY14,0.3,p0p300,SA,17,s3,0.7997,0.7997,,CY14_Coeffs,AN17,NGAW2_GMPE_Spreadsheets_v5.7_041415_ProtectedLocked.xlsm
CY14,0.3,p0p300,SA,17,"s2,JP",0.5307,0.5307,,CY14_Coeffs,AO17,NGAW2_GMPE_Spreadsheets_v5.7_041415_ProtectedLocked.xlsm
CY14,0.3,p0p300,SA,17,gJp-It,1.3514,1.3514,,CY14_Coeffs,AP17,NGAW2_GMPE_Spreadsheets_v5.7_041415_ProtectedLocked.xlsm
CY14,0.3,p0p300,SA,17,gWn,0.6362,0.6362,,CY14_Coeffs,AQ17,NGAW2_GMPE_Spreadsheets_v5.7_041415_ProtectedLocked.xlsm
CY14,0.3,p0p300,SA,17,f1Jp,-0.8999,-0.8999,,CY14_Coeffs,AR17,NGAW2_GMPE_Spreadsheets_v5.7_041415_ProtectedLocked.xlsm
CY14,0.3,p0p300,SA,17,f5JP,0.408,0.408,,CY14_Coeffs,AS17,NGAW2_GMPE_Spreadsheets_v5.7_041415_ProtectedLocked.xlsm
CY14,0.3,p0p300,SA,17,f6JP,800,800,,CY14_Coeffs,AT17,NGAW2_GMPE_Spreadsheets_v5.7_041415_ProtectedLocked.xlsm
CY14,0.4,p0p400,SA,18,c2,1.06,1.06,,CY14_Coeffs,B18,NGAW2_GMPE_Spreadsheets_v5.7_041415_ProtectedLocked.xlsm
CY14,0.4,p0p400,SA,18,c4,-2.1,-2.1,,CY14_Coeffs,C18,NGAW2_GMPE_Spreadsheets_v5.7_041415_ProtectedLocked.xlsm
CY14,0.4,p0p400,SA,18,c4a,-0.5,-0.5,,CY14_Coeffs,D18,NGAW2_GMPE_Spreadsheets_v5.7_041415_ProtectedLocked.xlsm
CY14,0.4,p0p400,SA,18,cRB,50,50,,CY14_Coeffs,E18,NGAW2_GMPE_Spreadsheets_v5.7_041415_ProtectedLocked.xlsm
CY14,0.4,p0p400,SA,18,c8,0,0,,CY14_Coeffs,F18,NGAW2_GMPE_Spreadsheets_v5.7_041415_ProtectedLocked.xlsm
CY14,0.4,p0p400,SA,18,c8a,0.2695,0.2695,,CY14_Coeffs,G18,NGAW2_GMPE_Spreadsheets_v5.7_041415_ProtectedLocked.xlsm
CY14,0.4,p0p400,SA,18,c1,-1.3794,-1.3794,,CY14_Coeffs,H18,NGAW2_GMPE_Spreadsheets_v5.7_041415_ProtectedLocked.xlsm
CY14,0.4,p0p400,SA,18,c1a,0.165,0.165,,CY14_Coeffs,I18,NGAW2_GMPE_Spreadsheets_v5.7_041415_ProtectedLocked.xlsm
CY14,0.4,p0p400,SA,18,c1b,-0.2146,-0.2146,,CY14_Coeffs,J18,NGAW2_GMPE_Spreadsheets_v5.7_041415_ProtectedLocked.xlsm
CY14,0.4,p0p400,SA,18,c1c,-0.165,-0.165,,CY14_Coeffs,K18,NGAW2_GMPE_Spreadsheets_v5.7_041415_ProtectedLocked.xlsm
CY14,0.4,p0p400,SA,18,c1d,0.2146,0.2146,,CY14_Coeffs,L18,NGAW2_GMPE_Spreadsheets_v5.7_041415_ProtectedLocked.xlsm
CY14,0.4,p0p400,SA,18,cn,6.5459,6.5459,,CY14_Coeffs,M18,NGAW2_GMPE_Spreadsheets_v5.7_041415_ProtectedLocked.xlsm
CY14,0.4,p0p400,SA,18,cM,5.2317,5.2317,,CY14_Coeffs,N18,NGAW2_GMPE_Spreadsheets_v5.7_041415_ProtectedLocked.xlsm
CY14,0.4,p0p400,SA,18,c3,2.4709,2.4709,,CY14_Coeffs,O18,NGAW2_GMPE_Spreadsheets_v5.7_041415_ProtectedLocked.xlsm
CY14,0.4,p0p400,SA,18,c5,7.5735,7.5735,,CY14_Coeffs,P18,NGAW2_GMPE_Spreadsheets_v5.7_041415_ProtectedLocked.xlsm
CY14,0.4,p0p400,SA,18,cHM,3.6945,3.6945,,CY14_Coeffs,Q18,NGAW2_GMPE_Spreadsheets_v5.7_041415_ProtectedLocked.xlsm
CY14,0.4,p0p400,SA,18,c6,0.4807,0.4807,,CY14_Coeffs,R18,NGAW2_GMPE_Spreadsheets_v5.7_041415_ProtectedLocked.xlsm
CY14,0.4,p0p400,SA,18,c7,0.0352,0.0352,,CY14_Coeffs,S18,NGAW2_GMPE_Spreadsheets_v5.7_041415_ProtectedLocked.xlsm
CY14,0.4,p0p400,SA,18,c7b,-0.0155,-0.0155,,CY14_Coeffs,T18,NGAW2_GMPE_Spreadsheets_v5.7_041415_ProtectedLocked.xlsm
CY14,0.4,p0p400,SA,18,c8b,4.3745,4.3745,,CY14_Coeffs,U18,NGAW2_GMPE_Spreadsheets_v5.7_041415_ProtectedLocked.xlsm
CY14,0.4,p0p400,SA,18,c9,0.8302,0.8302,,CY14_Coeffs,V18,NGAW2_GMPE_Spreadsheets_v5.7_041415_ProtectedLocked.xlsm
CY14,0.4,p0p400,SA,18,c9a,0.106,0.106,,CY14_Coeffs,W18,NGAW2_GMPE_Spreadsheets_v5.7_041415_ProtectedLocked.xlsm
CY14,0.4,p0p400,SA,18,c9b,6.5334,6.5334,,CY14_Coeffs,X18,NGAW2_GMPE_Spreadsheets_v5.7_041415_ProtectedLocked.xlsm
CY14,0.4,p0p400,SA,18,c11,0,0,,CY14_Coeffs,Y18,NGAW2_GMPE_Spreadsheets_v5.7_041415_ProtectedLocked.xlsm
CY14,0.4,p0p400,SA,18,c11b,-0.1793,-0.1793,,CY14_Coeffs,Z18,NGAW2_GMPE_Spreadsheets_v5.7_041415_ProtectedLocked.xlsm
CY14,0.4,p0p400,SA,18,cg1,-0.007267,-0.007267,,CY14_Coeffs,AA18,NGAW2_GMPE_Spreadsheets_v5.7_041415_ProtectedLocked.xlsm
CY14,0.4,p0p400,SA,18,cg2,-0.001274,-0.001274,,CY14_Coeffs,AB18,NGAW2_GMPE_Spreadsheets_v5.7_041415_ProtectedLocked.xlsm
CY14,0.4,p0p400,SA,18,cg3,5.0899,5.0899,,CY14_Coeffs,AC18,NGAW2_GMPE_Spreadsheets_v5.7_041415_ProtectedLocked.xlsm
CY14,0.4,p0p400,SA,18,f1,-0.9431,-0.9431,,CY14_Coeffs,AD18,NGAW2_GMPE_Spreadsheets_v5.7_041415_ProtectedLocked.xlsm
CY14,0.4,p0p400,SA,18,f2,-0.1975,-0.1975,,CY14_Coeffs,AE18,NGAW2_GMPE_Spreadsheets_v5.7_041415_ProtectedLocked.xlsm
CY14,0.4,p0p400,SA,18,f3,-0.007125,-0.007125,,CY14_Coeffs,AF18,NGAW2_GMPE_Spreadsheets_v5.7_041415_ProtectedLocked.xlsm
CY14,0.4,p0p400,SA,18,f4,0.165464,0.165464,,CY14_Coeffs,AG18,NGAW2_GMPE_Spreadsheets_v5.7_041415_ProtectedLocked.xlsm
CY14,0.4,p0p400,SA,18,f5,0.004,0.004,,CY14_Coeffs,AH18,NGAW2_GMPE_Spreadsheets_v5.7_041415_ProtectedLocked.xlsm
CY14,0.4,p0p400,SA,18,f6,300,300,,CY14_Coeffs,AI18,NGAW2_GMPE_Spreadsheets_v5.7_041415_ProtectedLocked.xlsm
CY14,0.4,p0p400,SA,18,t1,0.4396,0.4396,,CY14_Coeffs,AJ18,NGAW2_GMPE_Spreadsheets_v5.7_041415_ProtectedLocked.xlsm
CY14,0.4,p0p400,SA,18,t2,0.3165,0.3165,,CY14_Coeffs,AK18,NGAW2_GMPE_Spreadsheets_v5.7_041415_ProtectedLocked.xlsm
CY14,0.4,p0p400,SA,18,s1,0.5422,0.5422,,CY14_Coeffs,AL18,NGAW2_GMPE_Spreadsheets_v5.7_041415_ProtectedLocked.xlsm
CY14,0.4,p0p400,SA,18,s2,0.4399,0.4399,,CY14_Coeffs,AM18,NGAW2_GMPE_Spreadsheets_v5.7_041415_ProtectedLocked.xlsm
CY14,0.4,p0p400,SA,18,s3,0.7988,0.7988,,CY14_Coeffs,AN18,NGAW2_GMPE_Spreadsheets_v5.7_041415_ProtectedLocked.xlsm
CY14,0.4,p0p400,SA,18,"s2,JP",0.531,0.531,,CY14_Coeffs,AO18,NGAW2_GMPE_Spreadsheets_v5.7_041415_ProtectedLocked.xlsm
CY14,0.4,p0p400,SA,18,gJp-It,1.4051,1.4051,,CY14_Coeffs,AP18,NGAW2_GMPE_Spreadsheets_v5.7_041415_ProtectedLocked.xlsm
CY14,0.4,p0p400,SA,18,gWn,0.6049,0.6049,,CY14_Coeffs,AQ18,NGAW2_GMPE_Spreadsheets_v5.7_041415_ProtectedLocked.xlsm
CY14,0.4,p0p400,SA,18,f1Jp,-0.9618,-0.9618,,CY14_Coeffs,AR18,NGAW2_GMPE_Spreadsheets_v5.7_041415_ProtectedLocked.xlsm
CY14,0.4,p0p400,SA,18,f5JP,0.462,0.462,,CY14_Coeffs,AS18,NGAW2_GMPE_Spreadsheets_v5.7_041415_ProtectedLocked.xlsm
CY14,0.4,p0p400,SA,18,f6JP,800,800,,CY14_Coeffs,AT18,NGAW2_GMPE_Spreadsheets_v5.7_041415_ProtectedLocked.xlsm
CY14,0.5,p0p500,SA,19,c2,1.06,1.06,,CY14_Coeffs,B19,NGAW2_GMPE_Spreadsheets_v5.7_041415_ProtectedLocked.xlsm
CY14,0.5,p0p500,SA,19,c4,-2.1,-2.1,,CY14_Coeffs,C19,NGAW2_GMPE_Spreadsheets_v5.7_041415_ProtectedLocked.xlsm
CY14,0.5,p0p500,SA,19,c4a,-0.5,-0.5,,CY14_Coeffs,D19,NGAW2_GMPE_Spreadsheets_v5.7_041415_ProtectedLocked.xlsm
CY14,0.5,p0p500,SA,19,cRB,50,50,,CY14_Coeffs,E19,NGAW2_GMPE_Spreadsheets_v5.7_041415_ProtectedLocked.xlsm
CY14,0.5,p0p500,SA,19,c8,0.0991,0.0991,,CY14_Coeffs,F19,NGAW2_GMPE_Spreadsheets_v5.7_041415_ProtectedLocked.xlsm
CY14,0.5,p0p500,SA,19,c8a,0.2695,0.2695,,CY14_Coeffs,G19,NGAW2_GMPE_Spreadsheets_v5.7_041415_ProtectedLocked.xlsm
CY14,0.5,p0p500,SA,19,c1,-1.6508,-1.6508,,CY14_Coeffs,H19,NGAW2_GMPE_Spreadsheets_v5.7_041415_ProtectedLocked.xlsm
CY14,0.5,p0p500,SA,19,c1a,0.165,0.165,,CY14_Coeffs,I19,NGAW2_GMPE_Spreadsheets_v5.7_041415_ProtectedLocked.xlsm
CY14,0.5,p0p500,SA,19,c1b,-0.1972,-0.1972,,CY14_Coeffs,J19,NGAW2_GMPE_Spreadsheets_v5.7_041415_ProtectedLocked.xlsm
CY14,0.5,p0p500,SA,19,c1c,-0.165,-0.165,,CY14_Coeffs,K19,NGAW2_GMPE_Spreadsheets_v5.7_041415_ProtectedLocked.xlsm
CY14,0.5,p0p500,SA,19,c1d,0.1972,0.1972,,CY14_Coeffs,L19,NGAW2_GMPE_Spreadsheets_v5.7_041415_ProtectedLocked.xlsm
CY14,0.5,p0p500,SA,19,cn,5.2305,5.2305,,CY14_Coeffs,M19,NGAW2_GMPE_Spreadsheets_v5.7_041415_ProtectedLocked.xlsm
CY14,0.5,p0p500,SA,19,cM,5.2893,5.2893,,CY14_Coeffs,N19,NGAW2_GMPE_Spreadsheets_v5.7_041415_ProtectedLocked.xlsm
CY14,0.5,p0p500,SA,19,c3,2.5567,2.5567,,CY14_Coeffs,O19,NGAW2_GMPE_Spreadsheets_v5.7_041415_ProtectedLocked.xlsm
CY14,0.5,p0p500,SA,19,c5,7.5778,7.5778,,CY14_Coeffs,P19,NGAW2_GMPE_Spreadsheets_v5.7_041415_ProtectedLocked.xlsm
CY14,0.5,p0p500,SA,19,cHM,3.7401,3.7401,,CY14_Coeffs,Q19,NGAW2_GMPE_Spreadsheets_v5.7_041415_ProtectedLocked.xlsm
CY14,0.5,p0p500,SA,19,c6,0.4707,0.4707,,CY14_Coeffs,R19,NGAW2_GMPE_Spreadsheets_v5.7_041415_ProtectedLocked.xlsm
CY14,0.5,p0p500,SA,19,c7,0.0352,0.0352,,CY14_Coeffs,S19,NGAW2_GMPE_Spreadsheets_v5.7_041415_ProtectedLocked.xlsm
CY14,0.5,p0p500,SA,19,c7b,-0.0278,-0.0278,,CY14_Coeffs,T19,NGAW2_GMPE_Spreadsheets_v5.7_041415_ProtectedLocked.xlsm
CY14,0.5,p0p500,SA,19,c8b,4.6099,4.6099,,CY14_Coeffs,U19,NGAW2_GMPE_Spreadsheets_v5.7_041415_ProtectedLocked.xlsm
CY14,0.5,p0p500,SA,19,c9,0.7884,0.7884,,CY14_Coeffs,V19,NGAW2_GMPE_Spreadsheets_v5.7_041415_ProtectedLocked.xlsm
CY14,0.5,p0p500,SA,19,c9a,0.1061,0.1061,,CY14_Coeffs,W19,NGAW2_GMPE_Spreadsheets_v5.7_041415_ProtectedLocked.xlsm
CY14,0.5,p0p500,SA,19,c9b,6.526,6.526,,CY14_Coeffs,X19,NGAW2_GMPE_Spreadsheets_v5.7_041415_ProtectedLocked.xlsm
CY14,0.5,p0p500,SA,19,c11,0,0,,CY14_Coeffs,Y19,NGAW2_GMPE_Spreadsheets_v5.7_041415_ProtectedLocked.xlsm
CY14,0.5,p0p500,SA,19,c11b,-0.1428,-0.1428,,CY14_Coeffs,Z19,NGAW2_GMPE_Spreadsheets_v5.7_041415_ProtectedLocked.xlsm
CY14,0.5,p0p500,SA,19,cg1,-0.006492,-0.006492,,CY14_Coeffs,AA19,NGAW2_GMPE_Spreadsheets_v5.7_041415_ProtectedLocked.xlsm
CY14,0.5,p0p500,SA,19,cg2,-0.001074,-0.001074,,CY14_Coeffs,AB19,NGAW2_GMPE_Spreadsheets_v5.7_041415_ProtectedLocked.xlsm
CY14,0.5,p0p500,SA,19,cg3,4.7854,4.7854,,CY14_Coeffs,AC19,NGAW2_GMPE_Spreadsheets_v5.7_041415_ProtectedLocked.xlsm
CY14,0.5,p0p500,SA,19,f1,-1.0044,-1.0044,,CY14_Coeffs,AD19,NGAW2_GMPE_Spreadsheets_v5.7_041415_ProtectedLocked.xlsm
CY14,0.5,p0p500,SA,19,f2,-0.1633,-0.1633,,CY14_Coeffs,AE19,NGAW2_GMPE_Spreadsheets_v5.7_041415_ProtectedLocked.xlsm
CY14,0.5,p0p500,SA,19,f3,-0.007435,-0.007435,,CY14_Coeffs,AF19,NGAW2_GMPE_Spreadsheets_v5.7_041415_ProtectedLocked.xlsm
CY14,0.5,p0p500,SA,19,f4,0.133828,0.133828,,CY14_Coeffs,AG19,NGAW2_GMPE_Spreadsheets_v5.7_041415_ProtectedLocked.xlsm
CY14,0.5,p0p500,SA,19,f5,0.01,0.01,,CY14_Coeffs,AH19,NGAW2_GMPE_Spreadsheets_v5.7_041415_ProtectedLocked.xlsm
CY14,0.5,p0p500,SA,19,f6,300,300,,CY14_Coeffs,AI19,NGAW2_GMPE_Spreadsheets_v5.7_041415_ProtectedLocked.xlsm
CY14,0.5,p0p500,SA,19,t1,0.4419,0.4419,,CY14_Coeffs,AJ19,NGAW2_GMPE_Spreadsheets_v5.7_041415_ProtectedLocked.xlsm
CY14,0.5,p0p500,SA,19,t2,0.3199,0.3199,,CY14_Coeffs,AK19,NGAW2_GMPE_Spreadsheets_v5.7_041415_ProtectedLocked.xlsm
CY14,0.5,p0p500,SA,19,s1,0.5433,0.5433,,CY14_Coeffs,AL19,NGAW2_GMPE_Spreadsheets_v5.7_041415_ProtectedLocked.xlsm
CY14,0.5,p0p500,SA,19,s2,0.4446,0.4446,,CY14_Coeffs,AM19,NGAW2_GMPE_Spreadsheets_v5.7_041415_ProtectedLocked.xlsm
CY14,0.5,p0p500,SA,19,s3,0.7966,0.7966,,CY14_Coeffs,AN19,NGAW2_GMPE_Spreadsheets_v5.7_041415_ProtectedLocked.xlsm
CY14,0.5,p0p500,SA,19,"s2,JP",0.5313,0.5313,,CY14_Coeffs,AO19,NGAW2_GMPE_Spreadsheets_v5.7_041415_ProtectedLocked.xlsm
CY14,0.5,p0p500,SA,19,gJp-It,1.4402,1.4402,,CY14_Coeffs,AP19,NGAW2_GMPE_Spreadsheets_v5.7_041415_ProtectedLocked.xlsm
CY14,0.5,p0p500,SA,19,gWn,0.5507,0.5507,,CY14_Coeffs,AQ19,NGAW2_GMPE_Spreadsheets_v5.7_041415_ProtectedLocked.xlsm
CY14,0.5,p0p500,SA,19,f1Jp,-0.9945,-0.9945,,CY14_Coeffs,AR19,NGAW2_GMPE_Spreadsheets_v5.7_041415_ProtectedLocked.xlsm
CY14,0.5,p0p500,SA,19,f5JP,0.524,0.524,,CY14_Coeffs,AS19,NGAW2_GMPE_Spreadsheets_v5.7_041415_ProtectedLocked.xlsm
CY14,0.5,p0p500,SA,19,f6JP,800,800,,CY14_Coeffs,AT19,NGAW2_GMPE_Spreadsheets_v5.7_041415_ProtectedLocked.xlsm
CY14,0.75,p0p750,SA,20,c2,1.06,1.06,,CY14_Coeffs,B20,NGAW2_GMPE_Spreadsheets_v5.7_041415_ProtectedLocked.xlsm
CY14,0.75,p0p750,SA,20,c4,-2.1,-2.1,,CY14_Coeffs,C20,NGAW2_GMPE_Spreadsheets_v5.7_041415_ProtectedLocked.xlsm
CY14,0.75,p0p750,SA,20,c4a,-0.5,-0.5,,CY14_Coeffs,D20,NGAW2_GMPE_Spreadsheets_v5.7_041415_ProtectedLocked.xlsm
CY14,0.75,p0p750,SA,20,cRB,50,50,,CY14_Coeffs,E20,NGAW2_GMPE_Spreadsheets_v5.7_041415_ProtectedLocked.xlsm
CY14,0.75,p0p750,SA,20,c8,0.1982,0.1982,,CY14_Coeffs,F20,NGAW2_GMPE_Spreadsheets_v5.7_041415_ProtectedLocked.xlsm
CY14,0.75,p0p750,SA,20,c8a,0.2695,0.2695,,CY14_Coeffs,G20,NGAW2_GMPE_Spreadsheets_v5.7_041415_ProtectedLocked.xlsm
CY14,0.75,p0p750,SA,20,c1,-2.1511,-2.1511,,CY14_Coeffs,H20,NGAW2_GMPE_Spreadsheets_v5.7_041415_ProtectedLocked.xlsm
CY14,0.75,p0p750,SA,20,c1a,0.165,0.165,,CY14_Coeffs,I20,NGAW2_GMPE_Spreadsheets_v5.7_041415_ProtectedLocked.xlsm
CY14,0.75,p0p750,SA,20,c1b,-0.162,-0.162,,CY14_Coeffs,J20,NGAW2_GMPE_Spreadsheets_v5.7_041415_ProtectedLocked.xlsm
CY14,0.75,p0p750,SA,20,c1c,-0.165,-0.165,,CY14_Coeffs,K20,NGAW2_GMPE_Spreadsheets_v5.7_041415_ProtectedLocked.xlsm
CY14,0.75,p0p750,SA,20,c1d,0.162,0.162,,CY14_Coeffs,L20,NGAW2_GMPE_Spreadsheets_v5.7_041415_ProtectedLocked.xlsm
CY14,0.75,p0p750,SA,20,cn,3.7896,3.7896,,CY14_Coeffs,M20,NGAW2_GMPE_Spreadsheets_v5.7_041415_ProtectedLocked.xlsm
CY14,0.75,p0p750,SA,20,cM,5.4109,5.4109,,CY14_Coeffs,N20,NGAW2_GMPE_Spreadsheets_v5.7_041415_ProtectedLocked.xlsm
CY14,0.75,p0p750,SA,20,c3,2.6812,2.6812,,CY14_Coeffs,O20,NGAW2_GMPE_Spreadsheets_v5.7_041415_ProtectedLocked.xlsm
CY14,0.75,p0p750,SA,20,c5,7.5808,7.5808,,CY14_Coeffs,P20,NGAW2_GMPE_Spreadsheets_v5.7_041415_ProtectedLocked.xlsm
CY14,0.75,p0p750,SA,20,cHM,3.7941,3.7941,,CY14_Coeffs,Q20,NGAW2_GMPE_Spreadsheets_v5.7_041415_ProtectedLocked.xlsm
CY14,0.75,p0p750,SA,20,c6,0.4575,0.4575,,CY14_Coeffs,R20,NGAW2_GMPE_Spreadsheets_v5.7_041415_ProtectedLocked.xlsm
CY14,0.75,p0p750,SA,20,c7,0.0352,0.0352,,CY14_Coeffs,S20,NGAW2_GMPE_Spreadsheets_v5.7_041415_ProtectedLocked.xlsm
CY14,0.75,p0p750,SA,20,c7b,-0.0477,-0.0477,,CY14_Coeffs,T20,NGAW2_GMPE_Spreadsheets_v5.7_041415_ProtectedLocked.xlsm
CY14,0.75,p0p750,SA,20,c8b,5.0376,5.0376,,CY14_Coeffs,U20,NGAW2_GMPE_Spreadsheets_v5.7_041415_ProtectedLocked.xlsm
CY14,0.75,p0p750,SA,20,c9,0.6754,0.6754,,CY14_Coeffs,V20,NGAW2_GMPE_Spreadsheets_v5.7_041415_ProtectedLocked.xlsm
CY14,0.75,p0p750,SA,20,c9a,0.1,0.1,,CY14_Coeffs,W20,NGAW2_GMPE_Spreadsheets_v5.7_041415_ProtectedLocked.xlsm
CY14,0.75,p0p750,SA,20,c9b,6.5,6.5,,CY14_Coeffs,X20,NGAW2_GMPE_Spreadsheets_v5.7_041415_ProtectedLocked.xlsm
CY14,0.75,p0p750,SA,20,c11,0,0,,CY14_Coeffs,Y20,NGAW2_GMPE_Spreadsheets_v5.7_041415_ProtectedLocked.xlsm
CY14,0.75,p0p750,SA,20,c11b,-0.1138,-0.1138,,CY14_Coeffs,Z20,NGAW2_GMPE_Spreadsheets_v5.7_041415_ProtectedLocked.xlsm
CY14,0.75,p0p750,SA,20,cg1,-0.005147,-0.005147,,CY14_Coeffs,AA20,NGAW2_GMPE_Spreadsheets_v5.7_041415_ProtectedLocked.xlsm
CY14,0.75,p0p750,SA,20,cg2,-0.001115,-0.001115,,CY14_Coeffs,AB20,NGAW2_GMPE_Spreadsheets_v5.7_041415_ProtectedLocked.xlsm
CY14,0.75,p0p750,SA,20,cg3,4.3304,4.3304,,CY14_Coeffs,AC20,NGAW2_GMPE_Spreadsheets_v5.7_041415_ProtectedLocked.xlsm
CY14,0.75,p0p750,SA,20,f1,-1.0602,-1.0602,,CY14_Coeffs,AD20,NGAW2_GMPE_Spreadsheets_v5.7_041415_ProtectedLocked.xlsm
CY14,0.75,p0p750,SA,20,f2,-0.1028,-0.1028,,CY14_Coeffs,AE20,NGAW2_GMPE_Spreadsheets_v5.7_041415_ProtectedLocked.xlsm
CY14,0.75,p0p750,SA,20,f3,-0.00812,-0.00812,,CY14_Coeffs,AF20,NGAW2_GMPE_Spreadsheets_v5.7_041415_ProtectedLocked.xlsm
CY14,0.75,p0p750,SA,20,f4,0.085153,0.085153,,CY14_Coeffs,AG20,NGAW2_GMPE_Spreadsheets_v5.7_041415_ProtectedLocked.xlsm
CY14,0.75,p0p750,SA,20,f5,0.034,0.034,,CY14_Coeffs,AH20,NGAW2_GMPE_Spreadsheets_v5.7_041415_ProtectedLocked.xlsm
CY14,0.75,p0p750,SA,20,f6,300,300,,CY14_Coeffs,AI20,NGAW2_GMPE_Spreadsheets_v5.7_041415_ProtectedLocked.xlsm
CY14,0.75,p0p750,SA,20,t1,0.4459,0.4459,,CY14_Coeffs,AJ20,NGAW2_GMPE_Spreadsheets_v5.7_041415_ProtectedLocked.xlsm
CY14,0.75,p0p750,SA,20,t2,0.3255,0.3255,,CY14_Coeffs,AK20,NGAW2_GMPE_Spreadsheets_v5.7_041415_ProtectedLocked.xlsm
CY14,0.75,p0p750,SA,20,s1,0.5294,0.5294,,CY14_Coeffs,AL20,NGAW2_GMPE_Spreadsheets_v5.7_041415_ProtectedLocked.xlsm
CY14,0.75,p0p750,SA,20,s2,0.4533,0.4533,,CY14_Coeffs,AM20,NGAW2_GMPE_Spreadsheets_v5.7_041415_ProtectedLocked.xlsm
CY14,0.75,p0p750,SA,20,s3,0.7792,0.7792,,CY14_Coeffs,AN20,NGAW2_GMPE_Spreadsheets_v5.7_041415_ProtectedLocked.xlsm
CY14,0.75,p0p750,SA,20,"s2,JP",0.5309,0.5309,,CY14_Coeffs,AO20,NGAW2_GMPE_Spreadsheets_v5.7_041415_ProtectedLocked.xlsm
CY14,0.75,p0p750,SA,20,gJp-It,1.528,1.528,,CY14_Coeffs,AP20,NGAW2_GMPE_Spreadsheets_v5.7_041415_ProtectedLocked.xlsm
CY14,0.75,p0p750,SA,20,gWn,0.3582,0.3582,,CY14_Coeffs,AQ20,NGAW2_GMPE_Spreadsheets_v5.7_041415_ProtectedLocked.xlsm
CY14,0.75,p0p750,SA,20,f1Jp,-1.0225,-1.0225,,CY14_Coeffs,AR20,NGAW2_GMPE_Spreadsheets_v5.7_041415_ProtectedLocked.xlsm
CY14,0.75,p0p750,SA,20,f5JP,0.658,0.658,,CY14_Coeffs,AS20,NGAW2_GMPE_Spreadsheets_v5.7_041415_ProtectedLocked.xlsm
CY14,0.75,p0p750,SA,20,f6JP,800,800,,CY14_Coeffs,AT20,NGAW2_GMPE_Spreadsheets_v5.7_041415_ProtectedLocked.xlsm
CY14,1.0,p1p000,SA,21,c2,1.06,1.06,,CY14_Coeffs,B21,NGAW2_GMPE_Spreadsheets_v5.7_041415_ProtectedLocked.xlsm
CY14,1.0,p1p000,SA,21,c4,-2.1,-2.1,,CY14_Coeffs,C21,NGAW2_GMPE_Spreadsheets_v5.7_041415_ProtectedLocked.xlsm
CY14,1.0,p1p000,SA,21,c4a,-0.5,-0.5,,CY14_Coeffs,D21,NGAW2_GMPE_Spreadsheets_v5.7_041415_ProtectedLocked.xlsm
CY14,1.0,p1p000,SA,21,cRB,50,50,,CY14_Coeffs,E21,NGAW2_GMPE_Spreadsheets_v5.7_041415_ProtectedLocked.xlsm
CY14,1.0,p1p000,SA,21,c8,0.2154,0.2154,,CY14_Coeffs,F21,NGAW2_GMPE_Spreadsheets_v5.7_041415_ProtectedLocked.xlsm
CY14,1.0,p1p000,SA,21,c8a,0.2695,0.2695,,CY14_Coeffs,G21,NGAW2_GMPE_Spreadsheets_v5.7_041415_ProtectedLocked.xlsm
CY14,1.0,p1p000,SA,21,c1,-2.5365,-2.5365,,CY14_Coeffs,H21,NGAW2_GMPE_Spreadsheets_v5.7_041415_ProtectedLocked.xlsm
CY14,1.0,p1p000,SA,21,c1a,0.165,0.165,,CY14_Coeffs,I21,NGAW2_GMPE_Spreadsheets_v5.7_041415_ProtectedLocked.xlsm
CY14,1.0,p1p000,SA,21,c1b,-0.14,-0.14,,CY14_Coeffs,J21,NGAW2_GMPE_Spreadsheets_v5.7_041415_ProtectedLocked.xlsm
CY14,1.0,p1p000,SA,21,c1c,-0.165,-0.165,,CY14_Coeffs,K21,NGAW2_GMPE_Spreadsheets_v5.7_041415_ProtectedLocked.xlsm
CY14,1.0,p1p000,SA,21,c1d,0.14,0.14,,CY14_Coeffs,L21,NGAW2_GMPE_Spreadsheets_v5.7_041415_ProtectedLocked.xlsm
CY14,1.0,p1p000,SA,21,cn,3.3024,3.3024,,CY14_Coeffs,M21,NGAW2_GMPE_Spreadsheets_v5.7_041415_ProtectedLocked.xlsm
CY14,1.0,p1p000,SA,21,cM,5.5106,5.5106,,CY14_Coeffs,N21,NGAW2_GMPE_Spreadsheets_v5.7_041415_ProtectedLocked.xlsm
CY14,1.0,p1p000,SA,21,c3,2.7474,2.7474,,CY14_Coeffs,O21,NGAW2_GMPE_Spreadsheets_v5.7_041415_ProtectedLocked.xlsm
CY14,1.0,p1p000,SA,21,c5,7.5814,7.5814,,CY14_Coeffs,P21,NGAW2_GMPE_Spreadsheets_v5.7_041415_ProtectedLocked.xlsm
CY14,1.0,p1p000,SA,21,cHM,3.8144,3.8144,,CY14_Coeffs,Q21,NGAW2_GMPE_Spreadsheets_v5.7_041415_ProtectedLocked.xlsm
CY14,1.0,p1p000,SA,21,c6,0.4522,0.4522,,CY14_Coeffs,R21,NGAW2_GMPE_Spreadsheets_v5.7_041415_ProtectedLocked.xlsm
CY14,1.0,p1p000,SA,21,c7,0.0352,0.0352,,CY14_Coeffs,S21,NGAW2_GMPE_Spreadsheets_v5.7_041415_ProtectedLocked.xlsm
CY14,1.0,p1p000,SA,21,c7b,-0.0559,-0.0559,,CY14_Coeffs,T21,NGAW2_GMPE_Spreadsheets_v5.7_041415_ProtectedLocked.xlsm
CY14,1.0,p1p000,SA,21,c8b,5.3411,5.3411,,CY14_Coeffs,U21,NGAW2_GMPE_Spreadsheets_v5.7_041415_ProtectedLocked.xlsm
CY14,1.0,p1p000,SA,21,c9,0.6196,0.6196,,CY14_Coeffs,V21,NGAW2_GMPE_Spreadsheets_v5.7_041415_ProtectedLocked.xlsm
CY14,1.0,p1p000,SA,21,c9a,0.1,0.1,,CY14_Coeffs,W21,NGAW2_GMPE_Spreadsheets_v5.7_041415_ProtectedLocked.xlsm
CY14,1.0,p1p000,SA,21,c9b,6.5,6.5,,CY14_Coeffs,X21,NGAW2_GMPE_Spreadsheets_v5.7_041415_ProtectedLocked.xlsm
CY14,1.0,p1p000,SA,21,c11,0,0,,CY14_Coeffs,Y21,NGAW2_GMPE_Spreadsheets_v5.7_041415_ProtectedLocked.xlsm
CY14,1.0,p1p000,SA,21,c11b,-0.1062,-0.1062,,CY14_Coeffs,Z21,NGAW2_GMPE_Spreadsheets_v5.7_041415_ProtectedLocked.xlsm
CY14,1.0,p1p000,SA,21,cg1,-0.004277,-0.004277,,CY14_Coeffs,AA21,NGAW2_GMPE_Spreadsheets_v5.7_041415_ProtectedLocked.xlsm
CY14,1.0,p1p000,SA,21,cg2,-0.001197,-0.001197,,CY14_Coeffs,AB21,NGAW2_GMPE_Spreadsheets_v5.7_041415_ProtectedLocked.xlsm
CY14,1.0,p1p000,SA,21,cg3,4.1667,4.1667,,CY14_Coeffs,AC21,NGAW2_GMPE_Spreadsheets_v5.7_041415_ProtectedLocked.xlsm
CY14,1.0,p1p000,SA,21,f1,-1.0941,-1.0941,,CY14_Coeffs,AD21,NGAW2_GMPE_Spreadsheets_v5.7_041415_ProtectedLocked.xlsm
CY14,1.0,p1p000,SA,21,f2,-0.0699,-0.0699,,CY14_Coeffs,AE21,NGAW2_GMPE_Spreadsheets_v5.7_041415_ProtectedLocked.xlsm
CY14,1.0,p1p000,SA,21,f3,-0.008444,-0.008444,,CY14_Coeffs,AF21,NGAW2_GMPE_Spreadsheets_v5.7_041415_ProtectedLocked.xlsm
CY14,1.0,p1p000,SA,21,f4,0.058595,0.058595,,CY14_Coeffs,AG21,NGAW2_GMPE_Spreadsheets_v5.7_041415_ProtectedLocked.xlsm
CY14,1.0,p1p000,SA,21,f5,0.067,0.067,,CY14_Coeffs,AH21,NGAW2_GMPE_Spreadsheets_v5.7_041415_ProtectedLocked.xlsm
CY14,1.0,p1p000,SA,21,f6,300,300,,CY14_Coeffs,AI21,NGAW2_GMPE_Spreadsheets_v5.7_041415_ProtectedLocked.xlsm
CY14,1.0,p1p000,SA,21,t1,0.4484,0.4484,,CY14_Coeffs,AJ21,NGAW2_GMPE_Spreadsheets_v5.7_041415_ProtectedLocked.xlsm
CY14,1.0,p1p000,SA,21,t2,0.3291,0.3291,,CY14_Coeffs,AK21,NGAW2_GMPE_Spreadsheets_v5.7_041415_ProtectedLocked.xlsm
CY14,1.0,p1p000,SA,21,s1,0.5105,0.5105,,CY14_Coeffs,AL21,NGAW2_GMPE_Spreadsheets_v5.7_041415_ProtectedLocked.xlsm
CY14,1.0,p1p000,SA,21,s2,0.4594,0.4594,,CY14_Coeffs,AM21,NGAW2_GMPE_Spreadsheets_v5.7_041415_ProtectedLocked.xlsm
CY14,1.0,p1p000,SA,21,s3,0.7504,0.7504,,CY14_Coeffs,AN21,NGAW2_GMPE_Spreadsheets_v5.7_041415_ProtectedLocked.xlsm
CY14,1.0,p1p000,SA,21,"s2,JP",0.5302,0.5302,,CY14_Coeffs,AO21,NGAW2_GMPE_Spreadsheets_v5.7_041415_ProtectedLocked.xlsm
CY14,1.0,p1p000,SA,21,gJp-It,1.6523,1.6523,,CY14_Coeffs,AP21,NGAW2_GMPE_Spreadsheets_v5.7_041415_ProtectedLocked.xlsm
CY14,1.0,p1p000,SA,21,gWn,0.2003,0.2003,,CY14_Coeffs,AQ21,NGAW2_GMPE_Spreadsheets_v5.7_041415_ProtectedLocked.xlsm
CY14,1.0,p1p000,SA,21,f1Jp,-1.0002,-1.0002,,CY14_Coeffs,AR21,NGAW2_GMPE_Spreadsheets_v5.7_041415_ProtectedLocked.xlsm
CY14,1.0,p1p000,SA,21,f5JP,0.78,0.78,,CY14_Coeffs,AS21,NGAW2_GMPE_Spreadsheets_v5.7_041415_ProtectedLocked.xlsm
CY14,1.0,p1p000,SA,21,f6JP,800,800,,CY14_Coeffs,AT21,NGAW2_GMPE_Spreadsheets_v5.7_041415_ProtectedLocked.xlsm
CY14,1.5,p1p500,SA,22,c2,1.06,1.06,,CY14_Coeffs,B22,NGAW2_GMPE_Spreadsheets_v5.7_041415_ProtectedLocked.xlsm
CY14,1.5,p1p500,SA,22,c4,-2.1,-2.1,,CY14_Coeffs,C22,NGAW2_GMPE_Spreadsheets_v5.7_041415_ProtectedLocked.xlsm
CY14,1.5,p1p500,SA,22,c4a,-0.5,-0.5,,CY14_Coeffs,D22,NGAW2_GMPE_Spreadsheets_v5.7_041415_ProtectedLocked.xlsm
CY14,1.5,p1p500,SA,22,cRB,50,50,,CY14_Coeffs,E22,NGAW2_GMPE_Spreadsheets_v5.7_041415_ProtectedLocked.xlsm
CY14,1.5,p1p500,SA,22,c8,0.2154,0.2154,,CY14_Coeffs,F22,NGAW2_GMPE_Spreadsheets_v5.7_041415_ProtectedLocked.xlsm
CY14,1.5,p1p500,SA,22,c8a,0.2695,0.2695,,CY14_Coeffs,G22,NGAW2_GMPE_Spreadsheets_v5.7_041415_ProtectedLocked.xlsm
CY14,1.5,p1p500,SA,22,c1,-3.0686,-3.0686,,CY14_Coeffs,H22,NGAW2_GMPE_Spreadsheets_v5.7_041415_ProtectedLocked.xlsm
CY14,1.5,p1p500,SA,22,c1a,0.165,0.165,,CY14_Coeffs,I22,NGAW2_GMPE_Spreadsheets_v5.7_041415_ProtectedLocked.xlsm
CY14,1.5,p1p500,SA,22,c1b,-0.1184,-0.1184,,CY14_Coeffs,J22,NGAW2_GMPE_Spreadsheets_v5.7_041415_ProtectedLocked.xlsm
CY14,1.5,p1p500,SA,22,c1c,-0.165,-0.165,,CY14_Coeffs,K22,NGAW2_GMPE_Spreadsheets_v5.7_041415_ProtectedLocked.xlsm
CY14,1.5,p1p500,SA,22,c1d,0.1184,0.1184,,CY14_Coeffs,L22,NGAW2_GMPE_Spreadsheets_v5.7_041415_ProtectedLocked.xlsm
CY14,1.5,p1p500,SA,22,cn,2.8498,2.8498,,CY14_Coeffs,M22,NGAW2_GMPE_Spreadsheets_v5.7_041415_ProtectedLocked.xlsm
CY14,1.5,p1p500,SA,22,cM,5.6705,5.6705,,CY14_Coeffs,N22,NGAW2_GMPE_Spreadsheets_v5.7_041415_ProtectedLocked.xlsm
CY14,1.5,p1p500,SA,22,c3,2.8161,2.8161,,CY14_Coeffs,O22,NGAW2_GMPE_Spreadsheets_v5.7_041415_ProtectedLocked.xlsm
CY14,1.5,p1p500,SA,22,c5,7.5817,7.5817,,CY14_Coeffs,P22,NGAW2_GMPE_Spreadsheets_v5.7_041415_ProtectedLocked.xlsm
CY14,1.5,p1p500,SA,22,cHM,3.8284,3.8284,,CY14_Coeffs,Q22,NGAW2_GMPE_Spreadsheets_v5.7_041415_ProtectedLocked.xlsm
CY14,1.5,p1p500,SA,22,c6,0.4501,0.4501,,CY14_Coeffs,R22,NGAW2_GMPE_Spreadsheets_v5.7_041415_ProtectedLocked.xlsm
CY14,1.5,p1p500,SA,22,c7,0.0352,0.0352,,CY14_Coeffs,S22,NGAW2_GMPE_Spreadsheets_v5.7_041415_ProtectedLocked.xlsm
CY14,1.5,p1p500,SA,22,c7b,-0.063,-0.063,,CY14_Coeffs,T22,NGAW2_GMPE_Spreadsheets_v5.7_041415_ProtectedLocked.xlsm
CY14,1.5,p1p500,SA,22,c8b,5.7688,5.7688,,CY14_Coeffs,U22,NGAW2_GMPE_Spreadsheets_v5.7_041415_ProtectedLocked.xlsm
CY14,1.5,p1p500,SA,22,c9,0.5101,0.5101,,CY14_Coeffs,V22,NGAW2_GMPE_Spreadsheets_v5.7_041415_ProtectedLocked.xlsm
CY14,1.5,p1p500,SA,22,c9a,0.1,0.1,,CY14_Coeffs,W22,NGAW2_GMPE_Spreadsheets_v5.7_041415_ProtectedLocked.xlsm
CY14,1.5,p1p500,SA,22,c9b,6.5,6.5,,CY14_Coeffs,X22,NGAW2_GMPE_Spreadsheets_v5.7_041415_ProtectedLocked.xlsm
CY14,1.5,p1p500,SA,22,c11,0,0,,CY14_Coeffs,Y22,NGAW2_GMPE_Spreadsheets_v5.7_041415_ProtectedLocked.xlsm
CY14,1.5,p1p500,SA,22,c11b,-0.102,-0.102,,CY14_Coeffs,Z22,NGAW2_GMPE_Spreadsheets_v5.7_041415_ProtectedLocked.xlsm
CY14,1.5,p1p500,SA,22,cg1,-0.002979,-0.002979,,CY14_Coeffs,AA22,NGAW2_GMPE_Spreadsheets_v5.7_041415_ProtectedLocked.xlsm
CY14,1.5,p1p500,SA,22,cg2,-0.001675,-0.001675,,CY14_Coeffs,AB22,NGAW2_GMPE_Spreadsheets_v5.7_041415_ProtectedLocked.xlsm
CY14,1.5,p1p500,SA,22,cg3,4.0029,4.0029,,CY14_Coeffs,AC22,NGAW2_GMPE_Spreadsheets_v5.7_041415_ProtectedLocked.xlsm
CY14,1.5,p1p500,SA,22,f1,-1.1142,-1.1142,,CY14_Coeffs,AD22,NGAW2_GMPE_Spreadsheets_v5.7_041415_ProtectedLocked.xlsm
CY14,1.5,p1p500,SA,22,f2,-0.0425,-0.0425,,CY14_Coeffs,AE22,NGAW2_GMPE_Spreadsheets_v5.7_041415_ProtectedLocked.xlsm
CY14,1.5,p1p500,SA,22,f3,-0.007707,-0.007707,,CY14_Coeffs,AF22,NGAW2_GMPE_Spreadsheets_v5.7_041415_ProtectedLocked.xlsm
CY14,1.5,p1p500,SA,22,f4,0.031787,0.031787,,CY14_Coeffs,AG22,NGAW2_GMPE_Spreadsheets_v5.7_041415_ProtectedLocked.xlsm
CY14,1.5,p1p500,SA,22,f5,0.143,0.143,,CY14_Coeffs,AH22,NGAW2_GMPE_Spreadsheets_v5.7_041415_ProtectedLocked.xlsm
CY14,1.5,p1p500,SA,22,f6,300,300,,CY14_Coeffs,AI22,NGAW2_GMPE_Spreadsheets_v5.7_041415_ProtectedLocked.xlsm
CY14,1.5,p1p500,SA,22,t1,0.4515,0.4515,,CY14_Coeffs,AJ22,NGAW2_GMPE_Spreadsheets_v5.7_041415_ProtectedLocked.xlsm
CY14,1.5,p1p500,SA,22,t2,0.3335,0.3335,,CY14_Coeffs,AK22,NGAW2_GMPE_Spreadsheets_v5.7_041415_ProtectedLocked.xlsm
CY14,1.5,p1p500,SA,22,s1,0.4783,0.4783,,CY14_Coeffs,AL22,NGAW2_GMPE_Spreadsheets_v5.7_041415_ProtectedLocked.xlsm
CY14,1.5,p1p500,SA,22,s2,0.468,0.468,,CY14_Coeffs,AM22,NGAW2_GMPE_Spreadsheets_v5.7_041415_ProtectedLocked.xlsm
CY14,1.5,p1p500,SA,22,s3,0.7136,0.7136,,CY14_Coeffs,AN22,NGAW2_GMPE_Spreadsheets_v5.7_041415_ProtectedLocked.xlsm
CY14,1.5,p1p500,SA,22,"s2,JP",0.5276,0.5276,,CY14_Coeffs,AO22,NGAW2_GMPE_Spreadsheets_v5.7_041415_ProtectedLocked.xlsm
CY14,1.5,p1p500,SA,22,gJp-It,1.8872,1.8872,,CY14_Coeffs,AP22,NGAW2_GMPE_Spreadsheets_v5.7_041415_ProtectedLocked.xlsm
CY14,1.5,p1p500,SA,22,gWn,0.0356,0.0356,,CY14_Coeffs,AQ22,NGAW2_GMPE_Spreadsheets_v5.7_041415_ProtectedLocked.xlsm
CY14,1.5,p1p500,SA,22,f1Jp,-0.9245,-0.9245,,CY14_Coeffs,AR22,NGAW2_GMPE_Spreadsheets_v5.7_041415_ProtectedLocked.xlsm
CY14,1.5,p1p500,SA,22,f5JP,0.96,0.96,,CY14_Coeffs,AS22,NGAW2_GMPE_Spreadsheets_v5.7_041415_ProtectedLocked.xlsm
CY14,1.5,p1p500,SA,22,f6JP,800,800,,CY14_Coeffs,AT22,NGAW2_GMPE_Spreadsheets_v5.7_041415_ProtectedLocked.xlsm
CY14,2.0,p2p000,SA,23,c2,1.06,1.06,,CY14_Coeffs,B23,NGAW2_GMPE_Spreadsheets_v5.7_041415_ProtectedLocked.xlsm
CY14,2.0,p2p000,SA,23,c4,-2.1,-2.1,,CY14_Coeffs,C23,NGAW2_GMPE_Spreadsheets_v5.7_041415_ProtectedLocked.xlsm
CY14,2.0,p2p000,SA,23,c4a,-0.5,-0.5,,CY14_Coeffs,D23,NGAW2_GMPE_Spreadsheets_v5.7_041415_ProtectedLocked.xlsm
CY14,2.0,p2p000,SA,23,cRB,50,50,,CY14_Coeffs,E23,NGAW2_GMPE_Spreadsheets_v5.7_041415_ProtectedLocked.xlsm
CY14,2.0,p2p000,SA,23,c8,0.2154,0.2154,,CY14_Coeffs,F23,NGAW2_GMPE_Spreadsheets_v5.7_041415_ProtectedLocked.xlsm
CY14,2.0,p2p000,SA,23,c8a,0.2695,0.2695,,CY14_Coeffs,G23,NGAW2_GMPE_Spreadsheets_v5.7_041415_ProtectedLocked.xlsm
CY14,2.0,p2p000,SA,23,c1,-3.4148,-3.4148,,CY14_Coeffs,H23,NGAW2_GMPE_Spreadsheets_v5.7_041415_ProtectedLocked.xlsm
CY14,2.0,p2p000,SA,23,c1a,0.1645,0.1645,,CY14_Coeffs,I23,NGAW2_GMPE_Spreadsheets_v5.7_041415_ProtectedLocked.xlsm
CY14,2.0,p2p000,SA,23,c1b,-0.11,-0.11,,CY14_Coeffs,J23,NGAW2_GMPE_Spreadsheets_v5.7_041415_ProtectedLocked.xlsm
CY14,2.0,p2p000,SA,23,c1c,-0.1645,-0.1645,,CY14_Coeffs,K23,NGAW2_GMPE_Spreadsheets_v5.7_041415_ProtectedLocked.xlsm
CY14,2.0,p2p000,SA,23,c1d,0.11,0.11,,CY14_Coeffs,L23,NGAW2_GMPE_Spreadsheets_v5.7_041415_ProtectedLocked.xlsm
CY14,2.0,p2p000,SA,23,cn,2.5417,2.5417,,CY14_Coeffs,M23,NGAW2_GMPE_Spreadsheets_v5.7_041415_ProtectedLocked.xlsm
CY14,2.0,p2p000,SA,23,cM,5.7981,5.7981,,CY14_Coeffs,N23,NGAW2_GMPE_Spreadsheets_v5.7_041415_ProtectedLocked.xlsm
CY14,2.0,p2p000,SA,23,c3,2.8514,2.8514,,CY14_Coeffs,O23,NGAW2_GMPE_Spreadsheets_v5.7_041415_ProtectedLocked.xlsm
CY14,2.0,p2p000,SA,23,c5,7.5818,7.5818,,CY14_Coeffs,P23,NGAW2_GMPE_Spreadsheets_v5.7_041415_ProtectedLocked.xlsm
CY14,2.0,p2p000,SA,23,cHM,3.833,3.833,,CY14_Coeffs,Q23,NGAW2_GMPE_Spreadsheets_v5.7_041415_ProtectedLocked.xlsm
CY14,2.0,p2p000,SA,23,c6,0.45,0.45,,CY14_Coeffs,R23,NGAW2_GMPE_Spreadsheets_v5.7_041415_ProtectedLocked.xlsm
CY14,2.0,p2p000,SA,23,c7,0.0352,0.0352,,CY14_Coeffs,S23,NGAW2_GMPE_Spreadsheets_v5.7_041415_ProtectedLocked.xlsm
CY14,2.0,p2p000,SA,23,c7b,-0.0665,-0.0665,,CY14_Coeffs,T23,NGAW2_GMPE_Spreadsheets_v5.7_041415_ProtectedLocked.xlsm
CY14,2.0,p2p000,SA,23,c8b,6.0723,6.0723,,CY14_Coeffs,U23,NGAW2_GMPE_Spreadsheets_v5.7_041415_ProtectedLocked.xlsm
CY14,2.0,p2p000,SA,23,c9,0.3917,0.3917,,CY14_Coeffs,V23,NGAW2_GMPE_Spreadsheets_v5.7_041415_ProtectedLocked.xlsm
CY14,2.0,p2p000,SA,23,c9a,0.1,0.1,,CY14_Coeffs,W23,NGAW2_GMPE_Spreadsheets_v5.7_041415_ProtectedLocked.xlsm
CY14,2.0,p2p000,SA,23,c9b,6.5,6.5,,CY14_Coeffs,X23,NGAW2_GMPE_Spreadsheets_v5.7_041415_ProtectedLocked.xlsm
CY14,2.0,p2p000,SA,23,c11,0,0,,CY14_Coeffs,Y23,NGAW2_GMPE_Spreadsheets_v5.7_041415_ProtectedLocked.xlsm
CY14,2.0,p2p000,SA,23,c11b,-0.1009,-0.1009,,CY14_Coeffs,Z23,NGAW2_GMPE_Spreadsheets_v5.7_041415_ProtectedLocked.xlsm
CY14,2.0,p2p000,SA,23,cg1,-0.002301,-0.002301,,CY14_Coeffs,AA23,NGAW2_GMPE_Spreadsheets_v5.7_041415_ProtectedLocked.xlsm
CY14,2.0,p2p000,SA,23,cg2,-0.002349,-0.002349,,CY14_Coeffs,AB23,NGAW2_GMPE_Spreadsheets_v5.7_041415_ProtectedLocked.xlsm
CY14,2.0,p2p000,SA,23,cg3,3.8949,3.8949,,CY14_Coeffs,AC23,NGAW2_GMPE_Spreadsheets_v5.7_041415_ProtectedLocked.xlsm
CY14,2.0,p2p000,SA,23,f1,-1.1154,-1.1154,,CY14_Coeffs,AD23,NGAW2_GMPE_Spreadsheets_v5.7_041415_ProtectedLocked.xlsm
CY14,2.0,p2p000,SA,23,f2,-0.0302,-0.0302,,CY14_Coeffs,AE23,NGAW2_GMPE_Spreadsheets_v5.7_041415_ProtectedLocked.xlsm
CY14,2.0,p2p000,SA,23,f3,-0.004792,-0.004792,,CY14_Coeffs,AF23,NGAW2_GMPE_Spreadsheets_v5.7_041415_ProtectedLocked.xlsm
CY14,2.0,p2p000,SA,23,f4,0.019716,0.019716,,CY14_Coeffs,AG23,NGAW2_GMPE_Spreadsheets_v5.7_041415_ProtectedLocked.xlsm
CY14,2.0,p2p000,SA,23,f5,0.203,0.203,,CY14_Coeffs,AH23,NGAW2_GMPE_Spreadsheets_v5.7_041415_ProtectedLocked.xlsm
CY14,2.0,p2p000,SA,23,f6,300,300,,CY14_Coeffs,AI23,NGAW2_GMPE_Spreadsheets_v5.7_041415_ProtectedLocked.xlsm
CY14,2.0,p2p000,SA,23,t1,0.4534,0.4534,,CY14_Coeffs,AJ23,NGAW2_GMPE_Spreadsheets_v5.7_041415_ProtectedLocked.xlsm
CY14,2.0,p2p000,SA,23,t2,0.3363,0.3363,,CY14_Coeffs,AK23,NGAW2_GMPE_Spreadsheets_v5.7_041415_ProtectedLocked.xlsm
CY14,2.0,p2p000,SA,23,s1,0.4681,0.4681,,CY14_Coeffs,AL23,NGAW2_GMPE_Spreadsheets_v5.7_041415_ProtectedLocked.xlsm
CY14,2.0,p2p000,SA,23,s2,0.4681,0.4681,,CY14_Coeffs,AM23,NGAW2_GMPE_Spreadsheets_v5.7_041415_ProtectedLocked.xlsm
CY14,2.0,p2p000,SA,23,s3,0.7035,0.7035,,CY14_Coeffs,AN23,NGAW2_GMPE_Spreadsheets_v5.7_041415_ProtectedLocked.xlsm
CY14,2.0,p2p000,SA,23,"s2,JP",0.5167,0.5167,,CY14_Coeffs,AO23,NGAW2_GMPE_Spreadsheets_v5.7_041415_ProtectedLocked.xlsm
CY14,2.0,p2p000,SA,23,gJp-It,2.1348,2.1348,,CY14_Coeffs,AP23,NGAW2_GMPE_Spreadsheets_v5.7_041415_ProtectedLocked.xlsm
CY14,2.0,p2p000,SA,23,gWn,0,0,,CY14_Coeffs,AQ23,NGAW2_GMPE_Spreadsheets_v5.7_041415_ProtectedLocked.xlsm
CY14,2.0,p2p000,SA,23,f1Jp,-0.8626,-0.8626,,CY14_Coeffs,AR23,NGAW2_GMPE_Spreadsheets_v5.7_041415_ProtectedLocked.xlsm
CY14,2.0,p2p000,SA,23,f5JP,1.11,1.11,,CY14_Coeffs,AS23,NGAW2_GMPE_Spreadsheets_v5.7_041415_ProtectedLocked.xlsm
CY14,2.0,p2p000,SA,23,f6JP,800,800,,CY14_Coeffs,AT23,NGAW2_GMPE_Spreadsheets_v5.7_041415_ProtectedLocked.xlsm
CY14,3.0,p3p000,SA,24,c2,1.06,1.06,,CY14_Coeffs,B24,NGAW2_GMPE_Spreadsheets_v5.7_041415_ProtectedLocked.xlsm
CY14,3.0,p3p000,SA,24,c4,-2.1,-2.1,,CY14_Coeffs,C24,NGAW2_GMPE_Spreadsheets_v5.7_041415_ProtectedLocked.xlsm
CY14,3.0,p3p000,SA,24,c4a,-0.5,-0.5,,CY14_Coeffs,D24,NGAW2_GMPE_Spreadsheets_v5.7_041415_ProtectedLocked.xlsm
CY14,3.0,p3p000,SA,24,cRB,50,50,,CY14_Coeffs,E24,NGAW2_GMPE_Spreadsheets_v5.7_041415_ProtectedLocked.xlsm
CY14,3.0,p3p000,SA,24,c8,0.2154,0.2154,,CY14_Coeffs,F24,NGAW2_GMPE_Spreadsheets_v5.7_041415_ProtectedLocked.xlsm
CY14,3.0,p3p000,SA,24,c8a,0.2695,0.2695,,CY14_Coeffs,G24,NGAW2_GMPE_Spreadsheets_v5.7_041415_ProtectedLocked.xlsm
CY14,3.0,p3p000,SA,24,c1,-3.9013,-3.9013,,CY14_Coeffs,H24,NGAW2_GMPE_Spreadsheets_v5.7_041415_ProtectedLocked.xlsm
CY14,3.0,p3p000,SA,24,c1a,0.1168,0.1168,,CY14_Coeffs,I24,NGAW2_GMPE_Spreadsheets_v5.7_041415_ProtectedLocked.xlsm
CY14,3.0,p3p000,SA,24,c1b,-0.104,-0.104,,CY14_Coeffs,J24,NGAW2_GMPE_Spreadsheets_v5.7_041415_ProtectedLocked.xlsm
CY14,3.0,p3p000,SA,24,c1c,-0.1168,-0.1168,,CY14_Coeffs,K24,NGAW2_GMPE_Spreadsheets_v5.7_041415_ProtectedLocked.xlsm
CY14,3.0,p3p000,SA,24,c1d,0.104,0.104,,CY14_Coeffs,L24,NGAW2_GMPE_Spreadsheets_v5.7_041415_ProtectedLocked.xlsm
CY14,3.0,p3p000,SA,24,cn,2.1488,2.1488,,CY14_Coeffs,M24,NGAW2_GMPE_Spreadsheets_v5.7_041415_ProtectedLocked.xlsm
CY14,3.0,p3p000,SA,24,cM,5.9983,5.9983,,CY14_Coeffs,N24,NGAW2_GMPE_Spreadsheets_v5.7_041415_ProtectedLocked.xlsm
CY14,3.0,p3p000,SA,24,c3,2.8875,2.8875,,CY14_Coeffs,O24,NGAW2_GMPE_Spreadsheets_v5.7_041415_ProtectedLocked.xlsm
CY14,3.0,p3p000,SA,24,c5,7.5818,7.5818,,CY14_Coeffs,P24,NGAW2_GMPE_Spreadsheets_v5.7_041415_ProtectedLocked.xlsm
CY14,3.0,p3p000,SA,24,cHM,3.8361,3.8361,,CY14_Coeffs,Q24,NGAW2_GMPE_Spreadsheets_v5.7_041415_ProtectedLocked.xlsm
CY14,3.0,p3p000,SA,24,c6,0.45,0.45,,CY14_Coeffs,R24,NGAW2_GMPE_Spreadsheets_v5.7_041415_ProtectedLocked.xlsm
CY14,3.0,p3p000,SA,24,c7,0.016,0.016,,CY14_Coeffs,S24,NGAW2_GMPE_Spreadsheets_v5.7_041415_ProtectedLocked.xlsm
CY14,3.0,p3p000,SA,24,c7b,-0.0516,-0.0516,,CY14_Coeffs,T24,NGAW2_GMPE_Spreadsheets_v5.7_041415_ProtectedLocked.xlsm
CY14,3.0,p3p000,SA,24,c8b,6.5,6.5,,CY14_Coeffs,U24,NGAW2_GMPE_Spreadsheets_v5.7_041415_ProtectedLocked.xlsm
CY14,3.0,p3p000,SA,24,c9,0.1244,0.1244,,CY14_Coeffs,V24,NGAW2_GMPE_Spreadsheets_v5.7_041415_ProtectedLocked.xlsm
CY14,3.0,p3p000,SA,24,c9a,0.1,0.1,,CY14_Coeffs,W24,NGAW2_GMPE_Spreadsheets_v5.7_041415_ProtectedLocked.xlsm
CY14,3.0,p3p000,SA,24,c9b,6.5,6.5,,CY14_Coeffs,X24,NGAW2_GMPE_Spreadsheets_v5.7_041415_ProtectedLocked.xlsm
CY14,3.0,p3p000,SA,24,c11,0,0,,CY14_Coeffs,Y24,NGAW2_GMPE_Spreadsheets_v5.7_041415_ProtectedLocked.xlsm
CY14,3.0,p3p000,SA,24,c11b,-0.1003,-0.1003,,CY14_Coeffs,Z24,NGAW2_GMPE_Spreadsheets_v5.7_041415_ProtectedLocked.xlsm
CY14,3.0,p3p000,SA,24,cg1,-0.001344,-0.001344,,CY14_Coeffs,AA24,NGAW2_GMPE_Spreadsheets_v5.7_041415_ProtectedLocked.xlsm
CY14,3.0,p3p000,SA,24,cg2,-0.003306,-0.003306,,CY14_Coeffs,AB24,NGAW2_GMPE_Spreadsheets_v5.7_041415_ProtectedLocked.xlsm
CY14,3.0,p3p000,SA,24,cg3,3.7928,3.7928,,CY14_Coeffs,AC24,NGAW2_GMPE_Spreadsheets_v5.7_041415_ProtectedLocked.xlsm
CY14,3.0,p3p000,SA,24,f1,-1.1081,-1.1081,,CY14_Coeffs,AD24,NGAW2_GMPE_Spreadsheets_v5.7_041415_ProtectedLocked.xlsm
CY14,3.0,p3p000,SA,24,f2,-0.0129,-0.0129,,CY14_Coeffs,AE24,NGAW2_GMPE_Spreadsheets_v5.7_041415_ProtectedLocked.xlsm
CY14,3.0,p3p000,SA,24,f3,-0.001828,-0.001828,,CY14_Coeffs,AF24,NGAW2_GMPE_Spreadsheets_v5.7_041415_ProtectedLocked.xlsm
CY14,3.0,p3p000,SA,24,f4,0.009643,0.009643,,CY14_Coeffs,AG24,NGAW2_GMPE_Spreadsheets_v5.7_041415_ProtectedLocked.xlsm
CY14,3.0,p3p000,SA,24,f5,0.277,0.277,,CY14_Coeffs,AH24,NGAW2_GMPE_Spreadsheets_v5.7_041415_ProtectedLocked.xlsm
CY14,3.0,p3p000,SA,24,f6,300,300,,CY14_Coeffs,AI24,NGAW2_GMPE_Spreadsheets_v5.7_041415_ProtectedLocked.xlsm
CY14,3.0,p3p000,SA,24,t1,0.4558,0.4558,,CY14_Coeffs,AJ24,NGAW2_GMPE_Spreadsheets_v5.7_041415_ProtectedLocked.xlsm
CY14,3.0,p3p000,SA,24,t2,0.3398,0.3398,,CY14_Coeffs,AK24,NGAW2_GMPE_Spreadsheets_v5.7_041415_ProtectedLocked.xlsm
CY14,3.0,p3p000,SA,24,s1,0.4617,0.4617,,CY14_Coeffs,AL24,NGAW2_GMPE_Spreadsheets_v5.7_041415_ProtectedLocked.xlsm
CY14,3.0,p3p000,SA,24,s2,0.4617,0.4617,,CY14_Coeffs,AM24,NGAW2_GMPE_Spreadsheets_v5.7_041415_ProtectedLocked.xlsm
CY14,3.0,p3p000,SA,24,s3,0.7006,0.7006,,CY14_Coeffs,AN24,NGAW2_GMPE_Spreadsheets_v5.7_041415_ProtectedLocked.xlsm
CY14,3.0,p3p000,SA,24,"s2,JP",0.4917,0.4917,,CY14_Coeffs,AO24,NGAW2_GMPE_Spreadsheets_v5.7_041415_ProtectedLocked.xlsm
CY14,3.0,p3p000,SA,24,gJp-It,3.5752,3.5752,,CY14_Coeffs,AP24,NGAW2_GMPE_Spreadsheets_v5.7_041415_ProtectedLocked.xlsm
CY14,3.0,p3p000,SA,24,gWn,0,0,,CY14_Coeffs,AQ24,NGAW2_GMPE_Spreadsheets_v5.7_041415_ProtectedLocked.xlsm
CY14,3.0,p3p000,SA,24,f1Jp,-0.7882,-0.7882,,CY14_Coeffs,AR24,NGAW2_GMPE_Spreadsheets_v5.7_041415_ProtectedLocked.xlsm
CY14,3.0,p3p000,SA,24,f5JP,1.291,1.291,,CY14_Coeffs,AS24,NGAW2_GMPE_Spreadsheets_v5.7_041415_ProtectedLocked.xlsm
CY14,3.0,p3p000,SA,24,f6JP,800,800,,CY14_Coeffs,AT24,NGAW2_GMPE_Spreadsheets_v5.7_041415_ProtectedLocked.xlsm
CY14,4.0,p4p000,SA,25,c2,1.06,1.06,,CY14_Coeffs,B25,NGAW2_GMPE_Spreadsheets_v5.7_041415_ProtectedLocked.xlsm
CY14,4.0,p4p000,SA,25,c4,-2.1,-2.1,,CY14_Coeffs,C25,NGAW2_GMPE_Spreadsheets_v5.7_041415_ProtectedLocked.xlsm
CY14,4.0,p4p000,SA,25,c4a,-0.5,-0.5,,CY14_Coeffs,D25,NGAW2_GMPE_Spreadsheets_v5.7_041415_ProtectedLocked.xlsm
CY14,4.0,p4p000,SA,25,cRB,50,50,,CY14_Coeffs,E25,NGAW2_GMPE_Spreadsheets_v5.7_041415_ProtectedLocked.xlsm
CY14,4.0,p4p000,SA,25,c8,0.2154,0.2154,,CY14_Coeffs,F25,NGAW2_GMPE_Spreadsheets_v5.7_041415_ProtectedLocked.xlsm
CY14,4.0,p4p000,SA,25,c8a,0.2695,0.2695,,CY14_Coeffs,G25,NGAW2_GMPE_Spreadsheets_v5.7_041415_ProtectedLocked.xlsm
CY14,4.0,p4p000,SA,25,c1,-4.2466,-4.2466,,CY14_Coeffs,H25,NGAW2_GMPE_Spreadsheets_v5.7_041415_ProtectedLocked.xlsm
CY14,4.0,p4p000,SA,25,c1a,0.0732,0.0732,,CY14_Coeffs,I25,NGAW2_GMPE_Spreadsheets_v5.7_041415_ProtectedLocked.xlsm
CY14,4.0,p4p000,SA,25,c1b,-0.102,-0.102,,CY14_Coeffs,J25,NGAW2_GMPE_Spreadsheets_v5.7_041415_ProtectedLocked.xlsm
CY14,4.0,p4p000,SA,25,c1c,-0.0732,-0.0732,,CY14_Coeffs,K25,NGAW2_GMPE_Spreadsheets_v5.7_041415_ProtectedLocked.xlsm
CY14,4.0,p4p000,SA,25,c1d,0.102,0.102,,CY14_Coeffs,L25,NGAW2_GMPE_Spreadsheets_v5.7_041415_ProtectedLocked.xlsm
CY14,4.0,p4p000,SA,25,cn,1.8957,1.8957,,CY14_Coeffs,M25,NGAW2_GMPE_Spreadsheets_v5.7_041415_ProtectedLocked.xlsm
CY14,4.0,p4p000,SA,25,cM,6.1552,6.1552,,CY14_Coeffs,N25,NGAW2_GMPE_Spreadsheets_v5.7_041415_ProtectedLocked.xlsm
CY14,4.0,p4p000,SA,25,c3,2.9058,2.9058,,CY14_Coeffs,O25,NGAW2_GMPE_Spreadsheets_v5.7_041415_ProtectedLocked.xlsm
CY14,4.0,p4p000,SA,25,c5,7.5818,7.5818,,CY14_Coeffs,P25,NGAW2_GMPE_Spreadsheets_v5.7_041415_ProtectedLocked.xlsm
CY14,4.0,p4p000,SA,25,cHM,3.8369,3.8369,,CY14_Coeffs,Q25,NGAW2_GMPE_Spreadsheets_v5.7_041415_ProtectedLocked.xlsm
CY14,4.0,p4p000,SA,25,c6,0.45,0.45,,CY14_Coeffs,R25,NGAW2_GMPE_Spreadsheets_v5.7_041415_ProtectedLocked.xlsm
CY14,4.0,p4p000,SA,25,c7,0.0062,0.0062,,CY14_Coeffs,S25,NGAW2_GMPE_Spreadsheets_v5.7_041415_ProtectedLocked.xlsm
CY14,4.0,p4p000,SA,25,c7b,-0.0448,-0.0448,,CY14_Coeffs,T25,NGAW2_GMPE_Spreadsheets_v5.7_041415_ProtectedLocked.xlsm
CY14,4.0,p4p000,SA,25,c8b,6.8035,6.8035,,CY14_Coeffs,U25,NGAW2_GMPE_Spreadsheets_v5.7_041415_ProtectedLocked.xlsm
CY14,4.0,p4p000,SA,25,c9,0.0086,0.0086,,CY14_Coeffs,V25,NGAW2_GMPE_Spreadsheets_v5.7_041415_ProtectedLocked.xlsm
CY14,4.0,p4p000,SA,25,c9a,0.1,0.1,,CY14_Coeffs,W25,NGAW2_GMPE_Spreadsheets_v5.7_041415_ProtectedLocked.xlsm
CY14,4.0,p4p000,SA,25,c9b,6.5,6.5,,CY14_Coeffs,X25,NGAW2_GMPE_Spreadsheets_v5.7_041415_ProtectedLocked.xlsm
CY14,4.0,p4p000,SA,25,c11,0,0,,CY14_Coeffs,Y25,NGAW2_GMPE_Spreadsheets_v5.7_041415_ProtectedLocked.xlsm
CY14,4.0,p4p000,SA,25,c11b,-0.1001,-0.1001,,CY14_Coeffs,Z25,NGAW2_GMPE_Spreadsheets_v5.7_041415_ProtectedLocked.xlsm
CY14,4.0,p4p000,SA,25,cg1,-0.001084,-0.001084,,CY14_Coeffs,AA25,NGAW2_GMPE_Spreadsheets_v5.7_041415_ProtectedLocked.xlsm
CY14,4.0,p4p000,SA,25,cg2,-0.003566,-0.003566,,CY14_Coeffs,AB25,NGAW2_GMPE_Spreadsheets_v5.7_041415_ProtectedLocked.xlsm
CY14,4.0,p4p000,SA,25,cg3,3.7443,3.7443,,CY14_Coeffs,AC25,NGAW2_GMPE_Spreadsheets_v5.7_041415_ProtectedLocked.xlsm
CY14,4.0,p4p000,SA,25,f1,-1.0603,-1.0603,,CY14_Coeffs,AD25,NGAW2_GMPE_Spreadsheets_v5.7_041415_ProtectedLocked.xlsm
CY14,4.0,p4p000,SA,25,f2,-0.0016,-0.0016,,CY14_Coeffs,AE25,NGAW2_GMPE_Spreadsheets_v5.7_041415_ProtectedLocked.xlsm
CY14,4.0,p4p000,SA,25,f3,-0.001523,-0.001523,,CY14_Coeffs,AF25,NGAW2_GMPE_Spreadsheets_v5.7_041415_ProtectedLocked.xlsm
CY14,4.0,p4p000,SA,25,f4,0.005379,0.005379,,CY14_Coeffs,AG25,NGAW2_GMPE_Spreadsheets_v5.7_041415_ProtectedLocked.xlsm
CY14,4.0,p4p000,SA,25,f5,0.309,0.309,,CY14_Coeffs,AH25,NGAW2_GMPE_Spreadsheets_v5.7_041415_ProtectedLocked.xlsm
CY14,4.0,p4p000,SA,25,f6,300,300,,CY14_Coeffs,AI25,NGAW2_GMPE_Spreadsheets_v5.7_041415_ProtectedLocked.xlsm
CY14,4.0,p4p000,SA,25,t1,0.4574,0.4574,,CY14_Coeffs,AJ25,NGAW2_GMPE_Spreadsheets_v5.7_041415_ProtectedLocked.xlsm
CY14,4.0,p4p000,SA,25,t2,0.3419,0.3419,,CY14_Coeffs,AK25,NGAW2_GMPE_Spreadsheets_v5.7_041415_ProtectedLocked.xlsm
CY14,4.0,p4p000,SA,25,s1,0.4571,0.4571,,CY14_Coeffs,AL25,NGAW2_GMPE_Spreadsheets_v5.7_041415_ProtectedLocked.xlsm
CY14,4.0,p4p000,SA,25,s2,0.4571,0.4571,,CY14_Coeffs,AM25,NGAW2_GMPE_Spreadsheets_v5.7_041415_ProtectedLocked.xlsm
CY14,4.0,p4p000,SA,25,s3,0.7001,0.7001,,CY14_Coeffs,AN25,NGAW2_GMPE_Spreadsheets_v5.7_041415_ProtectedLocked.xlsm
CY14,4.0,p4p000,SA,25,"s2,JP",0.4682,0.4682,,CY14_Coeffs,AO25,NGAW2_GMPE_Spreadsheets_v5.7_041415_ProtectedLocked.xlsm
CY14,4.0,p4p000,SA,25,gJp-It,3.8646,3.8646,,CY14_Coeffs,AP25,NGAW2_GMPE_Spreadsheets_v5.7_041415_ProtectedLocked.xlsm
CY14,4.0,p4p000,SA,25,gWn,0,0,,CY14_Coeffs,AQ25,NGAW2_GMPE_Spreadsheets_v5.7_041415_ProtectedLocked.xlsm
CY14,4.0,p4p000,SA,25,f1Jp,-0.7195,-0.7195,,CY14_Coeffs,AR25,NGAW2_GMPE_Spreadsheets_v5.7_041415_ProtectedLocked.xlsm
CY14,4.0,p4p000,SA,25,f5JP,1.387,1.387,,CY14_Coeffs,AS25,NGAW2_GMPE_Spreadsheets_v5.7_041415_ProtectedLocked.xlsm
CY14,4.0,p4p000,SA,25,f6JP,800,800,,CY14_Coeffs,AT25,NGAW2_GMPE_Spreadsheets_v5.7_041415_ProtectedLocked.xlsm
CY14,5.0,p5p000,SA,26,c2,1.06,1.06,,CY14_Coeffs,B26,NGAW2_GMPE_Spreadsheets_v5.7_041415_ProtectedLocked.xlsm
CY14,5.0,p5p000,SA,26,c4,-2.1,-2.1,,CY14_Coeffs,C26,NGAW2_GMPE_Spreadsheets_v5.7_041415_ProtectedLocked.xlsm
CY14,5.0,p5p000,SA,26,c4a,-0.5,-0.5,,CY14_Coeffs,D26,NGAW2_GMPE_Spreadsheets_v5.7_041415_ProtectedLocked.xlsm
CY14,5.0,p5p000,SA,26,cRB,50,50,,CY14_Coeffs,E26,NGAW2_GMPE_Spreadsheets_v5.7_041415_ProtectedLocked.xlsm
CY14,5.0,p5p000,SA,26,c8,0.2154,0.2154,,CY14_Coeffs,F26,NGAW2_GMPE_Spreadsheets_v5.7_041415_ProtectedLocked.xlsm
CY14,5.0,p5p000,SA,26,c8a,0.2695,0.2695,,CY14_Coeffs,G26,NGAW2_GMPE_Spreadsheets_v5.7_041415_ProtectedLocked.xlsm
CY14,5.0,p5p000,SA,26,c1,-4.5143,-4.5143,,CY14_Coeffs,H26,NGAW2_GMPE_Spreadsheets_v5.7_041415_ProtectedLocked.xlsm
CY14,5.0,p5p000,SA,26,c1a,0.0484,0.0484,,CY14_Coeffs,I26,NGAW2_GMPE_Spreadsheets_v5.7_041415_ProtectedLocked.xlsm
CY14,5.0,p5p000,SA,26,c1b,-0.101,-0.101,,CY14_Coeffs,J26,NGAW2_GMPE_Spreadsheets_v5.7_041415_ProtectedLocked.xlsm
CY14,5.0,p5p000,SA,26,c1c,-0.0484,-0.0484,,CY14_Coeffs,K26,NGAW2_GMPE_Spreadsheets_v5.7_041415_ProtectedLocked.xlsm
CY14,5.0,p5p000,SA,26,c1d,0.101,0.101,,CY14_Coeffs,L26,NGAW2_GMPE_Spreadsheets_v5.7_041415_ProtectedLocked.xlsm
CY14,5.0,p5p000,SA,26,cn,1.7228,1.7228,,CY14_Coeffs,M26,NGAW2_GMPE_Spreadsheets_v5.7_041415_ProtectedLocked.xlsm
CY14,5.0,p5p000,SA,26,cM,6.2856,6.2856,,CY14_Coeffs,N26,NGAW2_GMPE_Spreadsheets_v5.7_041415_ProtectedLocked.xlsm
CY14,5.0,p5p000,SA,26,c3,2.9169,2.9169,,CY14_Coeffs,O26,NGAW2_GMPE_Spreadsheets_v5.7_041415_ProtectedLocked.xlsm
CY14,5.0,p5p000,SA,26,c5,7.5818,7.5818,,CY14_Coeffs,P26,NGAW2_GMPE_Spreadsheets_v5.7_041415_ProtectedLocked.xlsm
CY14,5.0,p5p000,SA,26,cHM,3.8376,3.8376,,CY14_Coeffs,Q26,NGAW2_GMPE_Spreadsheets_v5.7_041415_ProtectedLocked.xlsm
CY14,5.0,p5p000,SA,26,c6,0.45,0.45,,CY14_Coeffs,R26,NGAW2_GMPE_Spreadsheets_v5.7_041415_ProtectedLocked.xlsm
CY14,5.0,p5p000,SA,26,c7,0.0029,0.0029,,CY14_Coeffs,S26,NGAW2_GMPE_Spreadsheets_v5.7_041415_ProtectedLocked.xlsm
CY14,5.0,p5p000,SA,26,c7b,-0.0424,-0.0424,,CY14_Coeffs,T26,NGAW2_GMPE_Spreadsheets_v5.7_041415_ProtectedLocked.xlsm
CY14,5.0,p5p000,SA,26,c8b,7.0389,7.0389,,CY14_Coeffs,U26,NGAW2_GMPE_Spreadsheets_v5.7_041415_ProtectedLocked.xlsm
CY14,5.0,p5p000,SA,26,c9,0,0,,CY14_Coeffs,V26,NGAW2_GMPE_Spreadsheets_v5.7_041415_ProtectedLocked.xlsm
CY14,5.0,p5p000,SA,26,c9a,0.1,0.1,,CY14_Coeffs,W26,NGAW2_GMPE_Spreadsheets_v5.7_041415_ProtectedLocked.xlsm
CY14,5.0,p5p000,SA,26,c9b,6.5,6.5,,CY14_Coeffs,X26,NGAW2_GMPE_Spreadsheets_v5.7_041415_ProtectedLocked.xlsm
CY14,5.0,p5p000,SA,26,c11,0,0,,CY14_Coeffs,Y26,NGAW2_GMPE_Spreadsheets_v5.7_041415_ProtectedLocked.xlsm
CY14,5.0,p5p000,SA,26,c11b,-0.1001,-0.1001,,CY14_Coeffs,Z26,NGAW2_GMPE_Spreadsheets_v5.7_041415_ProtectedLocked.xlsm
CY14,5.0,p5p000,SA,26,cg1,-0.00101,-0.00101,,CY14_Coeffs,AA26,NGAW2_GMPE_Spreadsheets_v5.7_041415_ProtectedLocked.xlsm
CY14,5.0,p5p000,SA,26,cg2,-0.00364,-0.00364,,CY14_Coeffs,AB26,NGAW2_GMPE_Spreadsheets_v5.7_041415_ProtectedLocked.xlsm
CY14,5.0,p5p000,SA,26,cg3,3.709,3.709,,CY14_Coeffs,AC26,NGAW2_GMPE_Spreadsheets_v5.7_041415_ProtectedLocked.xlsm
CY14,5.0,p5p000,SA,26,f1,-0.9872,-0.9872,,CY14_Coeffs,AD26,NGAW2_GMPE_Spreadsheets_v5.7_041415_ProtectedLocked.xlsm
CY14,5.0,p5p000,SA,26,f2,0,0,,CY14_Coeffs,AE26,NGAW2_GMPE_Spreadsheets_v5.7_041415_ProtectedLocked.xlsm
CY14,5.0,p5p000,SA,26,f3,-0.00144,-0.00144,,CY14_Coeffs,AF26,NGAW2_GMPE_Spreadsheets_v5.7_041415_ProtectedLocked.xlsm
CY14,5.0,p5p000,SA,26,f4,0.003223,0.003223,,CY14_Coeffs,AG26,NGAW2_GMPE_Spreadsheets_v5.7_041415_ProtectedLocked.xlsm
CY14,5.0,p5p000,SA,26,f5,0.321,0.321,,CY14_Coeffs,AH26,NGAW2_GMPE_Spreadsheets_v5.7_041415_ProtectedLocked.xlsm
CY14,5.0,p5p000,SA,26,f6,300,300,,CY14_Coeffs,AI26,NGAW2_GMPE_Spreadsheets_v5.7_041415_ProtectedLocked.xlsm
CY14,5.0,p5p000,SA,26,t1,0.4584,0.4584,,CY14_Coeffs,AJ26,NGAW2_GMPE_Spreadsheets_v5.7_041415_ProtectedLocked.xlsm
CY14,5.0,p5p000,SA,26,t2,0.3435,0.3435,,CY14_Coeffs,AK26,NGAW2_GMPE_Spreadsheets_v5.7_041415_ProtectedLocked.xlsm
CY14,5.0,p5p000,SA,26,s1,0.4535,0.4535,,CY14_Coeffs,AL26,NGAW2_GMPE_Spreadsheets_v5.7_041415_ProtectedLocked.xlsm
CY14,5.0,p5p000,SA,26,s2,0.4535,0.4535,,CY14_Coeffs,AM26,NGAW2_GMPE_Spreadsheets_v5.7_041415_ProtectedLocked.xlsm
CY14,5.0,p5p000,SA,26,s3,0.7,0.7,,CY14_Coeffs,AN26,NGAW2_GMPE_Spreadsheets_v5.7_041415_ProtectedLocked.xlsm
CY14,5.0,p5p000,SA,26,"s2,JP",0.4517,0.4517,,CY14_Coeffs,AO26,NGAW2_GMPE_Spreadsheets_v5.7_041415_ProtectedLocked.xlsm
CY14,5.0,p5p000,SA,26,gJp-It,3.7292,3.7292,,CY14_Coeffs,AP26,NGAW2_GMPE_Spreadsheets_v5.7_041415_ProtectedLocked.xlsm
CY14,5.0,p5p000,SA,26,gWn,0,0,,CY14_Coeffs,AQ26,NGAW2_GMPE_Spreadsheets_v5.7_041415_ProtectedLocked.xlsm
CY14,5.0,p5p000,SA,26,f1Jp,-0.656,-0.656,,CY14_Coeffs,AR26,NGAW2_GMPE_Spreadsheets_v5.7_041415_ProtectedLocked.xlsm
CY14,5.0,p5p000,SA,26,f5JP,1.433,1.433,,CY14_Coeffs,AS26,NGAW2_GMPE_Spreadsheets_v5.7_041415_ProtectedLocked.xlsm
CY14,5.0,p5p000,SA,26,f6JP,800,800,,CY14_Coeffs,AT26,NGAW2_GMPE_Spreadsheets_v5.7_041415_ProtectedLocked.xlsm
CY14,7.5,p7p500,SA,27,c2,1.06,1.06,,CY14_Coeffs,B27,NGAW2_GMPE_Spreadsheets_v5.7_041415_ProtectedLocked.xlsm
CY14,7.5,p7p500,SA,27,c4,-2.1,-2.1,,CY14_Coeffs,C27,NGAW2_GMPE_Spreadsheets_v5.7_041415_ProtectedLocked.xlsm
CY14,7.5,p7p500,SA,27,c4a,-0.5,-0.5,,CY14_Coeffs,D27,NGAW2_GMPE_Spreadsheets_v5.7_041415_ProtectedLocked.xlsm
CY14,7.5,p7p500,SA,27,cRB,50,50,,CY14_Coeffs,E27,NGAW2_GMPE_Spreadsheets_v5.7_041415_ProtectedLocked.xlsm
CY14,7.5,p7p500,SA,27,c8,0.2154,0.2154,,CY14_Coeffs,F27,NGAW2_GMPE_Spreadsheets_v5.7_041415_ProtectedLocked.xlsm
CY14,7.5,p7p500,SA,27,c8a,0.2695,0.2695,,CY14_Coeffs,G27,NGAW2_GMPE_Spreadsheets_v5.7_041415_ProtectedLocked.xlsm
CY14,7.5,p7p500,SA,27,c1,-5.0009,-5.0009,,CY14_Coeffs,H27,NGAW2_GMPE_Spreadsheets_v5.7_041415_ProtectedLocked.xlsm
CY14,7.5,p7p500,SA,27,c1a,0.022,0.022,,CY14_Coeffs,I27,NGAW2_GMPE_Spreadsheets_v5.7_041415_ProtectedLocked.xlsm
CY14,7.5,p7p500,SA,27,c1b,-0.101,-0.101,,CY14_Coeffs,J27,NGAW2_GMPE_Spreadsheets_v5.7_041415_ProtectedLocked.xlsm
CY14,7.5,p7p500,SA,27,c1c,-0.022,-0.022,,CY14_Coeffs,K27,NGAW2_GMPE_Spreadsheets_v5.7_041415_ProtectedLocked.xlsm
CY14,7.5,p7p500,SA,27,c1d,0.101,0.101,,CY14_Coeffs,L27,NGAW2_GMPE_Spreadsheets_v5.7_041415_ProtectedLocked.xlsm
CY14,7.5,p7p500,SA,27,cn,1.5737,1.5737,,CY14_Coeffs,M27,NGAW2_GMPE_Spreadsheets_v5.7_041415_ProtectedLocked.xlsm
CY14,7.5,p7p500,SA,27,cM,6.5428,6.5428,,CY14_Coeffs,N27,NGAW2_GMPE_Spreadsheets_v5.7_041415_ProtectedLocked.xlsm
CY14,7.5,p7p500,SA,27,c3,2.932,2.932,,CY14_Coeffs,O27,NGAW2_GMPE_Spreadsheets_v5.7_041415_ProtectedLocked.xlsm
CY14,7.5,p7p500,SA,27,c5,7.5818,7.5818,,CY14_Coeffs,P27,NGAW2_GMPE_Spreadsheets_v5.7_041415_ProtectedLocked.xlsm
CY14,7.5,p7p500,SA,27,cHM,3.838,3.838,,CY14_Coeffs,Q27,NGAW2_GMPE_Spreadsheets_v5.7_041415_ProtectedLocked.xlsm
CY14,7.5,p7p500,SA,27,c6,0.45,0.45,,CY14_Coeffs,R27,NGAW2_GMPE_Spreadsheets_v5.7_041415_ProtectedLocked.xlsm
CY14,7.5,p7p500,SA,27,c7,0.0007,0.0007,,CY14_Coeffs,S27,NGAW2_GMPE_Spreadsheets_v5.7_041415_ProtectedLocked.xlsm
CY14,7.5,p7p500,SA,27,c7b,-0.0348,-0.0348,,CY14_Coeffs,T27,NGAW2_GMPE_Spreadsheets_v5.7_041415_ProtectedLocked.xlsm
CY14,7.5,p7p500,SA,27,c8b,7.4666,7.4666,,CY14_Coeffs,U27,NGAW2_GMPE_Spreadsheets_v5.7_041415_ProtectedLocked.xlsm
CY14,7.5,p7p500,SA,27,c9,0,0,,CY14_Coeffs,V27,NGAW2_GMPE_Spreadsheets_v5.7_041415_ProtectedLocked.xlsm
CY14,7.5,p7p500,SA,27,c9a,0.1,0.1,,CY14_Coeffs,W27,NGAW2_GMPE_Spreadsheets_v5.7_041415_ProtectedLocked.xlsm
CY14,7.5,p7p500,SA,27,c9b,6.5,6.5,,CY14_Coeffs,X27,NGAW2_GMPE_Spreadsheets_v5.7_041415_ProtectedLocked.xlsm
CY14,7.5,p7p500,SA,27,c11,0,0,,CY14_Coeffs,Y27,NGAW2_GMPE_Spreadsheets_v5.7_041415_ProtectedLocked.xlsm
CY14,7.5,p7p500,SA,27,c11b,-0.1,-0.1,,CY14_Coeffs,Z27,NGAW2_GMPE_Spreadsheets_v5.7_041415_ProtectedLocked.xlsm
CY14,7.5,p7p500,SA,27,cg1,-0.000964,-0.000964,,CY14_Coeffs,AA27,NGAW2_GMPE_Spreadsheets_v5.7_041415_ProtectedLocked.xlsm
CY14,7.5,p7p500,SA,27,cg2,-0.003686,-0.003686,,CY14_Coeffs,AB27,NGAW2_GMPE_Spreadsheets_v5.7_041415_ProtectedLocked.xlsm
CY14,7.5,p7p500,SA,27,cg3,3.6632,3.6632,,CY14_Coeffs,AC27,NGAW2_GMPE_Spreadsheets_v5.7_041415_ProtectedLocked.xlsm
CY14,7.5,p7p500,SA,27,f1,-0.8274,-0.8274,,CY14_Coeffs,AD27,NGAW2_GMPE_Spreadsheets_v5.7_041415_ProtectedLocked.xlsm
CY14,7.5,p7p500,SA,27,f2,0,0,,CY14_Coeffs,AE27,NGAW2_GMPE_Spreadsheets_v5.7_041415_ProtectedLocked.xlsm
CY14,7.5,p7p500,SA,27,f3,-0.001369,-0.001369,,CY14_Coeffs,AF27,NGAW2_GMPE_Spreadsheets_v5.7_041415_ProtectedLocked.xlsm
CY14,7.5,p7p500,SA,27,f4,0.001134,0.001134,,CY14_Coeffs,AG27,NGAW2_GMPE_Spreadsheets_v5.7_041415_ProtectedLocked.xlsm
CY14,7.5,p7p500,SA,27,f5,0.329,0.329,,CY14_Coeffs,AH27,NGAW2_GMPE_Spreadsheets_v5.7_041415_ProtectedLocked.xlsm
CY14,7.5,p7p500,SA,27,f6,300,300,,CY14_Coeffs,AI27,NGAW2_GMPE_Spreadsheets_v5.7_041415_ProtectedLocked.xlsm
CY14,7.5,p7p500,SA,27,t1,0.4601,0.4601,,CY14_Coeffs,AJ27,NGAW2_GMPE_Spreadsheets_v5.7_041415_ProtectedLocked.xlsm
CY14,7.5,p7p500,SA,27,t2,0.3459,0.3459,,CY14_Coeffs,AK27,NGAW2_GMPE_Spreadsheets_v5.7_041415_ProtectedLocked.xlsm
CY14,7.5,p7p500,SA,27,s1,0.4471,0.4471,,CY14_Coeffs,AL27,NGAW2_GMPE_Spreadsheets_v5.7_041415_ProtectedLocked.xlsm
CY14,7.5,p7p500,SA,27,s2,0.4471,0.4471,,CY14_Coeffs,AM27,NGAW2_GMPE_Spreadsheets_v5.7_041415_ProtectedLocked.xlsm
CY14,7.5,p7p500,SA,27,s3,0.7,0.7,,CY14_Coeffs,AN27,NGAW2_GMPE_Spreadsheets_v5.7_041415_ProtectedLocked.xlsm
CY14,7.5,p7p500,SA,27,"s2,JP",0.4167,0.4167,,CY14_Coeffs,AO27,NGAW2_GMPE_Spreadsheets_v5.7_041415_ProtectedLocked.xlsm
CY14,7.5,p7p500,SA,27,gJp-It,2.3763,2.3763,,CY14_Coeffs,AP27,NGAW2_GMPE_Spreadsheets_v5.7_041415_ProtectedLocked.xlsm
CY14,7.5,p7p500,SA,27,gWn,0,0,,CY14_Coeffs,AQ27,NGAW2_GMPE_Spreadsheets_v5.7_041415_ProtectedLocked.xlsm
CY14,7.5,p7p500,SA,27,f1Jp,-0.5202,-0.5202,,CY14_Coeffs,AR27,NGAW2_GMPE_Spreadsheets_v5.7_041415_ProtectedLocked.xlsm
CY14,7.5,p7p500,SA,27,f5JP,1.46,1.46,,CY14_Coeffs,AS27,NGAW2_GMPE_Spreadsheets_v5.7_041415_ProtectedLocked.xlsm
CY14,7.5,p7p500,SA,27,f6JP,800,800,,CY14_Coeffs,AT27,NGAW2_GMPE_Spreadsheets_v5.7_041415_ProtectedLocked.xlsm
CY14,10.0,p10p000,SA,28,c2,1.06,1.06,,CY14_Coeffs,B28,NGAW2_GMPE_Spreadsheets_v5.7_041415_ProtectedLocked.xlsm
CY14,10.0,p10p000,SA,28,c4,-2.1,-2.1,,CY14_Coeffs,C28,NGAW2_GMPE_Spreadsheets_v5.7_041415_ProtectedLocked.xlsm
CY14,10.0,p10p000,SA,28,c4a,-0.5,-0.5,,CY14_Coeffs,D28,NGAW2_GMPE_Spreadsheets_v5.7_041415_ProtectedLocked.xlsm
CY14,10.0,p10p000,SA,28,cRB,50,50,,CY14_Coeffs,E28,NGAW2_GMPE_Spreadsheets_v5.7_041415_ProtectedLocked.xlsm
CY14,10.0,p10p000,SA,28,c8,0.2154,0.2154,,CY14_Coeffs,F28,NGAW2_GMPE_Spreadsheets_v5.7_041415_ProtectedLocked.xlsm
CY14,10.0,p10p000,SA,28,c8a,0.2695,0.2695,,CY14_Coeffs,G28,NGAW2_GMPE_Spreadsheets_v5.7_041415_ProtectedLocked.xlsm
CY14,10.0,p10p000,SA,28,c1,-5.3461,-5.3461,,CY14_Coeffs,H28,NGAW2_GMPE_Spreadsheets_v5.7_041415_ProtectedLocked.xlsm
CY14,10.0,p10p000,SA,28,c1a,0.0124,0.0124,,CY14_Coeffs,I28,NGAW2_GMPE_Spreadsheets_v5.7_041415_ProtectedLocked.xlsm
CY14,10.0,p10p000,SA,28,c1b,-0.1,-0.1,,CY14_Coeffs,J28,NGAW2_GMPE_Spreadsheets_v5.7_041415_ProtectedLocked.xlsm
CY14,10.0,p10p000,SA,28,c1c,-0.0124,-0.0124,,CY14_Coeffs,K28,NGAW2_GMPE_Spreadsheets_v5.7_041415_ProtectedLocked.xlsm
CY14,10.0,p10p000,SA,28,c1d,0.1,0.1,,CY14_Coeffs,L28,NGAW2_GMPE_Spreadsheets_v5.7_041415_ProtectedLocked.xlsm
CY14,10.0,p10p000,SA,28,cn,1.5265,1.5265,,CY14_Coeffs,M28,NGAW2_GMPE_Spreadsheets_v5.7_041415_ProtectedLocked.xlsm
CY14,10.0,p10p000,SA,28,cM,6.7415,6.7415,,CY14_Coeffs,N28,NGAW2_GMPE_Spreadsheets_v5.7_041415_ProtectedLocked.xlsm
CY14,10.0,p10p000,SA,28,c3,2.9396,2.9396,,CY14_Coeffs,O28,NGAW2_GMPE_Spreadsheets_v5.7_041415_ProtectedLocked.xlsm
CY14,10.0,p10p000,SA,28,c5,7.5818,7.5818,,CY14_Coeffs,P28,NGAW2_GMPE_Spreadsheets_v5.7_041415_ProtectedLocked.xlsm
CY14,10.0,p10p000,SA,28,cHM,3.838,3.838,,CY14_Coeffs,Q28,NGAW2_GMPE_Spreadsheets_v5.7_041415_ProtectedLocked.xlsm
CY14,10.0,p10p000,SA,28,c6,0.45,0.45,,CY14_Coeffs,R28,NGAW2_GMPE_Spreadsheets_v5.7_041415_ProtectedLocked.xlsm
CY14,10.0,p10p000,SA,28,c7,0.0003,0.0003,,CY14_Coeffs,S28,NGAW2_GMPE_Spreadsheets_v5.7_041415_ProtectedLocked.xlsm
CY14,10.0,p10p000,SA,28,c7b,-0.0253,-0.0253,,CY14_Coeffs,T28,NGAW2_GMPE_Spreadsheets_v5.7_041415_ProtectedLocked.xlsm
CY14,10.0,p10p000,SA,28,c8b,7.77,7.77,,CY14_Coeffs,U28,NGAW2_GMPE_Spreadsheets_v5.7_041415_ProtectedLocked.xlsm
CY14,10.0,p10p000,SA,28,c9,0,0,,CY14_Coeffs,V28,NGAW2_GMPE_Spreadsheets_v5.7_041415_ProtectedLocked.xlsm
CY14,10.0,p10p000,SA,28,c9a,0.1,0.1,,CY14_Coeffs,W28,NGAW2_GMPE_Spreadsheets_v5.7_041415_ProtectedLocked.xlsm
CY14,10.0,p10p000,SA,28,c9b,6.5,6.5,,CY14_Coeffs,X28,NGAW2_GMPE_Spreadsheets_v5.7_041415_ProtectedLocked.xlsm
CY14,10.0,p10p000,SA,28,c11,0,0,,CY14_Coeffs,Y28,NGAW2_GMPE_Spreadsheets_v5.7_041415_ProtectedLocked.xlsm
CY14,10.0,p10p000,SA,28,c11b,-0.1,-0.1,,CY14_Coeffs,Z28,NGAW2_GMPE_Spreadsheets_v5.7_041415_ProtectedLocked.xlsm
CY14,10.0,p10p000,SA,28,cg1,-0.00095,-0.00095,,CY14_Coeffs,AA28,NGAW2_GMPE_Spreadsheets_v5.7_041415_ProtectedLocked.xlsm
CY14,10.0,p10p000,SA,28,cg2,-0.0037,-0.0037,,CY14_Coeffs,AB28,NGAW2_GMPE_Spreadsheets_v5.7_041415_ProtectedLocked.xlsm
CY14,10.0,p10p000,SA,28,cg3,3.623,3.623,,CY14_Coeffs,AC28,NGAW2_GMPE_Spreadsheets_v5.7_041415_ProtectedLocked.xlsm
CY14,10.0,p10p000,SA,28,f1,-0.7053,-0.7053,,CY14_Coeffs,AD28,NGAW2_GMPE_Spreadsheets_v5.7_041415_ProtectedLocked.xlsm
CY14,10.0,p10p000,SA,28,f2,0,0,,CY14_Coeffs,AE28,NGAW2_GMPE_Spreadsheets_v5.7_041415_ProtectedLocked.xlsm
CY14,10.0,p10p000,SA,28,f3,-0.001361,-0.001361,,CY14_Coeffs,AF28,NGAW2_GMPE_Spreadsheets_v5.7_041415_ProtectedLocked.xlsm
CY14,10.0,p10p000,SA,28,f4,0.000515,0.000515,,CY14_Coeffs,AG28,NGAW2_GMPE_Spreadsheets_v5.7_041415_ProtectedLocked.xlsm
CY14,10.0,p10p000,SA,28,f5,0.33,0.33,,CY14_Coeffs,AH28,NGAW2_GMPE_Spreadsheets_v5.7_041415_ProtectedLocked.xlsm
CY14,10.0,p10p000,SA,28,f6,300,300,,CY14_Coeffs,AI28,NGAW2_GMPE_Spreadsheets_v5.7_041415_ProtectedLocked.xlsm
CY14,10.0,p10p000,SA,28,t1,0.4612,0.4612,,CY14_Coeffs,AJ28,NGAW2_GMPE_Spreadsheets_v5.7_041415_ProtectedLocked.xlsm
CY14,10.0,p10p000,SA,28,t2,0.3474,0.3474,,CY14_Coeffs,AK28,NGAW2_GMPE_Spreadsheets_v5.7_041415_ProtectedLocked.xlsm
CY14,10.0,p10p000,SA,28,s1,0.4426,0.4426,,CY14_Coeffs,AL28,NGAW2_GMPE_Spreadsheets_v5.7_041415_ProtectedLocked.xlsm
CY14,10.0,p10p000,SA,28,s2,0.4426,0.4426,,CY14_Coeffs,AM28,NGAW2_GMPE_Spreadsheets_v5.7_041415_ProtectedLocked.xlsm
CY14,10.0,p10p000,SA,28,s3,0.7,0.7,,CY14_Coeffs,AN28,NGAW2_GMPE_Spreadsheets_v5.7_041415_ProtectedLocked.xlsm
CY14,10.0,p10p000,SA,28,"s2,JP",0.3755,0.3755,,CY14_Coeffs,AO28,NGAW2_GMPE_Spreadsheets_v5.7_041415_ProtectedLocked.xlsm
CY14,10.0,p10p000,SA,28,gJp-It,1.7679,1.7679,,CY14_Coeffs,AP28,NGAW2_GMPE_Spreadsheets_v5.7_041415_ProtectedLocked.xlsm
CY14,10.0,p10p000,SA,28,gWn,0,0,,CY14_Coeffs,AQ28,NGAW2_GMPE_Spreadsheets_v5.7_041415_ProtectedLocked.xlsm
CY14,10.0,p10p000,SA,28,f1Jp,-0.4068,-0.4068,,CY14_Coeffs,AR28,NGAW2_GMPE_Spreadsheets_v5.7_041415_ProtectedLocked.xlsm
CY14,10.0,p10p000,SA,28,f5JP,1.464,1.464,,CY14_Coeffs,AS28,NGAW2_GMPE_Spreadsheets_v5.7_041415_ProtectedLocked.xlsm
CY14,10.0,p10p000,SA,28,f6JP,800,800,,CY14_Coeffs,AT28,NGAW2_GMPE_Spreadsheets_v5.7_041415_ProtectedLocked.xlsm
CY14,0.0,pga,PGA,29,c2,,1.06,=B5,CY14_Coeffs,B29,NGAW2_GMPE_Spreadsheets_v5.7_041415_ProtectedLocked.xlsm
CY14,0.0,pga,PGA,29,c4,,-2.1,=C5,CY14_Coeffs,C29,NGAW2_GMPE_Spreadsheets_v5.7_041415_ProtectedLocked.xlsm
CY14,0.0,pga,PGA,29,c4a,,-0.5,=D5,CY14_Coeffs,D29,NGAW2_GMPE_Spreadsheets_v5.7_041415_ProtectedLocked.xlsm
CY14,0.0,pga,PGA,29,cRB,,50,=E5,CY14_Coeffs,E29,NGAW2_GMPE_Spreadsheets_v5.7_041415_ProtectedLocked.xlsm
CY14,0.0,pga,PGA,29,c8,0,0,,CY14_Coeffs,F29,NGAW2_GMPE_Spreadsheets_v5.7_041415_ProtectedLocked.xlsm
CY14,0.0,pga,PGA,29,c8a,,0.2695,=G5,CY14_Coeffs,G29,NGAW2_GMPE_Spreadsheets_v5.7_041415_ProtectedLocked.xlsm
CY14,0.0,pga,PGA,29,c1,-1.5065,-1.5065,,CY14_Coeffs,H29,NGAW2_GMPE_Spreadsheets_v5.7_041415_ProtectedLocked.xlsm
CY14,0.0,pga,PGA,29,c1a,0.165,0.165,,CY14_Coeffs,I29,NGAW2_GMPE_Spreadsheets_v5.7_041415_ProtectedLocked.xlsm
CY14,0.0,pga,PGA,29,c1b,-0.255,-0.255,,CY14_Coeffs,J29,NGAW2_GMPE_Spreadsheets_v5.7_041415_ProtectedLocked.xlsm
CY14,0.0,pga,PGA,29,c1c,-0.165,-0.165,,CY14_Coeffs,K29,NGAW2_GMPE_Spreadsheets_v5.7_041415_ProtectedLocked.xlsm
CY14,0.0,pga,PGA,29,c1d,0.255,0.255,,CY14_Coeffs,L29,NGAW2_GMPE_Spreadsheets_v5.7_041415_ProtectedLocked.xlsm
CY14,0.0,pga,PGA,29,cn,16.0875,16.0875,,CY14_Coeffs,M29,NGAW2_GMPE_Spreadsheets_v5.7_041415_ProtectedLocked.xlsm
CY14,0.0,pga,PGA,29,cM,4.9993,4.9993,,CY14_Coeffs,N29,NGAW2_GMPE_Spreadsheets_v5.7_041415_ProtectedLocked.xlsm
CY14,0.0,pga,PGA,29,c3,1.9636,1.9636,,CY14_Coeffs,O29,NGAW2_GMPE_Spreadsheets_v5.7_041415_ProtectedLocked.xlsm
CY14,0.0,pga,PGA,29,c5,6.4551,6.4551,,CY14_Coeffs,P29,NGAW2_GMPE_Spreadsheets_v5.7_041415_ProtectedLocked.xlsm
CY14,0.0,pga,PGA,29,cHM,3.0956,3.0956,,CY14_Coeffs,Q29,NGAW2_GMPE_Spreadsheets_v5.7_041415_ProtectedLocked.xlsm
CY14,0.0,pga,PGA,29,c6,0.4908,0.4908,,CY14_Coeffs,R29,NGAW2_GMPE_Spreadsheets_v5.7_041415_ProtectedLocked.xlsm
CY14,0.0,pga,PGA,29,c7,0.0352,0.0352,,CY14_Coeffs,S29,NGAW2_GMPE_Spreadsheets_v5.7_041415_ProtectedLocked.xlsm
CY14,0.0,pga,PGA,29,c7b,0.0462,0.0462,,CY14_Coeffs,T29,NGAW2_GMPE_Spreadsheets_v5.7_041415_ProtectedLocked.xlsm
CY14,0.0,pga,PGA,29,c8b,0.4833,0.4833,,CY14_Coeffs,U29,NGAW2_GMPE_Spreadsheets_v5.7_041415_ProtectedLocked.xlsm
CY14,0.0,pga,PGA,29,c9,0.9228,0.9228,,CY14_Coeffs,V29,NGAW2_GMPE_Spreadsheets_v5.7_041415_ProtectedLocked.xlsm
CY14,0.0,pga,PGA,29,c9a,0.1202,0.1202,,CY14_Coeffs,W29,NGAW2_GMPE_Spreadsheets_v5.7_041415_ProtectedLocked.xlsm
CY14,0.0,pga,PGA,29,c9b,6.8607,6.8607,,CY14_Coeffs,X29,NGAW2_GMPE_Spreadsheets_v5.7_041415_ProtectedLocked.xlsm
CY14,0.0,pga,PGA,29,c11,,0,=Y5,CY14_Coeffs,Y29,NGAW2_GMPE_Spreadsheets_v5.7_041415_ProtectedLocked.xlsm
CY14,0.0,pga,PGA,29,c11b,-0.4536,-0.4536,,CY14_Coeffs,Z29,NGAW2_GMPE_Spreadsheets_v5.7_041415_ProtectedLocked.xlsm
CY14,0.0,pga,PGA,29,cg1,-0.007146,-0.007146,,CY14_Coeffs,AA29,NGAW2_GMPE_Spreadsheets_v5.7_041415_ProtectedLocked.xlsm
CY14,0.0,pga,PGA,29,cg2,-0.006758,-0.006758,,CY14_Coeffs,AB29,NGAW2_GMPE_Spreadsheets_v5.7_041415_ProtectedLocked.xlsm
CY14,0.0,pga,PGA,29,cg3,4.2542,4.2542,,CY14_Coeffs,AC29,NGAW2_GMPE_Spreadsheets_v5.7_041415_ProtectedLocked.xlsm
CY14,0.0,pga,PGA,29,f1,-0.521,-0.521,,CY14_Coeffs,AD29,NGAW2_GMPE_Spreadsheets_v5.7_041415_ProtectedLocked.xlsm
CY14,0.0,pga,PGA,29,f2,-0.1417,-0.1417,,CY14_Coeffs,AE29,NGAW2_GMPE_Spreadsheets_v5.7_041415_ProtectedLocked.xlsm
CY14,0.0,pga,PGA,29,f3,-0.00701,-0.00701,,CY14_Coeffs,AF29,NGAW2_GMPE_Spreadsheets_v5.7_041415_ProtectedLocked.xlsm
CY14,0.0,pga,PGA,29,f4,0.102151,0.102151,,CY14_Coeffs,AG29,NGAW2_GMPE_Spreadsheets_v5.7_041415_ProtectedLocked.xlsm
CY14,0.0,pga,PGA,29,f5,0,0,,CY14_Coeffs,AH29,NGAW2_GMPE_Spreadsheets_v5.7_041415_ProtectedLocked.xlsm
CY14,0.0,pga,PGA,29,f6,,300,=AI5,CY14_Coeffs,AI29,NGAW2_GMPE_Spreadsheets_v5.7_041415_ProtectedLocked.xlsm
CY14,0.0,pga,PGA,29,t1,0.4,0.4,,CY14_Coeffs,AJ29,NGAW2_GMPE_Spreadsheets_v5.7_041415_ProtectedLocked.xlsm
CY14,0.0,pga,PGA,29,t2,0.26,0.26,,CY14_Coeffs,AK29,NGAW2_GMPE_Spreadsheets_v5.7_041415_ProtectedLocked.xlsm
CY14,0.0,pga,PGA,29,s1,0.4912,0.4912,,CY14_Coeffs,AL29,NGAW2_GMPE_Spreadsheets_v5.7_041415_ProtectedLocked.xlsm
CY14,0.0,pga,PGA,29,s2,0.3762,0.3762,,CY14_Coeffs,AM29,NGAW2_GMPE_Spreadsheets_v5.7_041415_ProtectedLocked.xlsm
CY14,0.0,pga,PGA,29,s3,0.8,0.8,,CY14_Coeffs,AN29,NGAW2_GMPE_Spreadsheets_v5.7_041415_ProtectedLocked.xlsm
CY14,0.0,pga,PGA,29,"s2,JP",0.4528,0.4528,,CY14_Coeffs,AO29,NGAW2_GMPE_Spreadsheets_v5.7_041415_ProtectedLocked.xlsm
CY14,0.0,pga,PGA,29,gJp-It,1.5817,1.5817,,CY14_Coeffs,AP29,NGAW2_GMPE_Spreadsheets_v5.7_041415_ProtectedLocked.xlsm
CY14,0.0,pga,PGA,29,gWn,0.7594,0.7594,,CY14_Coeffs,AQ29,NGAW2_GMPE_Spreadsheets_v5.7_041415_ProtectedLocked.xlsm
CY14,0.0,pga,PGA,29,f1Jp,-0.6846,-0.6846,,CY14_Coeffs,AR29,NGAW2_GMPE_Spreadsheets_v5.7_041415_ProtectedLocked.xlsm
CY14,0.0,pga,PGA,29,f5JP,0.459,0.459,,CY14_Coeffs,AS29,NGAW2_GMPE_Spreadsheets_v5.7_041415_ProtectedLocked.xlsm
CY14,0.0,pga,PGA,29,f6JP,,800,=AT5,CY14_Coeffs,AT29,NGAW2_GMPE_Spreadsheets_v5.7_041415_ProtectedLocked.xlsm
CY14,-1.0,pgv,PGV,30,c2,1.06,1.06,,CY14_Coeffs,B30,NGAW2_GMPE_Spreadsheets_v5.7_041415_ProtectedLocked.xlsm
CY14,-1.0,pgv,PGV,30,c4,-2.1,-2.1,,CY14_Coeffs,C30,NGAW2_GMPE_Spreadsheets_v5.7_041415_ProtectedLocked.xlsm
CY14,-1.0,pgv,PGV,30,c4a,-0.5,-0.5,,CY14_Coeffs,D30,NGAW2_GMPE_Spreadsheets_v5.7_041415_ProtectedLocked.xlsm
CY14,-1.0,pgv,PGV,30,cRB,50,50,,CY14_Coeffs,E30,NGAW2_GMPE_Spreadsheets_v5.7_041415_ProtectedLocked.xlsm
CY14,-1.0,pgv,PGV,30,c8,0.2154,0.2154,,CY14_Coeffs,F30,NGAW2_GMPE_Spreadsheets_v5.7_041415_ProtectedLocked.xlsm
CY14,-1.0,pgv,PGV,30,c8a,0.2695,0.2695,,CY14_Coeffs,G30,NGAW2_GMPE_Spreadsheets_v5.7_041415_ProtectedLocked.xlsm
CY14,-1.0,pgv,PGV,30,c1,2.3549,2.3549,,CY14_Coeffs,H30,NGAW2_GMPE_Spreadsheets_v5.7_041415_ProtectedLocked.xlsm
CY14,-1.0,pgv,PGV,30,c1a,0.165,0.165,,CY14_Coeffs,I30,NGAW2_GMPE_Spreadsheets_v5.7_041415_ProtectedLocked.xlsm
CY14,-1.0,pgv,PGV,30,c1b,-0.0626,-0.0626,,CY14_Coeffs,J30,NGAW2_GMPE_Spreadsheets_v5.7_041415_ProtectedLocked.xlsm
CY14,-1.0,pgv,PGV,30,c1c,-0.165,-0.165,,CY14_Coeffs,K30,NGAW2_GMPE_Spreadsheets_v5.7_041415_ProtectedLocked.xlsm
CY14,-1.0,pgv,PGV,30,c1d,0.0626,0.0626,,CY14_Coeffs,L30,NGAW2_GMPE_Spreadsheets_v5.7_041415_ProtectedLocked.xlsm
CY14,-1.0,pgv,PGV,30,cn,3.3024,3.3024,,CY14_Coeffs,M30,NGAW2_GMPE_Spreadsheets_v5.7_041415_ProtectedLocked.xlsm
CY14,-1.0,pgv,PGV,30,cM,5.423,5.423,,CY14_Coeffs,N30,NGAW2_GMPE_Spreadsheets_v5.7_041415_ProtectedLocked.xlsm
CY14,-1.0,pgv,PGV,30,c3,2.3152,2.3152,,CY14_Coeffs,O30,NGAW2_GMPE_Spreadsheets_v5.7_041415_ProtectedLocked.xlsm
CY14,-1.0,pgv,PGV,30,c5,5.8096,5.8096,,CY14_Coeffs,P30,NGAW2_GMPE_Spreadsheets_v5.7_041415_ProtectedLocked.xlsm
CY14,-1.0,pgv,PGV,30,cHM,3.0514,3.0514,,CY14_Coeffs,Q30,NGAW2_GMPE_Spreadsheets_v5.7_041415_ProtectedLocked.xlsm
CY14,-1.0,pgv,PGV,30,c6,0.4407,0.4407,,CY14_Coeffs,R30,NGAW2_GMPE_Spreadsheets_v5.7_041415_ProtectedLocked.xlsm
CY14,-1.0,pgv,PGV,30,c7,0.0324,0.0324,,CY14_Coeffs,S30,NGAW2_GMPE_Spreadsheets_v5.7_041415_ProtectedLocked.xlsm
CY14,-1.0,pgv,PGV,30,c7b,0.0097,0.0097,,CY14_Coeffs,T30,NGAW2_GMPE_Spreadsheets_v5.7_041415_ProtectedLocked.xlsm
CY14,-1.0,pgv,PGV,30,c8b,5,5,,CY14_Coeffs,U30,NGAW2_GMPE_Spreadsheets_v5.7_041415_ProtectedLocked.xlsm
CY14,-1.0,pgv,PGV,30,c9,0.3079,0.3079,,CY14_Coeffs,V30,NGAW2_GMPE_Spreadsheets_v5.7_041415_ProtectedLocked.xlsm
CY14,-1.0,pgv,PGV,30,c9a,0.1,0.1,,CY14_Coeffs,W30,NGAW2_GMPE_Spreadsheets_v5.7_041415_ProtectedLocked.xlsm
CY14,-1.0,pgv,PGV,30,c9b,6.5,6.5,,CY14_Coeffs,X30,NGAW2_GMPE_Spreadsheets_v5.7_041415_ProtectedLocked.xlsm
CY14,-1.0,pgv,PGV,30,c11,0,0,,CY14_Coeffs,Y30,NGAW2_GMPE_Spreadsheets_v5.7_041415_ProtectedLocked.xlsm
CY14,-1.0,pgv,PGV,30,c11b,-0.3834,-0.3834,,CY14_Coeffs,Z30,NGAW2_GMPE_Spreadsheets_v5.7_041415_ProtectedLocked.xlsm
CY14,-1.0,pgv,PGV,30,cg1,-0.001852,-0.001852,,CY14_Coeffs,AA30,NGAW2_GMPE_Spreadsheets_v5.7_041415_ProtectedLocked.xlsm
CY14,-1.0,pgv,PGV,30,cg2,-0.007403,-0.007403,,CY14_Coeffs,AB30,NGAW2_GMPE_Spreadsheets_v5.7_041415_ProtectedLocked.xlsm
CY14,-1.0,pgv,PGV,30,cg3,4.3439,4.3439,,CY14_Coeffs,AC30,NGAW2_GMPE_Spreadsheets_v5.7_041415_ProtectedLocked.xlsm
CY14,-1.0,pgv,PGV,30,f1,-0.7936,-0.7936,,CY14_Coeffs,AD30,NGAW2_GMPE_Spreadsheets_v5.7_041415_ProtectedLocked.xlsm
CY14,-1.0,pgv,PGV,30,f2,-0.0699,-0.0699,,CY14_Coeffs,AE30,NGAW2_GMPE_Spreadsheets_v5.7_041415_ProtectedLocked.xlsm
CY14,-1.0,pgv,PGV,30,f3,-0.008444,-0.008444,,CY14_Coeffs,AF30,NGAW2_GMPE_Spreadsheets_v5.7_041415_ProtectedLocked.xlsm
CY14,-1.0,pgv,PGV,30,f4,5.41,5.41,,CY14_Coeffs,AG30,NGAW2_GMPE_Spreadsheets_v5.7_041415_ProtectedLocked.xlsm
CY14,-1.0,pgv,PGV,30,f5,0.0202,0.0202,,CY14_Coeffs,AH30,NGAW2_GMPE_Spreadsheets_v5.7_041415_ProtectedLocked.xlsm
CY14,-1.0,pgv,PGV,30,f6,300,300,,CY14_Coeffs,AI30,NGAW2_GMPE_Spreadsheets_v5.7_041415_ProtectedLocked.xlsm
CY14,-1.0,pgv,PGV,30,t1,0.3894,0.3894,,CY14_Coeffs,AJ30,NGAW2_GMPE_Spreadsheets_v5.7_041415_ProtectedLocked.xlsm
CY14,-1.0,pgv,PGV,30,t2,0.2578,0.2578,,CY14_Coeffs,AK30,NGAW2_GMPE_Spreadsheets_v5.7_041415_ProtectedLocked.xlsm
CY14,-1.0,pgv,PGV,30,s1,0.4785,0.4785,,CY14_Coeffs,AL30,NGAW2_GMPE_Spreadsheets_v5.7_041415_ProtectedLocked.xlsm
CY14,-1.0,pgv,PGV,30,s2,0.36292,0.36292,,CY14_Coeffs,AM30,NGAW2_GMPE_Spreadsheets_v5.7_041415_ProtectedLocked.xlsm
CY14,-1.0,pgv,PGV,30,s3,0.7504,0.7504,,CY14_Coeffs,AN30,NGAW2_GMPE_Spreadsheets_v5.7_041415_ProtectedLocked.xlsm
CY14,-1.0,pgv,PGV,30,"s2,JP",0.3918,0.3918,,CY14_Coeffs,AO30,NGAW2_GMPE_Spreadsheets_v5.7_041415_ProtectedLocked.xlsm
CY14,-1.0,pgv,PGV,30,gJp-It,2.2306,2.2306,,CY14_Coeffs,AP30,NGAW2_GMPE_Spreadsheets_v5.7_041415_ProtectedLocked.xlsm
CY14,-1.0,pgv,PGV,30,gWn,0.335,0.335,,CY14_Coeffs,AQ30,NGAW2_GMPE_Spreadsheets_v5.7_041415_ProtectedLocked.xlsm
CY14,-1.0,pgv,PGV,30,f1Jp,-0.7966,-0.7966,,CY14_Coeffs,AR30,NGAW2_GMPE_Spreadsheets_v5.7_041415_ProtectedLocked.xlsm
CY14,-1.0,pgv,PGV,30,f5JP,0.9488,0.9488,,CY14_Coeffs,AS30,NGAW2_GMPE_Spreadsheets_v5.7_041415_ProtectedLocked.xlsm
CY14,-1.0,pgv,PGV,30,f6JP,800,800,,CY14_Coeffs,AT30,NGAW2_GMPE_Spreadsheets_v5.7_041415_ProtectedLocked.xlsm
