column_position,original_name,clean_name,field_group,release_file_id,file_name,component,damping_percent,sheet_name
1,Record Sequence Number,record_sequence_number,source,1,Updated_NGA_West2_Flatfile_RotD50_d005_public_version.xlsx,RotD50,0.5,ROTD50_d005
2,EQID,eqid,source,1,Updated_NGA_West2_Flatfile_RotD50_d005_public_version.xlsx,RotD50,0.5,ROTD50_d005
3,Earthquake Name,earthquake_name,source,1,Updated_NGA_West2_Flatfile_RotD50_d005_public_version.xlsx,RotD50,0.5,ROTD50_d005
4,YEAR,year,source,1,Updated_NGA_West2_Flatfile_RotD50_d005_public_version.xlsx,RotD50,0.5,ROTD50_d005
5,MODY,mody,source,1,Updated_NGA_West2_Flatfile_RotD50_d005_public_version.xlsx,RotD50,0.5,ROTD50_d005
6,HRMN,hrmn,source,1,Updated_NGA_West2_Flatfile_RotD50_d005_public_version.xlsx,RotD50,0.5,ROTD50_d005
7,Station Name,station_name,source,1,Updated_NGA_West2_Flatfile_RotD50_d005_public_version.xlsx,RotD50,0.5,ROTD50_d005
8,Station Sequence Number,station_sequence_number,source,1,Updated_NGA_West2_Flatfile_RotD50_d005_public_version.xlsx,RotD50,0.5,ROTD50_d005
9,Station ID  No.,station_id_no,source,1,Updated_NGA_West2_Flatfile_RotD50_d005_public_version.xlsx,RotD50,0.5,ROTD50_d005
10,Earthquake Magnitude,earthquake_magnitude,source,1,Updated_NGA_West2_Flatfile_RotD50_d005_public_version.xlsx,RotD50,0.5,ROTD50_d005
11,Magnitude Type,magnitude_type,source,1,Updated_NGA_West2_Flatfile_RotD50_d005_public_version.xlsx,RotD50,0.5,ROTD50_d005
12,Magnitude Uncertainty: Kagan Model,magnitude_uncertainty_kagan_model,source,1,Updated_NGA_West2_Flatfile_RotD50_d005_public_version.xlsx,RotD50,0.5,ROTD50_d005
13,Magnitude Uncertainty: Statistical,magnitude_uncertainty_statistical,source,1,Updated_NGA_West2_Flatfile_RotD50_d005_public_version.xlsx,RotD50,0.5,ROTD50_d005
14,Magnitude Sample Size,magnitude_sample_size,source,1,Updated_NGA_West2_Flatfile_RotD50_d005_public_version.xlsx,RotD50,0.5,ROTD50_d005
15,Magnitude Uncertainty: Study Class,magnitude_uncertainty_study_class,source,1,Updated_NGA_West2_Flatfile_RotD50_d005_public_version.xlsx,RotD50,0.5,ROTD50_d005
16,Mo (dyne.cm),mo_dyne_cm,source,1,Updated_NGA_West2_Flatfile_RotD50_d005_public_version.xlsx,RotD50,0.5,ROTD50_d005
17,Strike (deg),strike_deg,source,1,Updated_NGA_West2_Flatfile_RotD50_d005_public_version.xlsx,RotD50,0.5,ROTD50_d005
18,Dip (deg),dip_deg,source,1,Updated_NGA_West2_Flatfile_RotD50_d005_public_version.xlsx,RotD50,0.5,ROTD50_d005
19,Rake Angle (deg),rake_angle_deg,source,1,Updated_NGA_West2_Flatfile_RotD50_d005_public_version.xlsx,RotD50,0.5,ROTD50_d005
20,Mechanism Based on Rake Angle,mechanism_based_on_rake_angle,source,1,Updated_NGA_West2_Flatfile_RotD50_d005_public_version.xlsx,RotD50,0.5,ROTD50_d005
21,P-plunge (deg),p_plunge_deg,source,1,Updated_NGA_West2_Flatfile_RotD50_d005_public_version.xlsx,RotD50,0.5,ROTD50_d005
22,P-trend (deg),p_trend_deg,source,1,Updated_NGA_West2_Flatfile_RotD50_d005_public_version.xlsx,RotD50,0.5,ROTD50_d005
23,T-plunge (deg),t_plunge_deg,source,1,Updated_NGA_West2_Flatfile_RotD50_d005_public_version.xlsx,RotD50,0.5,ROTD50_d005
24,T-trend (deg),t_trend_deg,source,1,Updated_NGA_West2_Flatfile_RotD50_d005_public_version.xlsx,RotD50,0.5,ROTD50_d005
25,Hypocenter Latitude (deg),hypocenter_latitude_deg,source,1,Updated_NGA_West2_Flatfile_RotD50_d005_public_version.xlsx,RotD50,0.5,ROTD50_d005
26,Hypocenter Longitude (deg),hypocenter_longitude_deg,source,1,Updated_NGA_West2_Flatfile_RotD50_d005_public_version.xlsx,RotD50,0.5,ROTD50_d005
27,Hypocenter Depth (km),hypocenter_depth_km,source,1,Updated_NGA_West2_Flatfile_RotD50_d005_public_version.xlsx,RotD50,0.5,ROTD50_d005
28,Coseismic Surface Rupture: 1=Yes; 0=No;    -999=Unknown,coseismic_surface_rupture_1_yes_0_no_999_unknown,source,1,Updated_NGA_West2_Flatfile_RotD50_d005_public_version.xlsx,RotD50,0.5,ROTD50_d005
29,Coseismic Surface Rupture (Including Inferred),coseismic_surface_rupture_including_inferred,source,1,Updated_NGA_West2_Flatfile_RotD50_d005_public_version.xlsx,RotD50,0.5,ROTD50_d005
30,Basis for Inference of Surface Rupture,basis_for_inference_of_surface_rupture,source,1,Updated_NGA_West2_Flatfile_RotD50_d005_public_version.xlsx,RotD50,0.5,ROTD50_d005
31,Finite Rupture Model: 1=Yes;  0=No,finite_rupture_model_1_yes_0_no,source,1,Updated_NGA_West2_Flatfile_RotD50_d005_public_version.xlsx,RotD50,0.5,ROTD50_d005
32,Depth to Top Of Fault Rupture Model,depth_to_top_of_fault_rupture_model,source,1,Updated_NGA_West2_Flatfile_RotD50_d005_public_version.xlsx,RotD50,0.5,ROTD50_d005
33,Fault Rupture Length for Calculation of Ry (km),fault_rupture_length_for_calculation_of_ry_km,source,1,Updated_NGA_West2_Flatfile_RotD50_d005_public_version.xlsx,RotD50,0.5,ROTD50_d005
34,Fault Rupture Width (km),fault_rupture_width_km,source,1,Updated_NGA_West2_Flatfile_RotD50_d005_public_version.xlsx,RotD50,0.5,ROTD50_d005
35,Fault Rupture Area (km^2),fault_rupture_area_km_2,source,1,Updated_NGA_West2_Flatfile_RotD50_d005_public_version.xlsx,RotD50,0.5,ROTD50_d005
36,Avg Fault Disp (cm),avg_fault_disp_cm,source,1,Updated_NGA_West2_Flatfile_RotD50_d005_public_version.xlsx,RotD50,0.5,ROTD50_d005
37,Rise Time (s),rise_time_s,source,1,Updated_NGA_West2_Flatfile_RotD50_d005_public_version.xlsx,RotD50,0.5,ROTD50_d005
38,Avg Slip Velocity (cm/s),avg_slip_velocity_cm_s,source,1,Updated_NGA_West2_Flatfile_RotD50_d005_public_version.xlsx,RotD50,0.5,ROTD50_d005
39,Static Stress Drop (bars),static_stress_drop_bars,source,1,Updated_NGA_West2_Flatfile_RotD50_d005_public_version.xlsx,RotD50,0.5,ROTD50_d005
40,Preferred Rupture Velocity (km/s),preferred_rupture_velocity_km_s,source,1,Updated_NGA_West2_Flatfile_RotD50_d005_public_version.xlsx,RotD50,0.5,ROTD50_d005
41,Average Vr/Vs,average_vr_vs,source,1,Updated_NGA_West2_Flatfile_RotD50_d005_public_version.xlsx,RotD50,0.5,ROTD50_d005
42,Percent of Moment Release in the Top 5 Km of Crust,percent_of_moment_release_in_the_top_5_km_of_crust,source,1,Updated_NGA_West2_Flatfile_RotD50_d005_public_version.xlsx,RotD50,0.5,ROTD50_d005
43,Existence of Shallow Asperity: 0=No; 1=Yes,existence_of_shallow_asperity_0_no_1_yes,source,1,Updated_NGA_West2_Flatfile_RotD50_d005_public_version.xlsx,RotD50,0.5,ROTD50_d005
44,Depth to Top of Shallowest Asperity (km),depth_to_top_of_shallowest_asperity_km,source,1,Updated_NGA_West2_Flatfile_RotD50_d005_public_version.xlsx,RotD50,0.5,ROTD50_d005
45,Earthquake in Extensional Regime: 1=Yes; 0=No,earthquake_in_extensional_regime_1_yes_0_no,source,1,Updated_NGA_West2_Flatfile_RotD50_d005_public_version.xlsx,RotD50,0.5,ROTD50_d005
46,Fault Name,fault_name,source,1,Updated_NGA_West2_Flatfile_RotD50_d005_public_version.xlsx,RotD50,0.5,ROTD50_d005
47,Slip Rate (mm/Yr),slip_rate_mm_yr,source,1,Updated_NGA_West2_Flatfile_RotD50_d005_public_version.xlsx,RotD50,0.5,ROTD50_d005
48,EpiD (km),epid_km,path,1,Updated_NGA_West2_Flatfile_RotD50_d005_public_version.xlsx,RotD50,0.5,ROTD50_d005
49,HypD (km),hypd_km,path,1,Updated_NGA_West2_Flatfile_RotD50_d005_public_version.xlsx,RotD50,0.5,ROTD50_d005
50,Joyner-Boore Dist. (km),joyner_boore_dist_km,path,1,Updated_NGA_West2_Flatfile_RotD50_d005_public_version.xlsx,RotD50,0.5,ROTD50_d005
51,Campbell R Dist. (km),campbell_r_dist_km,path,1,Updated_NGA_West2_Flatfile_RotD50_d005_public_version.xlsx,RotD50,0.5,ROTD50_d005
52,RmsD (km),rmsd_km,path,1,Updated_NGA_West2_Flatfile_RotD50_d005_public_version.xlsx,RotD50,0.5,ROTD50_d005
53,ClstD (km),clstd_km,path,1,Updated_NGA_West2_Flatfile_RotD50_d005_public_version.xlsx,RotD50,0.5,ROTD50_d005
54,Rx,rx,path,1,Updated_NGA_West2_Flatfile_RotD50_d005_public_version.xlsx,RotD50,0.5,ROTD50_d005
55,FW/HW Indicator,fw_hw_indicator,path,1,Updated_NGA_West2_Flatfile_RotD50_d005_public_version.xlsx,RotD50,0.5,ROTD50_d005
56,Source to Site Azimuth (deg),source_to_site_azimuth_deg,path,1,Updated_NGA_West2_Flatfile_RotD50_d005_public_version.xlsx,RotD50,0.5,ROTD50_d005
57,X,x,path,1,Updated_NGA_West2_Flatfile_RotD50_d005_public_version.xlsx,RotD50,0.5,ROTD50_d005
58,Theta.D (deg),theta_d_deg,path,1,Updated_NGA_West2_Flatfile_RotD50_d005_public_version.xlsx,RotD50,0.5,ROTD50_d005
59,SSGA (Strike Slip),ssga_strike_slip,path,1,Updated_NGA_West2_Flatfile_RotD50_d005_public_version.xlsx,RotD50,0.5,ROTD50_d005
60,Y,y,path,1,Updated_NGA_West2_Flatfile_RotD50_d005_public_version.xlsx,RotD50,0.5,ROTD50_d005
61,Phi.D (deg),phi_d_deg,path,1,Updated_NGA_West2_Flatfile_RotD50_d005_public_version.xlsx,RotD50,0.5,ROTD50_d005
62,SSGA (Dip Slip),ssga_dip_slip,path,1,Updated_NGA_West2_Flatfile_RotD50_d005_public_version.xlsx,RotD50,0.5,ROTD50_d005
63,s,s,path,1,Updated_NGA_West2_Flatfile_RotD50_d005_public_version.xlsx,RotD50,0.5,ROTD50_d005
64,d,d,path,1,Updated_NGA_West2_Flatfile_RotD50_d005_public_version.xlsx,RotD50,0.5,ROTD50_d005
65,ctildepr,ctildepr,path,1,Updated_NGA_West2_Flatfile_RotD50_d005_public_version.xlsx,RotD50,0.5,ROTD50_d005
66,Unused Column,unused_column,path,1,Updated_NGA_West2_Flatfile_RotD50_d005_public_version.xlsx,RotD50,0.5,ROTD50_d005
67,D,d_1,path,1,Updated_NGA_West2_Flatfile_RotD50_d005_public_version.xlsx,RotD50,0.5,ROTD50_d005
68,Rfn.Hyp,rfn_hyp,path,1,Updated_NGA_West2_Flatfile_RotD50_d005_public_version.xlsx,RotD50,0.5,ROTD50_d005
69,Rfp.Hyp,rfp_hyp,path,1,Updated_NGA_West2_Flatfile_RotD50_d005_public_version.xlsx,RotD50,0.5,ROTD50_d005
70,Unused Column,unused_column_1,path,1,Updated_NGA_West2_Flatfile_RotD50_d005_public_version.xlsx,RotD50,0.5,ROTD50_d005
71,Unused Column,unused_column_2,path,1,Updated_NGA_West2_Flatfile_RotD50_d005_public_version.xlsx,RotD50,0.5,ROTD50_d005
72,Unused Column,unused_column_3,path,1,Updated_NGA_West2_Flatfile_RotD50_d005_public_version.xlsx,RotD50,0.5,ROTD50_d005
73,T,t,path,1,Updated_NGA_West2_Flatfile_RotD50_d005_public_version.xlsx,RotD50,0.5,ROTD50_d005
74,GMX's C1,gmx_s_c1,site,1,Updated_NGA_West2_Flatfile_RotD50_d005_public_version.xlsx,RotD50,0.5,ROTD50_d005
75,GMX's C2,gmx_s_c2,site,1,Updated_NGA_West2_Flatfile_RotD50_d005_public_version.xlsx,RotD50,0.5,ROTD50_d005
76,GMX's C3,gmx_s_c3,site,1,Updated_NGA_West2_Flatfile_RotD50_d005_public_version.xlsx,RotD50,0.5,ROTD50_d005
77,Campbell's GEOCODE,campbell_s_geocode,site,1,Updated_NGA_West2_Flatfile_RotD50_d005_public_version.xlsx,RotD50,0.5,ROTD50_d005
78,Bray and Rodriguez-Marek SGS,bray_and_rodriguez_marek_sgs,site,1,Updated_NGA_West2_Flatfile_RotD50_d005_public_version.xlsx,RotD50,0.5,ROTD50_d005
79,Depth,depth,site,1,Updated_NGA_West2_Flatfile_RotD50_d005_public_version.xlsx,RotD50,0.5,ROTD50_d005
80,Preferred NEHRP Based on Vs30,preferred_nehrp_based_on_vs30,site,1,Updated_NGA_West2_Flatfile_RotD50_d005_public_version.xlsx,RotD50,0.5,ROTD50_d005
81,Vs30 (m/s) selected for analysis,vs30_m_s_selected_for_analysis,site,1,Updated_NGA_West2_Flatfile_RotD50_d005_public_version.xlsx,RotD50,0.5,ROTD50_d005
82,Column Not Used,column_not_used,site,1,Updated_NGA_West2_Flatfile_RotD50_d005_public_version.xlsx,RotD50,0.5,ROTD50_d005
83,Measured/Inferred Class,measured_inferred_class,site,1,Updated_NGA_West2_Flatfile_RotD50_d005_public_version.xlsx,RotD50,0.5,ROTD50_d005
84,Sigma of Vs30 (in natural log Units),sigma_of_vs30_in_natural_log_units,site,1,Updated_NGA_West2_Flatfile_RotD50_d005_public_version.xlsx,RotD50,0.5,ROTD50_d005
85,NEHRP Classification from CGS's Site Condition Map,nehrp_classification_from_cgs_s_site_condition_map,site,1,Updated_NGA_West2_Flatfile_RotD50_d005_public_version.xlsx,RotD50,0.5,ROTD50_d005
86,Geological Unit,geological_unit,site,1,Updated_NGA_West2_Flatfile_RotD50_d005_public_version.xlsx,RotD50,0.5,ROTD50_d005
87,Geology,geology,site,1,Updated_NGA_West2_Flatfile_RotD50_d005_public_version.xlsx,RotD50,0.5,ROTD50_d005
88,Owner,owner,site,1,Updated_NGA_West2_Flatfile_RotD50_d005_public_version.xlsx,RotD50,0.5,ROTD50_d005
89,Station Latitude,station_latitude,site,1,Updated_NGA_West2_Flatfile_RotD50_d005_public_version.xlsx,RotD50,0.5,ROTD50_d005
90,Station Longitude,station_longitude,site,1,Updated_NGA_West2_Flatfile_RotD50_d005_public_version.xlsx,RotD50,0.5,ROTD50_d005
91,STORIES,stories,site,1,Updated_NGA_West2_Flatfile_RotD50_d005_public_version.xlsx,RotD50,0.5,ROTD50_d005
92,INSTLOC,instloc,site,1,Updated_NGA_West2_Flatfile_RotD50_d005_public_version.xlsx,RotD50,0.5,ROTD50_d005
93,Depth to Basement Rock,depth_to_basement_rock,site,1,Updated_NGA_West2_Flatfile_RotD50_d005_public_version.xlsx,RotD50,0.5,ROTD50_d005
94,Site Visited,site_visited,site,1,Updated_NGA_West2_Flatfile_RotD50_d005_public_version.xlsx,RotD50,0.5,ROTD50_d005
95,NGA Type,nga_type,site,1,Updated_NGA_West2_Flatfile_RotD50_d005_public_version.xlsx,RotD50,0.5,ROTD50_d005
96,Age,age,site,1,Updated_NGA_West2_Flatfile_RotD50_d005_public_version.xlsx,RotD50,0.5,ROTD50_d005
97,Grain Size,grain_size,site,1,Updated_NGA_West2_Flatfile_RotD50_d005_public_version.xlsx,RotD50,0.5,ROTD50_d005
98,Depositional History,depositional_history,site,1,Updated_NGA_West2_Flatfile_RotD50_d005_public_version.xlsx,RotD50,0.5,ROTD50_d005
99,Northern CA/Southern CA - H11 Z1 (m),northern_ca_southern_ca_h11_z1_m,site,1,Updated_NGA_West2_Flatfile_RotD50_d005_public_version.xlsx,RotD50,0.5,ROTD50_d005
100,Northern CA/Southern CA - H11 Z1.5 (m),northern_ca_southern_ca_h11_z1_5_m,site,1,Updated_NGA_West2_Flatfile_RotD50_d005_public_version.xlsx,RotD50,0.5,ROTD50_d005
101,Northern CA/Southern CA - H11 Z2.5 (m),northern_ca_southern_ca_h11_z2_5_m,site,1,Updated_NGA_West2_Flatfile_RotD50_d005_public_version.xlsx,RotD50,0.5,ROTD50_d005
102,Northern CA/Southern CA - S4 Z1 (m),northern_ca_southern_ca_s4_z1_m,site,1,Updated_NGA_West2_Flatfile_RotD50_d005_public_version.xlsx,RotD50,0.5,ROTD50_d005
103,Northern CA/Southern CA - S4 Z1.5 (m),northern_ca_southern_ca_s4_z1_5_m,site,1,Updated_NGA_West2_Flatfile_RotD50_d005_public_version.xlsx,RotD50,0.5,ROTD50_d005
104,Northern CA/Southern CA - S4 Z2.5 (m),northern_ca_southern_ca_s4_z2_5_m,site,1,Updated_NGA_West2_Flatfile_RotD50_d005_public_version.xlsx,RotD50,0.5,ROTD50_d005
105,Depth to Franciscan Rock (km),depth_to_franciscan_rock_km,site,1,Updated_NGA_West2_Flatfile_RotD50_d005_public_version.xlsx,RotD50,0.5,ROTD50_d005
106,Basin,basin,site,1,Updated_NGA_West2_Flatfile_RotD50_d005_public_version.xlsx,RotD50,0.5,ROTD50_d005
107,h (m),h_m,site,1,Updated_NGA_West2_Flatfile_RotD50_d005_public_version.xlsx,RotD50,0.5,ROTD50_d005
108,hnorm (m),hnorm_m,site,1,Updated_NGA_West2_Flatfile_RotD50_d005_public_version.xlsx,RotD50,0.5,ROTD50_d005
109,Rsbe (m),rsbe_m,site,1,Updated_NGA_West2_Flatfile_RotD50_d005_public_version.xlsx,RotD50,0.5,ROTD50_d005
110,Rcebe (m),rcebe_m,site,1,Updated_NGA_West2_Flatfile_RotD50_d005_public_version.xlsx,RotD50,0.5,ROTD50_d005
111,Rebe (m),rebe_m,site,1,Updated_NGA_West2_Flatfile_RotD50_d005_public_version.xlsx,RotD50,0.5,ROTD50_d005
112,Rsbe1 (m),rsbe1_m,site,1,Updated_NGA_West2_Flatfile_RotD50_d005_public_version.xlsx,RotD50,0.5,ROTD50_d005
113,File Name (Horizontal 1),file_name_horizontal_1,record_processing,1,Updated_NGA_West2_Flatfile_RotD50_d005_public_version.xlsx,RotD50,0.5,ROTD50_d005
114,File Name (Horizontal 2),file_name_horizontal_2,record_processing,1,Updated_NGA_West2_Flatfile_RotD50_d005_public_version.xlsx,RotD50,0.5,ROTD50_d005
115,File Name (Vertical),file_name_vertical,record_processing,1,Updated_NGA_West2_Flatfile_RotD50_d005_public_version.xlsx,RotD50,0.5,ROTD50_d005
116,H1 azimth (degrees),h1_azimth_degrees,record_processing,1,Updated_NGA_West2_Flatfile_RotD50_d005_public_version.xlsx,RotD50,0.5,ROTD50_d005
117,H2 azimith (degrees),h2_azimith_degrees,record_processing,1,Updated_NGA_West2_Flatfile_RotD50_d005_public_version.xlsx,RotD50,0.5,ROTD50_d005
118,Type of Recording,type_of_recording,record_processing,1,Updated_NGA_West2_Flatfile_RotD50_d005_public_version.xlsx,RotD50,0.5,ROTD50_d005
119,Instrument Model,instrument_model,record_processing,1,Updated_NGA_West2_Flatfile_RotD50_d005_public_version.xlsx,RotD50,0.5,ROTD50_d005
120,PEA Processing Flag,pea_processing_flag,record_processing,1,Updated_NGA_West2_Flatfile_RotD50_d005_public_version.xlsx,RotD50,0.5,ROTD50_d005
121,Type of Filter,type_of_filter,record_processing,1,Updated_NGA_West2_Flatfile_RotD50_d005_public_version.xlsx,RotD50,0.5,ROTD50_d005
122,npass,npass,record_processing,1,Updated_NGA_West2_Flatfile_RotD50_d005_public_version.xlsx,RotD50,0.5,ROTD50_d005
123,nroll,nroll,record_processing,1,Updated_NGA_West2_Flatfile_RotD50_d005_public_version.xlsx,RotD50,0.5,ROTD50_d005
124,HP-H1 (Hz),hp_h1_hz,record_processing,1,Updated_NGA_West2_Flatfile_RotD50_d005_public_version.xlsx,RotD50,0.5,ROTD50_d005
125,HP-H2 (Hz),hp_h2_hz,record_processing,1,Updated_NGA_West2_Flatfile_RotD50_d005_public_version.xlsx,RotD50,0.5,ROTD50_d005
126,LP-H1 (Hz),lp_h1_hz,record_processing,1,Updated_NGA_West2_Flatfile_RotD50_d005_public_version.xlsx,RotD50,0.5,ROTD50_d005
127,LP-H2 (Hz),lp_h2_hz,record_processing,1,Updated_NGA_West2_Flatfile_RotD50_d005_public_version.xlsx,RotD50,0.5,ROTD50_d005
128,Factor,factor,record_processing,1,Updated_NGA_West2_Flatfile_RotD50_d005_public_version.xlsx,RotD50,0.5,ROTD50_d005
129,Lowest Usable Freq - H1 (Hz),lowest_usable_freq_h1_hz,record_processing,1,Updated_NGA_West2_Flatfile_RotD50_d005_public_version.xlsx,RotD50,0.5,ROTD50_d005
130,Lowest Usable Freq - H2 (H2),lowest_usable_freq_h2_h2,record_processing,1,Updated_NGA_West2_Flatfile_RotD50_d005_public_version.xlsx,RotD50,0.5,ROTD50_d005
131,Lowest Usable Freq - Ave. Component (Hz),lowest_usable_freq_ave_component_hz,record_processing,1,Updated_NGA_West2_Flatfile_RotD50_d005_public_version.xlsx,RotD50,0.5,ROTD50_d005
132,PGA (g),pga_g,ground_motion,1,Updated_NGA_West2_Flatfile_RotD50_d005_public_version.xlsx,RotD50,0.5,ROTD50_d005
133,PGV (cm/sec),pgv_cm_sec,ground_motion,1,Updated_NGA_West2_Flatfile_RotD50_d005_public_version.xlsx,RotD50,0.5,ROTD50_d005
134,PGD (cm),pgd_cm,ground_motion,1,Updated_NGA_West2_Flatfile_RotD50_d005_public_version.xlsx,RotD50,0.5,ROTD50_d005
135,T0.010S,t0_010s,ground_motion,1,Updated_NGA_West2_Flatfile_RotD50_d005_public_version.xlsx,RotD50,0.5,ROTD50_d005
136,T0.020S,t0_020s,ground_motion,1,Updated_NGA_West2_Flatfile_RotD50_d005_public_version.xlsx,RotD50,0.5,ROTD50_d005
137,T0.022S,t0_022s,ground_motion,1,Updated_NGA_West2_Flatfile_RotD50_d005_public_version.xlsx,RotD50,0.5,ROTD50_d005
138,T0.025S,t0_025s,ground_motion,1,Updated_NGA_West2_Flatfile_RotD50_d005_public_version.xlsx,RotD50,0.5,ROTD50_d005
139,T0.029S,t0_029s,ground_motion,1,Updated_NGA_West2_Flatfile_RotD50_d005_public_version.xlsx,RotD50,0.5,ROTD50_d005
140,T0.030S,t0_030s,ground_motion,1,Updated_NGA_West2_Flatfile_RotD50_d005_public_version.xlsx,RotD50,0.5,ROTD50_d005
141,T0.032S,t0_032s,ground_motion,1,Updated_NGA_West2_Flatfile_RotD50_d005_public_version.xlsx,RotD50,0.5,ROTD50_d005
142,T0.035S,t0_035s,ground_motion,1,Updated_NGA_West2_Flatfile_RotD50_d005_public_version.xlsx,RotD50,0.5,ROTD50_d005
143,T0.036S,t0_036s,ground_motion,1,Updated_NGA_West2_Flatfile_RotD50_d005_public_version.xlsx,RotD50,0.5,ROTD50_d005
144,T0.040S,t0_040s,ground_motion,1,Updated_NGA_West2_Flatfile_RotD50_d005_public_version.xlsx,RotD50,0.5,ROTD50_d005
145,T0.042S,t0_042s,ground_motion,1,Updated_NGA_West2_Flatfile_RotD50_d005_public_version.xlsx,RotD50,0.5,ROTD50_d005
146,T0.044S,t0_044s,ground_motion,1,Updated_NGA_West2_Flatfile_RotD50_d005_public_version.xlsx,RotD50,0.5,ROTD50_d005
147,T0.045S,t0_045s,ground_motion,1,Updated_NGA_West2_Flatfile_RotD50_d005_public_version.xlsx,RotD50,0.5,ROTD50_d005
148,T0.046S,t0_046s,ground_motion,1,Updated_NGA_West2_Flatfile_RotD50_d005_public_version.xlsx,RotD50,0.5,ROTD50_d005
149,T0.048S,t0_048s,ground_motion,1,Updated_NGA_West2_Flatfile_RotD50_d005_public_version.xlsx,RotD50,0.5,ROTD50_d005
150,T0.050S,t0_050s,ground_motion,1,Updated_NGA_West2_Flatfile_RotD50_d005_public_version.xlsx,RotD50,0.5,ROTD50_d005
151,T0.055S,t0_055s,ground_motion,1,Updated_NGA_West2_Flatfile_RotD50_d005_public_version.xlsx,RotD50,0.5,ROTD50_d005
152,T0.060S,t0_060s,ground_motion,1,Updated_NGA_West2_Flatfile_RotD50_d005_public_version.xlsx,RotD50,0.5,ROTD50_d005
153,T0.065S,t0_065s,ground_motion,1,Updated_NGA_West2_Flatfile_RotD50_d005_public_version.xlsx,RotD50,0.5,ROTD50_d005
154,T0.067S,t0_067s,ground_motion,1,Updated_NGA_West2_Flatfile_RotD50_d005_public_version.xlsx,RotD50,0.5,ROTD50_d005
155,T0.070S,t0_070s,ground_motion,1,Updated_NGA_West2_Flatfile_RotD50_d005_public_version.xlsx,RotD50,0.5,ROTD50_d005
156,T0.075S,t0_075s,ground_motion,1,Updated_NGA_West2_Flatfile_RotD50_d005_public_version.xlsx,RotD50,0.5,ROTD50_d005
157,T0.080S,t0_080s,ground_motion,1,Updated_NGA_West2_Flatfile_RotD50_d005_public_version.xlsx,RotD50,0.5,ROTD50_d005
158,T0.085S,t0_085s,ground_motion,1,Updated_NGA_West2_Flatfile_RotD50_d005_public_version.xlsx,RotD50,0.5,ROTD50_d005
159,T0.090S,t0_090s,ground_motion,1,Updated_NGA_West2_Flatfile_RotD50_d005_public_version.xlsx,RotD50,0.5,ROTD50_d005
160,T0.095S,t0_095s,ground_motion,1,Updated_NGA_West2_Flatfile_RotD50_d005_public_version.xlsx,RotD50,0.5,ROTD50_d005
161,T0.100S,t0_100s,ground_motion,1,Updated_NGA_West2_Flatfile_RotD50_d005_public_version.xlsx,RotD50,0.5,ROTD50_d005
162,T0.110S,t0_110s,ground_motion,1,Updated_NGA_West2_Flatfile_RotD50_d005_public_version.xlsx,RotD50,0.5,ROTD50_d005
163,T0.120S,t0_120s,ground_motion,1,Updated_NGA_West2_Flatfile_RotD50_d005_public_version.xlsx,RotD50,0.5,ROTD50_d005
164,T0.130S,t0_130s,ground_motion,1,Updated_NGA_West2_Flatfile_RotD50_d005_public_version.xlsx,RotD50,0.5,ROTD50_d005
165,T0.133S,t0_133s,ground_motion,1,Updated_NGA_West2_Flatfile_RotD50_d005_public_version.xlsx,RotD50,0.5,ROTD50_d005
166,T0.140S,t0_140s,ground_motion,1,Updated_NGA_West2_Flatfile_RotD50_d005_public_version.xlsx,RotD50,0.5,ROTD50_d005
167,T0.150S,t0_150s,ground_motion,1,Updated_NGA_West2_Flatfile_RotD50_d005_public_version.xlsx,RotD50,0.5,ROTD50_d005
168,T0.160S,t0_160s,ground_motion,1,Updated_NGA_West2_Flatfile_RotD50_d005_public_version.xlsx,RotD50,0.5,ROTD50_d005
169,T0.170S,t0_170s,ground_motion,1,Updated_NGA_West2_Flatfile_RotD50_d005_public_version.xlsx,RotD50,0.5,ROTD50_d005
170,T0.180S,t0_180s,ground_motion,1,Updated_NGA_West2_Flatfile_RotD50_d005_public_version.xlsx,RotD50,0.5,ROTD50_d005
171,T0.190S,t0_190s,ground_motion,1,Updated_NGA_West2_Flatfile_RotD50_d005_public_version.xlsx,RotD50,0.5,ROTD50_d005
172,T0.200S,t0_200s,ground_motion,1,Updated_NGA_West2_Flatfile_RotD50_d005_public_version.xlsx,RotD50,0.5,ROTD50_d005
173,T0.220S,t0_220s,ground_motion,1,Updated_NGA_West2_Flatfile_RotD50_d005_public_version.xlsx,RotD50,0.5,ROTD50_d005
174,T0.240S,t0_240s,ground_motion,1,Updated_NGA_West2_Flatfile_RotD50_d005_public_version.xlsx,RotD50,0.5,ROTD50_d005
175,T0.250S,t0_250s,ground_motion,1,Updated_NGA_West2_Flatfile_RotD50_d005_public_version.xlsx,RotD50,0.5,ROTD50_d005
176,T0.260S,t0_260s,ground_motion,1,Updated_NGA_West2_Flatfile_RotD50_d005_public_version.xlsx,RotD50,0.5,ROTD50_d005
177,T0.280S,t0_280s,ground_motion,1,Updated_NGA_West2_Flatfile_RotD50_d005_public_version.xlsx,RotD50,0.5,ROTD50_d005
178,T0.290S,t0_290s,ground_motion,1,Updated_NGA_West2_Flatfile_RotD50_d005_public_version.xlsx,RotD50,0.5,ROTD50_d005
179,T0.300S,t0_300s,ground_motion,1,Updated_NGA_West2_Flatfile_RotD50_d005_public_version.xlsx,RotD50,0.5,ROTD50_d005
180,T0.320S,t0_320s,ground_motion,1,Updated_NGA_West2_Flatfile_RotD50_d005_public_version.xlsx,RotD50,0.5,ROTD50_d005
181,T0.340S,t0_340s,ground_motion,1,Updated_NGA_West2_Flatfile_RotD50_d005_public_version.xlsx,RotD50,0.5,ROTD50_d005
182,T0.350S,t0_350s,ground_motion,1,Updated_NGA_West2_Flatfile_RotD50_d005_public_version.xlsx,RotD50,0.5,ROTD50_d005
183,T0.360S,t0_360s,ground_motion,1,Updated_NGA_West2_Flatfile_RotD50_d005_public_version.xlsx,RotD50,0.5,ROTD50_d005
184,T0.380S,t0_380s,ground_motion,1,Updated_NGA_West2_Flatfile_RotD50_d005_public_version.xlsx,RotD50,0.5,ROTD50_d005
185,T0.400S,t0_400s,ground_motion,1,Updated_NGA_West2_Flatfile_RotD50_d005_public_version.xlsx,RotD50,0.5,ROTD50_d005
186,T0.420S,t0_420s,ground_motion,1,Updated_NGA_West2_Flatfile_RotD50_d005_public_version.xlsx,RotD50,0.5,ROTD50_d005
187,T0.440S,t0_440s,ground_motion,1,Updated_NGA_West2_Flatfile_RotD50_d005_public_version.xlsx,RotD50,0.5,ROTD50_d005
188,T0.450S,t0_450s,ground_motion,1,Updated_NGA_West2_Flatfile_RotD50_d005_public_version.xlsx,RotD50,0.5,ROTD50_d005
189,T0.460S,t0_460s,ground_motion,1,Updated_NGA_West2_Flatfile_RotD50_d005_public_version.xlsx,RotD50,0.5,ROTD50_d005
190,T0.480S,t0_480s,ground_motion,1,Updated_NGA_West2_Flatfile_RotD50_d005_public_version.xlsx,RotD50,0.5,ROTD50_d005
191,T0.500S,t0_500s,ground_motion,1,Updated_NGA_West2_Flatfile_RotD50_d005_public_version.xlsx,RotD50,0.5,ROTD50_d005
192,T0.550S,t0_550s,ground_motion,1,Updated_NGA_West2_Flatfile_RotD50_d005_public_version.xlsx,RotD50,0.5,ROTD50_d005
193,T0.600S,t0_600s,ground_motion,1,Updated_NGA_West2_Flatfile_RotD50_d005_public_version.xlsx,RotD50,0.5,ROTD50_d005
194,T0.650S,t0_650s,ground_motion,1,Updated_NGA_West2_Flatfile_RotD50_d005_public_version.xlsx,RotD50,0.5,ROTD50_d005
195,T0.667S,t0_667s,ground_motion,1,Updated_NGA_West2_Flatfile_RotD50_d005_public_version.xlsx,RotD50,0.5,ROTD50_d005
196,T0.700S,t0_700s,ground_motion,1,Updated_NGA_West2_Flatfile_RotD50_d005_public_version.xlsx,RotD50,0.5,ROTD50_d005
197,T0.750S,t0_750s,ground_motion,1,Updated_NGA_West2_Flatfile_RotD50_d005_public_version.xlsx,RotD50,0.5,ROTD50_d005
198,T0.800S,t0_800s,ground_motion,1,Updated_NGA_West2_Flatfile_RotD50_d005_public_version.xlsx,RotD50,0.5,ROTD50_d005
199,T0.850S,t0_850s,ground_motion,1,Updated_NGA_West2_Flatfile_RotD50_d005_public_version.xlsx,RotD50,0.5,ROTD50_d005
200,T0.900S,t0_900s,ground_motion,1,Updated_NGA_West2_Flatfile_RotD50_d005_public_version.xlsx,RotD50,0.5,ROTD50_d005
201,T0.950S,t0_950s,ground_motion,1,Updated_NGA_West2_Flatfile_RotD50_d005_public_version.xlsx,RotD50,0.5,ROTD50_d005
202,T1.000S,t1_000s,ground_motion,1,Updated_NGA_West2_Flatfile_RotD50_d005_public_version.xlsx,RotD50,0.5,ROTD50_d005
203,T1.100S,t1_100s,ground_motion,1,Updated_NGA_West2_Flatfile_RotD50_d005_public_version.xlsx,RotD50,0.5,ROTD50_d005
204,T1.200S,t1_200s,ground_motion,1,Updated_NGA_West2_Flatfile_RotD50_d005_public_version.xlsx,RotD50,0.5,ROTD50_d005
205,T1.300S,t1_300s,ground_motion,1,Updated_NGA_West2_Flatfile_RotD50_d005_public_version.xlsx,RotD50,0.5,ROTD50_d005
206,T1.400S,t1_400s,ground_motion,1,Updated_NGA_West2_Flatfile_RotD50_d005_public_version.xlsx,RotD50,0.5,ROTD50_d005
207,T1.500S,t1_500s,ground_motion,1,Updated_NGA_West2_Flatfile_RotD50_d005_public_version.xlsx,RotD50,0.5,ROTD50_d005
208,T1.600S,t1_600s,ground_motion,1,Updated_NGA_West2_Flatfile_RotD50_d005_public_version.xlsx,RotD50,0.5,ROTD50_d005
209,T1.700S,t1_700s,ground_motion,1,Updated_NGA_West2_Flatfile_RotD50_d005_public_version.xlsx,RotD50,0.5,ROTD50_d005
210,T1.800S,t1_800s,ground_motion,1,Updated_NGA_West2_Flatfile_RotD50_d005_public_version.xlsx,RotD50,0.5,ROTD50_d005
211,T1.900S,t1_900s,ground_motion,1,Updated_NGA_West2_Flatfile_RotD50_d005_public_version.xlsx,RotD50,0.5,ROTD50_d005
212,T2.000S,t2_000s,ground_motion,1,Updated_NGA_West2_Flatfile_RotD50_d005_public_version.xlsx,RotD50,0.5,ROTD50_d005
213,T2.200S,t2_200s,ground_motion,1,Updated_NGA_West2_Flatfile_RotD50_d005_public_version.xlsx,RotD50,0.5,ROTD50_d005
214,T2.400S,t2_400s,ground_motion,1,Updated_NGA_West2_Flatfile_RotD50_d005_public_version.xlsx,RotD50,0.5,ROTD50_d005
215,T2.500S,t2_500s,ground_motion,1,Updated_NGA_West2_Flatfile_RotD50_d005_public_version.xlsx,RotD50,0.5,ROTD50_d005
216,T2.600S,t2_600s,ground_motion,1,Updated_NGA_West2_Flatfile_RotD50_d005_public_version.xlsx,RotD50,0.5,ROTD50_d005
217,T2.800S,t2_800s,ground_motion,1,Updated_NGA_West2_Flatfile_RotD50_d005_public_version.xlsx,RotD50,0.5,ROTD50_d005
218,T3.000S,t3_000s,ground_motion,1,Updated_NGA_West2_Flatfile_RotD50_d005_public_version.xlsx,RotD50,0.5,ROTD50_d005
219,T3.200S,t3_200s,ground_motion,1,Updated_NGA_West2_Flatfile_RotD50_d005_public_version.xlsx,RotD50,0.5,ROTD50_d005
220,T3.400S,t3_400s,ground_motion,1,Updated_NGA_West2_Flatfile_RotD50_d005_public_version.xlsx,RotD50,0.5,ROTD50_d005
221,T3.500S,t3_500s,ground_motion,1,Updated_NGA_West2_Flatfile_RotD50_d005_public_version.xlsx,RotD50,0.5,ROTD50_d005
222,T3.600S,t3_600s,ground_motion,1,Updated_NGA_West2_Flatfile_RotD50_d005_public_version.xlsx,RotD50,0.5,ROTD50_d005
223,T3.800S,t3_800s,ground_motion,1,Updated_NGA_West2_Flatfile_RotD50_d005_public_version.xlsx,RotD50,0.5,ROTD50_d005
224,T4.000S,t4_000s,ground_motion,1,Updated_NGA_West2_Flatfile_RotD50_d005_public_version.xlsx,RotD50,0.5,ROTD50_d005
225,T4.200S,t4_200s,ground_motion,1,Updated_NGA_West2_Flatfile_RotD50_d005_public_version.xlsx,RotD50,0.5,ROTD50_d005
226,T4.400S,t4_400s,ground_motion,1,Updated_NGA_West2_Flatfile_RotD50_d005_public_version.xlsx,RotD50,0.5,ROTD50_d005
227,T4.600S,t4_600s,ground_motion,1,Updated_NGA_West2_Flatfile_RotD50_d005_public_version.xlsx,RotD50,0.5,ROTD50_d005
228,T4.800S,t4_800s,ground_motion,1,Updated_NGA_West2_Flatfile_RotD50_d005_public_version.xlsx,RotD50,0.5,ROTD50_d005
229,T5.000S,t5_000s,ground_motion,1,Updated_NGA_West2_Flatfile_RotD50_d005_public_version.xlsx,RotD50,0.5,ROTD50_d005
230,T5.500S,t5_500s,ground_motion,1,Updated_NGA_West2_Flatfile_RotD50_d005_public_version.xlsx,RotD50,0.5,ROTD50_d005
231,T6.000S,t6_000s,ground_motion,1,Updated_NGA_West2_Flatfile_RotD50_d005_public_version.xlsx,RotD50,0.5,ROTD50_d005
232,T6.500S,t6_500s,ground_motion,1,Updated_NGA_West2_Flatfile_RotD50_d005_public_version.xlsx,RotD50,0.5,ROTD50_d005
233,T7.000S,t7_000s,ground_motion,1,Updated_NGA_West2_Flatfile_RotD50_d005_public_version.xlsx,RotD50,0.5,ROTD50_d005
234,T7.500S,t7_500s,ground_motion,1,Updated_NGA_West2_Flatfile_RotD50_d005_public_version.xlsx,RotD50,0.5,ROTD50_d005
235,T8.000S,t8_000s,ground_motion,1,Updated_NGA_West2_Flatfile_RotD50_d005_public_version.xlsx,RotD50,0.5,ROTD50_d005
236,T8.500S,t8_500s,ground_motion,1,Updated_NGA_West2_Flatfile_RotD50_d005_public_version.xlsx,RotD50,0.5,ROTD50_d005
237,T9.000S,t9_000s,ground_motion,1,Updated_NGA_West2_Flatfile_RotD50_d005_public_version.xlsx,RotD50,0.5,ROTD50_d005
238,T9.500S,t9_500s,ground_motion,1,Updated_NGA_West2_Flatfile_RotD50_d005_public_version.xlsx,RotD50,0.5,ROTD50_d005
239,T10.000S,t10_000s,ground_motion,1,Updated_NGA_West2_Flatfile_RotD50_d005_public_version.xlsx,RotD50,0.5,ROTD50_d005
240,T11.000S,t11_000s,ground_motion,1,Updated_NGA_West2_Flatfile_RotD50_d005_public_version.xlsx,RotD50,0.5,ROTD50_d005
241,T12.000S,t12_000s,ground_motion,1,Updated_NGA_West2_Flatfile_RotD50_d005_public_version.xlsx,RotD50,0.5,ROTD50_d005
242,T13.000S,t13_000s,ground_motion,1,Updated_NGA_West2_Flatfile_RotD50_d005_public_version.xlsx,RotD50,0.5,ROTD50_d005
243,T14.000S,t14_000s,ground_motion,1,Updated_NGA_West2_Flatfile_RotD50_d005_public_version.xlsx,RotD50,0.5,ROTD50_d005
244,T15.000S,t15_000s,ground_motion,1,Updated_NGA_West2_Flatfile_RotD50_d005_public_version.xlsx,RotD50,0.5,ROTD50_d005
245,T20.000S,t20_000s,ground_motion,1,Updated_NGA_West2_Flatfile_RotD50_d005_public_version.xlsx,RotD50,0.5,ROTD50_d005
246,Ave Strike (deg),ave_strike_deg,classification_directivity,1,Updated_NGA_West2_Flatfile_RotD50_d005_public_version.xlsx,RotD50,0.5,ROTD50_d005
247,TYPE(CRjb = 0),type_crjb_0,classification_directivity,1,Updated_NGA_West2_Flatfile_RotD50_d005_public_version.xlsx,RotD50,0.5,ROTD50_d005
248,CRjb,crjb,classification_directivity,1,Updated_NGA_West2_Flatfile_RotD50_d005_public_version.xlsx,RotD50,0.5,ROTD50_d005
249,"TYPE
(CRjb = 2)",type_crjb_2,classification_directivity,1,Updated_NGA_West2_Flatfile_RotD50_d005_public_version.xlsx,RotD50,0.5,ROTD50_d005
250,CRjb,crjb_1,classification_directivity,1,Updated_NGA_West2_Flatfile_RotD50_d005_public_version.xlsx,RotD50,0.5,ROTD50_d005
251,"TYPE
(CRjb = 5)",type_crjb_5,classification_directivity,1,Updated_NGA_West2_Flatfile_RotD50_d005_public_version.xlsx,RotD50,0.5,ROTD50_d005
252,CRjb,crjb_2,classification_directivity,1,Updated_NGA_West2_Flatfile_RotD50_d005_public_version.xlsx,RotD50,0.5,ROTD50_d005
253,"TYPE
(CRjb = 10)",type_crjb_10,classification_directivity,1,Updated_NGA_West2_Flatfile_RotD50_d005_public_version.xlsx,RotD50,0.5,ROTD50_d005
254,CRjb,crjb_3,classification_directivity,1,Updated_NGA_West2_Flatfile_RotD50_d005_public_version.xlsx,RotD50,0.5,ROTD50_d005
255,"TYPE
(CRjb = 20)",type_crjb_20,classification_directivity,1,Updated_NGA_West2_Flatfile_RotD50_d005_public_version.xlsx,RotD50,0.5,ROTD50_d005
256,CRjb,crjb_4,classification_directivity,1,Updated_NGA_West2_Flatfile_RotD50_d005_public_version.xlsx,RotD50,0.5,ROTD50_d005
257,"TYPE
(CRjb = 40)",type_crjb_40,classification_directivity,1,Updated_NGA_West2_Flatfile_RotD50_d005_public_version.xlsx,RotD50,0.5,ROTD50_d005
258,CRjb,crjb_5,classification_directivity,1,Updated_NGA_West2_Flatfile_RotD50_d005_public_version.xlsx,RotD50,0.5,ROTD50_d005
259,U,u,quality,1,Updated_NGA_West2_Flatfile_RotD50_d005_public_version.xlsx,RotD50,0.5,ROTD50_d005
260,IDPv4,idpv4,quality,1,Updated_NGA_West2_Flatfile_RotD50_d005_public_version.xlsx,RotD50,0.5,ROTD50_d005
261,XCI,xci,quality,1,Updated_NGA_West2_Flatfile_RotD50_d005_public_version.xlsx,RotD50,0.5,ROTD50_d005
262,XCI1,xci1,quality,1,Updated_NGA_West2_Flatfile_RotD50_d005_public_version.xlsx,RotD50,0.5,ROTD50_d005
263,Damping (%),damping_percent,quality,1,Updated_NGA_West2_Flatfile_RotD50_d005_public_version.xlsx,RotD50,0.5,ROTD50_d005
264,RotD percentile,rotd_percentile,quality,1,Updated_NGA_West2_Flatfile_RotD50_d005_public_version.xlsx,RotD50,0.5,ROTD50_d005
265,Instrument Nat. Freq.,instrument_nat_freq,quality,1,Updated_NGA_West2_Flatfile_RotD50_d005_public_version.xlsx,RotD50,0.5,ROTD50_d005
266,Instrument Damping,instrument_damping,quality,1,Updated_NGA_West2_Flatfile_RotD50_d005_public_version.xlsx,RotD50,0.5,ROTD50_d005
267,Instrument Type,instrument_type,quality,1,Updated_NGA_West2_Flatfile_RotD50_d005_public_version.xlsx,RotD50,0.5,ROTD50_d005
268,Quality_Flag,quality_flag,quality,1,Updated_NGA_West2_Flatfile_RotD50_d005_public_version.xlsx,RotD50,0.5,ROTD50_d005
269,Spectra Quality Flag,spectra_quality_flag,quality,1,Updated_NGA_West2_Flatfile_RotD50_d005_public_version.xlsx,RotD50,0.5,ROTD50_d005
270,Late S-trigger,late_s_trigger,quality,1,Updated_NGA_West2_Flatfile_RotD50_d005_public_version.xlsx,RotD50,0.5,ROTD50_d005
271,Late P-trigger,late_p_trigger,quality,1,Updated_NGA_West2_Flatfile_RotD50_d005_public_version.xlsx,RotD50,0.5,ROTD50_d005
272,Idirectivity,idirectivity,quality,1,Updated_NGA_West2_Flatfile_RotD50_d005_public_version.xlsx,RotD50,0.5,ROTD50_d005
273,Tp,tp,quality,1,Updated_NGA_West2_Flatfile_RotD50_d005_public_version.xlsx,RotD50,0.5,ROTD50_d005
274,Ry 2,ry_2,quality,1,Updated_NGA_West2_Flatfile_RotD50_d005_public_version.xlsx,RotD50,0.5,ROTD50_d005
1,Record Sequence Number,record_sequence_number,source,2,Updated_NGA_West2_Flatfile_RotD50_d010_public_version.xlsx,RotD50,1,ROTD50_d010
2,EQID,eqid,source,2,Updated_NGA_West2_Flatfile_RotD50_d010_public_version.xlsx,RotD50,1,ROTD50_d010
3,Earthquake Name,earthquake_name,source,2,Updated_NGA_West2_Flatfile_RotD50_d010_public_version.xlsx,RotD50,1,ROTD50_d010
4,YEAR,year,source,2,Updated_NGA_West2_Flatfile_RotD50_d010_public_version.xlsx,RotD50,1,ROTD50_d010
5,MODY,mody,source,2,Updated_NGA_West2_Flatfile_RotD50_d010_public_version.xlsx,RotD50,1,ROTD50_d010
6,HRMN,hrmn,source,2,Updated_NGA_West2_Flatfile_RotD50_d010_public_version.xlsx,RotD50,1,ROTD50_d010
7,Station Name,station_name,source,2,Updated_NGA_West2_Flatfile_RotD50_d010_public_version.xlsx,RotD50,1,ROTD50_d010
8,Station Sequence Number,station_sequence_number,source,2,Updated_NGA_West2_Flatfile_RotD50_d010_public_version.xlsx,RotD50,1,ROTD50_d010
9,Station ID  No.,station_id_no,source,2,Updated_NGA_West2_Flatfile_RotD50_d010_public_version.xlsx,RotD50,1,ROTD50_d010
10,Earthquake Magnitude,earthquake_magnitude,source,2,Updated_NGA_West2_Flatfile_RotD50_d010_public_version.xlsx,RotD50,1,ROTD50_d010
11,Magnitude Type,magnitude_type,source,2,Updated_NGA_West2_Flatfile_RotD50_d010_public_version.xlsx,RotD50,1,ROTD50_d010
12,Magnitude Uncertainty: Kagan Model,magnitude_uncertainty_kagan_model,source,2,Updated_NGA_West2_Flatfile_RotD50_d010_public_version.xlsx,RotD50,1,ROTD50_d010
13,Magnitude Uncertainty: Statistical,magnitude_uncertainty_statistical,source,2,Updated_NGA_West2_Flatfile_RotD50_d010_public_version.xlsx,RotD50,1,ROTD50_d010
14,Magnitude Sample Size,magnitude_sample_size,source,2,Updated_NGA_West2_Flatfile_RotD50_d010_public_version.xlsx,RotD50,1,ROTD50_d010
15,Magnitude Uncertainty: Study Class,magnitude_uncertainty_study_class,source,2,Updated_NGA_West2_Flatfile_RotD50_d010_public_version.xlsx,RotD50,1,ROTD50_d010
16,Mo (dyne.cm),mo_dyne_cm,source,2,Updated_NGA_West2_Flatfile_RotD50_d010_public_version.xlsx,RotD50,1,ROTD50_d010
17,Strike (deg),strike_deg,source,2,Updated_NGA_West2_Flatfile_RotD50_d010_public_version.xlsx,RotD50,1,ROTD50_d010
18,Dip (deg),dip_deg,source,2,Updated_NGA_West2_Flatfile_RotD50_d010_public_version.xlsx,RotD50,1,ROTD50_d010
19,Rake Angle (deg),rake_angle_deg,source,2,Updated_NGA_West2_Flatfile_RotD50_d010_public_version.xlsx,RotD50,1,ROTD50_d010
20,Mechanism Based on Rake Angle,mechanism_based_on_rake_angle,source,2,Updated_NGA_West2_Flatfile_RotD50_d010_public_version.xlsx,RotD50,1,ROTD50_d010
21,P-plunge (deg),p_plunge_deg,source,2,Updated_NGA_West2_Flatfile_RotD50_d010_public_version.xlsx,RotD50,1,ROTD50_d010
22,P-trend (deg),p_trend_deg,source,2,Updated_NGA_West2_Flatfile_RotD50_d010_public_version.xlsx,RotD50,1,ROTD50_d010
23,T-plunge (deg),t_plunge_deg,source,2,Updated_NGA_West2_Flatfile_RotD50_d010_public_version.xlsx,RotD50,1,ROTD50_d010
24,T-trend (deg),t_trend_deg,source,2,Updated_NGA_West2_Flatfile_RotD50_d010_public_version.xlsx,RotD50,1,ROTD50_d010
25,Hypocenter Latitude (deg),hypocenter_latitude_deg,source,2,Updated_NGA_West2_Flatfile_RotD50_d010_public_version.xlsx,RotD50,1,ROTD50_d010
26,Hypocenter Longitude (deg),hypocenter_longitude_deg,source,2,Updated_NGA_West2_Flatfile_RotD50_d010_public_version.xlsx,RotD50,1,ROTD50_d010
27,Hypocenter Depth (km),hypocenter_depth_km,source,2,Updated_NGA_West2_Flatfile_RotD50_d010_public_version.xlsx,RotD50,1,ROTD50_d010
28,Coseismic Surface Rupture: 1=Yes; 0=No;    -999=Unknown,coseismic_surface_rupture_1_yes_0_no_999_unknown,source,2,Updated_NGA_West2_Flatfile_RotD50_d010_public_version.xlsx,RotD50,1,ROTD50_d010
29,Coseismic Surface Rupture (Including Inferred),coseismic_surface_rupture_including_inferred,source,2,Updated_NGA_West2_Flatfile_RotD50_d010_public_version.xlsx,RotD50,1,ROTD50_d010
30,Basis for Inference of Surface Rupture,basis_for_inference_of_surface_rupture,source,2,Updated_NGA_West2_Flatfile_RotD50_d010_public_version.xlsx,RotD50,1,ROTD50_d010
31,Finite Rupture Model: 1=Yes;  0=No,finite_rupture_model_1_yes_0_no,source,2,Updated_NGA_West2_Flatfile_RotD50_d010_public_version.xlsx,RotD50,1,ROTD50_d010
32,Depth to Top Of Fault Rupture Model,depth_to_top_of_fault_rupture_model,source,2,Updated_NGA_West2_Flatfile_RotD50_d010_public_version.xlsx,RotD50,1,ROTD50_d010
33,Fault Rupture Length for Calculation of Ry (km),fault_rupture_length_for_calculation_of_ry_km,source,2,Updated_NGA_West2_Flatfile_RotD50_d010_public_version.xlsx,RotD50,1,ROTD50_d010
34,Fault Rupture Width (km),fault_rupture_width_km,source,2,Updated_NGA_West2_Flatfile_RotD50_d010_public_version.xlsx,RotD50,1,ROTD50_d010
35,Fault Rupture Area (km^2),fault_rupture_area_km_2,source,2,Updated_NGA_West2_Flatfile_RotD50_d010_public_version.xlsx,RotD50,1,ROTD50_d010
36,Avg Fault Disp (cm),avg_fault_disp_cm,source,2,Updated_NGA_West2_Flatfile_RotD50_d010_public_version.xlsx,RotD50,1,ROTD50_d010
37,Rise Time (s),rise_time_s,source,2,Updated_NGA_West2_Flatfile_RotD50_d010_public_version.xlsx,RotD50,1,ROTD50_d010
38,Avg Slip Velocity (cm/s),avg_slip_velocity_cm_s,source,2,Updated_NGA_West2_Flatfile_RotD50_d010_public_version.xlsx,RotD50,1,ROTD50_d010
39,Static Stress Drop (bars),static_stress_drop_bars,source,2,Updated_NGA_West2_Flatfile_RotD50_d010_public_version.xlsx,RotD50,1,ROTD50_d010
40,Preferred Rupture Velocity (km/s),preferred_rupture_velocity_km_s,source,2,Updated_NGA_West2_Flatfile_RotD50_d010_public_version.xlsx,RotD50,1,ROTD50_d010
41,Average Vr/Vs,average_vr_vs,source,2,Updated_NGA_West2_Flatfile_RotD50_d010_public_version.xlsx,RotD50,1,ROTD50_d010
42,Percent of Moment Release in the Top 5 Km of Crust,percent_of_moment_release_in_the_top_5_km_of_crust,source,2,Updated_NGA_West2_Flatfile_RotD50_d010_public_version.xlsx,RotD50,1,ROTD50_d010
43,Existence of Shallow Asperity: 0=No; 1=Yes,existence_of_shallow_asperity_0_no_1_yes,source,2,Updated_NGA_West2_Flatfile_RotD50_d010_public_version.xlsx,RotD50,1,ROTD50_d010
44,Depth to Top of Shallowest Asperity (km),depth_to_top_of_shallowest_asperity_km,source,2,Updated_NGA_West2_Flatfile_RotD50_d010_public_version.xlsx,RotD50,1,ROTD50_d010
45,Earthquake in Extensional Regime: 1=Yes; 0=No,earthquake_in_extensional_regime_1_yes_0_no,source,2,Updated_NGA_West2_Flatfile_RotD50_d010_public_version.xlsx,RotD50,1,ROTD50_d010
46,Fault Name,fault_name,source,2,Updated_NGA_West2_Flatfile_RotD50_d010_public_version.xlsx,RotD50,1,ROTD50_d010
47,Slip Rate (mm/Yr),slip_rate_mm_yr,source,2,Updated_NGA_West2_Flatfile_RotD50_d010_public_version.xlsx,RotD50,1,ROTD50_d010
48,EpiD (km),epid_km,path,2,Updated_NGA_West2_Flatfile_RotD50_d010_public_version.xlsx,RotD50,1,ROTD50_d010
49,HypD (km),hypd_km,path,2,Updated_NGA_West2_Flatfile_RotD50_d010_public_version.xlsx,RotD50,1,ROTD50_d010
50,Joyner-Boore Dist. (km),joyner_boore_dist_km,path,2,Updated_NGA_West2_Flatfile_RotD50_d010_public_version.xlsx,RotD50,1,ROTD50_d010
51,Campbell R Dist. (km),campbell_r_dist_km,path,2,Updated_NGA_West2_Flatfile_RotD50_d010_public_version.xlsx,RotD50,1,ROTD50_d010
52,RmsD (km),rmsd_km,path,2,Updated_NGA_West2_Flatfile_RotD50_d010_public_version.xlsx,RotD50,1,ROTD50_d010
53,ClstD (km),clstd_km,path,2,Updated_NGA_West2_Flatfile_RotD50_d010_public_version.xlsx,RotD50,1,ROTD50_d010
54,Rx,rx,path,2,Updated_NGA_West2_Flatfile_RotD50_d010_public_version.xlsx,RotD50,1,ROTD50_d010
55,FW/HW Indicator,fw_hw_indicator,path,2,Updated_NGA_West2_Flatfile_RotD50_d010_public_version.xlsx,RotD50,1,ROTD50_d010
56,Source to Site Azimuth (deg),source_to_site_azimuth_deg,path,2,Updated_NGA_West2_Flatfile_RotD50_d010_public_version.xlsx,RotD50,1,ROTD50_d010
57,X,x,path,2,Updated_NGA_West2_Flatfile_RotD50_d010_public_version.xlsx,RotD50,1,ROTD50_d010
58,Theta.D (deg),theta_d_deg,path,2,Updated_NGA_West2_Flatfile_RotD50_d010_public_version.xlsx,RotD50,1,ROTD50_d010
59,SSGA (Strike Slip),ssga_strike_slip,path,2,Updated_NGA_West2_Flatfile_RotD50_d010_public_version.xlsx,RotD50,1,ROTD50_d010
60,Y,y,path,2,Updated_NGA_West2_Flatfile_RotD50_d010_public_version.xlsx,RotD50,1,ROTD50_d010
61,Phi.D (deg),phi_d_deg,path,2,Updated_NGA_West2_Flatfile_RotD50_d010_public_version.xlsx,RotD50,1,ROTD50_d010
62,SSGA (Dip Slip),ssga_dip_slip,path,2,Updated_NGA_West2_Flatfile_RotD50_d010_public_version.xlsx,RotD50,1,ROTD50_d010
63,s,s,path,2,Updated_NGA_West2_Flatfile_RotD50_d010_public_version.xlsx,RotD50,1,ROTD50_d010
64,d,d,path,2,Updated_NGA_West2_Flatfile_RotD50_d010_public_version.xlsx,RotD50,1,ROTD50_d010
65,ctildepr,ctildepr,path,2,Updated_NGA_West2_Flatfile_RotD50_d010_public_version.xlsx,RotD50,1,ROTD50_d010
66,Unused Column,unused_column,path,2,Updated_NGA_West2_Flatfile_RotD50_d010_public_version.xlsx,RotD50,1,ROTD50_d010
67,D,d_1,path,2,Updated_NGA_West2_Flatfile_RotD50_d010_public_version.xlsx,RotD50,1,ROTD50_d010
68,Rfn.Hyp,rfn_hyp,path,2,Updated_NGA_West2_Flatfile_RotD50_d010_public_version.xlsx,RotD50,1,ROTD50_d010
69,Rfp.Hyp,rfp_hyp,path,2,Updated_NGA_West2_Flatfile_RotD50_d010_public_version.xlsx,RotD50,1,ROTD50_d010
70,Unused Column,unused_column_1,path,2,Updated_NGA_West2_Flatfile_RotD50_d010_public_version.xlsx,RotD50,1,ROTD50_d010
71,Unused Column,unused_column_2,path,2,Updated_NGA_West2_Flatfile_RotD50_d010_public_version.xlsx,RotD50,1,ROTD50_d010
72,Unused Column,unused_column_3,path,2,Updated_NGA_West2_Flatfile_RotD50_d010_public_version.xlsx,RotD50,1,ROTD50_d010
73,T,t,path,2,Updated_NGA_West2_Flatfile_RotD50_d010_public_version.xlsx,RotD50,1,ROTD50_d010
74,GMX's C1,gmx_s_c1,site,2,Updated_NGA_West2_Flatfile_RotD50_d010_public_version.xlsx,RotD50,1,ROTD50_d010
75,GMX's C2,gmx_s_c2,site,2,Updated_NGA_West2_Flatfile_RotD50_d010_public_version.xlsx,RotD50,1,ROTD50_d010
76,GMX's C3,gmx_s_c3,site,2,Updated_NGA_West2_Flatfile_RotD50_d010_public_version.xlsx,RotD50,1,ROTD50_d010
77,Campbell's GEOCODE,campbell_s_geocode,site,2,Updated_NGA_West2_Flatfile_RotD50_d010_public_version.xlsx,RotD50,1,ROTD50_d010
78,Bray and Rodriguez-Marek SGS,bray_and_rodriguez_marek_sgs,site,2,Updated_NGA_West2_Flatfile_RotD50_d010_public_version.xlsx,RotD50,1,ROTD50_d010
79,Depth,depth,site,2,Updated_NGA_West2_Flatfile_RotD50_d010_public_version.xlsx,RotD50,1,ROTD50_d010
80,Preferred NEHRP Based on Vs30,preferred_nehrp_based_on_vs30,site,2,Updated_NGA_West2_Flatfile_RotD50_d010_public_version.xlsx,RotD50,1,ROTD50_d010
81,Vs30 (m/s) selected for analysis,vs30_m_s_selected_for_analysis,site,2,Updated_NGA_West2_Flatfile_RotD50_d010_public_version.xlsx,RotD50,1,ROTD50_d010
82,Column Not Used,column_not_used,site,2,Updated_NGA_West2_Flatfile_RotD50_d010_public_version.xlsx,RotD50,1,ROTD50_d010
83,Measured/Inferred Class,measured_inferred_class,site,2,Updated_NGA_West2_Flatfile_RotD50_d010_public_version.xlsx,RotD50,1,ROTD50_d010
84,Sigma of Vs30 (in natural log Units),sigma_of_vs30_in_natural_log_units,site,2,Updated_NGA_West2_Flatfile_RotD50_d010_public_version.xlsx,RotD50,1,ROTD50_d010
85,NEHRP Classification from CGS's Site Condition Map,nehrp_classification_from_cgs_s_site_condition_map,site,2,Updated_NGA_West2_Flatfile_RotD50_d010_public_version.xlsx,RotD50,1,ROTD50_d010
86,Geological Unit,geological_unit,site,2,Updated_NGA_West2_Flatfile_RotD50_d010_public_version.xlsx,RotD50,1,ROTD50_d010
87,Geology,geology,site,2,Updated_NGA_West2_Flatfile_RotD50_d010_public_version.xlsx,RotD50,1,ROTD50_d010
88,Owner,owner,site,2,Updated_NGA_West2_Flatfile_RotD50_d010_public_version.xlsx,RotD50,1,ROTD50_d010
89,Station Latitude,station_latitude,site,2,Updated_NGA_West2_Flatfile_RotD50_d010_public_version.xlsx,RotD50,1,ROTD50_d010
90,Station Longitude,station_longitude,site,2,Updated_NGA_West2_Flatfile_RotD50_d010_public_version.xlsx,RotD50,1,ROTD50_d010
91,STORIES,stories,site,2,Updated_NGA_West2_Flatfile_RotD50_d010_public_version.xlsx,RotD50,1,ROTD50_d010
92,INSTLOC,instloc,site,2,Updated_NGA_West2_Flatfile_RotD50_d010_public_version.xlsx,RotD50,1,ROTD50_d010
93,Depth to Basement Rock,depth_to_basement_rock,site,2,Updated_NGA_West2_Flatfile_RotD50_d010_public_version.xlsx,RotD50,1,ROTD50_d010
94,Site Visited,site_visited,site,2,Updated_NGA_West2_Flatfile_RotD50_d010_public_version.xlsx,RotD50,1,ROTD50_d010
95,NGA Type,nga_type,site,2,Updated_NGA_West2_Flatfile_RotD50_d010_public_version.xlsx,RotD50,1,ROTD50_d010
96,Age,age,site,2,Updated_NGA_West2_Flatfile_RotD50_d010_public_version.xlsx,RotD50,1,ROTD50_d010
97,Grain Size,grain_size,site,2,Updated_NGA_West2_Flatfile_RotD50_d010_public_version.xlsx,RotD50,1,ROTD50_d010
98,Depositional History,depositional_history,site,2,Updated_NGA_West2_Flatfile_RotD50_d010_public_version.xlsx,RotD50,1,ROTD50_d010
99,Northern CA/Southern CA - H11 Z1 (m),northern_ca_southern_ca_h11_z1_m,site,2,Updated_NGA_West2_Flatfile_RotD50_d010_public_version.xlsx,RotD50,1,ROTD50_d010
100,Northern CA/Southern CA - H11 Z1.5 (m),northern_ca_southern_ca_h11_z1_5_m,site,2,Updated_NGA_West2_Flatfile_RotD50_d010_public_version.xlsx,RotD50,1,ROTD50_d010
101,Northern CA/Southern CA - H11 Z2.5 (m),northern_ca_southern_ca_h11_z2_5_m,site,2,Updated_NGA_West2_Flatfile_RotD50_d010_public_version.xlsx,RotD50,1,ROTD50_d010
102,Northern CA/Southern CA - S4 Z1 (m),northern_ca_southern_ca_s4_z1_m,site,2,Updated_NGA_West2_Flatfile_RotD50_d010_public_version.xlsx,RotD50,1,ROTD50_d010
103,Northern CA/Southern CA - S4 Z1.5 (m),northern_ca_southern_ca_s4_z1_5_m,site,2,Updated_NGA_West2_Flatfile_RotD50_d010_public_version.xlsx,RotD50,1,ROTD50_d010
104,Northern CA/Southern CA - S4 Z2.5 (m),northern_ca_southern_ca_s4_z2_5_m,site,2,Updated_NGA_West2_Flatfile_RotD50_d010_public_version.xlsx,RotD50,1,ROTD50_d010
105,Depth to Franciscan Rock (km),depth_to_franciscan_rock_km,site,2,Updated_NGA_West2_Flatfile_RotD50_d010_public_version.xlsx,RotD50,1,ROTD50_d010
106,Basin,basin,site,2,Updated_NGA_West2_Flatfile_RotD50_d010_public_version.xlsx,RotD50,1,ROTD50_d010
107,h (m),h_m,site,2,Updated_NGA_West2_Flatfile_RotD50_d010_public_version.xlsx,RotD50,1,ROTD50_d010
108,hnorm (m),hnorm_m,site,2,Updated_NGA_West2_Flatfile_RotD50_d010_public_version.xlsx,RotD50,1,ROTD50_d010
109,Rsbe (m),rsbe_m,site,2,Updated_NGA_West2_Flatfile_RotD50_d010_public_version.xlsx,RotD50,1,ROTD50_d010
110,Rcebe (m),rcebe_m,site,2,Updated_NGA_West2_Flatfile_RotD50_d010_public_version.xlsx,RotD50,1,ROTD50_d010
111,Rebe (m),rebe_m,site,2,Updated_NGA_West2_Flatfile_RotD50_d010_public_version.xlsx,RotD50,1,ROTD50_d010
112,Rsbe1 (m),rsbe1_m,site,2,Updated_NGA_West2_Flatfile_RotD50_d010_public_version.xlsx,RotD50,1,ROTD50_d010
113,File Name (Horizontal 1),file_name_horizontal_1,record_processing,2,Updated_NGA_West2_Flatfile_RotD50_d010_public_version.xlsx,RotD50,1,ROTD50_d010
114,File Name (Horizontal 2),file_name_horizontal_2,record_processing,2,Updated_NGA_West2_Flatfile_RotD50_d010_public_version.xlsx,RotD50,1,ROTD50_d010
115,File Name (Vertical),file_name_vertical,record_processing,2,Updated_NGA_West2_Flatfile_RotD50_d010_public_version.xlsx,RotD50,1,ROTD50_d010
116,H1 azimth (degrees),h1_azimth_degrees,record_processing,2,Updated_NGA_West2_Flatfile_RotD50_d010_public_version.xlsx,RotD50,1,ROTD50_d010
117,H2 azimith (degrees),h2_azimith_degrees,record_processing,2,Updated_NGA_West2_Flatfile_RotD50_d010_public_version.xlsx,RotD50,1,ROTD50_d010
118,Type of Recording,type_of_recording,record_processing,2,Updated_NGA_West2_Flatfile_RotD50_d010_public_version.xlsx,RotD50,1,ROTD50_d010
119,Instrument Model,instrument_model,record_processing,2,Updated_NGA_West2_Flatfile_RotD50_d010_public_version.xlsx,RotD50,1,ROTD50_d010
120,PEA Processing Flag,pea_processing_flag,record_processing,2,Updated_NGA_West2_Flatfile_RotD50_d010_public_version.xlsx,RotD50,1,ROTD50_d010
121,Type of Filter,type_of_filter,record_processing,2,Updated_NGA_West2_Flatfile_RotD50_d010_public_version.xlsx,RotD50,1,ROTD50_d010
122,npass,npass,record_processing,2,Updated_NGA_West2_Flatfile_RotD50_d010_public_version.xlsx,RotD50,1,ROTD50_d010
123,nroll,nroll,record_processing,2,Updated_NGA_West2_Flatfile_RotD50_d010_public_version.xlsx,RotD50,1,ROTD50_d010
124,HP-H1 (Hz),hp_h1_hz,record_processing,2,Updated_NGA_West2_Flatfile_RotD50_d010_public_version.xlsx,RotD50,1,ROTD50_d010
125,HP-H2 (Hz),hp_h2_hz,record_processing,2,Updated_NGA_West2_Flatfile_RotD50_d010_public_version.xlsx,RotD50,1,ROTD50_d010
126,LP-H1 (Hz),lp_h1_hz,record_processing,2,Updated_NGA_West2_Flatfile_RotD50_d010_public_version.xlsx,RotD50,1,ROTD50_d010
127,LP-H2 (Hz),lp_h2_hz,record_processing,2,Updated_NGA_West2_Flatfile_RotD50_d010_public_version.xlsx,RotD50,1,ROTD50_d010
128,Factor,factor,record_processing,2,Updated_NGA_West2_Flatfile_RotD50_d010_public_version.xlsx,RotD50,1,ROTD50_d010
129,Lowest Usable Freq - H1 (Hz),lowest_usable_freq_h1_hz,record_processing,2,Updated_NGA_West2_Flatfile_RotD50_d010_public_version.xlsx,RotD50,1,ROTD50_d010
130,Lowest Usable Freq - H2 (H2),lowest_usable_freq_h2_h2,record_processing,2,Updated_NGA_West2_Flatfile_RotD50_d010_public_version.xlsx,RotD50,1,ROTD50_d010
131,Lowest Usable Freq - Ave. Component (Hz),lowest_usable_freq_ave_component_hz,record_processing,2,Updated_NGA_West2_Flatfile_RotD50_d010_public_version.xlsx,RotD50,1,ROTD50_d010
132,PGA (g),pga_g,ground_motion,2,Updated_NGA_West2_Flatfile_RotD50_d010_public_version.xlsx,RotD50,1,ROTD50_d010
133,PGV (cm/sec),pgv_cm_sec,ground_motion,2,Updated_NGA_West2_Flatfile_RotD50_d010_public_version.xlsx,RotD50,1,ROTD50_d010
134,PGD (cm),pgd_cm,ground_motion,2,Updated_NGA_West2_Flatfile_RotD50_d010_public_version.xlsx,RotD50,1,ROTD50_d010
135,T0.010S,t0_010s,ground_motion,2,Updated_NGA_West2_Flatfile_RotD50_d010_public_version.xlsx,RotD50,1,ROTD50_d010
136,T0.020S,t0_020s,ground_motion,2,Updated_NGA_West2_Flatfile_RotD50_d010_public_version.xlsx,RotD50,1,ROTD50_d010
137,T0.022S,t0_022s,ground_motion,2,Updated_NGA_West2_Flatfile_RotD50_d010_public_version.xlsx,RotD50,1,ROTD50_d010
138,T0.025S,t0_025s,ground_motion,2,Updated_NGA_West2_Flatfile_RotD50_d010_public_version.xlsx,RotD50,1,ROTD50_d010
139,T0.029S,t0_029s,ground_motion,2,Updated_NGA_West2_Flatfile_RotD50_d010_public_version.xlsx,RotD50,1,ROTD50_d010
140,T0.030S,t0_030s,ground_motion,2,Updated_NGA_West2_Flatfile_RotD50_d010_public_version.xlsx,RotD50,1,ROTD50_d010
141,T0.032S,t0_032s,ground_motion,2,Updated_NGA_West2_Flatfile_RotD50_d010_public_version.xlsx,RotD50,1,ROTD50_d010
142,T0.035S,t0_035s,ground_motion,2,Updated_NGA_West2_Flatfile_RotD50_d010_public_version.xlsx,RotD50,1,ROTD50_d010
143,T0.036S,t0_036s,ground_motion,2,Updated_NGA_West2_Flatfile_RotD50_d010_public_version.xlsx,RotD50,1,ROTD50_d010
144,T0.040S,t0_040s,ground_motion,2,Updated_NGA_West2_Flatfile_RotD50_d010_public_version.xlsx,RotD50,1,ROTD50_d010
145,T0.042S,t0_042s,ground_motion,2,Updated_NGA_West2_Flatfile_RotD50_d010_public_version.xlsx,RotD50,1,ROTD50_d010
146,T0.044S,t0_044s,ground_motion,2,Updated_NGA_West2_Flatfile_RotD50_d010_public_version.xlsx,RotD50,1,ROTD50_d010
147,T0.045S,t0_045s,ground_motion,2,Updated_NGA_West2_Flatfile_RotD50_d010_public_version.xlsx,RotD50,1,ROTD50_d010
148,T0.046S,t0_046s,ground_motion,2,Updated_NGA_West2_Flatfile_RotD50_d010_public_version.xlsx,RotD50,1,ROTD50_d010
149,T0.048S,t0_048s,ground_motion,2,Updated_NGA_West2_Flatfile_RotD50_d010_public_version.xlsx,RotD50,1,ROTD50_d010
150,T0.050S,t0_050s,ground_motion,2,Updated_NGA_West2_Flatfile_RotD50_d010_public_version.xlsx,RotD50,1,ROTD50_d010
151,T0.055S,t0_055s,ground_motion,2,Updated_NGA_West2_Flatfile_RotD50_d010_public_version.xlsx,RotD50,1,ROTD50_d010
152,T0.060S,t0_060s,ground_motion,2,Updated_NGA_West2_Flatfile_RotD50_d010_public_version.xlsx,RotD50,1,ROTD50_d010
153,T0.065S,t0_065s,ground_motion,2,Updated_NGA_West2_Flatfile_RotD50_d010_public_version.xlsx,RotD50,1,ROTD50_d010
154,T0.067S,t0_067s,ground_motion,2,Updated_NGA_West2_Flatfile_RotD50_d010_public_version.xlsx,RotD50,1,ROTD50_d010
155,T0.070S,t0_070s,ground_motion,2,Updated_NGA_West2_Flatfile_RotD50_d010_public_version.xlsx,RotD50,1,ROTD50_d010
156,T0.075S,t0_075s,ground_motion,2,Updated_NGA_West2_Flatfile_RotD50_d010_public_version.xlsx,RotD50,1,ROTD50_d010
157,T0.080S,t0_080s,ground_motion,2,Updated_NGA_West2_Flatfile_RotD50_d010_public_version.xlsx,RotD50,1,ROTD50_d010
158,T0.085S,t0_085s,ground_motion,2,Updated_NGA_West2_Flatfile_RotD50_d010_public_version.xlsx,RotD50,1,ROTD50_d010
159,T0.090S,t0_090s,ground_motion,2,Updated_NGA_West2_Flatfile_RotD50_d010_public_version.xlsx,RotD50,1,ROTD50_d010
160,T0.095S,t0_095s,ground_motion,2,Updated_NGA_West2_Flatfile_RotD50_d010_public_version.xlsx,RotD50,1,ROTD50_d010
161,T0.100S,t0_100s,ground_motion,2,Updated_NGA_West2_Flatfile_RotD50_d010_public_version.xlsx,RotD50,1,ROTD50_d010
162,T0.110S,t0_110s,ground_motion,2,Updated_NGA_West2_Flatfile_RotD50_d010_public_version.xlsx,RotD50,1,ROTD50_d010
163,T0.120S,t0_120s,ground_motion,2,Updated_NGA_West2_Flatfile_RotD50_d010_public_version.xlsx,RotD50,1,ROTD50_d010
164,T0.130S,t0_130s,ground_motion,2,Updated_NGA_West2_Flatfile_RotD50_d010_public_version.xlsx,RotD50,1,ROTD50_d010
165,T0.133S,t0_133s,ground_motion,2,Updated_NGA_West2_Flatfile_RotD50_d010_public_version.xlsx,RotD50,1,ROTD50_d010
166,T0.140S,t0_140s,ground_motion,2,Updated_NGA_West2_Flatfile_RotD50_d010_public_version.xlsx,RotD50,1,ROTD50_d010
167,T0.150S,t0_150s,ground_motion,2,Updated_NGA_West2_Flatfile_RotD50_d010_public_version.xlsx,RotD50,1,ROTD50_d010
168,T0.160S,t0_160s,ground_motion,2,Updated_NGA_West2_Flatfile_RotD50_d010_public_version.xlsx,RotD50,1,ROTD50_d010
169,T0.170S,t0_170s,ground_motion,2,Updated_NGA_West2_Flatfile_RotD50_d010_public_version.xlsx,RotD50,1,ROTD50_d010
170,T0.180S,t0_180s,ground_motion,2,Updated_NGA_West2_Flatfile_RotD50_d010_public_version.xlsx,RotD50,1,ROTD50_d010
171,T0.190S,t0_190s,ground_motion,2,Updated_NGA_West2_Flatfile_RotD50_d010_public_version.xlsx,RotD50,1,ROTD50_d010
172,T0.200S,t0_200s,ground_motion,2,Updated_NGA_West2_Flatfile_RotD50_d010_public_version.xlsx,RotD50,1,ROTD50_d010
173,T0.220S,t0_220s,ground_motion,2,Updated_NGA_West2_Flatfile_RotD50_d010_public_version.xlsx,RotD50,1,ROTD50_d010
174,T0.240S,t0_240s,ground_motion,2,Updated_NGA_West2_Flatfile_RotD50_d010_public_version.xlsx,RotD50,1,ROTD50_d010
175,T0.250S,t0_250s,ground_motion,2,Updated_NGA_West2_Flatfile_RotD50_d010_public_version.xlsx,RotD50,1,ROTD50_d010
176,T0.260S,t0_260s,ground_motion,2,Updated_NGA_West2_Flatfile_RotD50_d010_public_version.xlsx,RotD50,1,ROTD50_d010
177,T0.280S,t0_280s,ground_motion,2,Updated_NGA_West2_Flatfile_RotD50_d010_public_version.xlsx,RotD50,1,ROTD50_d010
178,T0.290S,t0_290s,ground_motion,2,Updated_NGA_West2_Flatfile_RotD50_d010_public_version.xlsx,RotD50,1,ROTD50_d010
179,T0.300S,t0_300s,ground_motion,2,Updated_NGA_West2_Flatfile_RotD50_d010_public_version.xlsx,RotD50,1,ROTD50_d010
180,T0.320S,t0_320s,ground_motion,2,Updated_NGA_West2_Flatfile_RotD50_d010_public_version.xlsx,RotD50,1,ROTD50_d010
181,T0.340S,t0_340s,ground_motion,2,Updated_NGA_West2_Flatfile_RotD50_d010_public_version.xlsx,RotD50,1,ROTD50_d010
182,T0.350S,t0_350s,ground_motion,2,Updated_NGA_West2_Flatfile_RotD50_d010_public_version.xlsx,RotD50,1,ROTD50_d010
183,T0.360S,t0_360s,ground_motion,2,Updated_NGA_West2_Flatfile_RotD50_d010_public_version.xlsx,RotD50,1,ROTD50_d010
184,T0.380S,t0_380s,ground_motion,2,Updated_NGA_West2_Flatfile_RotD50_d010_public_version.xlsx,RotD50,1,ROTD50_d010
185,T0.400S,t0_400s,ground_motion,2,Updated_NGA_West2_Flatfile_RotD50_d010_public_version.xlsx,RotD50,1,ROTD50_d010
186,T0.420S,t0_420s,ground_motion,2,Updated_NGA_West2_Flatfile_RotD50_d010_public_version.xlsx,RotD50,1,ROTD50_d010
187,T0.440S,t0_440s,ground_motion,2,Updated_NGA_West2_Flatfile_RotD50_d010_public_version.xlsx,RotD50,1,ROTD50_d010
188,T0.450S,t0_450s,ground_motion,2,Updated_NGA_West2_Flatfile_RotD50_d010_public_version.xlsx,RotD50,1,ROTD50_d010
189,T0.460S,t0_460s,ground_motion,2,Updated_NGA_West2_Flatfile_RotD50_d010_public_version.xlsx,RotD50,1,ROTD50_d010
190,T0.480S,t0_480s,ground_motion,2,Updated_NGA_West2_Flatfile_RotD50_d010_public_version.xlsx,RotD50,1,ROTD50_d010
191,T0.500S,t0_500s,ground_motion,2,Updated_NGA_West2_Flatfile_RotD50_d010_public_version.xlsx,RotD50,1,ROTD50_d010
192,T0.550S,t0_550s,ground_motion,2,Updated_NGA_West2_Flatfile_RotD50_d010_public_version.xlsx,RotD50,1,ROTD50_d010
193,T0.600S,t0_600s,ground_motion,2,Updated_NGA_West2_Flatfile_RotD50_d010_public_version.xlsx,RotD50,1,ROTD50_d010
194,T0.650S,t0_650s,ground_motion,2,Updated_NGA_West2_Flatfile_RotD50_d010_public_version.xlsx,RotD50,1,ROTD50_d010
195,T0.667S,t0_667s,ground_motion,2,Updated_NGA_West2_Flatfile_RotD50_d010_public_version.xlsx,RotD50,1,ROTD50_d010
196,T0.700S,t0_700s,ground_motion,2,Updated_NGA_West2_Flatfile_RotD50_d010_public_version.xlsx,RotD50,1,ROTD50_d010
197,T0.750S,t0_750s,ground_motion,2,Updated_NGA_West2_Flatfile_RotD50_d010_public_version.xlsx,RotD50,1,ROTD50_d010
198,T0.800S,t0_800s,ground_motion,2,Updated_NGA_West2_Flatfile_RotD50_d010_public_version.xlsx,RotD50,1,ROTD50_d010
199,T0.850S,t0_850s,ground_motion,2,Updated_NGA_West2_Flatfile_RotD50_d010_public_version.xlsx,RotD50,1,ROTD50_d010
200,T0.900S,t0_900s,ground_motion,2,Updated_NGA_West2_Flatfile_RotD50_d010_public_version.xlsx,RotD50,1,ROTD50_d010
201,T0.950S,t0_950s,ground_motion,2,Updated_NGA_West2_Flatfile_RotD50_d010_public_version.xlsx,RotD50,1,ROTD50_d010
202,T1.000S,t1_000s,ground_motion,2,Updated_NGA_West2_Flatfile_RotD50_d010_public_version.xlsx,RotD50,1,ROTD50_d010
203,T1.100S,t1_100s,ground_motion,2,Updated_NGA_West2_Flatfile_RotD50_d010_public_version.xlsx,RotD50,1,ROTD50_d010
204,T1.200S,t1_200s,ground_motion,2,Updated_NGA_West2_Flatfile_RotD50_d010_public_version.xlsx,RotD50,1,ROTD50_d010
205,T1.300S,t1_300s,ground_motion,2,Updated_NGA_West2_Flatfile_RotD50_d010_public_version.xlsx,RotD50,1,ROTD50_d010
206,T1.400S,t1_400s,ground_motion,2,Updated_NGA_West2_Flatfile_RotD50_d010_public_version.xlsx,RotD50,1,ROTD50_d010
207,T1.500S,t1_500s,ground_motion,2,Updated_NGA_West2_Flatfile_RotD50_d010_public_version.xlsx,RotD50,1,ROTD50_d010
208,T1.600S,t1_600s,ground_motion,2,Updated_NGA_West2_Flatfile_RotD50_d010_public_version.xlsx,RotD50,1,ROTD50_d010
209,T1.700S,t1_700s,ground_motion,2,Updated_NGA_West2_Flatfile_RotD50_d010_public_version.xlsx,RotD50,1,ROTD50_d010
210,T1.800S,t1_800s,ground_motion,2,Updated_NGA_West2_Flatfile_RotD50_d010_public_version.xlsx,RotD50,1,ROTD50_d010
211,T1.900S,t1_900s,ground_motion,2,Updated_NGA_West2_Flatfile_RotD50_d010_public_version.xlsx,RotD50,1,ROTD50_d010
212,T2.000S,t2_000s,ground_motion,2,Updated_NGA_West2_Flatfile_RotD50_d010_public_version.xlsx,RotD50,1,ROTD50_d010
213,T2.200S,t2_200s,ground_motion,2,Updated_NGA_West2_Flatfile_RotD50_d010_public_version.xlsx,RotD50,1,ROTD50_d010
214,T2.400S,t2_400s,ground_motion,2,Updated_NGA_West2_Flatfile_RotD50_d010_public_version.xlsx,RotD50,1,ROTD50_d010
215,T2.500S,t2_500s,ground_motion,2,Updated_NGA_West2_Flatfile_RotD50_d010_public_version.xlsx,RotD50,1,ROTD50_d010
216,T2.600S,t2_600s,ground_motion,2,Updated_NGA_West2_Flatfile_RotD50_d010_public_version.xlsx,RotD50,1,ROTD50_d010
217,T2.800S,t2_800s,ground_motion,2,Updated_NGA_West2_Flatfile_RotD50_d010_public_version.xlsx,RotD50,1,ROTD50_d010
218,T3.000S,t3_000s,ground_motion,2,Updated_NGA_West2_Flatfile_RotD50_d010_public_version.xlsx,RotD50,1,ROTD50_d010
219,T3.200S,t3_200s,ground_motion,2,Updated_NGA_West2_Flatfile_RotD50_d010_public_version.xlsx,RotD50,1,ROTD50_d010
220,T3.400S,t3_400s,ground_motion,2,Updated_NGA_West2_Flatfile_RotD50_d010_public_version.xlsx,RotD50,1,ROTD50_d010
221,T3.500S,t3_500s,ground_motion,2,Updated_NGA_West2_Flatfile_RotD50_d010_public_version.xlsx,RotD50,1,ROTD50_d010
222,T3.600S,t3_600s,ground_motion,2,Updated_NGA_West2_Flatfile_RotD50_d010_public_version.xlsx,RotD50,1,ROTD50_d010
223,T3.800S,t3_800s,ground_motion,2,Updated_NGA_West2_Flatfile_RotD50_d010_public_version.xlsx,RotD50,1,ROTD50_d010
224,T4.000S,t4_000s,ground_motion,2,Updated_NGA_West2_Flatfile_RotD50_d010_public_version.xlsx,RotD50,1,ROTD50_d010
225,T4.200S,t4_200s,ground_motion,2,Updated_NGA_West2_Flatfile_RotD50_d010_public_version.xlsx,RotD50,1,ROTD50_d010
226,T4.400S,t4_400s,ground_motion,2,Updated_NGA_West2_Flatfile_RotD50_d010_public_version.xlsx,RotD50,1,ROTD50_d010
227,T4.600S,t4_600s,ground_motion,2,Updated_NGA_West2_Flatfile_RotD50_d010_public_version.xlsx,RotD50,1,ROTD50_d010
228,T4.800S,t4_800s,ground_motion,2,Updated_NGA_West2_Flatfile_RotD50_d010_public_version.xlsx,RotD50,1,ROTD50_d010
229,T5.000S,t5_000s,ground_motion,2,Updated_NGA_West2_Flatfile_RotD50_d010_public_version.xlsx,RotD50,1,ROTD50_d010
230,T5.500S,t5_500s,ground_motion,2,Updated_NGA_West2_Flatfile_RotD50_d010_public_version.xlsx,RotD50,1,ROTD50_d010
231,T6.000S,t6_000s,ground_motion,2,Updated_NGA_West2_Flatfile_RotD50_d010_public_version.xlsx,RotD50,1,ROTD50_d010
232,T6.500S,t6_500s,ground_motion,2,Updated_NGA_West2_Flatfile_RotD50_d010_public_version.xlsx,RotD50,1,ROTD50_d010
233,T7.000S,t7_000s,ground_motion,2,Updated_NGA_West2_Flatfile_RotD50_d010_public_version.xlsx,RotD50,1,ROTD50_d010
234,T7.500S,t7_500s,ground_motion,2,Updated_NGA_West2_Flatfile_RotD50_d010_public_version.xlsx,RotD50,1,ROTD50_d010
235,T8.000S,t8_000s,ground_motion,2,Updated_NGA_West2_Flatfile_RotD50_d010_public_version.xlsx,RotD50,1,ROTD50_d010
236,T8.500S,t8_500s,ground_motion,2,Updated_NGA_West2_Flatfile_RotD50_d010_public_version.xlsx,RotD50,1,ROTD50_d010
237,T9.000S,t9_000s,ground_motion,2,Updated_NGA_West2_Flatfile_RotD50_d010_public_version.xlsx,RotD50,1,ROTD50_d010
238,T9.500S,t9_500s,ground_motion,2,Updated_NGA_West2_Flatfile_RotD50_d010_public_version.xlsx,RotD50,1,ROTD50_d010
239,T10.000S,t10_000s,ground_motion,2,Updated_NGA_West2_Flatfile_RotD50_d010_public_version.xlsx,RotD50,1,ROTD50_d010
240,T11.000S,t11_000s,ground_motion,2,Updated_NGA_West2_Flatfile_RotD50_d010_public_version.xlsx,RotD50,1,ROTD50_d010
241,T12.000S,t12_000s,ground_motion,2,Updated_NGA_West2_Flatfile_RotD50_d010_public_version.xlsx,RotD50,1,ROTD50_d010
242,T13.000S,t13_000s,ground_motion,2,Updated_NGA_West2_Flatfile_RotD50_d010_public_version.xlsx,RotD50,1,ROTD50_d010
243,T14.000S,t14_000s,ground_motion,2,Updated_NGA_West2_Flatfile_RotD50_d010_public_version.xlsx,RotD50,1,ROTD50_d010
244,T15.000S,t15_000s,ground_motion,2,Updated_NGA_West2_Flatfile_RotD50_d010_public_version.xlsx,RotD50,1,ROTD50_d010
245,T20.000S,t20_000s,ground_motion,2,Updated_NGA_West2_Flatfile_RotD50_d010_public_version.xlsx,RotD50,1,ROTD50_d010
246,Ave Strike (deg),ave_strike_deg,classification_directivity,2,Updated_NGA_West2_Flatfile_RotD50_d010_public_version.xlsx,RotD50,1,ROTD50_d010
247,TYPE(CRjb = 0),type_crjb_0,classification_directivity,2,Updated_NGA_West2_Flatfile_RotD50_d010_public_version.xlsx,RotD50,1,ROTD50_d010
248,CRjb,crjb,classification_directivity,2,Updated_NGA_West2_Flatfile_RotD50_d010_public_version.xlsx,RotD50,1,ROTD50_d010
249,"TYPE
(CRjb = 2)",type_crjb_2,classification_directivity,2,Updated_NGA_West2_Flatfile_RotD50_d010_public_version.xlsx,RotD50,1,ROTD50_d010
250,CRjb,crjb_1,classification_directivity,2,Updated_NGA_West2_Flatfile_RotD50_d010_public_version.xlsx,RotD50,1,ROTD50_d010
251,"TYPE
(CRjb = 5)",type_crjb_5,classification_directivity,2,Updated_NGA_West2_Flatfile_RotD50_d010_public_version.xlsx,RotD50,1,ROTD50_d010
252,CRjb,crjb_2,classification_directivity,2,Updated_NGA_West2_Flatfile_RotD50_d010_public_version.xlsx,RotD50,1,ROTD50_d010
253,"TYPE
(CRjb = 10)",type_crjb_10,classification_directivity,2,Updated_NGA_West2_Flatfile_RotD50_d010_public_version.xlsx,RotD50,1,ROTD50_d010
254,CRjb,crjb_3,classification_directivity,2,Updated_NGA_West2_Flatfile_RotD50_d010_public_version.xlsx,RotD50,1,ROTD50_d010
255,"TYPE
(CRjb = 20)",type_crjb_20,classification_directivity,2,Updated_NGA_West2_Flatfile_RotD50_d010_public_version.xlsx,RotD50,1,ROTD50_d010
256,CRjb,crjb_4,classification_directivity,2,Updated_NGA_West2_Flatfile_RotD50_d010_public_version.xlsx,RotD50,1,ROTD50_d010
257,"TYPE
(CRjb = 40)",type_crjb_40,classification_directivity,2,Updated_NGA_West2_Flatfile_RotD50_d010_public_version.xlsx,RotD50,1,ROTD50_d010
258,CRjb,crjb_5,classification_directivity,2,Updated_NGA_West2_Flatfile_RotD50_d010_public_version.xlsx,RotD50,1,ROTD50_d010
259,U,u,quality,2,Updated_NGA_West2_Flatfile_RotD50_d010_public_version.xlsx,RotD50,1,ROTD50_d010
260,IDPv4,idpv4,quality,2,Updated_NGA_West2_Flatfile_RotD50_d010_public_version.xlsx,RotD50,1,ROTD50_d010
261,XCI,xci,quality,2,Updated_NGA_West2_Flatfile_RotD50_d010_public_version.xlsx,RotD50,1,ROTD50_d010
262,XCI1,xci1,quality,2,Updated_NGA_West2_Flatfile_RotD50_d010_public_version.xlsx,RotD50,1,ROTD50_d010
263,Damping (%),damping_percent,quality,2,Updated_NGA_West2_Flatfile_RotD50_d010_public_version.xlsx,RotD50,1,ROTD50_d010
264,RotD percentile,rotd_percentile,quality,2,Updated_NGA_West2_Flatfile_RotD50_d010_public_version.xlsx,RotD50,1,ROTD50_d010
265,Instrument Nat. Freq.,instrument_nat_freq,quality,2,Updated_NGA_West2_Flatfile_RotD50_d010_public_version.xlsx,RotD50,1,ROTD50_d010
266,Instrument Damping,instrument_damping,quality,2,Updated_NGA_West2_Flatfile_RotD50_d010_public_version.xlsx,RotD50,1,ROTD50_d010
267,Instrument Type,instrument_type,quality,2,Updated_NGA_West2_Flatfile_RotD50_d010_public_version.xlsx,RotD50,1,ROTD50_d010
268,Quality_Flag,quality_flag,quality,2,Updated_NGA_West2_Flatfile_RotD50_d010_public_version.xlsx,RotD50,1,ROTD50_d010
269,Spectra Quality Flag,spectra_quality_flag,quality,2,Updated_NGA_West2_Flatfile_RotD50_d010_public_version.xlsx,RotD50,1,ROTD50_d010
270,Late S-trigger,late_s_trigger,quality,2,Updated_NGA_West2_Flatfile_RotD50_d010_public_version.xlsx,RotD50,1,ROTD50_d010
271,Late P-trigger,late_p_trigger,quality,2,Updated_NGA_West2_Flatfile_RotD50_d010_public_version.xlsx,RotD50,1,ROTD50_d010
272,Idirectivity,idirectivity,quality,2,Updated_NGA_West2_Flatfile_RotD50_d010_public_version.xlsx,RotD50,1,ROTD50_d010
273,Tp,tp,quality,2,Updated_NGA_West2_Flatfile_RotD50_d010_public_version.xlsx,RotD50,1,ROTD50_d010
274,Ry 2,ry_2,quality,2,Updated_NGA_West2_Flatfile_RotD50_d010_public_version.xlsx,RotD50,1,ROTD50_d010
1,Record Sequence Number,record_sequence_number,source,3,Updated_NGA_West2_Flatfile_RotD50_d020_public_version.xlsx,RotD50,2,ROTD50_d020
2,EQID,eqid,source,3,Updated_NGA_West2_Flatfile_RotD50_d020_public_version.xlsx,RotD50,2,ROTD50_d020
3,Earthquake Name,earthquake_name,source,3,Updated_NGA_West2_Flatfile_RotD50_d020_public_version.xlsx,RotD50,2,ROTD50_d020
4,YEAR,year,source,3,Updated_NGA_West2_Flatfile_RotD50_d020_public_version.xlsx,RotD50,2,ROTD50_d020
5,MODY,mody,source,3,Updated_NGA_West2_Flatfile_RotD50_d020_public_version.xlsx,RotD50,2,ROTD50_d020
6,HRMN,hrmn,source,3,Updated_NGA_West2_Flatfile_RotD50_d020_public_version.xlsx,RotD50,2,ROTD50_d020
7,Station Name,station_name,source,3,Updated_NGA_West2_Flatfile_RotD50_d020_public_version.xlsx,RotD50,2,ROTD50_d020
8,Station Sequence Number,station_sequence_number,source,3,Updated_NGA_West2_Flatfile_RotD50_d020_public_version.xlsx,RotD50,2,ROTD50_d020
9,Station ID  No.,station_id_no,source,3,Updated_NGA_West2_Flatfile_RotD50_d020_public_version.xlsx,RotD50,2,ROTD50_d020
10,Earthquake Magnitude,earthquake_magnitude,source,3,Updated_NGA_West2_Flatfile_RotD50_d020_public_version.xlsx,RotD50,2,ROTD50_d020
11,Magnitude Type,magnitude_type,source,3,Updated_NGA_West2_Flatfile_RotD50_d020_public_version.xlsx,RotD50,2,ROTD50_d020
12,Magnitude Uncertainty: Kagan Model,magnitude_uncertainty_kagan_model,source,3,Updated_NGA_West2_Flatfile_RotD50_d020_public_version.xlsx,RotD50,2,ROTD50_d020
13,Magnitude Uncertainty: Statistical,magnitude_uncertainty_statistical,source,3,Updated_NGA_West2_Flatfile_RotD50_d020_public_version.xlsx,RotD50,2,ROTD50_d020
14,Magnitude Sample Size,magnitude_sample_size,source,3,Updated_NGA_West2_Flatfile_RotD50_d020_public_version.xlsx,RotD50,2,ROTD50_d020
15,Magnitude Uncertainty: Study Class,magnitude_uncertainty_study_class,source,3,Updated_NGA_West2_Flatfile_RotD50_d020_public_version.xlsx,RotD50,2,ROTD50_d020
16,Mo (dyne.cm),mo_dyne_cm,source,3,Updated_NGA_West2_Flatfile_RotD50_d020_public_version.xlsx,RotD50,2,ROTD50_d020
17,Strike (deg),strike_deg,source,3,Updated_NGA_West2_Flatfile_RotD50_d020_public_version.xlsx,RotD50,2,ROTD50_d020
18,Dip (deg),dip_deg,source,3,Updated_NGA_West2_Flatfile_RotD50_d020_public_version.xlsx,RotD50,2,ROTD50_d020
19,Rake Angle (deg),rake_angle_deg,source,3,Updated_NGA_West2_Flatfile_RotD50_d020_public_version.xlsx,RotD50,2,ROTD50_d020
20,Mechanism Based on Rake Angle,mechanism_based_on_rake_angle,source,3,Updated_NGA_West2_Flatfile_RotD50_d020_public_version.xlsx,RotD50,2,ROTD50_d020
21,P-plunge (deg),p_plunge_deg,source,3,Updated_NGA_West2_Flatfile_RotD50_d020_public_version.xlsx,RotD50,2,ROTD50_d020
22,P-trend (deg),p_trend_deg,source,3,Updated_NGA_West2_Flatfile_RotD50_d020_public_version.xlsx,RotD50,2,ROTD50_d020
23,T-plunge (deg),t_plunge_deg,source,3,Updated_NGA_West2_Flatfile_RotD50_d020_public_version.xlsx,RotD50,2,ROTD50_d020
24,T-trend (deg),t_trend_deg,source,3,Updated_NGA_West2_Flatfile_RotD50_d020_public_version.xlsx,RotD50,2,ROTD50_d020
25,Hypocenter Latitude (deg),hypocenter_latitude_deg,source,3,Updated_NGA_West2_Flatfile_RotD50_d020_public_version.xlsx,RotD50,2,ROTD50_d020
26,Hypocenter Longitude (deg),hypocenter_longitude_deg,source,3,Updated_NGA_West2_Flatfile_RotD50_d020_public_version.xlsx,RotD50,2,ROTD50_d020
27,Hypocenter Depth (km),hypocenter_depth_km,source,3,Updated_NGA_West2_Flatfile_RotD50_d020_public_version.xlsx,RotD50,2,ROTD50_d020
28,Coseismic Surface Rupture: 1=Yes; 0=No;    -999=Unknown,coseismic_surface_rupture_1_yes_0_no_999_unknown,source,3,Updated_NGA_West2_Flatfile_RotD50_d020_public_version.xlsx,RotD50,2,ROTD50_d020
29,Coseismic Surface Rupture (Including Inferred),coseismic_surface_rupture_including_inferred,source,3,Updated_NGA_West2_Flatfile_RotD50_d020_public_version.xlsx,RotD50,2,ROTD50_d020
30,Basis for Inference of Surface Rupture,basis_for_inference_of_surface_rupture,source,3,Updated_NGA_West2_Flatfile_RotD50_d020_public_version.xlsx,RotD50,2,ROTD50_d020
31,Finite Rupture Model: 1=Yes;  0=No,finite_rupture_model_1_yes_0_no,source,3,Updated_NGA_West2_Flatfile_RotD50_d020_public_version.xlsx,RotD50,2,ROTD50_d020
32,Depth to Top Of Fault Rupture Model,depth_to_top_of_fault_rupture_model,source,3,Updated_NGA_West2_Flatfile_RotD50_d020_public_version.xlsx,RotD50,2,ROTD50_d020
33,Fault Rupture Length for Calculation of Ry (km),fault_rupture_length_for_calculation_of_ry_km,source,3,Updated_NGA_West2_Flatfile_RotD50_d020_public_version.xlsx,RotD50,2,ROTD50_d020
34,Fault Rupture Width (km),fault_rupture_width_km,source,3,Updated_NGA_West2_Flatfile_RotD50_d020_public_version.xlsx,RotD50,2,ROTD50_d020
35,Fault Rupture Area (km^2),fault_rupture_area_km_2,source,3,Updated_NGA_West2_Flatfile_RotD50_d020_public_version.xlsx,RotD50,2,ROTD50_d020
36,Avg Fault Disp (cm),avg_fault_disp_cm,source,3,Updated_NGA_West2_Flatfile_RotD50_d020_public_version.xlsx,RotD50,2,ROTD50_d020
37,Rise Time (s),rise_time_s,source,3,Updated_NGA_West2_Flatfile_RotD50_d020_public_version.xlsx,RotD50,2,ROTD50_d020
38,Avg Slip Velocity (cm/s),avg_slip_velocity_cm_s,source,3,Updated_NGA_West2_Flatfile_RotD50_d020_public_version.xlsx,RotD50,2,ROTD50_d020
39,Static Stress Drop (bars),static_stress_drop_bars,source,3,Updated_NGA_West2_Flatfile_RotD50_d020_public_version.xlsx,RotD50,2,ROTD50_d020
40,Preferred Rupture Velocity (km/s),preferred_rupture_velocity_km_s,source,3,Updated_NGA_West2_Flatfile_RotD50_d020_public_version.xlsx,RotD50,2,ROTD50_d020
41,Average Vr/Vs,average_vr_vs,source,3,Updated_NGA_West2_Flatfile_RotD50_d020_public_version.xlsx,RotD50,2,ROTD50_d020
42,Percent of Moment Release in the Top 5 Km of Crust,percent_of_moment_release_in_the_top_5_km_of_crust,source,3,Updated_NGA_West2_Flatfile_RotD50_d020_public_version.xlsx,RotD50,2,ROTD50_d020
43,Existence of Shallow Asperity: 0=No; 1=Yes,existence_of_shallow_asperity_0_no_1_yes,source,3,Updated_NGA_West2_Flatfile_RotD50_d020_public_version.xlsx,RotD50,2,ROTD50_d020
44,Depth to Top of Shallowest Asperity (km),depth_to_top_of_shallowest_asperity_km,source,3,Updated_NGA_West2_Flatfile_RotD50_d020_public_version.xlsx,RotD50,2,ROTD50_d020
45,Earthquake in Extensional Regime: 1=Yes; 0=No,earthquake_in_extensional_regime_1_yes_0_no,source,3,Updated_NGA_West2_Flatfile_RotD50_d020_public_version.xlsx,RotD50,2,ROTD50_d020
46,Fault Name,fault_name,source,3,Updated_NGA_West2_Flatfile_RotD50_d020_public_version.xlsx,RotD50,2,ROTD50_d020
47,Slip Rate (mm/Yr),slip_rate_mm_yr,source,3,Updated_NGA_West2_Flatfile_RotD50_d020_public_version.xlsx,RotD50,2,ROTD50_d020
48,EpiD (km),epid_km,path,3,Updated_NGA_West2_Flatfile_RotD50_d020_public_version.xlsx,RotD50,2,ROTD50_d020
49,HypD (km),hypd_km,path,3,Updated_NGA_West2_Flatfile_RotD50_d020_public_version.xlsx,RotD50,2,ROTD50_d020
50,Joyner-Boore Dist. (km),joyner_boore_dist_km,path,3,Updated_NGA_West2_Flatfile_RotD50_d020_public_version.xlsx,RotD50,2,ROTD50_d020
51,Campbell R Dist. (km),campbell_r_dist_km,path,3,Updated_NGA_West2_Flatfile_RotD50_d020_public_version.xlsx,RotD50,2,ROTD50_d020
52,RmsD (km),rmsd_km,path,3,Updated_NGA_West2_Flatfile_RotD50_d020_public_version.xlsx,RotD50,2,ROTD50_d020
53,ClstD (km),clstd_km,path,3,Updated_NGA_West2_Flatfile_RotD50_d020_public_version.xlsx,RotD50,2,ROTD50_d020
54,Rx,rx,path,3,Updated_NGA_West2_Flatfile_RotD50_d020_public_version.xlsx,RotD50,2,ROTD50_d020
55,FW/HW Indicator,fw_hw_indicator,path,3,Updated_NGA_West2_Flatfile_RotD50_d020_public_version.xlsx,RotD50,2,ROTD50_d020
56,Source to Site Azimuth (deg),source_to_site_azimuth_deg,path,3,Updated_NGA_West2_Flatfile_RotD50_d020_public_version.xlsx,RotD50,2,ROTD50_d020
57,X,x,path,3,Updated_NGA_West2_Flatfile_RotD50_d020_public_version.xlsx,RotD50,2,ROTD50_d020
58,Theta.D (deg),theta_d_deg,path,3,Updated_NGA_West2_Flatfile_RotD50_d020_public_version.xlsx,RotD50,2,ROTD50_d020
59,SSGA (Strike Slip),ssga_strike_slip,path,3,Updated_NGA_West2_Flatfile_RotD50_d020_public_version.xlsx,RotD50,2,ROTD50_d020
60,Y,y,path,3,Updated_NGA_West2_Flatfile_RotD50_d020_public_version.xlsx,RotD50,2,ROTD50_d020
61,Phi.D (deg),phi_d_deg,path,3,Updated_NGA_West2_Flatfile_RotD50_d020_public_version.xlsx,RotD50,2,ROTD50_d020
62,SSGA (Dip Slip),ssga_dip_slip,path,3,Updated_NGA_West2_Flatfile_RotD50_d020_public_version.xlsx,RotD50,2,ROTD50_d020
63,s,s,path,3,Updated_NGA_West2_Flatfile_RotD50_d020_public_version.xlsx,RotD50,2,ROTD50_d020
64,d,d,path,3,Updated_NGA_West2_Flatfile_RotD50_d020_public_version.xlsx,RotD50,2,ROTD50_d020
65,ctildepr,ctildepr,path,3,Updated_NGA_West2_Flatfile_RotD50_d020_public_version.xlsx,RotD50,2,ROTD50_d020
66,Unused Column,unused_column,path,3,Updated_NGA_West2_Flatfile_RotD50_d020_public_version.xlsx,RotD50,2,ROTD50_d020
67,D,d_1,path,3,Updated_NGA_West2_Flatfile_RotD50_d020_public_version.xlsx,RotD50,2,ROTD50_d020
68,Rfn.Hyp,rfn_hyp,path,3,Updated_NGA_West2_Flatfile_RotD50_d020_public_version.xlsx,RotD50,2,ROTD50_d020
69,Rfp.Hyp,rfp_hyp,path,3,Updated_NGA_West2_Flatfile_RotD50_d020_public_version.xlsx,RotD50,2,ROTD50_d020
70,Unused Column,unused_column_1,path,3,Updated_NGA_West2_Flatfile_RotD50_d020_public_version.xlsx,RotD50,2,ROTD50_d020
71,Unused Column,unused_column_2,path,3,Updated_NGA_West2_Flatfile_RotD50_d020_public_version.xlsx,RotD50,2,ROTD50_d020
72,Unused Column,unused_column_3,path,3,Updated_NGA_West2_Flatfile_RotD50_d020_public_version.xlsx,RotD50,2,ROTD50_d020
73,T,t,path,3,Updated_NGA_West2_Flatfile_RotD50_d020_public_version.xlsx,RotD50,2,ROTD50_d020
74,GMX's C1,gmx_s_c1,site,3,Updated_NGA_West2_Flatfile_RotD50_d020_public_version.xlsx,RotD50,2,ROTD50_d020
75,GMX's C2,gmx_s_c2,site,3,Updated_NGA_West2_Flatfile_RotD50_d020_public_version.xlsx,RotD50,2,ROTD50_d020
76,GMX's C3,gmx_s_c3,site,3,Updated_NGA_West2_Flatfile_RotD50_d020_public_version.xlsx,RotD50,2,ROTD50_d020
77,Campbell's GEOCODE,campbell_s_geocode,site,3,Updated_NGA_West2_Flatfile_RotD50_d020_public_version.xlsx,RotD50,2,ROTD50_d020
78,Bray and Rodriguez-Marek SGS,bray_and_rodriguez_marek_sgs,site,3,Updated_NGA_West2_Flatfile_RotD50_d020_public_version.xlsx,RotD50,2,ROTD50_d020
79,Depth,depth,site,3,Updated_NGA_West2_Flatfile_RotD50_d020_public_version.xlsx,RotD50,2,ROTD50_d020
80,Preferred NEHRP Based on Vs30,preferred_nehrp_based_on_vs30,site,3,Updated_NGA_West2_Flatfile_RotD50_d020_public_version.xlsx,RotD50,2,ROTD50_d020
81,Vs30 (m/s) selected for analysis,vs30_m_s_selected_for_analysis,site,3,Updated_NGA_West2_Flatfile_RotD50_d020_public_version.xlsx,RotD50,2,ROTD50_d020
82,Column Not Used,column_not_used,site,3,Updated_NGA_West2_Flatfile_RotD50_d020_public_version.xlsx,RotD50,2,ROTD50_d020
83,Measured/Inferred Class,measured_inferred_class,site,3,Updated_NGA_West2_Flatfile_RotD50_d020_public_version.xlsx,RotD50,2,ROTD50_d020
84,Sigma of Vs30 (in natural log Units),sigma_of_vs30_in_natural_log_units,site,3,Updated_NGA_West2_Flatfile_RotD50_d020_public_version.xlsx,RotD50,2,ROTD50_d020
85,NEHRP Classification from CGS's Site Condition Map,nehrp_classification_from_cgs_s_site_condition_map,site,3,Updated_NGA_West2_Flatfile_RotD50_d020_public_version.xlsx,RotD50,2,ROTD50_d020
86,Geological Unit,geological_unit,site,3,Updated_NGA_West2_Flatfile_RotD50_d020_public_version.xlsx,RotD50,2,ROTD50_d020
87,Geology,geology,site,3,Updated_NGA_West2_Flatfile_RotD50_d020_public_version.xlsx,RotD50,2,ROTD50_d020
88,Owner,owner,site,3,Updated_NGA_West2_Flatfile_RotD50_d020_public_version.xlsx,RotD50,2,ROTD50_d020
89,Station Latitude,station_latitude,site,3,Updated_NGA_West2_Flatfile_RotD50_d020_public_version.xlsx,RotD50,2,ROTD50_d020
90,Station Longitude,station_longitude,site,3,Updated_NGA_West2_Flatfile_RotD50_d020_public_version.xlsx,RotD50,2,ROTD50_d020
91,STORIES,stories,site,3,Updated_NGA_West2_Flatfile_RotD50_d020_public_version.xlsx,RotD50,2,ROTD50_d020
92,INSTLOC,instloc,site,3,Updated_NGA_West2_Flatfile_RotD50_d020_public_version.xlsx,RotD50,2,ROTD50_d020
93,Depth to Basement Rock,depth_to_basement_rock,site,3,Updated_NGA_West2_Flatfile_RotD50_d020_public_version.xlsx,RotD50,2,ROTD50_d020
94,Site Visited,site_visited,site,3,Updated_NGA_West2_Flatfile_RotD50_d020_public_version.xlsx,RotD50,2,ROTD50_d020
95,NGA Type,nga_type,site,3,Updated_NGA_West2_Flatfile_RotD50_d020_public_version.xlsx,RotD50,2,ROTD50_d020
96,Age,age,site,3,Updated_NGA_West2_Flatfile_RotD50_d020_public_version.xlsx,RotD50,2,ROTD50_d020
97,Grain Size,grain_size,site,3,Updated_NGA_West2_Flatfile_RotD50_d020_public_version.xlsx,RotD50,2,ROTD50_d020
98,Depositional History,depositional_history,site,3,Updated_NGA_West2_Flatfile_RotD50_d020_public_version.xlsx,RotD50,2,ROTD50_d020
99,Northern CA/Southern CA - H11 Z1 (m),northern_ca_southern_ca_h11_z1_m,site,3,Updated_NGA_West2_Flatfile_RotD50_d020_public_version.xlsx,RotD50,2,ROTD50_d020
100,Northern CA/Southern CA - H11 Z1.5 (m),northern_ca_southern_ca_h11_z1_5_m,site,3,Updated_NGA_West2_Flatfile_RotD50_d020_public_version.xlsx,RotD50,2,ROTD50_d020
101,Northern CA/Southern CA - H11 Z2.5 (m),northern_ca_southern_ca_h11_z2_5_m,site,3,Updated_NGA_West2_Flatfile_RotD50_d020_public_version.xlsx,RotD50,2,ROTD50_d020
102,Northern CA/Southern CA - S4 Z1 (m),northern_ca_southern_ca_s4_z1_m,site,3,Updated_NGA_West2_Flatfile_RotD50_d020_public_version.xlsx,RotD50,2,ROTD50_d020
103,Northern CA/Southern CA - S4 Z1.5 (m),northern_ca_southern_ca_s4_z1_5_m,site,3,Updated_NGA_West2_Flatfile_RotD50_d020_public_version.xlsx,RotD50,2,ROTD50_d020
104,Northern CA/Southern CA - S4 Z2.5 (m),northern_ca_southern_ca_s4_z2_5_m,site,3,Updated_NGA_West2_Flatfile_RotD50_d020_public_version.xlsx,RotD50,2,ROTD50_d020
105,Depth to Franciscan Rock (km),depth_to_franciscan_rock_km,site,3,Updated_NGA_West2_Flatfile_RotD50_d020_public_version.xlsx,RotD50,2,ROTD50_d020
106,Basin,basin,site,3,Updated_NGA_West2_Flatfile_RotD50_d020_public_version.xlsx,RotD50,2,ROTD50_d020
107,h (m),h_m,site,3,Updated_NGA_West2_Flatfile_RotD50_d020_public_version.xlsx,RotD50,2,ROTD50_d020
108,hnorm (m),hnorm_m,site,3,Updated_NGA_West2_Flatfile_RotD50_d020_public_version.xlsx,RotD50,2,ROTD50_d020
109,Rsbe (m),rsbe_m,site,3,Updated_NGA_West2_Flatfile_RotD50_d020_public_version.xlsx,RotD50,2,ROTD50_d020
110,Rcebe (m),rcebe_m,site,3,Updated_NGA_West2_Flatfile_RotD50_d020_public_version.xlsx,RotD50,2,ROTD50_d020
111,Rebe (m),rebe_m,site,3,Updated_NGA_West2_Flatfile_RotD50_d020_public_version.xlsx,RotD50,2,ROTD50_d020
112,Rsbe1 (m),rsbe1_m,site,3,Updated_NGA_West2_Flatfile_RotD50_d020_public_version.xlsx,RotD50,2,ROTD50_d020
113,File Name (Horizontal 1),file_name_horizontal_1,record_processing,3,Updated_NGA_West2_Flatfile_RotD50_d020_public_version.xlsx,RotD50,2,ROTD50_d020
114,File Name (Horizontal 2),file_name_horizontal_2,record_processing,3,Updated_NGA_West2_Flatfile_RotD50_d020_public_version.xlsx,RotD50,2,ROTD50_d020
115,File Name (Vertical),file_name_vertical,record_processing,3,Updated_NGA_West2_Flatfile_RotD50_d020_public_version.xlsx,RotD50,2,ROTD50_d020
116,H1 azimth (degrees),h1_azimth_degrees,record_processing,3,Updated_NGA_West2_Flatfile_RotD50_d020_public_version.xlsx,RotD50,2,ROTD50_d020
117,H2 azimith (degrees),h2_azimith_degrees,record_processing,3,Updated_NGA_West2_Flatfile_RotD50_d020_public_version.xlsx,RotD50,2,ROTD50_d020
118,Type of Recording,type_of_recording,record_processing,3,Updated_NGA_West2_Flatfile_RotD50_d020_public_version.xlsx,RotD50,2,ROTD50_d020
119,Instrument Model,instrument_model,record_processing,3,Updated_NGA_West2_Flatfile_RotD50_d020_public_version.xlsx,RotD50,2,ROTD50_d020
120,PEA Processing Flag,pea_processing_flag,record_processing,3,Updated_NGA_West2_Flatfile_RotD50_d020_public_version.xlsx,RotD50,2,ROTD50_d020
121,Type of Filter,type_of_filter,record_processing,3,Updated_NGA_West2_Flatfile_RotD50_d020_public_version.xlsx,RotD50,2,ROTD50_d020
122,npass,npass,record_processing,3,Updated_NGA_West2_Flatfile_RotD50_d020_public_version.xlsx,RotD50,2,ROTD50_d020
123,nroll,nroll,record_processing,3,Updated_NGA_West2_Flatfile_RotD50_d020_public_version.xlsx,RotD50,2,ROTD50_d020
124,HP-H1 (Hz),hp_h1_hz,record_processing,3,Updated_NGA_West2_Flatfile_RotD50_d020_public_version.xlsx,RotD50,2,ROTD50_d020
125,HP-H2 (Hz),hp_h2_hz,record_processing,3,Updated_NGA_West2_Flatfile_RotD50_d020_public_version.xlsx,RotD50,2,ROTD50_d020
126,LP-H1 (Hz),lp_h1_hz,record_processing,3,Updated_NGA_West2_Flatfile_RotD50_d020_public_version.xlsx,RotD50,2,ROTD50_d020
127,LP-H2 (Hz),lp_h2_hz,record_processing,3,Updated_NGA_West2_Flatfile_RotD50_d020_public_version.xlsx,RotD50,2,ROTD50_d020
128,Factor,factor,record_processing,3,Updated_NGA_West2_Flatfile_RotD50_d020_public_version.xlsx,RotD50,2,ROTD50_d020
129,Lowest Usable Freq - H1 (Hz),lowest_usable_freq_h1_hz,record_processing,3,Updated_NGA_West2_Flatfile_RotD50_d020_public_version.xlsx,RotD50,2,ROTD50_d020
130,Lowest Usable Freq - H2 (H2),lowest_usable_freq_h2_h2,record_processing,3,Updated_NGA_West2_Flatfile_RotD50_d020_public_version.xlsx,RotD50,2,ROTD50_d020
131,Lowest Usable Freq - Ave. Component (Hz),lowest_usable_freq_ave_component_hz,record_processing,3,Updated_NGA_West2_Flatfile_RotD50_d020_public_version.xlsx,RotD50,2,ROTD50_d020
132,PGA (g),pga_g,ground_motion,3,Updated_NGA_West2_Flatfile_RotD50_d020_public_version.xlsx,RotD50,2,ROTD50_d020
133,PGV (cm/sec),pgv_cm_sec,ground_motion,3,Updated_NGA_West2_Flatfile_RotD50_d020_public_version.xlsx,RotD50,2,ROTD50_d020
134,PGD (cm),pgd_cm,ground_motion,3,Updated_NGA_West2_Flatfile_RotD50_d020_public_version.xlsx,RotD50,2,ROTD50_d020
135,T0.010S,t0_010s,ground_motion,3,Updated_NGA_West2_Flatfile_RotD50_d020_public_version.xlsx,RotD50,2,ROTD50_d020
136,T0.020S,t0_020s,ground_motion,3,Updated_NGA_West2_Flatfile_RotD50_d020_public_version.xlsx,RotD50,2,ROTD50_d020
137,T0.022S,t0_022s,ground_motion,3,Updated_NGA_West2_Flatfile_RotD50_d020_public_version.xlsx,RotD50,2,ROTD50_d020
138,T0.025S,t0_025s,ground_motion,3,Updated_NGA_West2_Flatfile_RotD50_d020_public_version.xlsx,RotD50,2,ROTD50_d020
139,T0.029S,t0_029s,ground_motion,3,Updated_NGA_West2_Flatfile_RotD50_d020_public_version.xlsx,RotD50,2,ROTD50_d020
140,T0.030S,t0_030s,ground_motion,3,Updated_NGA_West2_Flatfile_RotD50_d020_public_version.xlsx,RotD50,2,ROTD50_d020
141,T0.032S,t0_032s,ground_motion,3,Updated_NGA_West2_Flatfile_RotD50_d020_public_version.xlsx,RotD50,2,ROTD50_d020
142,T0.035S,t0_035s,ground_motion,3,Updated_NGA_West2_Flatfile_RotD50_d020_public_version.xlsx,RotD50,2,ROTD50_d020
143,T0.036S,t0_036s,ground_motion,3,Updated_NGA_West2_Flatfile_RotD50_d020_public_version.xlsx,RotD50,2,ROTD50_d020
144,T0.040S,t0_040s,ground_motion,3,Updated_NGA_West2_Flatfile_RotD50_d020_public_version.xlsx,RotD50,2,ROTD50_d020
145,T0.042S,t0_042s,ground_motion,3,Updated_NGA_West2_Flatfile_RotD50_d020_public_version.xlsx,RotD50,2,ROTD50_d020
146,T0.044S,t0_044s,ground_motion,3,Updated_NGA_West2_Flatfile_RotD50_d020_public_version.xlsx,RotD50,2,ROTD50_d020
147,T0.045S,t0_045s,ground_motion,3,Updated_NGA_West2_Flatfile_RotD50_d020_public_version.xlsx,RotD50,2,ROTD50_d020
148,T0.046S,t0_046s,ground_motion,3,Updated_NGA_West2_Flatfile_RotD50_d020_public_version.xlsx,RotD50,2,ROTD50_d020
149,T0.048S,t0_048s,ground_motion,3,Updated_NGA_West2_Flatfile_RotD50_d020_public_version.xlsx,RotD50,2,ROTD50_d020
150,T0.050S,t0_050s,ground_motion,3,Updated_NGA_West2_Flatfile_RotD50_d020_public_version.xlsx,RotD50,2,ROTD50_d020
151,T0.055S,t0_055s,ground_motion,3,Updated_NGA_West2_Flatfile_RotD50_d020_public_version.xlsx,RotD50,2,ROTD50_d020
152,T0.060S,t0_060s,ground_motion,3,Updated_NGA_West2_Flatfile_RotD50_d020_public_version.xlsx,RotD50,2,ROTD50_d020
153,T0.065S,t0_065s,ground_motion,3,Updated_NGA_West2_Flatfile_RotD50_d020_public_version.xlsx,RotD50,2,ROTD50_d020
154,T0.067S,t0_067s,ground_motion,3,Updated_NGA_West2_Flatfile_RotD50_d020_public_version.xlsx,RotD50,2,ROTD50_d020
155,T0.070S,t0_070s,ground_motion,3,Updated_NGA_West2_Flatfile_RotD50_d020_public_version.xlsx,RotD50,2,ROTD50_d020
156,T0.075S,t0_075s,ground_motion,3,Updated_NGA_West2_Flatfile_RotD50_d020_public_version.xlsx,RotD50,2,ROTD50_d020
157,T0.080S,t0_080s,ground_motion,3,Updated_NGA_West2_Flatfile_RotD50_d020_public_version.xlsx,RotD50,2,ROTD50_d020
158,T0.085S,t0_085s,ground_motion,3,Updated_NGA_West2_Flatfile_RotD50_d020_public_version.xlsx,RotD50,2,ROTD50_d020
159,T0.090S,t0_090s,ground_motion,3,Updated_NGA_West2_Flatfile_RotD50_d020_public_version.xlsx,RotD50,2,ROTD50_d020
160,T0.095S,t0_095s,ground_motion,3,Updated_NGA_West2_Flatfile_RotD50_d020_public_version.xlsx,RotD50,2,ROTD50_d020
161,T0.100S,t0_100s,ground_motion,3,Updated_NGA_West2_Flatfile_RotD50_d020_public_version.xlsx,RotD50,2,ROTD50_d020
162,T0.110S,t0_110s,ground_motion,3,Updated_NGA_West2_Flatfile_RotD50_d020_public_version.xlsx,RotD50,2,ROTD50_d020
163,T0.120S,t0_120s,ground_motion,3,Updated_NGA_West2_Flatfile_RotD50_d020_public_version.xlsx,RotD50,2,ROTD50_d020
164,T0.130S,t0_130s,ground_motion,3,Updated_NGA_West2_Flatfile_RotD50_d020_public_version.xlsx,RotD50,2,ROTD50_d020
165,T0.133S,t0_133s,ground_motion,3,Updated_NGA_West2_Flatfile_RotD50_d020_public_version.xlsx,RotD50,2,ROTD50_d020
166,T0.140S,t0_140s,ground_motion,3,Updated_NGA_West2_Flatfile_RotD50_d020_public_version.xlsx,RotD50,2,ROTD50_d020
167,T0.150S,t0_150s,ground_motion,3,Updated_NGA_West2_Flatfile_RotD50_d020_public_version.xlsx,RotD50,2,ROTD50_d020
168,T0.160S,t0_160s,ground_motion,3,Updated_NGA_West2_Flatfile_RotD50_d020_public_version.xlsx,RotD50,2,ROTD50_d020
169,T0.170S,t0_170s,ground_motion,3,Updated_NGA_West2_Flatfile_RotD50_d020_public_version.xlsx,RotD50,2,ROTD50_d020
170,T0.180S,t0_180s,ground_motion,3,Updated_NGA_West2_Flatfile_RotD50_d020_public_version.xlsx,RotD50,2,ROTD50_d020
171,T0.190S,t0_190s,ground_motion,3,Updated_NGA_West2_Flatfile_RotD50_d020_public_version.xlsx,RotD50,2,ROTD50_d020
172,T0.200S,t0_200s,ground_motion,3,Updated_NGA_West2_Flatfile_RotD50_d020_public_version.xlsx,RotD50,2,ROTD50_d020
173,T0.220S,t0_220s,ground_motion,3,Updated_NGA_West2_Flatfile_RotD50_d020_public_version.xlsx,RotD50,2,ROTD50_d020
174,T0.240S,t0_240s,ground_motion,3,Updated_NGA_West2_Flatfile_RotD50_d020_public_version.xlsx,RotD50,2,ROTD50_d020
175,T0.250S,t0_250s,ground_motion,3,Updated_NGA_West2_Flatfile_RotD50_d020_public_version.xlsx,RotD50,2,ROTD50_d020
176,T0.260S,t0_260s,ground_motion,3,Updated_NGA_West2_Flatfile_RotD50_d020_public_version.xlsx,RotD50,2,ROTD50_d020
177,T0.280S,t0_280s,ground_motion,3,Updated_NGA_West2_Flatfile_RotD50_d020_public_version.xlsx,RotD50,2,ROTD50_d020
178,T0.290S,t0_290s,ground_motion,3,Updated_NGA_West2_Flatfile_RotD50_d020_public_version.xlsx,RotD50,2,ROTD50_d020
179,T0.300S,t0_300s,ground_motion,3,Updated_NGA_West2_Flatfile_RotD50_d020_public_version.xlsx,RotD50,2,ROTD50_d020
180,T0.320S,t0_320s,ground_motion,3,Updated_NGA_West2_Flatfile_RotD50_d020_public_version.xlsx,RotD50,2,ROTD50_d020
181,T0.340S,t0_340s,ground_motion,3,Updated_NGA_West2_Flatfile_RotD50_d020_public_version.xlsx,RotD50,2,ROTD50_d020
182,T0.350S,t0_350s,ground_motion,3,Updated_NGA_West2_Flatfile_RotD50_d020_public_version.xlsx,RotD50,2,ROTD50_d020
183,T0.360S,t0_360s,ground_motion,3,Updated_NGA_West2_Flatfile_RotD50_d020_public_version.xlsx,RotD50,2,ROTD50_d020
184,T0.380S,t0_380s,ground_motion,3,Updated_NGA_West2_Flatfile_RotD50_d020_public_version.xlsx,RotD50,2,ROTD50_d020
185,T0.400S,t0_400s,ground_motion,3,Updated_NGA_West2_Flatfile_RotD50_d020_public_version.xlsx,RotD50,2,ROTD50_d020
186,T0.420S,t0_420s,ground_motion,3,Updated_NGA_West2_Flatfile_RotD50_d020_public_version.xlsx,RotD50,2,ROTD50_d020
187,T0.440S,t0_440s,ground_motion,3,Updated_NGA_West2_Flatfile_RotD50_d020_public_version.xlsx,RotD50,2,ROTD50_d020
188,T0.450S,t0_450s,ground_motion,3,Updated_NGA_West2_Flatfile_RotD50_d020_public_version.xlsx,RotD50,2,ROTD50_d020
189,T0.460S,t0_460s,ground_motion,3,Updated_NGA_West2_Flatfile_RotD50_d020_public_version.xlsx,RotD50,2,ROTD50_d020
190,T0.480S,t0_480s,ground_motion,3,Updated_NGA_West2_Flatfile_RotD50_d020_public_version.xlsx,RotD50,2,ROTD50_d020
191,T0.500S,t0_500s,ground_motion,3,Updated_NGA_West2_Flatfile_RotD50_d020_public_version.xlsx,RotD50,2,ROTD50_d020
192,T0.550S,t0_550s,ground_motion,3,Updated_NGA_West2_Flatfile_RotD50_d020_public_version.xlsx,RotD50,2,ROTD50_d020
193,T0.600S,t0_600s,ground_motion,3,Updated_NGA_West2_Flatfile_RotD50_d020_public_version.xlsx,RotD50,2,ROTD50_d020
194,T0.650S,t0_650s,ground_motion,3,Updated_NGA_West2_Flatfile_RotD50_d020_public_version.xlsx,RotD50,2,ROTD50_d020
195,T0.667S,t0_667s,ground_motion,3,Updated_NGA_West2_Flatfile_RotD50_d020_public_version.xlsx,RotD50,2,ROTD50_d020
196,T0.700S,t0_700s,ground_motion,3,Updated_NGA_West2_Flatfile_RotD50_d020_public_version.xlsx,RotD50,2,ROTD50_d020
197,T0.750S,t0_750s,ground_motion,3,Updated_NGA_West2_Flatfile_RotD50_d020_public_version.xlsx,RotD50,2,ROTD50_d020
198,T0.800S,t0_800s,ground_motion,3,Updated_NGA_West2_Flatfile_RotD50_d020_public_version.xlsx,RotD50,2,ROTD50_d020
199,T0.850S,t0_850s,ground_motion,3,Updated_NGA_West2_Flatfile_RotD50_d020_public_version.xlsx,RotD50,2,ROTD50_d020
200,T0.900S,t0_900s,ground_motion,3,Updated_NGA_West2_Flatfile_RotD50_d020_public_version.xlsx,RotD50,2,ROTD50_d020
201,T0.950S,t0_950s,ground_motion,3,Updated_NGA_West2_Flatfile_RotD50_d020_public_version.xlsx,RotD50,2,ROTD50_d020
202,T1.000S,t1_000s,ground_motion,3,Updated_NGA_West2_Flatfile_RotD50_d020_public_version.xlsx,RotD50,2,ROTD50_d020
203,T1.100S,t1_100s,ground_motion,3,Updated_NGA_West2_Flatfile_RotD50_d020_public_version.xlsx,RotD50,2,ROTD50_d020
204,T1.200S,t1_200s,ground_motion,3,Updated_NGA_West2_Flatfile_RotD50_d020_public_version.xlsx,RotD50,2,ROTD50_d020
205,T1.300S,t1_300s,ground_motion,3,Updated_NGA_West2_Flatfile_RotD50_d020_public_version.xlsx,RotD50,2,ROTD50_d020
206,T1.400S,t1_400s,ground_motion,3,Updated_NGA_West2_Flatfile_RotD50_d020_public_version.xlsx,RotD50,2,ROTD50_d020
207,T1.500S,t1_500s,ground_motion,3,Updated_NGA_West2_Flatfile_RotD50_d020_public_version.xlsx,RotD50,2,ROTD50_d020
208,T1.600S,t1_600s,ground_motion,3,Updated_NGA_West2_Flatfile_RotD50_d020_public_version.xlsx,RotD50,2,ROTD50_d020
209,T1.700S,t1_700s,ground_motion,3,Updated_NGA_West2_Flatfile_RotD50_d020_public_version.xlsx,RotD50,2,ROTD50_d020
210,T1.800S,t1_800s,ground_motion,3,Updated_NGA_West2_Flatfile_RotD50_d020_public_version.xlsx,RotD50,2,ROTD50_d020
211,T1.900S,t1_900s,ground_motion,3,Updated_NGA_West2_Flatfile_RotD50_d020_public_version.xlsx,RotD50,2,ROTD50_d020
212,T2.000S,t2_000s,ground_motion,3,Updated_NGA_West2_Flatfile_RotD50_d020_public_version.xlsx,RotD50,2,ROTD50_d020
213,T2.200S,t2_200s,ground_motion,3,Updated_NGA_West2_Flatfile_RotD50_d020_public_version.xlsx,RotD50,2,ROTD50_d020
214,T2.400S,t2_400s,ground_motion,3,Updated_NGA_West2_Flatfile_RotD50_d020_public_version.xlsx,RotD50,2,ROTD50_d020
215,T2.500S,t2_500s,ground_motion,3,Updated_NGA_West2_Flatfile_RotD50_d020_public_version.xlsx,RotD50,2,ROTD50_d020
216,T2.600S,t2_600s,ground_motion,3,Updated_NGA_West2_Flatfile_RotD50_d020_public_version.xlsx,RotD50,2,ROTD50_d020
217,T2.800S,t2_800s,ground_motion,3,Updated_NGA_West2_Flatfile_RotD50_d020_public_version.xlsx,RotD50,2,ROTD50_d020
218,T3.000S,t3_000s,ground_motion,3,Updated_NGA_West2_Flatfile_RotD50_d020_public_version.xlsx,RotD50,2,ROTD50_d020
219,T3.200S,t3_200s,ground_motion,3,Updated_NGA_West2_Flatfile_RotD50_d020_public_version.xlsx,RotD50,2,ROTD50_d020
220,T3.400S,t3_400s,ground_motion,3,Updated_NGA_West2_Flatfile_RotD50_d020_public_version.xlsx,RotD50,2,ROTD50_d020
221,T3.500S,t3_500s,ground_motion,3,Updated_NGA_West2_Flatfile_RotD50_d020_public_version.xlsx,RotD50,2,ROTD50_d020
222,T3.600S,t3_600s,ground_motion,3,Updated_NGA_West2_Flatfile_RotD50_d020_public_version.xlsx,RotD50,2,ROTD50_d020
223,T3.800S,t3_800s,ground_motion,3,Updated_NGA_West2_Flatfile_RotD50_d020_public_version.xlsx,RotD50,2,ROTD50_d020
224,T4.000S,t4_000s,ground_motion,3,Updated_NGA_West2_Flatfile_RotD50_d020_public_version.xlsx,RotD50,2,ROTD50_d020
225,T4.200S,t4_200s,ground_motion,3,Updated_NGA_West2_Flatfile_RotD50_d020_public_version.xlsx,RotD50,2,ROTD50_d020
226,T4.400S,t4_400s,ground_motion,3,Updated_NGA_West2_Flatfile_RotD50_d020_public_version.xlsx,RotD50,2,ROTD50_d020
227,T4.600S,t4_600s,ground_motion,3,Updated_NGA_West2_Flatfile_RotD50_d020_public_version.xlsx,RotD50,2,ROTD50_d020
228,T4.800S,t4_800s,ground_motion,3,Updated_NGA_West2_Flatfile_RotD50_d020_public_version.xlsx,RotD50,2,ROTD50_d020
229,T5.000S,t5_000s,ground_motion,3,Updated_NGA_West2_Flatfile_RotD50_d020_public_version.xlsx,RotD50,2,ROTD50_d020
230,T5.500S,t5_500s,ground_motion,3,Updated_NGA_West2_Flatfile_RotD50_d020_public_version.xlsx,RotD50,2,ROTD50_d020
231,T6.000S,t6_000s,ground_motion,3,Updated_NGA_West2_Flatfile_RotD50_d020_public_version.xlsx,RotD50,2,ROTD50_d020
232,T6.500S,t6_500s,ground_motion,3,Updated_NGA_West2_Flatfile_RotD50_d020_public_version.xlsx,RotD50,2,ROTD50_d020
233,T7.000S,t7_000s,ground_motion,3,Updated_NGA_West2_Flatfile_RotD50_d020_public_version.xlsx,RotD50,2,ROTD50_d020
234,T7.500S,t7_500s,ground_motion,3,Updated_NGA_West2_Flatfile_RotD50_d020_public_version.xlsx,RotD50,2,ROTD50_d020
235,T8.000S,t8_000s,ground_motion,3,Updated_NGA_West2_Flatfile_RotD50_d020_public_version.xlsx,RotD50,2,ROTD50_d020
236,T8.500S,t8_500s,ground_motion,3,Updated_NGA_West2_Flatfile_RotD50_d020_public_version.xlsx,RotD50,2,ROTD50_d020
237,T9.000S,t9_000s,ground_motion,3,Updated_NGA_West2_Flatfile_RotD50_d020_public_version.xlsx,RotD50,2,ROTD50_d020
238,T9.500S,t9_500s,ground_motion,3,Updated_NGA_West2_Flatfile_RotD50_d020_public_version.xlsx,RotD50,2,ROTD50_d020
239,T10.000S,t10_000s,ground_motion,3,Updated_NGA_West2_Flatfile_RotD50_d020_public_version.xlsx,RotD50,2,ROTD50_d020
240,T11.000S,t11_000s,ground_motion,3,Updated_NGA_West2_Flatfile_RotD50_d020_public_version.xlsx,RotD50,2,ROTD50_d020
241,T12.000S,t12_000s,ground_motion,3,Updated_NGA_West2_Flatfile_RotD50_d020_public_version.xlsx,RotD50,2,ROTD50_d020
242,T13.000S,t13_000s,ground_motion,3,Updated_NGA_West2_Flatfile_RotD50_d020_public_version.xlsx,RotD50,2,ROTD50_d020
243,T14.000S,t14_000s,ground_motion,3,Updated_NGA_West2_Flatfile_RotD50_d020_public_version.xlsx,RotD50,2,ROTD50_d020
244,T15.000S,t15_000s,ground_motion,3,Updated_NGA_West2_Flatfile_RotD50_d020_public_version.xlsx,RotD50,2,ROTD50_d020
245,T20.000S,t20_000s,ground_motion,3,Updated_NGA_West2_Flatfile_RotD50_d020_public_version.xlsx,RotD50,2,ROTD50_d020
246,Ave Strike (deg),ave_strike_deg,classification_directivity,3,Updated_NGA_West2_Flatfile_RotD50_d020_public_version.xlsx,RotD50,2,ROTD50_d020
247,TYPE(CRjb = 0),type_crjb_0,classification_directivity,3,Updated_NGA_West2_Flatfile_RotD50_d020_public_version.xlsx,RotD50,2,ROTD50_d020
248,CRjb,crjb,classification_directivity,3,Updated_NGA_West2_Flatfile_RotD50_d020_public_version.xlsx,RotD50,2,ROTD50_d020
249,"TYPE
(CRjb = 2)",type_crjb_2,classification_directivity,3,Updated_NGA_West2_Flatfile_RotD50_d020_public_version.xlsx,RotD50,2,ROTD50_d020
250,CRjb,crjb_1,classification_directivity,3,Updated_NGA_West2_Flatfile_RotD50_d020_public_version.xlsx,RotD50,2,ROTD50_d020
251,"TYPE
(CRjb = 5)",type_crjb_5,classification_directivity,3,Updated_NGA_West2_Flatfile_RotD50_d020_public_version.xlsx,RotD50,2,ROTD50_d020
252,CRjb,crjb_2,classification_directivity,3,Updated_NGA_West2_Flatfile_RotD50_d020_public_version.xlsx,RotD50,2,ROTD50_d020
253,"TYPE
(CRjb = 10)",type_crjb_10,classification_directivity,3,Updated_NGA_West2_Flatfile_RotD50_d020_public_version.xlsx,RotD50,2,ROTD50_d020
254,CRjb,crjb_3,classification_directivity,3,Updated_NGA_West2_Flatfile_RotD50_d020_public_version.xlsx,RotD50,2,ROTD50_d020
255,"TYPE
(CRjb = 20)",type_crjb_20,classification_directivity,3,Updated_NGA_West2_Flatfile_RotD50_d020_public_version.xlsx,RotD50,2,ROTD50_d020
256,CRjb,crjb_4,classification_directivity,3,Updated_NGA_West2_Flatfile_RotD50_d020_public_version.xlsx,RotD50,2,ROTD50_d020
257,"TYPE
(CRjb = 40)",type_crjb_40,classification_directivity,3,Updated_NGA_West2_Flatfile_RotD50_d020_public_version.xlsx,RotD50,2,ROTD50_d020
258,CRjb,crjb_5,classification_directivity,3,Updated_NGA_West2_Flatfile_RotD50_d020_public_version.xlsx,RotD50,2,ROTD50_d020
259,U,u,quality,3,Updated_NGA_West2_Flatfile_RotD50_d020_public_version.xlsx,RotD50,2,ROTD50_d020
260,IDPv4,idpv4,quality,3,Updated_NGA_West2_Flatfile_RotD50_d020_public_version.xlsx,RotD50,2,ROTD50_d020
261,XCI,xci,quality,3,Updated_NGA_West2_Flatfile_RotD50_d020_public_version.xlsx,RotD50,2,ROTD50_d020
262,XCI1,xci1,quality,3,Updated_NGA_West2_Flatfile_RotD50_d020_public_version.xlsx,RotD50,2,ROTD50_d020
263,Damping (%),damping_percent,quality,3,Updated_NGA_West2_Flatfile_RotD50_d020_public_version.xlsx,RotD50,2,ROTD50_d020
264,RotD percentile,rotd_percentile,quality,3,Updated_NGA_West2_Flatfile_RotD50_d020_public_version.xlsx,RotD50,2,ROTD50_d020
265,Instrument Nat. Freq.,instrument_nat_freq,quality,3,Updated_NGA_West2_Flatfile_RotD50_d020_public_version.xlsx,RotD50,2,ROTD50_d020
266,Instrument Damping,instrument_damping,quality,3,Updated_NGA_West2_Flatfile_RotD50_d020_public_version.xlsx,RotD50,2,ROTD50_d020
267,Instrument Type,instrument_type,quality,3,Updated_NGA_West2_Flatfile_RotD50_d020_public_version.xlsx,RotD50,2,ROTD50_d020
268,Quality_Flag,quality_flag,quality,3,Updated_NGA_West2_Flatfile_RotD50_d020_public_version.xlsx,RotD50,2,ROTD50_d020
269,Spectra Quality Flag,spectra_quality_flag,quality,3,Updated_NGA_West2_Flatfile_RotD50_d020_public_version.xlsx,RotD50,2,ROTD50_d020
270,Late S-trigger,late_s_trigger,quality,3,Updated_NGA_West2_Flatfile_RotD50_d020_public_version.xlsx,RotD50,2,ROTD50_d020
271,Late P-trigger,late_p_trigger,quality,3,Updated_NGA_West2_Flatfile_RotD50_d020_public_version.xlsx,RotD50,2,ROTD50_d020
272,Idirectivity,idirectivity,quality,3,Updated_NGA_West2_Flatfile_RotD50_d020_public_version.xlsx,RotD50,2,ROTD50_d020
273,Tp,tp,quality,3,Updated_NGA_West2_Flatfile_RotD50_d020_public_version.xlsx,RotD50,2,ROTD50_d020
274,Ry 2,ry_2,quality,3,Updated_NGA_West2_Flatfile_RotD50_d020_public_version.xlsx,RotD50,2,ROTD50_d020
1,Record Sequence Number,record_sequence_number,source,4,Updated_NGA_West2_Flatfile_RotD50_d030_public_version.xlsx,RotD50,3,ROTD50_d030
2,EQID,eqid,source,4,Updated_NGA_West2_Flatfile_RotD50_d030_public_version.xlsx,RotD50,3,ROTD50_d030
3,Earthquake Name,earthquake_name,source,4,Updated_NGA_West2_Flatfile_RotD50_d030_public_version.xlsx,RotD50,3,ROTD50_d030
4,YEAR,year,source,4,Updated_NGA_West2_Flatfile_RotD50_d030_public_version.xlsx,RotD50,3,ROTD50_d030
5,MODY,mody,source,4,Updated_NGA_West2_Flatfile_RotD50_d030_public_version.xlsx,RotD50,3,ROTD50_d030
6,HRMN,hrmn,source,4,Updated_NGA_West2_Flatfile_RotD50_d030_public_version.xlsx,RotD50,3,ROTD50_d030
7,Station Name,station_name,source,4,Updated_NGA_West2_Flatfile_RotD50_d030_public_version.xlsx,RotD50,3,ROTD50_d030
8,Station Sequence Number,station_sequence_number,source,4,Updated_NGA_West2_Flatfile_RotD50_d030_public_version.xlsx,RotD50,3,ROTD50_d030
9,Station ID  No.,station_id_no,source,4,Updated_NGA_West2_Flatfile_RotD50_d030_public_version.xlsx,RotD50,3,ROTD50_d030
10,Earthquake Magnitude,earthquake_magnitude,source,4,Updated_NGA_West2_Flatfile_RotD50_d030_public_version.xlsx,RotD50,3,ROTD50_d030
11,Magnitude Type,magnitude_type,source,4,Updated_NGA_West2_Flatfile_RotD50_d030_public_version.xlsx,RotD50,3,ROTD50_d030
12,Magnitude Uncertainty: Kagan Model,magnitude_uncertainty_kagan_model,source,4,Updated_NGA_West2_Flatfile_RotD50_d030_public_version.xlsx,RotD50,3,ROTD50_d030
13,Magnitude Uncertainty: Statistical,magnitude_uncertainty_statistical,source,4,Updated_NGA_West2_Flatfile_RotD50_d030_public_version.xlsx,RotD50,3,ROTD50_d030
14,Magnitude Sample Size,magnitude_sample_size,source,4,Updated_NGA_West2_Flatfile_RotD50_d030_public_version.xlsx,RotD50,3,ROTD50_d030
15,Magnitude Uncertainty: Study Class,magnitude_uncertainty_study_class,source,4,Updated_NGA_West2_Flatfile_RotD50_d030_public_version.xlsx,RotD50,3,ROTD50_d030
16,Mo (dyne.cm),mo_dyne_cm,source,4,Updated_NGA_West2_Flatfile_RotD50_d030_public_version.xlsx,RotD50,3,ROTD50_d030
17,Strike (deg),strike_deg,source,4,Updated_NGA_West2_Flatfile_RotD50_d030_public_version.xlsx,RotD50,3,ROTD50_d030
18,Dip (deg),dip_deg,source,4,Updated_NGA_West2_Flatfile_RotD50_d030_public_version.xlsx,RotD50,3,ROTD50_d030
19,Rake Angle (deg),rake_angle_deg,source,4,Updated_NGA_West2_Flatfile_RotD50_d030_public_version.xlsx,RotD50,3,ROTD50_d030
20,Mechanism Based on Rake Angle,mechanism_based_on_rake_angle,source,4,Updated_NGA_West2_Flatfile_RotD50_d030_public_version.xlsx,RotD50,3,ROTD50_d030
21,P-plunge (deg),p_plunge_deg,source,4,Updated_NGA_West2_Flatfile_RotD50_d030_public_version.xlsx,RotD50,3,ROTD50_d030
22,P-trend (deg),p_trend_deg,source,4,Updated_NGA_West2_Flatfile_RotD50_d030_public_version.xlsx,RotD50,3,ROTD50_d030
23,T-plunge (deg),t_plunge_deg,source,4,Updated_NGA_West2_Flatfile_RotD50_d030_public_version.xlsx,RotD50,3,ROTD50_d030
24,T-trend (deg),t_trend_deg,source,4,Updated_NGA_West2_Flatfile_RotD50_d030_public_version.xlsx,RotD50,3,ROTD50_d030
25,Hypocenter Latitude (deg),hypocenter_latitude_deg,source,4,Updated_NGA_West2_Flatfile_RotD50_d030_public_version.xlsx,RotD50,3,ROTD50_d030
26,Hypocenter Longitude (deg),hypocenter_longitude_deg,source,4,Updated_NGA_West2_Flatfile_RotD50_d030_public_version.xlsx,RotD50,3,ROTD50_d030
27,Hypocenter Depth (km),hypocenter_depth_km,source,4,Updated_NGA_West2_Flatfile_RotD50_d030_public_version.xlsx,RotD50,3,ROTD50_d030
28,Coseismic Surface Rupture: 1=Yes; 0=No;    -999=Unknown,coseismic_surface_rupture_1_yes_0_no_999_unknown,source,4,Updated_NGA_West2_Flatfile_RotD50_d030_public_version.xlsx,RotD50,3,ROTD50_d030
29,Coseismic Surface Rupture (Including Inferred),coseismic_surface_rupture_including_inferred,source,4,Updated_NGA_West2_Flatfile_RotD50_d030_public_version.xlsx,RotD50,3,ROTD50_d030
30,Basis for Inference of Surface Rupture,basis_for_inference_of_surface_rupture,source,4,Updated_NGA_West2_Flatfile_RotD50_d030_public_version.xlsx,RotD50,3,ROTD50_d030
31,Finite Rupture Model: 1=Yes;  0=No,finite_rupture_model_1_yes_0_no,source,4,Updated_NGA_West2_Flatfile_RotD50_d030_public_version.xlsx,RotD50,3,ROTD50_d030
32,Depth to Top Of Fault Rupture Model,depth_to_top_of_fault_rupture_model,source,4,Updated_NGA_West2_Flatfile_RotD50_d030_public_version.xlsx,RotD50,3,ROTD50_d030
33,Fault Rupture Length for Calculation of Ry (km),fault_rupture_length_for_calculation_of_ry_km,source,4,Updated_NGA_West2_Flatfile_RotD50_d030_public_version.xlsx,RotD50,3,ROTD50_d030
34,Fault Rupture Width (km),fault_rupture_width_km,source,4,Updated_NGA_West2_Flatfile_RotD50_d030_public_version.xlsx,RotD50,3,ROTD50_d030
35,Fault Rupture Area (km^2),fault_rupture_area_km_2,source,4,Updated_NGA_West2_Flatfile_RotD50_d030_public_version.xlsx,RotD50,3,ROTD50_d030
36,Avg Fault Disp (cm),avg_fault_disp_cm,source,4,Updated_NGA_West2_Flatfile_RotD50_d030_public_version.xlsx,RotD50,3,ROTD50_d030
37,Rise Time (s),rise_time_s,source,4,Updated_NGA_West2_Flatfile_RotD50_d030_public_version.xlsx,RotD50,3,ROTD50_d030
38,Avg Slip Velocity (cm/s),avg_slip_velocity_cm_s,source,4,Updated_NGA_West2_Flatfile_RotD50_d030_public_version.xlsx,RotD50,3,ROTD50_d030
39,Static Stress Drop (bars),static_stress_drop_bars,source,4,Updated_NGA_West2_Flatfile_RotD50_d030_public_version.xlsx,RotD50,3,ROTD50_d030
40,Preferred Rupture Velocity (km/s),preferred_rupture_velocity_km_s,source,4,Updated_NGA_West2_Flatfile_RotD50_d030_public_version.xlsx,RotD50,3,ROTD50_d030
41,Average Vr/Vs,average_vr_vs,source,4,Updated_NGA_West2_Flatfile_RotD50_d030_public_version.xlsx,RotD50,3,ROTD50_d030
42,Percent of Moment Release in the Top 5 Km of Crust,percent_of_moment_release_in_the_top_5_km_of_crust,source,4,Updated_NGA_West2_Flatfile_RotD50_d030_public_version.xlsx,RotD50,3,ROTD50_d030
43,Existence of Shallow Asperity: 0=No; 1=Yes,existence_of_shallow_asperity_0_no_1_yes,source,4,Updated_NGA_West2_Flatfile_RotD50_d030_public_version.xlsx,RotD50,3,ROTD50_d030
44,Depth to Top of Shallowest Asperity (km),depth_to_top_of_shallowest_asperity_km,source,4,Updated_NGA_West2_Flatfile_RotD50_d030_public_version.xlsx,RotD50,3,ROTD50_d030
45,Earthquake in Extensional Regime: 1=Yes; 0=No,earthquake_in_extensional_regime_1_yes_0_no,source,4,Updated_NGA_West2_Flatfile_RotD50_d030_public_version.xlsx,RotD50,3,ROTD50_d030
46,Fault Name,fault_name,source,4,Updated_NGA_West2_Flatfile_RotD50_d030_public_version.xlsx,RotD50,3,ROTD50_d030
47,Slip Rate (mm/Yr),slip_rate_mm_yr,source,4,Updated_NGA_West2_Flatfile_RotD50_d030_public_version.xlsx,RotD50,3,ROTD50_d030
48,EpiD (km),epid_km,path,4,Updated_NGA_West2_Flatfile_RotD50_d030_public_version.xlsx,RotD50,3,ROTD50_d030
49,HypD (km),hypd_km,path,4,Updated_NGA_West2_Flatfile_RotD50_d030_public_version.xlsx,RotD50,3,ROTD50_d030
50,Joyner-Boore Dist. (km),joyner_boore_dist_km,path,4,Updated_NGA_West2_Flatfile_RotD50_d030_public_version.xlsx,RotD50,3,ROTD50_d030
51,Campbell R Dist. (km),campbell_r_dist_km,path,4,Updated_NGA_West2_Flatfile_RotD50_d030_public_version.xlsx,RotD50,3,ROTD50_d030
52,RmsD (km),rmsd_km,path,4,Updated_NGA_West2_Flatfile_RotD50_d030_public_version.xlsx,RotD50,3,ROTD50_d030
53,ClstD (km),clstd_km,path,4,Updated_NGA_West2_Flatfile_RotD50_d030_public_version.xlsx,RotD50,3,ROTD50_d030
54,Rx,rx,path,4,Updated_NGA_West2_Flatfile_RotD50_d030_public_version.xlsx,RotD50,3,ROTD50_d030
55,FW/HW Indicator,fw_hw_indicator,path,4,Updated_NGA_West2_Flatfile_RotD50_d030_public_version.xlsx,RotD50,3,ROTD50_d030
56,Source to Site Azimuth (deg),source_to_site_azimuth_deg,path,4,Updated_NGA_West2_Flatfile_RotD50_d030_public_version.xlsx,RotD50,3,ROTD50_d030
57,X,x,path,4,Updated_NGA_West2_Flatfile_RotD50_d030_public_version.xlsx,RotD50,3,ROTD50_d030
58,Theta.D (deg),theta_d_deg,path,4,Updated_NGA_West2_Flatfile_RotD50_d030_public_version.xlsx,RotD50,3,ROTD50_d030
59,SSGA (Strike Slip),ssga_strike_slip,path,4,Updated_NGA_West2_Flatfile_RotD50_d030_public_version.xlsx,RotD50,3,ROTD50_d030
60,Y,y,path,4,Updated_NGA_West2_Flatfile_RotD50_d030_public_version.xlsx,RotD50,3,ROTD50_d030
61,Phi.D (deg),phi_d_deg,path,4,Updated_NGA_West2_Flatfile_RotD50_d030_public_version.xlsx,RotD50,3,ROTD50_d030
62,SSGA (Dip Slip),ssga_dip_slip,path,4,Updated_NGA_West2_Flatfile_RotD50_d030_public_version.xlsx,RotD50,3,ROTD50_d030
63,s,s,path,4,Updated_NGA_West2_Flatfile_RotD50_d030_public_version.xlsx,RotD50,3,ROTD50_d030
64,d,d,path,4,Updated_NGA_West2_Flatfile_RotD50_d030_public_version.xlsx,RotD50,3,ROTD50_d030
65,ctildepr,ctildepr,path,4,Updated_NGA_West2_Flatfile_RotD50_d030_public_version.xlsx,RotD50,3,ROTD50_d030
66,Unused Column,unused_column,path,4,Updated_NGA_West2_Flatfile_RotD50_d030_public_version.xlsx,RotD50,3,ROTD50_d030
67,D,d_1,path,4,Updated_NGA_West2_Flatfile_RotD50_d030_public_version.xlsx,RotD50,3,ROTD50_d030
68,Rfn.Hyp,rfn_hyp,path,4,Updated_NGA_West2_Flatfile_RotD50_d030_public_version.xlsx,RotD50,3,ROTD50_d030
69,Rfp.Hyp,rfp_hyp,path,4,Updated_NGA_West2_Flatfile_RotD50_d030_public_version.xlsx,RotD50,3,ROTD50_d030
70,Unused Column,unused_column_1,path,4,Updated_NGA_West2_Flatfile_RotD50_d030_public_version.xlsx,RotD50,3,ROTD50_d030
71,Unused Column,unused_column_2,path,4,Updated_NGA_West2_Flatfile_RotD50_d030_public_version.xlsx,RotD50,3,ROTD50_d030
72,Unused Column,unused_column_3,path,4,Updated_NGA_West2_Flatfile_RotD50_d030_public_version.xlsx,RotD50,3,ROTD50_d030
73,T,t,path,4,Updated_NGA_West2_Flatfile_RotD50_d030_public_version.xlsx,RotD50,3,ROTD50_d030
74,GMX's C1,gmx_s_c1,site,4,Updated_NGA_West2_Flatfile_RotD50_d030_public_version.xlsx,RotD50,3,ROTD50_d030
75,GMX's C2,gmx_s_c2,site,4,Updated_NGA_West2_Flatfile_RotD50_d030_public_version.xlsx,RotD50,3,ROTD50_d030
76,GMX's C3,gmx_s_c3,site,4,Updated_NGA_West2_Flatfile_RotD50_d030_public_version.xlsx,RotD50,3,ROTD50_d030
77,Campbell's GEOCODE,campbell_s_geocode,site,4,Updated_NGA_West2_Flatfile_RotD50_d030_public_version.xlsx,RotD50,3,ROTD50_d030
78,Bray and Rodriguez-Marek SGS,bray_and_rodriguez_marek_sgs,site,4,Updated_NGA_West2_Flatfile_RotD50_d030_public_version.xlsx,RotD50,3,ROTD50_d030
79,Depth,depth,site,4,Updated_NGA_West2_Flatfile_RotD50_d030_public_version.xlsx,RotD50,3,ROTD50_d030
80,Preferred NEHRP Based on Vs30,preferred_nehrp_based_on_vs30,site,4,Updated_NGA_West2_Flatfile_RotD50_d030_public_version.xlsx,RotD50,3,ROTD50_d030
81,Vs30 (m/s) selected for analysis,vs30_m_s_selected_for_analysis,site,4,Updated_NGA_West2_Flatfile_RotD50_d030_public_version.xlsx,RotD50,3,ROTD50_d030
82,Column Not Used,column_not_used,site,4,Updated_NGA_West2_Flatfile_RotD50_d030_public_version.xlsx,RotD50,3,ROTD50_d030
83,Measured/Inferred Class,measured_inferred_class,site,4,Updated_NGA_West2_Flatfile_RotD50_d030_public_version.xlsx,RotD50,3,ROTD50_d030
84,Sigma of Vs30 (in natural log Units),sigma_of_vs30_in_natural_log_units,site,4,Updated_NGA_West2_Flatfile_RotD50_d030_public_version.xlsx,RotD50,3,ROTD50_d030
85,NEHRP Classification from CGS's Site Condition Map,nehrp_classification_from_cgs_s_site_condition_map,site,4,Updated_NGA_West2_Flatfile_RotD50_d030_public_version.xlsx,RotD50,3,ROTD50_d030
86,Geological Unit,geological_unit,site,4,Updated_NGA_West2_Flatfile_RotD50_d030_public_version.xlsx,RotD50,3,ROTD50_d030
87,Geology,geology,site,4,Updated_NGA_West2_Flatfile_RotD50_d030_public_version.xlsx,RotD50,3,ROTD50_d030
88,Owner,owner,site,4,Updated_NGA_West2_Flatfile_RotD50_d030_public_version.xlsx,RotD50,3,ROTD50_d030
89,Station Latitude,station_latitude,site,4,Updated_NGA_West2_Flatfile_RotD50_d030_public_version.xlsx,RotD50,3,ROTD50_d030
90,Station Longitude,station_longitude,site,4,Updated_NGA_West2_Flatfile_RotD50_d030_public_version.xlsx,RotD50,3,ROTD50_d030
91,STORIES,stories,site,4,Updated_NGA_West2_Flatfile_RotD50_d030_public_version.xlsx,RotD50,3,ROTD50_d030
92,INSTLOC,instloc,site,4,Updated_NGA_West2_Flatfile_RotD50_d030_public_version.xlsx,RotD50,3,ROTD50_d030
93,Depth to Basement Rock,depth_to_basement_rock,site,4,Updated_NGA_West2_Flatfile_RotD50_d030_public_version.xlsx,RotD50,3,ROTD50_d030
94,Site Visited,site_visited,site,4,Updated_NGA_West2_Flatfile_RotD50_d030_public_version.xlsx,RotD50,3,ROTD50_d030
95,NGA Type,nga_type,site,4,Updated_NGA_West2_Flatfile_RotD50_d030_public_version.xlsx,RotD50,3,ROTD50_d030
96,Age,age,site,4,Updated_NGA_West2_Flatfile_RotD50_d030_public_version.xlsx,RotD50,3,ROTD50_d030
97,Grain Size,grain_size,site,4,Updated_NGA_West2_Flatfile_RotD50_d030_public_version.xlsx,RotD50,3,ROTD50_d030
98,Depositional History,depositional_history,site,4,Updated_NGA_West2_Flatfile_RotD50_d030_public_version.xlsx,RotD50,3,ROTD50_d030
99,Northern CA/Southern CA - H11 Z1 (m),northern_ca_southern_ca_h11_z1_m,site,4,Updated_NGA_West2_Flatfile_RotD50_d030_public_version.xlsx,RotD50,3,ROTD50_d030
100,Northern CA/Southern CA - H11 Z1.5 (m),northern_ca_southern_ca_h11_z1_5_m,site,4,Updated_NGA_West2_Flatfile_RotD50_d030_public_version.xlsx,RotD50,3,ROTD50_d030
101,Northern CA/Southern CA - H11 Z2.5 (m),northern_ca_southern_ca_h11_z2_5_m,site,4,Updated_NGA_West2_Flatfile_RotD50_d030_public_version.xlsx,RotD50,3,ROTD50_d030
102,Northern CA/Southern CA - S4 Z1 (m),northern_ca_southern_ca_s4_z1_m,site,4,Updated_NGA_West2_Flatfile_RotD50_d030_public_version.xlsx,RotD50,3,ROTD50_d030
103,Northern CA/Southern CA - S4 Z1.5 (m),northern_ca_southern_ca_s4_z1_5_m,site,4,Updated_NGA_West2_Flatfile_RotD50_d030_public_version.xlsx,RotD50,3,ROTD50_d030
104,Northern CA/Southern CA - S4 Z2.5 (m),northern_ca_southern_ca_s4_z2_5_m,site,4,Updated_NGA_West2_Flatfile_RotD50_d030_public_version.xlsx,RotD50,3,ROTD50_d030
105,Depth to Franciscan Rock (km),depth_to_franciscan_rock_km,site,4,Updated_NGA_West2_Flatfile_RotD50_d030_public_version.xlsx,RotD50,3,ROTD50_d030
106,Basin,basin,site,4,Updated_NGA_West2_Flatfile_RotD50_d030_public_version.xlsx,RotD50,3,ROTD50_d030
107,h (m),h_m,site,4,Updated_NGA_West2_Flatfile_RotD50_d030_public_version.xlsx,RotD50,3,ROTD50_d030
108,hnorm (m),hnorm_m,site,4,Updated_NGA_West2_Flatfile_RotD50_d030_public_version.xlsx,RotD50,3,ROTD50_d030
109,Rsbe (m),rsbe_m,site,4,Updated_NGA_West2_Flatfile_RotD50_d030_public_version.xlsx,RotD50,3,ROTD50_d030
110,Rcebe (m),rcebe_m,site,4,Updated_NGA_West2_Flatfile_RotD50_d030_public_version.xlsx,RotD50,3,ROTD50_d030
111,Rebe (m),rebe_m,site,4,Updated_NGA_West2_Flatfile_RotD50_d030_public_version.xlsx,RotD50,3,ROTD50_d030
112,Rsbe1 (m),rsbe1_m,site,4,Updated_NGA_West2_Flatfile_RotD50_d030_public_version.xlsx,RotD50,3,ROTD50_d030
113,File Name (Horizontal 1),file_name_horizontal_1,record_processing,4,Updated_NGA_West2_Flatfile_RotD50_d030_public_version.xlsx,RotD50,3,ROTD50_d030
114,File Name (Horizontal 2),file_name_horizontal_2,record_processing,4,Updated_NGA_West2_Flatfile_RotD50_d030_public_version.xlsx,RotD50,3,ROTD50_d030
115,File Name (Vertical),file_name_vertical,record_processing,4,Updated_NGA_West2_Flatfile_RotD50_d030_public_version.xlsx,RotD50,3,ROTD50_d030
116,H1 azimth (degrees),h1_azimth_degrees,record_processing,4,Updated_NGA_West2_Flatfile_RotD50_d030_public_version.xlsx,RotD50,3,ROTD50_d030
117,H2 azimith (degrees),h2_azimith_degrees,record_processing,4,Updated_NGA_West2_Flatfile_RotD50_d030_public_version.xlsx,RotD50,3,ROTD50_d030
118,Type of Recording,type_of_recording,record_processing,4,Updated_NGA_West2_Flatfile_RotD50_d030_public_version.xlsx,RotD50,3,ROTD50_d030
119,Instrument Model,instrument_model,record_processing,4,Updated_NGA_West2_Flatfile_RotD50_d030_public_version.xlsx,RotD50,3,ROTD50_d030
120,PEA Processing Flag,pea_processing_flag,record_processing,4,Updated_NGA_West2_Flatfile_RotD50_d030_public_version.xlsx,RotD50,3,ROTD50_d030
121,Type of Filter,type_of_filter,record_processing,4,Updated_NGA_West2_Flatfile_RotD50_d030_public_version.xlsx,RotD50,3,ROTD50_d030
122,npass,npass,record_processing,4,Updated_NGA_West2_Flatfile_RotD50_d030_public_version.xlsx,RotD50,3,ROTD50_d030
123,nroll,nroll,record_processing,4,Updated_NGA_West2_Flatfile_RotD50_d030_public_version.xlsx,RotD50,3,ROTD50_d030
124,HP-H1 (Hz),hp_h1_hz,record_processing,4,Updated_NGA_West2_Flatfile_RotD50_d030_public_version.xlsx,RotD50,3,ROTD50_d030
125,HP-H2 (Hz),hp_h2_hz,record_processing,4,Updated_NGA_West2_Flatfile_RotD50_d030_public_version.xlsx,RotD50,3,ROTD50_d030
126,LP-H1 (Hz),lp_h1_hz,record_processing,4,Updated_NGA_West2_Flatfile_RotD50_d030_public_version.xlsx,RotD50,3,ROTD50_d030
127,LP-H2 (Hz),lp_h2_hz,record_processing,4,Updated_NGA_West2_Flatfile_RotD50_d030_public_version.xlsx,RotD50,3,ROTD50_d030
128,Factor,factor,record_processing,4,Updated_NGA_West2_Flatfile_RotD50_d030_public_version.xlsx,RotD50,3,ROTD50_d030
129,Lowest Usable Freq - H1 (Hz),lowest_usable_freq_h1_hz,record_processing,4,Updated_NGA_West2_Flatfile_RotD50_d030_public_version.xlsx,RotD50,3,ROTD50_d030
130,Lowest Usable Freq - H2 (H2),lowest_usable_freq_h2_h2,record_processing,4,Updated_NGA_West2_Flatfile_RotD50_d030_public_version.xlsx,RotD50,3,ROTD50_d030
131,Lowest Usable Freq - Ave. Component (Hz),lowest_usable_freq_ave_component_hz,record_processing,4,Updated_NGA_West2_Flatfile_RotD50_d030_public_version.xlsx,RotD50,3,ROTD50_d030
132,PGA (g),pga_g,ground_motion,4,Updated_NGA_West2_Flatfile_RotD50_d030_public_version.xlsx,RotD50,3,ROTD50_d030
133,PGV (cm/sec),pgv_cm_sec,ground_motion,4,Updated_NGA_West2_Flatfile_RotD50_d030_public_version.xlsx,RotD50,3,ROTD50_d030
134,PGD (cm),pgd_cm,ground_motion,4,Updated_NGA_West2_Flatfile_RotD50_d030_public_version.xlsx,RotD50,3,ROTD50_d030
135,T0.010S,t0_010s,ground_motion,4,Updated_NGA_West2_Flatfile_RotD50_d030_public_version.xlsx,RotD50,3,ROTD50_d030
136,T0.020S,t0_020s,ground_motion,4,Updated_NGA_West2_Flatfile_RotD50_d030_public_version.xlsx,RotD50,3,ROTD50_d030
137,T0.022S,t0_022s,ground_motion,4,Updated_NGA_West2_Flatfile_RotD50_d030_public_version.xlsx,RotD50,3,ROTD50_d030
138,T0.025S,t0_025s,ground_motion,4,Updated_NGA_West2_Flatfile_RotD50_d030_public_version.xlsx,RotD50,3,ROTD50_d030
139,T0.029S,t0_029s,ground_motion,4,Updated_NGA_West2_Flatfile_RotD50_d030_public_version.xlsx,RotD50,3,ROTD50_d030
140,T0.030S,t0_030s,ground_motion,4,Updated_NGA_West2_Flatfile_RotD50_d030_public_version.xlsx,RotD50,3,ROTD50_d030
141,T0.032S,t0_032s,ground_motion,4,Updated_NGA_West2_Flatfile_RotD50_d030_public_version.xlsx,RotD50,3,ROTD50_d030
142,T0.035S,t0_035s,ground_motion,4,Updated_NGA_West2_Flatfile_RotD50_d030_public_version.xlsx,RotD50,3,ROTD50_d030
143,T0.036S,t0_036s,ground_motion,4,Updated_NGA_West2_Flatfile_RotD50_d030_public_version.xlsx,RotD50,3,ROTD50_d030
144,T0.040S,t0_040s,ground_motion,4,Updated_NGA_West2_Flatfile_RotD50_d030_public_version.xlsx,RotD50,3,ROTD50_d030
145,T0.042S,t0_042s,ground_motion,4,Updated_NGA_West2_Flatfile_RotD50_d030_public_version.xlsx,RotD50,3,ROTD50_d030
146,T0.044S,t0_044s,ground_motion,4,Updated_NGA_West2_Flatfile_RotD50_d030_public_version.xlsx,RotD50,3,ROTD50_d030
147,T0.045S,t0_045s,ground_motion,4,Updated_NGA_West2_Flatfile_RotD50_d030_public_version.xlsx,RotD50,3,ROTD50_d030
148,T0.046S,t0_046s,ground_motion,4,Updated_NGA_West2_Flatfile_RotD50_d030_public_version.xlsx,RotD50,3,ROTD50_d030
149,T0.048S,t0_048s,ground_motion,4,Updated_NGA_West2_Flatfile_RotD50_d030_public_version.xlsx,RotD50,3,ROTD50_d030
150,T0.050S,t0_050s,ground_motion,4,Updated_NGA_West2_Flatfile_RotD50_d030_public_version.xlsx,RotD50,3,ROTD50_d030
151,T0.055S,t0_055s,ground_motion,4,Updated_NGA_West2_Flatfile_RotD50_d030_public_version.xlsx,RotD50,3,ROTD50_d030
152,T0.060S,t0_060s,ground_motion,4,Updated_NGA_West2_Flatfile_RotD50_d030_public_version.xlsx,RotD50,3,ROTD50_d030
153,T0.065S,t0_065s,ground_motion,4,Updated_NGA_West2_Flatfile_RotD50_d030_public_version.xlsx,RotD50,3,ROTD50_d030
154,T0.067S,t0_067s,ground_motion,4,Updated_NGA_West2_Flatfile_RotD50_d030_public_version.xlsx,RotD50,3,ROTD50_d030
155,T0.070S,t0_070s,ground_motion,4,Updated_NGA_West2_Flatfile_RotD50_d030_public_version.xlsx,RotD50,3,ROTD50_d030
156,T0.075S,t0_075s,ground_motion,4,Updated_NGA_West2_Flatfile_RotD50_d030_public_version.xlsx,RotD50,3,ROTD50_d030
157,T0.080S,t0_080s,ground_motion,4,Updated_NGA_West2_Flatfile_RotD50_d030_public_version.xlsx,RotD50,3,ROTD50_d030
158,T0.085S,t0_085s,ground_motion,4,Updated_NGA_West2_Flatfile_RotD50_d030_public_version.xlsx,RotD50,3,ROTD50_d030
159,T0.090S,t0_090s,ground_motion,4,Updated_NGA_West2_Flatfile_RotD50_d030_public_version.xlsx,RotD50,3,ROTD50_d030
160,T0.095S,t0_095s,ground_motion,4,Updated_NGA_West2_Flatfile_RotD50_d030_public_version.xlsx,RotD50,3,ROTD50_d030
161,T0.100S,t0_100s,ground_motion,4,Updated_NGA_West2_Flatfile_RotD50_d030_public_version.xlsx,RotD50,3,ROTD50_d030
162,T0.110S,t0_110s,ground_motion,4,Updated_NGA_West2_Flatfile_RotD50_d030_public_version.xlsx,RotD50,3,ROTD50_d030
163,T0.120S,t0_120s,ground_motion,4,Updated_NGA_West2_Flatfile_RotD50_d030_public_version.xlsx,RotD50,3,ROTD50_d030
164,T0.130S,t0_130s,ground_motion,4,Updated_NGA_West2_Flatfile_RotD50_d030_public_version.xlsx,RotD50,3,ROTD50_d030
165,T0.133S,t0_133s,ground_motion,4,Updated_NGA_West2_Flatfile_RotD50_d030_public_version.xlsx,RotD50,3,ROTD50_d030
166,T0.140S,t0_140s,ground_motion,4,Updated_NGA_West2_Flatfile_RotD50_d030_public_version.xlsx,RotD50,3,ROTD50_d030
167,T0.150S,t0_150s,ground_motion,4,Updated_NGA_West2_Flatfile_RotD50_d030_public_version.xlsx,RotD50,3,ROTD50_d030
168,T0.160S,t0_160s,ground_motion,4,Updated_NGA_West2_Flatfile_RotD50_d030_public_version.xlsx,RotD50,3,ROTD50_d030
169,T0.170S,t0_170s,ground_motion,4,Updated_NGA_West2_Flatfile_RotD50_d030_public_version.xlsx,RotD50,3,ROTD50_d030
170,T0.180S,t0_180s,ground_motion,4,Updated_NGA_West2_Flatfile_RotD50_d030_public_version.xlsx,RotD50,3,ROTD50_d030
171,T0.190S,t0_190s,ground_motion,4,Updated_NGA_West2_Flatfile_RotD50_d030_public_version.xlsx,RotD50,3,ROTD50_d030
172,T0.200S,t0_200s,ground_motion,4,Updated_NGA_West2_Flatfile_RotD50_d030_public_version.xlsx,RotD50,3,ROTD50_d030
173,T0.220S,t0_220s,ground_motion,4,Updated_NGA_West2_Flatfile_RotD50_d030_public_version.xlsx,RotD50,3,ROTD50_d030
174,T0.240S,t0_240s,ground_motion,4,Updated_NGA_West2_Flatfile_RotD50_d030_public_version.xlsx,RotD50,3,ROTD50_d030
175,T0.250S,t0_250s,ground_motion,4,Updated_NGA_West2_Flatfile_RotD50_d030_public_version.xlsx,RotD50,3,ROTD50_d030
176,T0.260S,t0_260s,ground_motion,4,Updated_NGA_West2_Flatfile_RotD50_d030_public_version.xlsx,RotD50,3,ROTD50_d030
177,T0.280S,t0_280s,ground_motion,4,Updated_NGA_West2_Flatfile_RotD50_d030_public_version.xlsx,RotD50,3,ROTD50_d030
178,T0.290S,t0_290s,ground_motion,4,Updated_NGA_West2_Flatfile_RotD50_d030_public_version.xlsx,RotD50,3,ROTD50_d030
179,T0.300S,t0_300s,ground_motion,4,Updated_NGA_West2_Flatfile_RotD50_d030_public_version.xlsx,RotD50,3,ROTD50_d030
180,T0.320S,t0_320s,ground_motion,4,Updated_NGA_West2_Flatfile_RotD50_d030_public_version.xlsx,RotD50,3,ROTD50_d030
181,T0.340S,t0_340s,ground_motion,4,Updated_NGA_West2_Flatfile_RotD50_d030_public_version.xlsx,RotD50,3,ROTD50_d030
182,T0.350S,t0_350s,ground_motion,4,Updated_NGA_West2_Flatfile_RotD50_d030_public_version.xlsx,RotD50,3,ROTD50_d030
183,T0.360S,t0_360s,ground_motion,4,Updated_NGA_West2_Flatfile_RotD50_d030_public_version.xlsx,RotD50,3,ROTD50_d030
184,T0.380S,t0_380s,ground_motion,4,Updated_NGA_West2_Flatfile_RotD50_d030_public_version.xlsx,RotD50,3,ROTD50_d030
185,T0.400S,t0_400s,ground_motion,4,Updated_NGA_West2_Flatfile_RotD50_d030_public_version.xlsx,RotD50,3,ROTD50_d030
186,T0.420S,t0_420s,ground_motion,4,Updated_NGA_West2_Flatfile_RotD50_d030_public_version.xlsx,RotD50,3,ROTD50_d030
187,T0.440S,t0_440s,ground_motion,4,Updated_NGA_West2_Flatfile_RotD50_d030_public_version.xlsx,RotD50,3,ROTD50_d030
188,T0.450S,t0_450s,ground_motion,4,Updated_NGA_West2_Flatfile_RotD50_d030_public_version.xlsx,RotD50,3,ROTD50_d030
189,T0.460S,t0_460s,ground_motion,4,Updated_NGA_West2_Flatfile_RotD50_d030_public_version.xlsx,RotD50,3,ROTD50_d030
190,T0.480S,t0_480s,ground_motion,4,Updated_NGA_West2_Flatfile_RotD50_d030_public_version.xlsx,RotD50,3,ROTD50_d030
191,T0.500S,t0_500s,ground_motion,4,Updated_NGA_West2_Flatfile_RotD50_d030_public_version.xlsx,RotD50,3,ROTD50_d030
192,T0.550S,t0_550s,ground_motion,4,Updated_NGA_West2_Flatfile_RotD50_d030_public_version.xlsx,RotD50,3,ROTD50_d030
193,T0.600S,t0_600s,ground_motion,4,Updated_NGA_West2_Flatfile_RotD50_d030_public_version.xlsx,RotD50,3,ROTD50_d030
194,T0.650S,t0_650s,ground_motion,4,Updated_NGA_West2_Flatfile_RotD50_d030_public_version.xlsx,RotD50,3,ROTD50_d030
195,T0.667S,t0_667s,ground_motion,4,Updated_NGA_West2_Flatfile_RotD50_d030_public_version.xlsx,RotD50,3,ROTD50_d030
196,T0.700S,t0_700s,ground_motion,4,Updated_NGA_West2_Flatfile_RotD50_d030_public_version.xlsx,RotD50,3,ROTD50_d030
197,T0.750S,t0_750s,ground_motion,4,Updated_NGA_West2_Flatfile_RotD50_d030_public_version.xlsx,RotD50,3,ROTD50_d030
198,T0.800S,t0_800s,ground_motion,4,Updated_NGA_West2_Flatfile_RotD50_d030_public_version.xlsx,RotD50,3,ROTD50_d030
199,T0.850S,t0_850s,ground_motion,4,Updated_NGA_West2_Flatfile_RotD50_d030_public_version.xlsx,RotD50,3,ROTD50_d030
200,T0.900S,t0_900s,ground_motion,4,Updated_NGA_West2_Flatfile_RotD50_d030_public_version.xlsx,RotD50,3,ROTD50_d030
201,T0.950S,t0_950s,ground_motion,4,Updated_NGA_West2_Flatfile_RotD50_d030_public_version.xlsx,RotD50,3,ROTD50_d030
202,T1.000S,t1_000s,ground_motion,4,Updated_NGA_West2_Flatfile_RotD50_d030_public_version.xlsx,RotD50,3,ROTD50_d030
203,T1.100S,t1_100s,ground_motion,4,Updated_NGA_West2_Flatfile_RotD50_d030_public_version.xlsx,RotD50,3,ROTD50_d030
204,T1.200S,t1_200s,ground_motion,4,Updated_NGA_West2_Flatfile_RotD50_d030_public_version.xlsx,RotD50,3,ROTD50_d030
205,T1.300S,t1_300s,ground_motion,4,Updated_NGA_West2_Flatfile_RotD50_d030_public_version.xlsx,RotD50,3,ROTD50_d030
206,T1.400S,t1_400s,ground_motion,4,Updated_NGA_West2_Flatfile_RotD50_d030_public_version.xlsx,RotD50,3,ROTD50_d030
207,T1.500S,t1_500s,ground_motion,4,Updated_NGA_West2_Flatfile_RotD50_d030_public_version.xlsx,RotD50,3,ROTD50_d030
208,T1.600S,t1_600s,ground_motion,4,Updated_NGA_West2_Flatfile_RotD50_d030_public_version.xlsx,RotD50,3,ROTD50_d030
209,T1.700S,t1_700s,ground_motion,4,Updated_NGA_West2_Flatfile_RotD50_d030_public_version.xlsx,RotD50,3,ROTD50_d030
210,T1.800S,t1_800s,ground_motion,4,Updated_NGA_West2_Flatfile_RotD50_d030_public_version.xlsx,RotD50,3,ROTD50_d030
211,T1.900S,t1_900s,ground_motion,4,Updated_NGA_West2_Flatfile_RotD50_d030_public_version.xlsx,RotD50,3,ROTD50_d030
212,T2.000S,t2_000s,ground_motion,4,Updated_NGA_West2_Flatfile_RotD50_d030_public_version.xlsx,RotD50,3,ROTD50_d030
213,T2.200S,t2_200s,ground_motion,4,Updated_NGA_West2_Flatfile_RotD50_d030_public_version.xlsx,RotD50,3,ROTD50_d030
214,T2.400S,t2_400s,ground_motion,4,Updated_NGA_West2_Flatfile_RotD50_d030_public_version.xlsx,RotD50,3,ROTD50_d030
215,T2.500S,t2_500s,ground_motion,4,Updated_NGA_West2_Flatfile_RotD50_d030_public_version.xlsx,RotD50,3,ROTD50_d030
216,T2.600S,t2_600s,ground_motion,4,Updated_NGA_West2_Flatfile_RotD50_d030_public_version.xlsx,RotD50,3,ROTD50_d030
217,T2.800S,t2_800s,ground_motion,4,Updated_NGA_West2_Flatfile_RotD50_d030_public_version.xlsx,RotD50,3,ROTD50_d030
218,T3.000S,t3_000s,ground_motion,4,Updated_NGA_West2_Flatfile_RotD50_d030_public_version.xlsx,RotD50,3,ROTD50_d030
219,T3.200S,t3_200s,ground_motion,4,Updated_NGA_West2_Flatfile_RotD50_d030_public_version.xlsx,RotD50,3,ROTD50_d030
220,T3.400S,t3_400s,ground_motion,4,Updated_NGA_West2_Flatfile_RotD50_d030_public_version.xlsx,RotD50,3,ROTD50_d030
221,T3.500S,t3_500s,ground_motion,4,Updated_NGA_West2_Flatfile_RotD50_d030_public_version.xlsx,RotD50,3,ROTD50_d030
222,T3.600S,t3_600s,ground_motion,4,Updated_NGA_West2_Flatfile_RotD50_d030_public_version.xlsx,RotD50,3,ROTD50_d030
223,T3.800S,t3_800s,ground_motion,4,Updated_NGA_West2_Flatfile_RotD50_d030_public_version.xlsx,RotD50,3,ROTD50_d030
224,T4.000S,t4_000s,ground_motion,4,Updated_NGA_West2_Flatfile_RotD50_d030_public_version.xlsx,RotD50,3,ROTD50_d030
225,T4.200S,t4_200s,ground_motion,4,Updated_NGA_West2_Flatfile_RotD50_d030_public_version.xlsx,RotD50,3,ROTD50_d030
226,T4.400S,t4_400s,ground_motion,4,Updated_NGA_West2_Flatfile_RotD50_d030_public_version.xlsx,RotD50,3,ROTD50_d030
227,T4.600S,t4_600s,ground_motion,4,Updated_NGA_West2_Flatfile_RotD50_d030_public_version.xlsx,RotD50,3,ROTD50_d030
228,T4.800S,t4_800s,ground_motion,4,Updated_NGA_West2_Flatfile_RotD50_d030_public_version.xlsx,RotD50,3,ROTD50_d030
229,T5.000S,t5_000s,ground_motion,4,Updated_NGA_West2_Flatfile_RotD50_d030_public_version.xlsx,RotD50,3,ROTD50_d030
230,T5.500S,t5_500s,ground_motion,4,Updated_NGA_West2_Flatfile_RotD50_d030_public_version.xlsx,RotD50,3,ROTD50_d030
231,T6.000S,t6_000s,ground_motion,4,Updated_NGA_West2_Flatfile_RotD50_d030_public_version.xlsx,RotD50,3,ROTD50_d030
232,T6.500S,t6_500s,ground_motion,4,Updated_NGA_West2_Flatfile_RotD50_d030_public_version.xlsx,RotD50,3,ROTD50_d030
233,T7.000S,t7_000s,ground_motion,4,Updated_NGA_West2_Flatfile_RotD50_d030_public_version.xlsx,RotD50,3,ROTD50_d030
234,T7.500S,t7_500s,ground_motion,4,Updated_NGA_West2_Flatfile_RotD50_d030_public_version.xlsx,RotD50,3,ROTD50_d030
235,T8.000S,t8_000s,ground_motion,4,Updated_NGA_West2_Flatfile_RotD50_d030_public_version.xlsx,RotD50,3,ROTD50_d030
236,T8.500S,t8_500s,ground_motion,4,Updated_NGA_West2_Flatfile_RotD50_d030_public_version.xlsx,RotD50,3,ROTD50_d030
237,T9.000S,t9_000s,ground_motion,4,Updated_NGA_West2_Flatfile_RotD50_d030_public_version.xlsx,RotD50,3,ROTD50_d030
238,T9.500S,t9_500s,ground_motion,4,Updated_NGA_West2_Flatfile_RotD50_d030_public_version.xlsx,RotD50,3,ROTD50_d030
239,T10.000S,t10_000s,ground_motion,4,Updated_NGA_West2_Flatfile_RotD50_d030_public_version.xlsx,RotD50,3,ROTD50_d030
240,T11.000S,t11_000s,ground_motion,4,Updated_NGA_West2_Flatfile_RotD50_d030_public_version.xlsx,RotD50,3,ROTD50_d030
241,T12.000S,t12_000s,ground_motion,4,Updated_NGA_West2_Flatfile_RotD50_d030_public_version.xlsx,RotD50,3,ROTD50_d030
242,T13.000S,t13_000s,ground_motion,4,Updated_NGA_West2_Flatfile_RotD50_d030_public_version.xlsx,RotD50,3,ROTD50_d030
243,T14.000S,t14_000s,ground_motion,4,Updated_NGA_West2_Flatfile_RotD50_d030_public_version.xlsx,RotD50,3,ROTD50_d030
244,T15.000S,t15_000s,ground_motion,4,Updated_NGA_West2_Flatfile_RotD50_d030_public_version.xlsx,RotD50,3,ROTD50_d030
245,T20.000S,t20_000s,ground_motion,4,Updated_NGA_West2_Flatfile_RotD50_d030_public_version.xlsx,RotD50,3,ROTD50_d030
246,Ave Strike (deg),ave_strike_deg,classification_directivity,4,Updated_NGA_West2_Flatfile_RotD50_d030_public_version.xlsx,RotD50,3,ROTD50_d030
247,TYPE(CRjb = 0),type_crjb_0,classification_directivity,4,Updated_NGA_West2_Flatfile_RotD50_d030_public_version.xlsx,RotD50,3,ROTD50_d030
248,CRjb,crjb,classification_directivity,4,Updated_NGA_West2_Flatfile_RotD50_d030_public_version.xlsx,RotD50,3,ROTD50_d030
249,"TYPE
(CRjb = 2)",type_crjb_2,classification_directivity,4,Updated_NGA_West2_Flatfile_RotD50_d030_public_version.xlsx,RotD50,3,ROTD50_d030
250,CRjb,crjb_1,classification_directivity,4,Updated_NGA_West2_Flatfile_RotD50_d030_public_version.xlsx,RotD50,3,ROTD50_d030
251,"TYPE
(CRjb = 5)",type_crjb_5,classification_directivity,4,Updated_NGA_West2_Flatfile_RotD50_d030_public_version.xlsx,RotD50,3,ROTD50_d030
252,CRjb,crjb_2,classification_directivity,4,Updated_NGA_West2_Flatfile_RotD50_d030_public_version.xlsx,RotD50,3,ROTD50_d030
253,"TYPE
(CRjb = 10)",type_crjb_10,classification_directivity,4,Updated_NGA_West2_Flatfile_RotD50_d030_public_version.xlsx,RotD50,3,ROTD50_d030
254,CRjb,crjb_3,classification_directivity,4,Updated_NGA_West2_Flatfile_RotD50_d030_public_version.xlsx,RotD50,3,ROTD50_d030
255,"TYPE
(CRjb = 20)",type_crjb_20,classification_directivity,4,Updated_NGA_West2_Flatfile_RotD50_d030_public_version.xlsx,RotD50,3,ROTD50_d030
256,CRjb,crjb_4,classification_directivity,4,Updated_NGA_West2_Flatfile_RotD50_d030_public_version.xlsx,RotD50,3,ROTD50_d030
257,"TYPE
(CRjb = 40)",type_crjb_40,classification_directivity,4,Updated_NGA_West2_Flatfile_RotD50_d030_public_version.xlsx,RotD50,3,ROTD50_d030
258,CRjb,crjb_5,classification_directivity,4,Updated_NGA_West2_Flatfile_RotD50_d030_public_version.xlsx,RotD50,3,ROTD50_d030
259,U,u,quality,4,Updated_NGA_West2_Flatfile_RotD50_d030_public_version.xlsx,RotD50,3,ROTD50_d030
260,IDPv4,idpv4,quality,4,Updated_NGA_West2_Flatfile_RotD50_d030_public_version.xlsx,RotD50,3,ROTD50_d030
261,XCI,xci,quality,4,Updated_NGA_West2_Flatfile_RotD50_d030_public_version.xlsx,RotD50,3,ROTD50_d030
262,XCI1,xci1,quality,4,Updated_NGA_West2_Flatfile_RotD50_d030_public_version.xlsx,RotD50,3,ROTD50_d030
263,Damping (%),damping_percent,quality,4,Updated_NGA_West2_Flatfile_RotD50_d030_public_version.xlsx,RotD50,3,ROTD50_d030
264,RotD percentile,rotd_percentile,quality,4,Updated_NGA_West2_Flatfile_RotD50_d030_public_version.xlsx,RotD50,3,ROTD50_d030
265,Instrument Nat. Freq.,instrument_nat_freq,quality,4,Updated_NGA_West2_Flatfile_RotD50_d030_public_version.xlsx,RotD50,3,ROTD50_d030
266,Instrument Damping,instrument_damping,quality,4,Updated_NGA_West2_Flatfile_RotD50_d030_public_version.xlsx,RotD50,3,ROTD50_d030
267,Instrument Type,instrument_type,quality,4,Updated_NGA_West2_Flatfile_RotD50_d030_public_version.xlsx,RotD50,3,ROTD50_d030
268,Quality_Flag,quality_flag,quality,4,Updated_NGA_West2_Flatfile_RotD50_d030_public_version.xlsx,RotD50,3,ROTD50_d030
269,Spectra Quality Flag,spectra_quality_flag,quality,4,Updated_NGA_West2_Flatfile_RotD50_d030_public_version.xlsx,RotD50,3,ROTD50_d030
270,Late S-trigger,late_s_trigger,quality,4,Updated_NGA_West2_Flatfile_RotD50_d030_public_version.xlsx,RotD50,3,ROTD50_d030
271,Late P-trigger,late_p_trigger,quality,4,Updated_NGA_West2_Flatfile_RotD50_d030_public_version.xlsx,RotD50,3,ROTD50_d030
272,Idirectivity,idirectivity,quality,4,Updated_NGA_West2_Flatfile_RotD50_d030_public_version.xlsx,RotD50,3,ROTD50_d030
273,Tp,tp,quality,4,Updated_NGA_West2_Flatfile_RotD50_d030_public_version.xlsx,RotD50,3,ROTD50_d030
274,Ry 2,ry_2,quality,4,Updated_NGA_West2_Flatfile_RotD50_d030_public_version.xlsx,RotD50,3,ROTD50_d030
1,Record Sequence Number,record_sequence_number,source,5,Updated_NGA_West2_Flatfile_RotD50_d050_public_version.xlsx,RotD50,5,ROTD50_d050
2,EQID,eqid,source,5,Updated_NGA_West2_Flatfile_RotD50_d050_public_version.xlsx,RotD50,5,ROTD50_d050
3,Earthquake Name,earthquake_name,source,5,Updated_NGA_West2_Flatfile_RotD50_d050_public_version.xlsx,RotD50,5,ROTD50_d050
4,YEAR,year,source,5,Updated_NGA_West2_Flatfile_RotD50_d050_public_version.xlsx,RotD50,5,ROTD50_d050
5,MODY,mody,source,5,Updated_NGA_West2_Flatfile_RotD50_d050_public_version.xlsx,RotD50,5,ROTD50_d050
6,HRMN,hrmn,source,5,Updated_NGA_West2_Flatfile_RotD50_d050_public_version.xlsx,RotD50,5,ROTD50_d050
7,Station Name,station_name,source,5,Updated_NGA_West2_Flatfile_RotD50_d050_public_version.xlsx,RotD50,5,ROTD50_d050
8,Station Sequence Number,station_sequence_number,source,5,Updated_NGA_West2_Flatfile_RotD50_d050_public_version.xlsx,RotD50,5,ROTD50_d050
9,Station ID  No.,station_id_no,source,5,Updated_NGA_West2_Flatfile_RotD50_d050_public_version.xlsx,RotD50,5,ROTD50_d050
10,Earthquake Magnitude,earthquake_magnitude,source,5,Updated_NGA_West2_Flatfile_RotD50_d050_public_version.xlsx,RotD50,5,ROTD50_d050
11,Magnitude Type,magnitude_type,source,5,Updated_NGA_West2_Flatfile_RotD50_d050_public_version.xlsx,RotD50,5,ROTD50_d050
12,Magnitude Uncertainty: Kagan Model,magnitude_uncertainty_kagan_model,source,5,Updated_NGA_West2_Flatfile_RotD50_d050_public_version.xlsx,RotD50,5,ROTD50_d050
13,Magnitude Uncertainty: Statistical,magnitude_uncertainty_statistical,source,5,Updated_NGA_West2_Flatfile_RotD50_d050_public_version.xlsx,RotD50,5,ROTD50_d050
14,Magnitude Sample Size,magnitude_sample_size,source,5,Updated_NGA_West2_Flatfile_RotD50_d050_public_version.xlsx,RotD50,5,ROTD50_d050
15,Magnitude Uncertainty: Study Class,magnitude_uncertainty_study_class,source,5,Updated_NGA_West2_Flatfile_RotD50_d050_public_version.xlsx,RotD50,5,ROTD50_d050
16,Mo (dyne.cm),mo_dyne_cm,source,5,Updated_NGA_West2_Flatfile_RotD50_d050_public_version.xlsx,RotD50,5,ROTD50_d050
17,Strike (deg),strike_deg,source,5,Updated_NGA_West2_Flatfile_RotD50_d050_public_version.xlsx,RotD50,5,ROTD50_d050
18,Dip (deg),dip_deg,source,5,Updated_NGA_West2_Flatfile_RotD50_d050_public_version.xlsx,RotD50,5,ROTD50_d050
19,Rake Angle (deg),rake_angle_deg,source,5,Updated_NGA_West2_Flatfile_RotD50_d050_public_version.xlsx,RotD50,5,ROTD50_d050
20,Mechanism Based on Rake Angle,mechanism_based_on_rake_angle,source,5,Updated_NGA_West2_Flatfile_RotD50_d050_public_version.xlsx,RotD50,5,ROTD50_d050
21,P-plunge (deg),p_plunge_deg,source,5,Updated_NGA_West2_Flatfile_RotD50_d050_public_version.xlsx,RotD50,5,ROTD50_d050
22,P-trend (deg),p_trend_deg,source,5,Updated_NGA_West2_Flatfile_RotD50_d050_public_version.xlsx,RotD50,5,ROTD50_d050
23,T-plunge (deg),t_plunge_deg,source,5,Updated_NGA_West2_Flatfile_RotD50_d050_public_version.xlsx,RotD50,5,ROTD50_d050
24,T-trend (deg),t_trend_deg,source,5,Updated_NGA_West2_Flatfile_RotD50_d050_public_version.xlsx,RotD50,5,ROTD50_d050
25,Hypocenter Latitude (deg),hypocenter_latitude_deg,source,5,Updated_NGA_West2_Flatfile_RotD50_d050_public_version.xlsx,RotD50,5,ROTD50_d050
26,Hypocenter Longitude (deg),hypocenter_longitude_deg,source,5,Updated_NGA_West2_Flatfile_RotD50_d050_public_version.xlsx,RotD50,5,ROTD50_d050
27,Hypocenter Depth (km),hypocenter_depth_km,source,5,Updated_NGA_West2_Flatfile_RotD50_d050_public_version.xlsx,RotD50,5,ROTD50_d050
28,Coseismic Surface Rupture: 1=Yes; 0=No;    -999=Unknown,coseismic_surface_rupture_1_yes_0_no_999_unknown,source,5,Updated_NGA_West2_Flatfile_RotD50_d050_public_version.xlsx,RotD50,5,ROTD50_d050
29,Coseismic Surface Rupture (Including Inferred),coseismic_surface_rupture_including_inferred,source,5,Updated_NGA_West2_Flatfile_RotD50_d050_public_version.xlsx,RotD50,5,ROTD50_d050
30,Basis for Inference of Surface Rupture,basis_for_inference_of_surface_rupture,source,5,Updated_NGA_West2_Flatfile_RotD50_d050_public_version.xlsx,RotD50,5,ROTD50_d050
31,Finite Rupture Model: 1=Yes;  0=No,finite_rupture_model_1_yes_0_no,source,5,Updated_NGA_West2_Flatfile_RotD50_d050_public_version.xlsx,RotD50,5,ROTD50_d050
32,Depth to Top Of Fault Rupture Model,depth_to_top_of_fault_rupture_model,source,5,Updated_NGA_West2_Flatfile_RotD50_d050_public_version.xlsx,RotD50,5,ROTD50_d050
33,Fault Rupture Length for Calculation of Ry (km),fault_rupture_length_for_calculation_of_ry_km,source,5,Updated_NGA_West2_Flatfile_RotD50_d050_public_version.xlsx,RotD50,5,ROTD50_d050
34,Fault Rupture Width (km),fault_rupture_width_km,source,5,Updated_NGA_West2_Flatfile_RotD50_d050_public_version.xlsx,RotD50,5,ROTD50_d050
35,Fault Rupture Area (km^2),fault_rupture_area_km_2,source,5,Updated_NGA_West2_Flatfile_RotD50_d050_public_version.xlsx,RotD50,5,ROTD50_d050
36,Avg Fault Disp (cm),avg_fault_disp_cm,source,5,Updated_NGA_West2_Flatfile_RotD50_d050_public_version.xlsx,RotD50,5,ROTD50_d050
37,Rise Time (s),rise_time_s,source,5,Updated_NGA_West2_Flatfile_RotD50_d050_public_version.xlsx,RotD50,5,ROTD50_d050
38,Avg Slip Velocity (cm/s),avg_slip_velocity_cm_s,source,5,Updated_NGA_West2_Flatfile_RotD50_d050_public_version.xlsx,RotD50,5,ROTD50_d050
39,Static Stress Drop (bars),static_stress_drop_bars,source,5,Updated_NGA_West2_Flatfile_RotD50_d050_public_version.xlsx,RotD50,5,ROTD50_d050
40,Preferred Rupture Velocity (km/s),preferred_rupture_velocity_km_s,source,5,Updated_NGA_West2_Flatfile_RotD50_d050_public_version.xlsx,RotD50,5,ROTD50_d050
41,Average Vr/Vs,average_vr_vs,source,5,Updated_NGA_West2_Flatfile_RotD50_d050_public_version.xlsx,RotD50,5,ROTD50_d050
42,Percent of Moment Release in the Top 5 Km of Crust,percent_of_moment_release_in_the_top_5_km_of_crust,source,5,Updated_NGA_West2_Flatfile_RotD50_d050_public_version.xlsx,RotD50,5,ROTD50_d050
43,Existence of Shallow Asperity: 0=No; 1=Yes,existence_of_shallow_asperity_0_no_1_yes,source,5,Updated_NGA_West2_Flatfile_RotD50_d050_public_version.xlsx,RotD50,5,ROTD50_d050
44,Depth to Top of Shallowest Asperity (km),depth_to_top_of_shallowest_asperity_km,source,5,Updated_NGA_West2_Flatfile_RotD50_d050_public_version.xlsx,RotD50,5,ROTD50_d050
45,Earthquake in Extensional Regime: 1=Yes; 0=No,earthquake_in_extensional_regime_1_yes_0_no,source,5,Updated_NGA_West2_Flatfile_RotD50_d050_public_version.xlsx,RotD50,5,ROTD50_d050
46,Fault Name,fault_name,source,5,Updated_NGA_West2_Flatfile_RotD50_d050_public_version.xlsx,RotD50,5,ROTD50_d050
47,Slip Rate (mm/Yr),slip_rate_mm_yr,source,5,Updated_NGA_West2_Flatfile_RotD50_d050_public_version.xlsx,RotD50,5,ROTD50_d050
48,EpiD (km),epid_km,path,5,Updated_NGA_West2_Flatfile_RotD50_d050_public_version.xlsx,RotD50,5,ROTD50_d050
49,HypD (km),hypd_km,path,5,Updated_NGA_West2_Flatfile_RotD50_d050_public_version.xlsx,RotD50,5,ROTD50_d050
50,Joyner-Boore Dist. (km),joyner_boore_dist_km,path,5,Updated_NGA_West2_Flatfile_RotD50_d050_public_version.xlsx,RotD50,5,ROTD50_d050
51,Campbell R Dist. (km),campbell_r_dist_km,path,5,Updated_NGA_West2_Flatfile_RotD50_d050_public_version.xlsx,RotD50,5,ROTD50_d050
52,RmsD (km),rmsd_km,path,5,Updated_NGA_West2_Flatfile_RotD50_d050_public_version.xlsx,RotD50,5,ROTD50_d050
53,ClstD (km),clstd_km,path,5,Updated_NGA_West2_Flatfile_RotD50_d050_public_version.xlsx,RotD50,5,ROTD50_d050
54,Rx,rx,path,5,Updated_NGA_West2_Flatfile_RotD50_d050_public_version.xlsx,RotD50,5,ROTD50_d050
55,FW/HW Indicator,fw_hw_indicator,path,5,Updated_NGA_West2_Flatfile_RotD50_d050_public_version.xlsx,RotD50,5,ROTD50_d050
56,Source to Site Azimuth (deg),source_to_site_azimuth_deg,path,5,Updated_NGA_West2_Flatfile_RotD50_d050_public_version.xlsx,RotD50,5,ROTD50_d050
57,X,x,path,5,Updated_NGA_West2_Flatfile_RotD50_d050_public_version.xlsx,RotD50,5,ROTD50_d050
58,Theta.D (deg),theta_d_deg,path,5,Updated_NGA_West2_Flatfile_RotD50_d050_public_version.xlsx,RotD50,5,ROTD50_d050
59,SSGA (Strike Slip),ssga_strike_slip,path,5,Updated_NGA_West2_Flatfile_RotD50_d050_public_version.xlsx,RotD50,5,ROTD50_d050
60,Y,y,path,5,Updated_NGA_West2_Flatfile_RotD50_d050_public_version.xlsx,RotD50,5,ROTD50_d050
61,Phi.D (deg),phi_d_deg,path,5,Updated_NGA_West2_Flatfile_RotD50_d050_public_version.xlsx,RotD50,5,ROTD50_d050
62,SSGA (Dip Slip),ssga_dip_slip,path,5,Updated_NGA_West2_Flatfile_RotD50_d050_public_version.xlsx,RotD50,5,ROTD50_d050
63,s,s,path,5,Updated_NGA_West2_Flatfile_RotD50_d050_public_version.xlsx,RotD50,5,ROTD50_d050
64,d,d,path,5,Updated_NGA_West2_Flatfile_RotD50_d050_public_version.xlsx,RotD50,5,ROTD50_d050
65,ctildepr,ctildepr,path,5,Updated_NGA_West2_Flatfile_RotD50_d050_public_version.xlsx,RotD50,5,ROTD50_d050
66,Unused Column,unused_column,path,5,Updated_NGA_West2_Flatfile_RotD50_d050_public_version.xlsx,RotD50,5,ROTD50_d050
67,D,d_1,path,5,Updated_NGA_West2_Flatfile_RotD50_d050_public_version.xlsx,RotD50,5,ROTD50_d050
68,Rfn.Hyp,rfn_hyp,path,5,Updated_NGA_West2_Flatfile_RotD50_d050_public_version.xlsx,RotD50,5,ROTD50_d050
69,Rfp.Hyp,rfp_hyp,path,5,Updated_NGA_West2_Flatfile_RotD50_d050_public_version.xlsx,RotD50,5,ROTD50_d050
70,Unused Column,unused_column_1,path,5,Updated_NGA_West2_Flatfile_RotD50_d050_public_version.xlsx,RotD50,5,ROTD50_d050
71,Unused Column,unused_column_2,path,5,Updated_NGA_West2_Flatfile_RotD50_d050_public_version.xlsx,RotD50,5,ROTD50_d050
72,Unused Column,unused_column_3,path,5,Updated_NGA_West2_Flatfile_RotD50_d050_public_version.xlsx,RotD50,5,ROTD50_d050
73,T,t,path,5,Updated_NGA_West2_Flatfile_RotD50_d050_public_version.xlsx,RotD50,5,ROTD50_d050
74,GMX's C1,gmx_s_c1,site,5,Updated_NGA_West2_Flatfile_RotD50_d050_public_version.xlsx,RotD50,5,ROTD50_d050
75,GMX's C2,gmx_s_c2,site,5,Updated_NGA_West2_Flatfile_RotD50_d050_public_version.xlsx,RotD50,5,ROTD50_d050
76,GMX's C3,gmx_s_c3,site,5,Updated_NGA_West2_Flatfile_RotD50_d050_public_version.xlsx,RotD50,5,ROTD50_d050
77,Campbell's GEOCODE,campbell_s_geocode,site,5,Updated_NGA_West2_Flatfile_RotD50_d050_public_version.xlsx,RotD50,5,ROTD50_d050
78,Bray and Rodriguez-Marek SGS,bray_and_rodriguez_marek_sgs,site,5,Updated_NGA_West2_Flatfile_RotD50_d050_public_version.xlsx,RotD50,5,ROTD50_d050
79,Depth,depth,site,5,Updated_NGA_West2_Flatfile_RotD50_d050_public_version.xlsx,RotD50,5,ROTD50_d050
80,Preferred NEHRP Based on Vs30,preferred_nehrp_based_on_vs30,site,5,Updated_NGA_West2_Flatfile_RotD50_d050_public_version.xlsx,RotD50,5,ROTD50_d050
81,Vs30 (m/s) selected for analysis,vs30_m_s_selected_for_analysis,site,5,Updated_NGA_West2_Flatfile_RotD50_d050_public_version.xlsx,RotD50,5,ROTD50_d050
82,Column Not Used,column_not_used,site,5,Updated_NGA_West2_Flatfile_RotD50_d050_public_version.xlsx,RotD50,5,ROTD50_d050
83,Measured/Inferred Class,measured_inferred_class,site,5,Updated_NGA_West2_Flatfile_RotD50_d050_public_version.xlsx,RotD50,5,ROTD50_d050
84,Sigma of Vs30 (in natural log Units),sigma_of_vs30_in_natural_log_units,site,5,Updated_NGA_West2_Flatfile_RotD50_d050_public_version.xlsx,RotD50,5,ROTD50_d050
85,NEHRP Classification from CGS's Site Condition Map,nehrp_classification_from_cgs_s_site_condition_map,site,5,Updated_NGA_West2_Flatfile_RotD50_d050_public_version.xlsx,RotD50,5,ROTD50_d050
86,Geological Unit,geological_unit,site,5,Updated_NGA_West2_Flatfile_RotD50_d050_public_version.xlsx,RotD50,5,ROTD50_d050
87,Geology,geology,site,5,Updated_NGA_West2_Flatfile_RotD50_d050_public_version.xlsx,RotD50,5,ROTD50_d050
88,Owner,owner,site,5,Updated_NGA_West2_Flatfile_RotD50_d050_public_version.xlsx,RotD50,5,ROTD50_d050
89,Station Latitude,station_latitude,site,5,Updated_NGA_West2_Flatfile_RotD50_d050_public_version.xlsx,RotD50,5,ROTD50_d050
90,Station Longitude,station_longitude,site,5,Updated_NGA_West2_Flatfile_RotD50_d050_public_version.xlsx,RotD50,5,ROTD50_d050
91,STORIES,stories,site,5,Updated_NGA_West2_Flatfile_RotD50_d050_public_version.xlsx,RotD50,5,ROTD50_d050
92,INSTLOC,instloc,site,5,Updated_NGA_West2_Flatfile_RotD50_d050_public_version.xlsx,RotD50,5,ROTD50_d050
93,Depth to Basement Rock,depth_to_basement_rock,site,5,Updated_NGA_West2_Flatfile_RotD50_d050_public_version.xlsx,RotD50,5,ROTD50_d050
94,Site Visited,site_visited,site,5,Updated_NGA_West2_Flatfile_RotD50_d050_public_version.xlsx,RotD50,5,ROTD50_d050
95,NGA Type,nga_type,site,5,Updated_NGA_West2_Flatfile_RotD50_d050_public_version.xlsx,RotD50,5,ROTD50_d050
96,Age,age,site,5,Updated_NGA_West2_Flatfile_RotD50_d050_public_version.xlsx,RotD50,5,ROTD50_d050
97,Grain Size,grain_size,site,5,Updated_NGA_West2_Flatfile_RotD50_d050_public_version.xlsx,RotD50,5,ROTD50_d050
98,Depositional History,depositional_history,site,5,Updated_NGA_West2_Flatfile_RotD50_d050_public_version.xlsx,RotD50,5,ROTD50_d050
99,Northern CA/Southern CA - H11 Z1 (m),northern_ca_southern_ca_h11_z1_m,site,5,Updated_NGA_West2_Flatfile_RotD50_d050_public_version.xlsx,RotD50,5,ROTD50_d050
100,Northern CA/Southern CA - H11 Z1.5 (m),northern_ca_southern_ca_h11_z1_5_m,site,5,Updated_NGA_West2_Flatfile_RotD50_d050_public_version.xlsx,RotD50,5,ROTD50_d050
101,Northern CA/Southern CA - H11 Z2.5 (m),northern_ca_southern_ca_h11_z2_5_m,site,5,Updated_NGA_West2_Flatfile_RotD50_d050_public_version.xlsx,RotD50,5,ROTD50_d050
102,Northern CA/Southern CA - S4 Z1 (m),northern_ca_southern_ca_s4_z1_m,site,5,Updated_NGA_West2_Flatfile_RotD50_d050_public_version.xlsx,RotD50,5,ROTD50_d050
103,Northern CA/Southern CA - S4 Z1.5 (m),northern_ca_southern_ca_s4_z1_5_m,site,5,Updated_NGA_West2_Flatfile_RotD50_d050_public_version.xlsx,RotD50,5,ROTD50_d050
104,Northern CA/Southern CA - S4 Z2.5 (m),northern_ca_southern_ca_s4_z2_5_m,site,5,Updated_NGA_West2_Flatfile_RotD50_d050_public_version.xlsx,RotD50,5,ROTD50_d050
105,Depth to Franciscan Rock (km),depth_to_franciscan_rock_km,site,5,Updated_NGA_West2_Flatfile_RotD50_d050_public_version.xlsx,RotD50,5,ROTD50_d050
106,Basin,basin,site,5,Updated_NGA_West2_Flatfile_RotD50_d050_public_version.xlsx,RotD50,5,ROTD50_d050
107,h (m),h_m,site,5,Updated_NGA_West2_Flatfile_RotD50_d050_public_version.xlsx,RotD50,5,ROTD50_d050
108,hnorm (m),hnorm_m,site,5,Updated_NGA_West2_Flatfile_RotD50_d050_public_version.xlsx,RotD50,5,ROTD50_d050
109,Rsbe (m),rsbe_m,site,5,Updated_NGA_West2_Flatfile_RotD50_d050_public_version.xlsx,RotD50,5,ROTD50_d050
110,Rcebe (m),rcebe_m,site,5,Updated_NGA_West2_Flatfile_RotD50_d050_public_version.xlsx,RotD50,5,ROTD50_d050
111,Rebe (m),rebe_m,site,5,Updated_NGA_West2_Flatfile_RotD50_d050_public_version.xlsx,RotD50,5,ROTD50_d050
112,Rsbe1 (m),rsbe1_m,site,5,Updated_NGA_West2_Flatfile_RotD50_d050_public_version.xlsx,RotD50,5,ROTD50_d050
113,File Name (Horizontal 1),file_name_horizontal_1,record_processing,5,Updated_NGA_West2_Flatfile_RotD50_d050_public_version.xlsx,RotD50,5,ROTD50_d050
114,File Name (Horizontal 2),file_name_horizontal_2,record_processing,5,Updated_NGA_West2_Flatfile_RotD50_d050_public_version.xlsx,RotD50,5,ROTD50_d050
115,File Name (Vertical),file_name_vertical,record_processing,5,Updated_NGA_West2_Flatfile_RotD50_d050_public_version.xlsx,RotD50,5,ROTD50_d050
116,H1 azimth (degrees),h1_azimth_degrees,record_processing,5,Updated_NGA_West2_Flatfile_RotD50_d050_public_version.xlsx,RotD50,5,ROTD50_d050
117,H2 azimith (degrees),h2_azimith_degrees,record_processing,5,Updated_NGA_West2_Flatfile_RotD50_d050_public_version.xlsx,RotD50,5,ROTD50_d050
118,Type of Recording,type_of_recording,record_processing,5,Updated_NGA_West2_Flatfile_RotD50_d050_public_version.xlsx,RotD50,5,ROTD50_d050
119,Instrument Model,instrument_model,record_processing,5,Updated_NGA_West2_Flatfile_RotD50_d050_public_version.xlsx,RotD50,5,ROTD50_d050
120,PEA Processing Flag,pea_processing_flag,record_processing,5,Updated_NGA_West2_Flatfile_RotD50_d050_public_version.xlsx,RotD50,5,ROTD50_d050
121,Type of Filter,type_of_filter,record_processing,5,Updated_NGA_West2_Flatfile_RotD50_d050_public_version.xlsx,RotD50,5,ROTD50_d050
122,npass,npass,record_processing,5,Updated_NGA_West2_Flatfile_RotD50_d050_public_version.xlsx,RotD50,5,ROTD50_d050
123,nroll,nroll,record_processing,5,Updated_NGA_West2_Flatfile_RotD50_d050_public_version.xlsx,RotD50,5,ROTD50_d050
124,HP-H1 (Hz),hp_h1_hz,record_processing,5,Updated_NGA_West2_Flatfile_RotD50_d050_public_version.xlsx,RotD50,5,ROTD50_d050
125,HP-H2 (Hz),hp_h2_hz,record_processing,5,Updated_NGA_West2_Flatfile_RotD50_d050_public_version.xlsx,RotD50,5,ROTD50_d050
126,LP-H1 (Hz),lp_h1_hz,record_processing,5,Updated_NGA_West2_Flatfile_RotD50_d050_public_version.xlsx,RotD50,5,ROTD50_d050
127,LP-H2 (Hz),lp_h2_hz,record_processing,5,Updated_NGA_West2_Flatfile_RotD50_d050_public_version.xlsx,RotD50,5,ROTD50_d050
128,Factor,factor,record_processing,5,Updated_NGA_West2_Flatfile_RotD50_d050_public_version.xlsx,RotD50,5,ROTD50_d050
129,Lowest Usable Freq - H1 (Hz),lowest_usable_freq_h1_hz,record_processing,5,Updated_NGA_West2_Flatfile_RotD50_d050_public_version.xlsx,RotD50,5,ROTD50_d050
130,Lowest Usable Freq - H2 (H2),lowest_usable_freq_h2_h2,record_processing,5,Updated_NGA_West2_Flatfile_RotD50_d050_public_version.xlsx,RotD50,5,ROTD50_d050
131,Lowest Usable Freq - Ave. Component (Hz),lowest_usable_freq_ave_component_hz,record_processing,5,Updated_NGA_West2_Flatfile_RotD50_d050_public_version.xlsx,RotD50,5,ROTD50_d050
132,PGA (g),pga_g,ground_motion,5,Updated_NGA_West2_Flatfile_RotD50_d050_public_version.xlsx,RotD50,5,ROTD50_d050
133,PGV (cm/sec),pgv_cm_sec,ground_motion,5,Updated_NGA_West2_Flatfile_RotD50_d050_public_version.xlsx,RotD50,5,ROTD50_d050
134,PGD (cm),pgd_cm,ground_motion,5,Updated_NGA_West2_Flatfile_RotD50_d050_public_version.xlsx,RotD50,5,ROTD50_d050
135,T0.010S,t0_010s,ground_motion,5,Updated_NGA_West2_Flatfile_RotD50_d050_public_version.xlsx,RotD50,5,ROTD50_d050
136,T0.020S,t0_020s,ground_motion,5,Updated_NGA_West2_Flatfile_RotD50_d050_public_version.xlsx,RotD50,5,ROTD50_d050
137,T0.022S,t0_022s,ground_motion,5,Updated_NGA_West2_Flatfile_RotD50_d050_public_version.xlsx,RotD50,5,ROTD50_d050
138,T0.025S,t0_025s,ground_motion,5,Updated_NGA_West2_Flatfile_RotD50_d050_public_version.xlsx,RotD50,5,ROTD50_d050
139,T0.029S,t0_029s,ground_motion,5,Updated_NGA_West2_Flatfile_RotD50_d050_public_version.xlsx,RotD50,5,ROTD50_d050
140,T0.030S,t0_030s,ground_motion,5,Updated_NGA_West2_Flatfile_RotD50_d050_public_version.xlsx,RotD50,5,ROTD50_d050
141,T0.032S,t0_032s,ground_motion,5,Updated_NGA_West2_Flatfile_RotD50_d050_public_version.xlsx,RotD50,5,ROTD50_d050
142,T0.035S,t0_035s,ground_motion,5,Updated_NGA_West2_Flatfile_RotD50_d050_public_version.xlsx,RotD50,5,ROTD50_d050
143,T0.036S,t0_036s,ground_motion,5,Updated_NGA_West2_Flatfile_RotD50_d050_public_version.xlsx,RotD50,5,ROTD50_d050
144,T0.040S,t0_040s,ground_motion,5,Updated_NGA_West2_Flatfile_RotD50_d050_public_version.xlsx,RotD50,5,ROTD50_d050
145,T0.042S,t0_042s,ground_motion,5,Updated_NGA_West2_Flatfile_RotD50_d050_public_version.xlsx,RotD50,5,ROTD50_d050
146,T0.044S,t0_044s,ground_motion,5,Updated_NGA_West2_Flatfile_RotD50_d050_public_version.xlsx,RotD50,5,ROTD50_d050
147,T0.045S,t0_045s,ground_motion,5,Updated_NGA_West2_Flatfile_RotD50_d050_public_version.xlsx,RotD50,5,ROTD50_d050
148,T0.046S,t0_046s,ground_motion,5,Updated_NGA_West2_Flatfile_RotD50_d050_public_version.xlsx,RotD50,5,ROTD50_d050
149,T0.048S,t0_048s,ground_motion,5,Updated_NGA_West2_Flatfile_RotD50_d050_public_version.xlsx,RotD50,5,ROTD50_d050
150,T0.050S,t0_050s,ground_motion,5,Updated_NGA_West2_Flatfile_RotD50_d050_public_version.xlsx,RotD50,5,ROTD50_d050
151,T0.055S,t0_055s,ground_motion,5,Updated_NGA_West2_Flatfile_RotD50_d050_public_version.xlsx,RotD50,5,ROTD50_d050
152,T0.060S,t0_060s,ground_motion,5,Updated_NGA_West2_Flatfile_RotD50_d050_public_version.xlsx,RotD50,5,ROTD50_d050
153,T0.065S,t0_065s,ground_motion,5,Updated_NGA_West2_Flatfile_RotD50_d050_public_version.xlsx,RotD50,5,ROTD50_d050
154,T0.067S,t0_067s,ground_motion,5,Updated_NGA_West2_Flatfile_RotD50_d050_public_version.xlsx,RotD50,5,ROTD50_d050
155,T0.070S,t0_070s,ground_motion,5,Updated_NGA_West2_Flatfile_RotD50_d050_public_version.xlsx,RotD50,5,ROTD50_d050
156,T0.075S,t0_075s,ground_motion,5,Updated_NGA_West2_Flatfile_RotD50_d050_public_version.xlsx,RotD50,5,ROTD50_d050
157,T0.080S,t0_080s,ground_motion,5,Updated_NGA_West2_Flatfile_RotD50_d050_public_version.xlsx,RotD50,5,ROTD50_d050
158,T0.085S,t0_085s,ground_motion,5,Updated_NGA_West2_Flatfile_RotD50_d050_public_version.xlsx,RotD50,5,ROTD50_d050
159,T0.090S,t0_090s,ground_motion,5,Updated_NGA_West2_Flatfile_RotD50_d050_public_version.xlsx,RotD50,5,ROTD50_d050
160,T0.095S,t0_095s,ground_motion,5,Updated_NGA_West2_Flatfile_RotD50_d050_public_version.xlsx,RotD50,5,ROTD50_d050
161,T0.100S,t0_100s,ground_motion,5,Updated_NGA_West2_Flatfile_RotD50_d050_public_version.xlsx,RotD50,5,ROTD50_d050
162,T0.110S,t0_110s,ground_motion,5,Updated_NGA_West2_Flatfile_RotD50_d050_public_version.xlsx,RotD50,5,ROTD50_d050
163,T0.120S,t0_120s,ground_motion,5,Updated_NGA_West2_Flatfile_RotD50_d050_public_version.xlsx,RotD50,5,ROTD50_d050
164,T0.130S,t0_130s,ground_motion,5,Updated_NGA_West2_Flatfile_RotD50_d050_public_version.xlsx,RotD50,5,ROTD50_d050
165,T0.133S,t0_133s,ground_motion,5,Updated_NGA_West2_Flatfile_RotD50_d050_public_version.xlsx,RotD50,5,ROTD50_d050
166,T0.140S,t0_140s,ground_motion,5,Updated_NGA_West2_Flatfile_RotD50_d050_public_version.xlsx,RotD50,5,ROTD50_d050
167,T0.150S,t0_150s,ground_motion,5,Updated_NGA_West2_Flatfile_RotD50_d050_public_version.xlsx,RotD50,5,ROTD50_d050
168,T0.160S,t0_160s,ground_motion,5,Updated_NGA_West2_Flatfile_RotD50_d050_public_version.xlsx,RotD50,5,ROTD50_d050
169,T0.170S,t0_170s,ground_motion,5,Updated_NGA_West2_Flatfile_RotD50_d050_public_version.xlsx,RotD50,5,ROTD50_d050
170,T0.180S,t0_180s,ground_motion,5,Updated_NGA_West2_Flatfile_RotD50_d050_public_version.xlsx,RotD50,5,ROTD50_d050
171,T0.190S,t0_190s,ground_motion,5,Updated_NGA_West2_Flatfile_RotD50_d050_public_version.xlsx,RotD50,5,ROTD50_d050
172,T0.200S,t0_200s,ground_motion,5,Updated_NGA_West2_Flatfile_RotD50_d050_public_version.xlsx,RotD50,5,ROTD50_d050
173,T0.220S,t0_220s,ground_motion,5,Updated_NGA_West2_Flatfile_RotD50_d050_public_version.xlsx,RotD50,5,ROTD50_d050
174,T0.240S,t0_240s,ground_motion,5,Updated_NGA_West2_Flatfile_RotD50_d050_public_version.xlsx,RotD50,5,ROTD50_d050
175,T0.250S,t0_250s,ground_motion,5,Updated_NGA_West2_Flatfile_RotD50_d050_public_version.xlsx,RotD50,5,ROTD50_d050
176,T0.260S,t0_260s,ground_motion,5,Updated_NGA_West2_Flatfile_RotD50_d050_public_version.xlsx,RotD50,5,ROTD50_d050
177,T0.280S,t0_280s,ground_motion,5,Updated_NGA_West2_Flatfile_RotD50_d050_public_version.xlsx,RotD50,5,ROTD50_d050
178,T0.290S,t0_290s,ground_motion,5,Updated_NGA_West2_Flatfile_RotD50_d050_public_version.xlsx,RotD50,5,ROTD50_d050
179,T0.300S,t0_300s,ground_motion,5,Updated_NGA_West2_Flatfile_RotD50_d050_public_version.xlsx,RotD50,5,ROTD50_d050
180,T0.320S,t0_320s,ground_motion,5,Updated_NGA_West2_Flatfile_RotD50_d050_public_version.xlsx,RotD50,5,ROTD50_d050
181,T0.340S,t0_340s,ground_motion,5,Updated_NGA_West2_Flatfile_RotD50_d050_public_version.xlsx,RotD50,5,ROTD50_d050
182,T0.350S,t0_350s,ground_motion,5,Updated_NGA_West2_Flatfile_RotD50_d050_public_version.xlsx,RotD50,5,ROTD50_d050
183,T0.360S,t0_360s,ground_motion,5,Updated_NGA_West2_Flatfile_RotD50_d050_public_version.xlsx,RotD50,5,ROTD50_d050
184,T0.380S,t0_380s,ground_motion,5,Updated_NGA_West2_Flatfile_RotD50_d050_public_version.xlsx,RotD50,5,ROTD50_d050
185,T0.400S,t0_400s,ground_motion,5,Updated_NGA_West2_Flatfile_RotD50_d050_public_version.xlsx,RotD50,5,ROTD50_d050
186,T0.420S,t0_420s,ground_motion,5,Updated_NGA_West2_Flatfile_RotD50_d050_public_version.xlsx,RotD50,5,ROTD50_d050
187,T0.440S,t0_440s,ground_motion,5,Updated_NGA_West2_Flatfile_RotD50_d050_public_version.xlsx,RotD50,5,ROTD50_d050
188,T0.450S,t0_450s,ground_motion,5,Updated_NGA_West2_Flatfile_RotD50_d050_public_version.xlsx,RotD50,5,ROTD50_d050
189,T0.460S,t0_460s,ground_motion,5,Updated_NGA_West2_Flatfile_RotD50_d050_public_version.xlsx,RotD50,5,ROTD50_d050
190,T0.480S,t0_480s,ground_motion,5,Updated_NGA_West2_Flatfile_RotD50_d050_public_version.xlsx,RotD50,5,ROTD50_d050
191,T0.500S,t0_500s,ground_motion,5,Updated_NGA_West2_Flatfile_RotD50_d050_public_version.xlsx,RotD50,5,ROTD50_d050
192,T0.550S,t0_550s,ground_motion,5,Updated_NGA_West2_Flatfile_RotD50_d050_public_version.xlsx,RotD50,5,ROTD50_d050
193,T0.600S,t0_600s,ground_motion,5,Updated_NGA_West2_Flatfile_RotD50_d050_public_version.xlsx,RotD50,5,ROTD50_d050
194,T0.650S,t0_650s,ground_motion,5,Updated_NGA_West2_Flatfile_RotD50_d050_public_version.xlsx,RotD50,5,ROTD50_d050
195,T0.667S,t0_667s,ground_motion,5,Updated_NGA_West2_Flatfile_RotD50_d050_public_version.xlsx,RotD50,5,ROTD50_d050
196,T0.700S,t0_700s,ground_motion,5,Updated_NGA_West2_Flatfile_RotD50_d050_public_version.xlsx,RotD50,5,ROTD50_d050
197,T0.750S,t0_750s,ground_motion,5,Updated_NGA_West2_Flatfile_RotD50_d050_public_version.xlsx,RotD50,5,ROTD50_d050
198,T0.800S,t0_800s,ground_motion,5,Updated_NGA_West2_Flatfile_RotD50_d050_public_version.xlsx,RotD50,5,ROTD50_d050
199,T0.850S,t0_850s,ground_motion,5,Updated_NGA_West2_Flatfile_RotD50_d050_public_version.xlsx,RotD50,5,ROTD50_d050
200,T0.900S,t0_900s,ground_motion,5,Updated_NGA_West2_Flatfile_RotD50_d050_public_version.xlsx,RotD50,5,ROTD50_d050
201,T0.950S,t0_950s,ground_motion,5,Updated_NGA_West2_Flatfile_RotD50_d050_public_version.xlsx,RotD50,5,ROTD50_d050
202,T1.000S,t1_000s,ground_motion,5,Updated_NGA_West2_Flatfile_RotD50_d050_public_version.xlsx,RotD50,5,ROTD50_d050
203,T1.100S,t1_100s,ground_motion,5,Updated_NGA_West2_Flatfile_RotD50_d050_public_version.xlsx,RotD50,5,ROTD50_d050
204,T1.200S,t1_200s,ground_motion,5,Updated_NGA_West2_Flatfile_RotD50_d050_public_version.xlsx,RotD50,5,ROTD50_d050
205,T1.300S,t1_300s,ground_motion,5,Updated_NGA_West2_Flatfile_RotD50_d050_public_version.xlsx,RotD50,5,ROTD50_d050
206,T1.400S,t1_400s,ground_motion,5,Updated_NGA_West2_Flatfile_RotD50_d050_public_version.xlsx,RotD50,5,ROTD50_d050
207,T1.500S,t1_500s,ground_motion,5,Updated_NGA_West2_Flatfile_RotD50_d050_public_version.xlsx,RotD50,5,ROTD50_d050
208,T1.600S,t1_600s,ground_motion,5,Updated_NGA_West2_Flatfile_RotD50_d050_public_version.xlsx,RotD50,5,ROTD50_d050
209,T1.700S,t1_700s,ground_motion,5,Updated_NGA_West2_Flatfile_RotD50_d050_public_version.xlsx,RotD50,5,ROTD50_d050
210,T1.800S,t1_800s,ground_motion,5,Updated_NGA_West2_Flatfile_RotD50_d050_public_version.xlsx,RotD50,5,ROTD50_d050
211,T1.900S,t1_900s,ground_motion,5,Updated_NGA_West2_Flatfile_RotD50_d050_public_version.xlsx,RotD50,5,ROTD50_d050
212,T2.000S,t2_000s,ground_motion,5,Updated_NGA_West2_Flatfile_RotD50_d050_public_version.xlsx,RotD50,5,ROTD50_d050
213,T2.200S,t2_200s,ground_motion,5,Updated_NGA_West2_Flatfile_RotD50_d050_public_version.xlsx,RotD50,5,ROTD50_d050
214,T2.400S,t2_400s,ground_motion,5,Updated_NGA_West2_Flatfile_RotD50_d050_public_version.xlsx,RotD50,5,ROTD50_d050
215,T2.500S,t2_500s,ground_motion,5,Updated_NGA_West2_Flatfile_RotD50_d050_public_version.xlsx,RotD50,5,ROTD50_d050
216,T2.600S,t2_600s,ground_motion,5,Updated_NGA_West2_Flatfile_RotD50_d050_public_version.xlsx,RotD50,5,ROTD50_d050
217,T2.800S,t2_800s,ground_motion,5,Updated_NGA_West2_Flatfile_RotD50_d050_public_version.xlsx,RotD50,5,ROTD50_d050
218,T3.000S,t3_000s,ground_motion,5,Updated_NGA_West2_Flatfile_RotD50_d050_public_version.xlsx,RotD50,5,ROTD50_d050
219,T3.200S,t3_200s,ground_motion,5,Updated_NGA_West2_Flatfile_RotD50_d050_public_version.xlsx,RotD50,5,ROTD50_d050
220,T3.400S,t3_400s,ground_motion,5,Updated_NGA_West2_Flatfile_RotD50_d050_public_version.xlsx,RotD50,5,ROTD50_d050
221,T3.500S,t3_500s,ground_motion,5,Updated_NGA_West2_Flatfile_RotD50_d050_public_version.xlsx,RotD50,5,ROTD50_d050
222,T3.600S,t3_600s,ground_motion,5,Updated_NGA_West2_Flatfile_RotD50_d050_public_version.xlsx,RotD50,5,ROTD50_d050
223,T3.800S,t3_800s,ground_motion,5,Updated_NGA_West2_Flatfile_RotD50_d050_public_version.xlsx,RotD50,5,ROTD50_d050
224,T4.000S,t4_000s,ground_motion,5,Updated_NGA_West2_Flatfile_RotD50_d050_public_version.xlsx,RotD50,5,ROTD50_d050
225,T4.200S,t4_200s,ground_motion,5,Updated_NGA_West2_Flatfile_RotD50_d050_public_version.xlsx,RotD50,5,ROTD50_d050
226,T4.400S,t4_400s,ground_motion,5,Updated_NGA_West2_Flatfile_RotD50_d050_public_version.xlsx,RotD50,5,ROTD50_d050
227,T4.600S,t4_600s,ground_motion,5,Updated_NGA_West2_Flatfile_RotD50_d050_public_version.xlsx,RotD50,5,ROTD50_d050
228,T4.800S,t4_800s,ground_motion,5,Updated_NGA_West2_Flatfile_RotD50_d050_public_version.xlsx,RotD50,5,ROTD50_d050
229,T5.000S,t5_000s,ground_motion,5,Updated_NGA_West2_Flatfile_RotD50_d050_public_version.xlsx,RotD50,5,ROTD50_d050
230,T5.500S,t5_500s,ground_motion,5,Updated_NGA_West2_Flatfile_RotD50_d050_public_version.xlsx,RotD50,5,ROTD50_d050
231,T6.000S,t6_000s,ground_motion,5,Updated_NGA_West2_Flatfile_RotD50_d050_public_version.xlsx,RotD50,5,ROTD50_d050
232,T6.500S,t6_500s,ground_motion,5,Updated_NGA_West2_Flatfile_RotD50_d050_public_version.xlsx,RotD50,5,ROTD50_d050
233,T7.000S,t7_000s,ground_motion,5,Updated_NGA_West2_Flatfile_RotD50_d050_public_version.xlsx,RotD50,5,ROTD50_d050
234,T7.500S,t7_500s,ground_motion,5,Updated_NGA_West2_Flatfile_RotD50_d050_public_version.xlsx,RotD50,5,ROTD50_d050
235,T8.000S,t8_000s,ground_motion,5,Updated_NGA_West2_Flatfile_RotD50_d050_public_version.xlsx,RotD50,5,ROTD50_d050
236,T8.500S,t8_500s,ground_motion,5,Updated_NGA_West2_Flatfile_RotD50_d050_public_version.xlsx,RotD50,5,ROTD50_d050
237,T9.000S,t9_000s,ground_motion,5,Updated_NGA_West2_Flatfile_RotD50_d050_public_version.xlsx,RotD50,5,ROTD50_d050
238,T9.500S,t9_500s,ground_motion,5,Updated_NGA_West2_Flatfile_RotD50_d050_public_version.xlsx,RotD50,5,ROTD50_d050
239,T10.000S,t10_000s,ground_motion,5,Updated_NGA_West2_Flatfile_RotD50_d050_public_version.xlsx,RotD50,5,ROTD50_d050
240,T11.000S,t11_000s,ground_motion,5,Updated_NGA_West2_Flatfile_RotD50_d050_public_version.xlsx,RotD50,5,ROTD50_d050
241,T12.000S,t12_000s,ground_motion,5,Updated_NGA_West2_Flatfile_RotD50_d050_public_version.xlsx,RotD50,5,ROTD50_d050
242,T13.000S,t13_000s,ground_motion,5,Updated_NGA_West2_Flatfile_RotD50_d050_public_version.xlsx,RotD50,5,ROTD50_d050
243,T14.000S,t14_000s,ground_motion,5,Updated_NGA_West2_Flatfile_RotD50_d050_public_version.xlsx,RotD50,5,ROTD50_d050
244,T15.000S,t15_000s,ground_motion,5,Updated_NGA_West2_Flatfile_RotD50_d050_public_version.xlsx,RotD50,5,ROTD50_d050
245,T20.000S,t20_000s,ground_motion,5,Updated_NGA_West2_Flatfile_RotD50_d050_public_version.xlsx,RotD50,5,ROTD50_d050
246,Ave Strike (deg),ave_strike_deg,classification_directivity,5,Updated_NGA_West2_Flatfile_RotD50_d050_public_version.xlsx,RotD50,5,ROTD50_d050
247,TYPE(CRjb = 0),type_crjb_0,classification_directivity,5,Updated_NGA_West2_Flatfile_RotD50_d050_public_version.xlsx,RotD50,5,ROTD50_d050
248,CRjb,crjb,classification_directivity,5,Updated_NGA_West2_Flatfile_RotD50_d050_public_version.xlsx,RotD50,5,ROTD50_d050
249,"TYPE
(CRjb = 2)",type_crjb_2,classification_directivity,5,Updated_NGA_West2_Flatfile_RotD50_d050_public_version.xlsx,RotD50,5,ROTD50_d050
250,CRjb,crjb_1,classification_directivity,5,Updated_NGA_West2_Flatfile_RotD50_d050_public_version.xlsx,RotD50,5,ROTD50_d050
251,"TYPE
(CRjb = 5)",type_crjb_5,classification_directivity,5,Updated_NGA_West2_Flatfile_RotD50_d050_public_version.xlsx,RotD50,5,ROTD50_d050
252,CRjb,crjb_2,classification_directivity,5,Updated_NGA_West2_Flatfile_RotD50_d050_public_version.xlsx,RotD50,5,ROTD50_d050
253,"TYPE
(CRjb = 10)",type_crjb_10,classification_directivity,5,Updated_NGA_West2_Flatfile_RotD50_d050_public_version.xlsx,RotD50,5,ROTD50_d050
254,CRjb,crjb_3,classification_directivity,5,Updated_NGA_West2_Flatfile_RotD50_d050_public_version.xlsx,RotD50,5,ROTD50_d050
255,"TYPE
(CRjb = 20)",type_crjb_20,classification_directivity,5,Updated_NGA_West2_Flatfile_RotD50_d050_public_version.xlsx,RotD50,5,ROTD50_d050
256,CRjb,crjb_4,classification_directivity,5,Updated_NGA_West2_Flatfile_RotD50_d050_public_version.xlsx,RotD50,5,ROTD50_d050
257,"TYPE
(CRjb = 40)",type_crjb_40,classification_directivity,5,Updated_NGA_West2_Flatfile_RotD50_d050_public_version.xlsx,RotD50,5,ROTD50_d050
258,CRjb,crjb_5,classification_directivity,5,Updated_NGA_West2_Flatfile_RotD50_d050_public_version.xlsx,RotD50,5,ROTD50_d050
259,U,u,quality,5,Updated_NGA_West2_Flatfile_RotD50_d050_public_version.xlsx,RotD50,5,ROTD50_d050
260,IDPv4,idpv4,quality,5,Updated_NGA_West2_Flatfile_RotD50_d050_public_version.xlsx,RotD50,5,ROTD50_d050
261,XCI,xci,quality,5,Updated_NGA_West2_Flatfile_RotD50_d050_public_version.xlsx,RotD50,5,ROTD50_d050
262,XCI1,xci1,quality,5,Updated_NGA_West2_Flatfile_RotD50_d050_public_version.xlsx,RotD50,5,ROTD50_d050
263,Damping (%),damping_percent,quality,5,Updated_NGA_West2_Flatfile_RotD50_d050_public_version.xlsx,RotD50,5,ROTD50_d050
264,RotD percentile,rotd_percentile,quality,5,Updated_NGA_West2_Flatfile_RotD50_d050_public_version.xlsx,RotD50,5,ROTD50_d050
265,Instrument Nat. Freq.,instrument_nat_freq,quality,5,Updated_NGA_West2_Flatfile_RotD50_d050_public_version.xlsx,RotD50,5,ROTD50_d050
266,Instrument Damping,instrument_damping,quality,5,Updated_NGA_West2_Flatfile_RotD50_d050_public_version.xlsx,RotD50,5,ROTD50_d050
267,Instrument Type,instrument_type,quality,5,Updated_NGA_West2_Flatfile_RotD50_d050_public_version.xlsx,RotD50,5,ROTD50_d050
268,Quality_Flag,quality_flag,quality,5,Updated_NGA_West2_Flatfile_RotD50_d050_public_version.xlsx,RotD50,5,ROTD50_d050
269,Spectra Quality Flag,spectra_quality_flag,quality,5,Updated_NGA_West2_Flatfile_RotD50_d050_public_version.xlsx,RotD50,5,ROTD50_d050
270,Late S-trigger,late_s_trigger,quality,5,Updated_NGA_West2_Flatfile_RotD50_d050_public_version.xlsx,RotD50,5,ROTD50_d050
271,Late P-trigger,late_p_trigger,quality,5,Updated_NGA_West2_Flatfile_RotD50_d050_public_version.xlsx,RotD50,5,ROTD50_d050
272,Idirectivity,idirectivity,quality,5,Updated_NGA_West2_Flatfile_RotD50_d050_public_version.xlsx,RotD50,5,ROTD50_d050
273,Tp,tp,quality,5,Updated_NGA_West2_Flatfile_RotD50_d050_public_version.xlsx,RotD50,5,ROTD50_d050
274,Ry 2,ry_2,quality,5,Updated_NGA_West2_Flatfile_RotD50_d050_public_version.xlsx,RotD50,5,ROTD50_d050
1,Record Sequence Number,record_sequence_number,source,6,Updated_NGA_West2_Flatfile_RotD50_d070_public_version.xlsx,RotD50,7,ROTD50_d070
2,EQID,eqid,source,6,Updated_NGA_West2_Flatfile_RotD50_d070_public_version.xlsx,RotD50,7,ROTD50_d070
3,Earthquake Name,earthquake_name,source,6,Updated_NGA_West2_Flatfile_RotD50_d070_public_version.xlsx,RotD50,7,ROTD50_d070
4,YEAR,year,source,6,Updated_NGA_West2_Flatfile_RotD50_d070_public_version.xlsx,RotD50,7,ROTD50_d070
5,MODY,mody,source,6,Updated_NGA_West2_Flatfile_RotD50_d070_public_version.xlsx,RotD50,7,ROTD50_d070
6,HRMN,hrmn,source,6,Updated_NGA_West2_Flatfile_RotD50_d070_public_version.xlsx,RotD50,7,ROTD50_d070
7,Station Name,station_name,source,6,Updated_NGA_West2_Flatfile_RotD50_d070_public_version.xlsx,RotD50,7,ROTD50_d070
8,Station Sequence Number,station_sequence_number,source,6,Updated_NGA_West2_Flatfile_RotD50_d070_public_version.xlsx,RotD50,7,ROTD50_d070
9,Station ID  No.,station_id_no,source,6,Updated_NGA_West2_Flatfile_RotD50_d070_public_version.xlsx,RotD50,7,ROTD50_d070
10,Earthquake Magnitude,earthquake_magnitude,source,6,Updated_NGA_West2_Flatfile_RotD50_d070_public_version.xlsx,RotD50,7,ROTD50_d070
11,Magnitude Type,magnitude_type,source,6,Updated_NGA_West2_Flatfile_RotD50_d070_public_version.xlsx,RotD50,7,ROTD50_d070
12,Magnitude Uncertainty: Kagan Model,magnitude_uncertainty_kagan_model,source,6,Updated_NGA_West2_Flatfile_RotD50_d070_public_version.xlsx,RotD50,7,ROTD50_d070
13,Magnitude Uncertainty: Statistical,magnitude_uncertainty_statistical,source,6,Updated_NGA_West2_Flatfile_RotD50_d070_public_version.xlsx,RotD50,7,ROTD50_d070
14,Magnitude Sample Size,magnitude_sample_size,source,6,Updated_NGA_West2_Flatfile_RotD50_d070_public_version.xlsx,RotD50,7,ROTD50_d070
15,Magnitude Uncertainty: Study Class,magnitude_uncertainty_study_class,source,6,Updated_NGA_West2_Flatfile_RotD50_d070_public_version.xlsx,RotD50,7,ROTD50_d070
16,Mo (dyne.cm),mo_dyne_cm,source,6,Updated_NGA_West2_Flatfile_RotD50_d070_public_version.xlsx,RotD50,7,ROTD50_d070
17,Strike (deg),strike_deg,source,6,Updated_NGA_West2_Flatfile_RotD50_d070_public_version.xlsx,RotD50,7,ROTD50_d070
18,Dip (deg),dip_deg,source,6,Updated_NGA_West2_Flatfile_RotD50_d070_public_version.xlsx,RotD50,7,ROTD50_d070
19,Rake Angle (deg),rake_angle_deg,source,6,Updated_NGA_West2_Flatfile_RotD50_d070_public_version.xlsx,RotD50,7,ROTD50_d070
20,Mechanism Based on Rake Angle,mechanism_based_on_rake_angle,source,6,Updated_NGA_West2_Flatfile_RotD50_d070_public_version.xlsx,RotD50,7,ROTD50_d070
21,P-plunge (deg),p_plunge_deg,source,6,Updated_NGA_West2_Flatfile_RotD50_d070_public_version.xlsx,RotD50,7,ROTD50_d070
22,P-trend (deg),p_trend_deg,source,6,Updated_NGA_West2_Flatfile_RotD50_d070_public_version.xlsx,RotD50,7,ROTD50_d070
23,T-plunge (deg),t_plunge_deg,source,6,Updated_NGA_West2_Flatfile_RotD50_d070_public_version.xlsx,RotD50,7,ROTD50_d070
24,T-trend (deg),t_trend_deg,source,6,Updated_NGA_West2_Flatfile_RotD50_d070_public_version.xlsx,RotD50,7,ROTD50_d070
25,Hypocenter Latitude (deg),hypocenter_latitude_deg,source,6,Updated_NGA_West2_Flatfile_RotD50_d070_public_version.xlsx,RotD50,7,ROTD50_d070
26,Hypocenter Longitude (deg),hypocenter_longitude_deg,source,6,Updated_NGA_West2_Flatfile_RotD50_d070_public_version.xlsx,RotD50,7,ROTD50_d070
27,Hypocenter Depth (km),hypocenter_depth_km,source,6,Updated_NGA_West2_Flatfile_RotD50_d070_public_version.xlsx,RotD50,7,ROTD50_d070
28,Coseismic Surface Rupture: 1=Yes; 0=No;    -999=Unknown,coseismic_surface_rupture_1_yes_0_no_999_unknown,source,6,Updated_NGA_West2_Flatfile_RotD50_d070_public_version.xlsx,RotD50,7,ROTD50_d070
29,Coseismic Surface Rupture (Including Inferred),coseismic_surface_rupture_including_inferred,source,6,Updated_NGA_West2_Flatfile_RotD50_d070_public_version.xlsx,RotD50,7,ROTD50_d070
30,Basis for Inference of Surface Rupture,basis_for_inference_of_surface_rupture,source,6,Updated_NGA_West2_Flatfile_RotD50_d070_public_version.xlsx,RotD50,7,ROTD50_d070
31,Finite Rupture Model: 1=Yes;  0=No,finite_rupture_model_1_yes_0_no,source,6,Updated_NGA_West2_Flatfile_RotD50_d070_public_version.xlsx,RotD50,7,ROTD50_d070
32,Depth to Top Of Fault Rupture Model,depth_to_top_of_fault_rupture_model,source,6,Updated_NGA_West2_Flatfile_RotD50_d070_public_version.xlsx,RotD50,7,ROTD50_d070
33,Fault Rupture Length for Calculation of Ry (km),fault_rupture_length_for_calculation_of_ry_km,source,6,Updated_NGA_West2_Flatfile_RotD50_d070_public_version.xlsx,RotD50,7,ROTD50_d070
34,Fault Rupture Width (km),fault_rupture_width_km,source,6,Updated_NGA_West2_Flatfile_RotD50_d070_public_version.xlsx,RotD50,7,ROTD50_d070
35,Fault Rupture Area (km^2),fault_rupture_area_km_2,source,6,Updated_NGA_West2_Flatfile_RotD50_d070_public_version.xlsx,RotD50,7,ROTD50_d070
36,Avg Fault Disp (cm),avg_fault_disp_cm,source,6,Updated_NGA_West2_Flatfile_RotD50_d070_public_version.xlsx,RotD50,7,ROTD50_d070
37,Rise Time (s),rise_time_s,source,6,Updated_NGA_West2_Flatfile_RotD50_d070_public_version.xlsx,RotD50,7,ROTD50_d070
38,Avg Slip Velocity (cm/s),avg_slip_velocity_cm_s,source,6,Updated_NGA_West2_Flatfile_RotD50_d070_public_version.xlsx,RotD50,7,ROTD50_d070
39,Static Stress Drop (bars),static_stress_drop_bars,source,6,Updated_NGA_West2_Flatfile_RotD50_d070_public_version.xlsx,RotD50,7,ROTD50_d070
40,Preferred Rupture Velocity (km/s),preferred_rupture_velocity_km_s,source,6,Updated_NGA_West2_Flatfile_RotD50_d070_public_version.xlsx,RotD50,7,ROTD50_d070
41,Average Vr/Vs,average_vr_vs,source,6,Updated_NGA_West2_Flatfile_RotD50_d070_public_version.xlsx,RotD50,7,ROTD50_d070
42,Percent of Moment Release in the Top 5 Km of Crust,percent_of_moment_release_in_the_top_5_km_of_crust,source,6,Updated_NGA_West2_Flatfile_RotD50_d070_public_version.xlsx,RotD50,7,ROTD50_d070
43,Existence of Shallow Asperity: 0=No; 1=Yes,existence_of_shallow_asperity_0_no_1_yes,source,6,Updated_NGA_West2_Flatfile_RotD50_d070_public_version.xlsx,RotD50,7,ROTD50_d070
44,Depth to Top of Shallowest Asperity (km),depth_to_top_of_shallowest_asperity_km,source,6,Updated_NGA_West2_Flatfile_RotD50_d070_public_version.xlsx,RotD50,7,ROTD50_d070
45,Earthquake in Extensional Regime: 1=Yes; 0=No,earthquake_in_extensional_regime_1_yes_0_no,source,6,Updated_NGA_West2_Flatfile_RotD50_d070_public_version.xlsx,RotD50,7,ROTD50_d070
46,Fault Name,fault_name,source,6,Updated_NGA_West2_Flatfile_RotD50_d070_public_version.xlsx,RotD50,7,ROTD50_d070
47,Slip Rate (mm/Yr),slip_rate_mm_yr,source,6,Updated_NGA_West2_Flatfile_RotD50_d070_public_version.xlsx,RotD50,7,ROTD50_d070
48,EpiD (km),epid_km,path,6,Updated_NGA_West2_Flatfile_RotD50_d070_public_version.xlsx,RotD50,7,ROTD50_d070
49,HypD (km),hypd_km,path,6,Updated_NGA_West2_Flatfile_RotD50_d070_public_version.xlsx,RotD50,7,ROTD50_d070
50,Joyner-Boore Dist. (km),joyner_boore_dist_km,path,6,Updated_NGA_West2_Flatfile_RotD50_d070_public_version.xlsx,RotD50,7,ROTD50_d070
51,Campbell R Dist. (km),campbell_r_dist_km,path,6,Updated_NGA_West2_Flatfile_RotD50_d070_public_version.xlsx,RotD50,7,ROTD50_d070
52,RmsD (km),rmsd_km,path,6,Updated_NGA_West2_Flatfile_RotD50_d070_public_version.xlsx,RotD50,7,ROTD50_d070
53,ClstD (km),clstd_km,path,6,Updated_NGA_West2_Flatfile_RotD50_d070_public_version.xlsx,RotD50,7,ROTD50_d070
54,Rx,rx,path,6,Updated_NGA_West2_Flatfile_RotD50_d070_public_version.xlsx,RotD50,7,ROTD50_d070
55,FW/HW Indicator,fw_hw_indicator,path,6,Updated_NGA_West2_Flatfile_RotD50_d070_public_version.xlsx,RotD50,7,ROTD50_d070
56,Source to Site Azimuth (deg),source_to_site_azimuth_deg,path,6,Updated_NGA_West2_Flatfile_RotD50_d070_public_version.xlsx,RotD50,7,ROTD50_d070
57,X,x,path,6,Updated_NGA_West2_Flatfile_RotD50_d070_public_version.xlsx,RotD50,7,ROTD50_d070
58,Theta.D (deg),theta_d_deg,path,6,Updated_NGA_West2_Flatfile_RotD50_d070_public_version.xlsx,RotD50,7,ROTD50_d070
59,SSGA (Strike Slip),ssga_strike_slip,path,6,Updated_NGA_West2_Flatfile_RotD50_d070_public_version.xlsx,RotD50,7,ROTD50_d070
60,Y,y,path,6,Updated_NGA_West2_Flatfile_RotD50_d070_public_version.xlsx,RotD50,7,ROTD50_d070
61,Phi.D (deg),phi_d_deg,path,6,Updated_NGA_West2_Flatfile_RotD50_d070_public_version.xlsx,RotD50,7,ROTD50_d070
62,SSGA (Dip Slip),ssga_dip_slip,path,6,Updated_NGA_West2_Flatfile_RotD50_d070_public_version.xlsx,RotD50,7,ROTD50_d070
63,s,s,path,6,Updated_NGA_West2_Flatfile_RotD50_d070_public_version.xlsx,RotD50,7,ROTD50_d070
64,d,d,path,6,Updated_NGA_West2_Flatfile_RotD50_d070_public_version.xlsx,RotD50,7,ROTD50_d070
65,ctildepr,ctildepr,path,6,Updated_NGA_West2_Flatfile_RotD50_d070_public_version.xlsx,RotD50,7,ROTD50_d070
66,Unused Column,unused_column,path,6,Updated_NGA_West2_Flatfile_RotD50_d070_public_version.xlsx,RotD50,7,ROTD50_d070
67,D,d_1,path,6,Updated_NGA_West2_Flatfile_RotD50_d070_public_version.xlsx,RotD50,7,ROTD50_d070
68,Rfn.Hyp,rfn_hyp,path,6,Updated_NGA_West2_Flatfile_RotD50_d070_public_version.xlsx,RotD50,7,ROTD50_d070
69,Rfp.Hyp,rfp_hyp,path,6,Updated_NGA_West2_Flatfile_RotD50_d070_public_version.xlsx,RotD50,7,ROTD50_d070
70,Unused Column,unused_column_1,path,6,Updated_NGA_West2_Flatfile_RotD50_d070_public_version.xlsx,RotD50,7,ROTD50_d070
71,Unused Column,unused_column_2,path,6,Updated_NGA_West2_Flatfile_RotD50_d070_public_version.xlsx,RotD50,7,ROTD50_d070
72,Unused Column,unused_column_3,path,6,Updated_NGA_West2_Flatfile_RotD50_d070_public_version.xlsx,RotD50,7,ROTD50_d070
73,T,t,path,6,Updated_NGA_West2_Flatfile_RotD50_d070_public_version.xlsx,RotD50,7,ROTD50_d070
74,GMX's C1,gmx_s_c1,site,6,Updated_NGA_West2_Flatfile_RotD50_d070_public_version.xlsx,RotD50,7,ROTD50_d070
75,GMX's C2,gmx_s_c2,site,6,Updated_NGA_West2_Flatfile_RotD50_d070_public_version.xlsx,RotD50,7,ROTD50_d070
76,GMX's C3,gmx_s_c3,site,6,Updated_NGA_West2_Flatfile_RotD50_d070_public_version.xlsx,RotD50,7,ROTD50_d070
77,Campbell's GEOCODE,campbell_s_geocode,site,6,Updated_NGA_West2_Flatfile_RotD50_d070_public_version.xlsx,RotD50,7,ROTD50_d070
78,Bray and Rodriguez-Marek SGS,bray_and_rodriguez_marek_sgs,site,6,Updated_NGA_West2_Flatfile_RotD50_d070_public_version.xlsx,RotD50,7,ROTD50_d070
79,Depth,depth,site,6,Updated_NGA_West2_Flatfile_RotD50_d070_public_version.xlsx,RotD50,7,ROTD50_d070
80,Preferred NEHRP Based on Vs30,preferred_nehrp_based_on_vs30,site,6,Updated_NGA_West2_Flatfile_RotD50_d070_public_version.xlsx,RotD50,7,ROTD50_d070
81,Vs30 (m/s) selected for analysis,vs30_m_s_selected_for_analysis,site,6,Updated_NGA_West2_Flatfile_RotD50_d070_public_version.xlsx,RotD50,7,ROTD50_d070
82,Column Not Used,column_not_used,site,6,Updated_NGA_West2_Flatfile_RotD50_d070_public_version.xlsx,RotD50,7,ROTD50_d070
83,Measured/Inferred Class,measured_inferred_class,site,6,Updated_NGA_West2_Flatfile_RotD50_d070_public_version.xlsx,RotD50,7,ROTD50_d070
84,Sigma of Vs30 (in natural log Units),sigma_of_vs30_in_natural_log_units,site,6,Updated_NGA_West2_Flatfile_RotD50_d070_public_version.xlsx,RotD50,7,ROTD50_d070
85,NEHRP Classification from CGS's Site Condition Map,nehrp_classification_from_cgs_s_site_condition_map,site,6,Updated_NGA_West2_Flatfile_RotD50_d070_public_version.xlsx,RotD50,7,ROTD50_d070
86,Geological Unit,geological_unit,site,6,Updated_NGA_West2_Flatfile_RotD50_d070_public_version.xlsx,RotD50,7,ROTD50_d070
87,Geology,geology,site,6,Updated_NGA_West2_Flatfile_RotD50_d070_public_version.xlsx,RotD50,7,ROTD50_d070
88,Owner,owner,site,6,Updated_NGA_West2_Flatfile_RotD50_d070_public_version.xlsx,RotD50,7,ROTD50_d070
89,Station Latitude,station_latitude,site,6,Updated_NGA_West2_Flatfile_RotD50_d070_public_version.xlsx,RotD50,7,ROTD50_d070
90,Station Longitude,station_longitude,site,6,Updated_NGA_West2_Flatfile_RotD50_d070_public_version.xlsx,RotD50,7,ROTD50_d070
91,STORIES,stories,site,6,Updated_NGA_West2_Flatfile_RotD50_d070_public_version.xlsx,RotD50,7,ROTD50_d070
92,INSTLOC,instloc,site,6,Updated_NGA_West2_Flatfile_RotD50_d070_public_version.xlsx,RotD50,7,ROTD50_d070
93,Depth to Basement Rock,depth_to_basement_rock,site,6,Updated_NGA_West2_Flatfile_RotD50_d070_public_version.xlsx,RotD50,7,ROTD50_d070
94,Site Visited,site_visited,site,6,Updated_NGA_West2_Flatfile_RotD50_d070_public_version.xlsx,RotD50,7,ROTD50_d070
95,NGA Type,nga_type,site,6,Updated_NGA_West2_Flatfile_RotD50_d070_public_version.xlsx,RotD50,7,ROTD50_d070
96,Age,age,site,6,Updated_NGA_West2_Flatfile_RotD50_d070_public_version.xlsx,RotD50,7,ROTD50_d070
97,Grain Size,grain_size,site,6,Updated_NGA_West2_Flatfile_RotD50_d070_public_version.xlsx,RotD50,7,ROTD50_d070
98,Depositional History,depositional_history,site,6,Updated_NGA_West2_Flatfile_RotD50_d070_public_version.xlsx,RotD50,7,ROTD50_d070
99,Northern CA/Southern CA - H11 Z1 (m),northern_ca_southern_ca_h11_z1_m,site,6,Updated_NGA_West2_Flatfile_RotD50_d070_public_version.xlsx,RotD50,7,ROTD50_d070
100,Northern CA/Southern CA - H11 Z1.5 (m),northern_ca_southern_ca_h11_z1_5_m,site,6,Updated_NGA_West2_Flatfile_RotD50_d070_public_version.xlsx,RotD50,7,ROTD50_d070
101,Northern CA/Southern CA - H11 Z2.5 (m),northern_ca_southern_ca_h11_z2_5_m,site,6,Updated_NGA_West2_Flatfile_RotD50_d070_public_version.xlsx,RotD50,7,ROTD50_d070
102,Northern CA/Southern CA - S4 Z1 (m),northern_ca_southern_ca_s4_z1_m,site,6,Updated_NGA_West2_Flatfile_RotD50_d070_public_version.xlsx,RotD50,7,ROTD50_d070
103,Northern CA/Southern CA - S4 Z1.5 (m),northern_ca_southern_ca_s4_z1_5_m,site,6,Updated_NGA_West2_Flatfile_RotD50_d070_public_version.xlsx,RotD50,7,ROTD50_d070
104,Northern CA/Southern CA - S4 Z2.5 (m),northern_ca_southern_ca_s4_z2_5_m,site,6,Updated_NGA_West2_Flatfile_RotD50_d070_public_version.xlsx,RotD50,7,ROTD50_d070
105,Depth to Franciscan Rock (km),depth_to_franciscan_rock_km,site,6,Updated_NGA_West2_Flatfile_RotD50_d070_public_version.xlsx,RotD50,7,ROTD50_d070
106,Basin,basin,site,6,Updated_NGA_West2_Flatfile_RotD50_d070_public_version.xlsx,RotD50,7,ROTD50_d070
107,h (m),h_m,site,6,Updated_NGA_West2_Flatfile_RotD50_d070_public_version.xlsx,RotD50,7,ROTD50_d070
108,hnorm (m),hnorm_m,site,6,Updated_NGA_West2_Flatfile_RotD50_d070_public_version.xlsx,RotD50,7,ROTD50_d070
109,Rsbe (m),rsbe_m,site,6,Updated_NGA_West2_Flatfile_RotD50_d070_public_version.xlsx,RotD50,7,ROTD50_d070
110,Rcebe (m),rcebe_m,site,6,Updated_NGA_West2_Flatfile_RotD50_d070_public_version.xlsx,RotD50,7,ROTD50_d070
111,Rebe (m),rebe_m,site,6,Updated_NGA_West2_Flatfile_RotD50_d070_public_version.xlsx,RotD50,7,ROTD50_d070
112,Rsbe1 (m),rsbe1_m,site,6,Updated_NGA_West2_Flatfile_RotD50_d070_public_version.xlsx,RotD50,7,ROTD50_d070
113,File Name (Horizontal 1),file_name_horizontal_1,record_processing,6,Updated_NGA_West2_Flatfile_RotD50_d070_public_version.xlsx,RotD50,7,ROTD50_d070
114,File Name (Horizontal 2),file_name_horizontal_2,record_processing,6,Updated_NGA_West2_Flatfile_RotD50_d070_public_version.xlsx,RotD50,7,ROTD50_d070
115,File Name (Vertical),file_name_vertical,record_processing,6,Updated_NGA_West2_Flatfile_RotD50_d070_public_version.xlsx,RotD50,7,ROTD50_d070
116,H1 azimth (degrees),h1_azimth_degrees,record_processing,6,Updated_NGA_West2_Flatfile_RotD50_d070_public_version.xlsx,RotD50,7,ROTD50_d070
117,H2 azimith (degrees),h2_azimith_degrees,record_processing,6,Updated_NGA_West2_Flatfile_RotD50_d070_public_version.xlsx,RotD50,7,ROTD50_d070
118,Type of Recording,type_of_recording,record_processing,6,Updated_NGA_West2_Flatfile_RotD50_d070_public_version.xlsx,RotD50,7,ROTD50_d070
119,Instrument Model,instrument_model,record_processing,6,Updated_NGA_West2_Flatfile_RotD50_d070_public_version.xlsx,RotD50,7,ROTD50_d070
120,PEA Processing Flag,pea_processing_flag,record_processing,6,Updated_NGA_West2_Flatfile_RotD50_d070_public_version.xlsx,RotD50,7,ROTD50_d070
121,Type of Filter,type_of_filter,record_processing,6,Updated_NGA_West2_Flatfile_RotD50_d070_public_version.xlsx,RotD50,7,ROTD50_d070
122,npass,npass,record_processing,6,Updated_NGA_West2_Flatfile_RotD50_d070_public_version.xlsx,RotD50,7,ROTD50_d070
123,nroll,nroll,record_processing,6,Updated_NGA_West2_Flatfile_RotD50_d070_public_version.xlsx,RotD50,7,ROTD50_d070
124,HP-H1 (Hz),hp_h1_hz,record_processing,6,Updated_NGA_West2_Flatfile_RotD50_d070_public_version.xlsx,RotD50,7,ROTD50_d070
125,HP-H2 (Hz),hp_h2_hz,record_processing,6,Updated_NGA_West2_Flatfile_RotD50_d070_public_version.xlsx,RotD50,7,ROTD50_d070
126,LP-H1 (Hz),lp_h1_hz,record_processing,6,Updated_NGA_West2_Flatfile_RotD50_d070_public_version.xlsx,RotD50,7,ROTD50_d070
127,LP-H2 (Hz),lp_h2_hz,record_processing,6,Updated_NGA_West2_Flatfile_RotD50_d070_public_version.xlsx,RotD50,7,ROTD50_d070
128,Factor,factor,record_processing,6,Updated_NGA_West2_Flatfile_RotD50_d070_public_version.xlsx,RotD50,7,ROTD50_d070
129,Lowest Usable Freq - H1 (Hz),lowest_usable_freq_h1_hz,record_processing,6,Updated_NGA_West2_Flatfile_RotD50_d070_public_version.xlsx,RotD50,7,ROTD50_d070
130,Lowest Usable Freq - H2 (H2),lowest_usable_freq_h2_h2,record_processing,6,Updated_NGA_West2_Flatfile_RotD50_d070_public_version.xlsx,RotD50,7,ROTD50_d070
131,Lowest Usable Freq - Ave. Component (Hz),lowest_usable_freq_ave_component_hz,record_processing,6,Updated_NGA_West2_Flatfile_RotD50_d070_public_version.xlsx,RotD50,7,ROTD50_d070
132,PGA (g),pga_g,ground_motion,6,Updated_NGA_West2_Flatfile_RotD50_d070_public_version.xlsx,RotD50,7,ROTD50_d070
133,PGV (cm/sec),pgv_cm_sec,ground_motion,6,Updated_NGA_West2_Flatfile_RotD50_d070_public_version.xlsx,RotD50,7,ROTD50_d070
134,PGD (cm),pgd_cm,ground_motion,6,Updated_NGA_West2_Flatfile_RotD50_d070_public_version.xlsx,RotD50,7,ROTD50_d070
135,T0.010S,t0_010s,ground_motion,6,Updated_NGA_West2_Flatfile_RotD50_d070_public_version.xlsx,RotD50,7,ROTD50_d070
136,T0.020S,t0_020s,ground_motion,6,Updated_NGA_West2_Flatfile_RotD50_d070_public_version.xlsx,RotD50,7,ROTD50_d070
137,T0.022S,t0_022s,ground_motion,6,Updated_NGA_West2_Flatfile_RotD50_d070_public_version.xlsx,RotD50,7,ROTD50_d070
138,T0.025S,t0_025s,ground_motion,6,Updated_NGA_West2_Flatfile_RotD50_d070_public_version.xlsx,RotD50,7,ROTD50_d070
139,T0.029S,t0_029s,ground_motion,6,Updated_NGA_West2_Flatfile_RotD50_d070_public_version.xlsx,RotD50,7,ROTD50_d070
140,T0.030S,t0_030s,ground_motion,6,Updated_NGA_West2_Flatfile_RotD50_d070_public_version.xlsx,RotD50,7,ROTD50_d070
141,T0.032S,t0_032s,ground_motion,6,Updated_NGA_West2_Flatfile_RotD50_d070_public_version.xlsx,RotD50,7,ROTD50_d070
142,T0.035S,t0_035s,ground_motion,6,Updated_NGA_West2_Flatfile_RotD50_d070_public_version.xlsx,RotD50,7,ROTD50_d070
143,T0.036S,t0_036s,ground_motion,6,Updated_NGA_West2_Flatfile_RotD50_d070_public_version.xlsx,RotD50,7,ROTD50_d070
144,T0.040S,t0_040s,ground_motion,6,Updated_NGA_West2_Flatfile_RotD50_d070_public_version.xlsx,RotD50,7,ROTD50_d070
145,T0.042S,t0_042s,ground_motion,6,Updated_NGA_West2_Flatfile_RotD50_d070_public_version.xlsx,RotD50,7,ROTD50_d070
146,T0.044S,t0_044s,ground_motion,6,Updated_NGA_West2_Flatfile_RotD50_d070_public_version.xlsx,RotD50,7,ROTD50_d070
147,T0.045S,t0_045s,ground_motion,6,Updated_NGA_West2_Flatfile_RotD50_d070_public_version.xlsx,RotD50,7,ROTD50_d070
148,T0.046S,t0_046s,ground_motion,6,Updated_NGA_West2_Flatfile_RotD50_d070_public_version.xlsx,RotD50,7,ROTD50_d070
149,T0.048S,t0_048s,ground_motion,6,Updated_NGA_West2_Flatfile_RotD50_d070_public_version.xlsx,RotD50,7,ROTD50_d070
150,T0.050S,t0_050s,ground_motion,6,Updated_NGA_West2_Flatfile_RotD50_d070_public_version.xlsx,RotD50,7,ROTD50_d070
151,T0.055S,t0_055s,ground_motion,6,Updated_NGA_West2_Flatfile_RotD50_d070_public_version.xlsx,RotD50,7,ROTD50_d070
152,T0.060S,t0_060s,ground_motion,6,Updated_NGA_West2_Flatfile_RotD50_d070_public_version.xlsx,RotD50,7,ROTD50_d070
153,T0.065S,t0_065s,ground_motion,6,Updated_NGA_West2_Flatfile_RotD50_d070_public_version.xlsx,RotD50,7,ROTD50_d070
154,T0.067S,t0_067s,ground_motion,6,Updated_NGA_West2_Flatfile_RotD50_d070_public_version.xlsx,RotD50,7,ROTD50_d070
155,T0.070S,t0_070s,ground_motion,6,Updated_NGA_West2_Flatfile_RotD50_d070_public_version.xlsx,RotD50,7,ROTD50_d070
156,T0.075S,t0_075s,ground_motion,6,Updated_NGA_West2_Flatfile_RotD50_d070_public_version.xlsx,RotD50,7,ROTD50_d070
157,T0.080S,t0_080s,ground_motion,6,Updated_NGA_West2_Flatfile_RotD50_d070_public_version.xlsx,RotD50,7,ROTD50_d070
158,T0.085S,t0_085s,ground_motion,6,Updated_NGA_West2_Flatfile_RotD50_d070_public_version.xlsx,RotD50,7,ROTD50_d070
159,T0.090S,t0_090s,ground_motion,6,Updated_NGA_West2_Flatfile_RotD50_d070_public_version.xlsx,RotD50,7,ROTD50_d070
160,T0.095S,t0_095s,ground_motion,6,Updated_NGA_West2_Flatfile_RotD50_d070_public_version.xlsx,RotD50,7,ROTD50_d070
161,T0.100S,t0_100s,ground_motion,6,Updated_NGA_West2_Flatfile_RotD50_d070_public_version.xlsx,RotD50,7,ROTD50_d070
162,T0.110S,t0_110s,ground_motion,6,Updated_NGA_West2_Flatfile_RotD50_d070_public_version.xlsx,RotD50,7,ROTD50_d070
163,T0.120S,t0_120s,ground_motion,6,Updated_NGA_West2_Flatfile_RotD50_d070_public_version.xlsx,RotD50,7,ROTD50_d070
164,T0.130S,t0_130s,ground_motion,6,Updated_NGA_West2_Flatfile_RotD50_d070_public_version.xlsx,RotD50,7,ROTD50_d070
165,T0.133S,t0_133s,ground_motion,6,Updated_NGA_West2_Flatfile_RotD50_d070_public_version.xlsx,RotD50,7,ROTD50_d070
166,T0.140S,t0_140s,ground_motion,6,Updated_NGA_West2_Flatfile_RotD50_d070_public_version.xlsx,RotD50,7,ROTD50_d070
167,T0.150S,t0_150s,ground_motion,6,Updated_NGA_West2_Flatfile_RotD50_d070_public_version.xlsx,RotD50,7,ROTD50_d070
168,T0.160S,t0_160s,ground_motion,6,Updated_NGA_West2_Flatfile_RotD50_d070_public_version.xlsx,RotD50,7,ROTD50_d070
169,T0.170S,t0_170s,ground_motion,6,Updated_NGA_West2_Flatfile_RotD50_d070_public_version.xlsx,RotD50,7,ROTD50_d070
170,T0.180S,t0_180s,ground_motion,6,Updated_NGA_West2_Flatfile_RotD50_d070_public_version.xlsx,RotD50,7,ROTD50_d070
171,T0.190S,t0_190s,ground_motion,6,Updated_NGA_West2_Flatfile_RotD50_d070_public_version.xlsx,RotD50,7,ROTD50_d070
172,T0.200S,t0_200s,ground_motion,6,Updated_NGA_West2_Flatfile_RotD50_d070_public_version.xlsx,RotD50,7,ROTD50_d070
173,T0.220S,t0_220s,ground_motion,6,Updated_NGA_West2_Flatfile_RotD50_d070_public_version.xlsx,RotD50,7,ROTD50_d070
174,T0.240S,t0_240s,ground_motion,6,Updated_NGA_West2_Flatfile_RotD50_d070_public_version.xlsx,RotD50,7,ROTD50_d070
175,T0.250S,t0_250s,ground_motion,6,Updated_NGA_West2_Flatfile_RotD50_d070_public_version.xlsx,RotD50,7,ROTD50_d070
176,T0.260S,t0_260s,ground_motion,6,Updated_NGA_West2_Flatfile_RotD50_d070_public_version.xlsx,RotD50,7,ROTD50_d070
177,T0.280S,t0_280s,ground_motion,6,Updated_NGA_West2_Flatfile_RotD50_d070_public_version.xlsx,RotD50,7,ROTD50_d070
178,T0.290S,t0_290s,ground_motion,6,Updated_NGA_West2_Flatfile_RotD50_d070_public_version.xlsx,RotD50,7,ROTD50_d070
179,T0.300S,t0_300s,ground_motion,6,Updated_NGA_West2_Flatfile_RotD50_d070_public_version.xlsx,RotD50,7,ROTD50_d070
180,T0.320S,t0_320s,ground_motion,6,Updated_NGA_West2_Flatfile_RotD50_d070_public_version.xlsx,RotD50,7,ROTD50_d070
181,T0.340S,t0_340s,ground_motion,6,Updated_NGA_West2_Flatfile_RotD50_d070_public_version.xlsx,RotD50,7,ROTD50_d070
182,T0.350S,t0_350s,ground_motion,6,Updated_NGA_West2_Flatfile_RotD50_d070_public_version.xlsx,RotD50,7,ROTD50_d070
183,T0.360S,t0_360s,ground_motion,6,Updated_NGA_West2_Flatfile_RotD50_d070_public_version.xlsx,RotD50,7,ROTD50_d070
184,T0.380S,t0_380s,ground_motion,6,Updated_NGA_West2_Flatfile_RotD50_d070_public_version.xlsx,RotD50,7,ROTD50_d070
185,T0.400S,t0_400s,ground_motion,6,Updated_NGA_West2_Flatfile_RotD50_d070_public_version.xlsx,RotD50,7,ROTD50_d070
186,T0.420S,t0_420s,ground_motion,6,Updated_NGA_West2_Flatfile_RotD50_d070_public_version.xlsx,RotD50,7,ROTD50_d070
187,T0.440S,t0_440s,ground_motion,6,Updated_NGA_West2_Flatfile_RotD50_d070_public_version.xlsx,RotD50,7,ROTD50_d070
188,T0.450S,t0_450s,ground_motion,6,Updated_NGA_West2_Flatfile_RotD50_d070_public_version.xlsx,RotD50,7,ROTD50_d070
189,T0.460S,t0_460s,ground_motion,6,Updated_NGA_West2_Flatfile_RotD50_d070_public_version.xlsx,RotD50,7,ROTD50_d070
190,T0.480S,t0_480s,ground_motion,6,Updated_NGA_West2_Flatfile_RotD50_d070_public_version.xlsx,RotD50,7,ROTD50_d070
191,T0.500S,t0_500s,ground_motion,6,Updated_NGA_West2_Flatfile_RotD50_d070_public_version.xlsx,RotD50,7,ROTD50_d070
192,T0.550S,t0_550s,ground_motion,6,Updated_NGA_West2_Flatfile_RotD50_d070_public_version.xlsx,RotD50,7,ROTD50_d070
193,T0.600S,t0_600s,ground_motion,6,Updated_NGA_West2_Flatfile_RotD50_d070_public_version.xlsx,RotD50,7,ROTD50_d070
194,T0.650S,t0_650s,ground_motion,6,Updated_NGA_West2_Flatfile_RotD50_d070_public_version.xlsx,RotD50,7,ROTD50_d070
195,T0.667S,t0_667s,ground_motion,6,Updated_NGA_West2_Flatfile_RotD50_d070_public_version.xlsx,RotD50,7,ROTD50_d070
196,T0.700S,t0_700s,ground_motion,6,Updated_NGA_West2_Flatfile_RotD50_d070_public_version.xlsx,RotD50,7,ROTD50_d070
197,T0.750S,t0_750s,ground_motion,6,Updated_NGA_West2_Flatfile_RotD50_d070_public_version.xlsx,RotD50,7,ROTD50_d070
198,T0.800S,t0_800s,ground_motion,6,Updated_NGA_West2_Flatfile_RotD50_d070_public_version.xlsx,RotD50,7,ROTD50_d070
199,T0.850S,t0_850s,ground_motion,6,Updated_NGA_West2_Flatfile_RotD50_d070_public_version.xlsx,RotD50,7,ROTD50_d070
200,T0.900S,t0_900s,ground_motion,6,Updated_NGA_West2_Flatfile_RotD50_d070_public_version.xlsx,RotD50,7,ROTD50_d070
201,T0.950S,t0_950s,ground_motion,6,Updated_NGA_West2_Flatfile_RotD50_d070_public_version.xlsx,RotD50,7,ROTD50_d070
202,T1.000S,t1_000s,ground_motion,6,Updated_NGA_West2_Flatfile_RotD50_d070_public_version.xlsx,RotD50,7,ROTD50_d070
203,T1.100S,t1_100s,ground_motion,6,Updated_NGA_West2_Flatfile_RotD50_d070_public_version.xlsx,RotD50,7,ROTD50_d070
204,T1.200S,t1_200s,ground_motion,6,Updated_NGA_West2_Flatfile_RotD50_d070_public_version.xlsx,RotD50,7,ROTD50_d070
205,T1.300S,t1_300s,ground_motion,6,Updated_NGA_West2_Flatfile_RotD50_d070_public_version.xlsx,RotD50,7,ROTD50_d070
206,T1.400S,t1_400s,ground_motion,6,Updated_NGA_West2_Flatfile_RotD50_d070_public_version.xlsx,RotD50,7,ROTD50_d070
207,T1.500S,t1_500s,ground_motion,6,Updated_NGA_West2_Flatfile_RotD50_d070_public_version.xlsx,RotD50,7,ROTD50_d070
208,T1.600S,t1_600s,ground_motion,6,Updated_NGA_West2_Flatfile_RotD50_d070_public_version.xlsx,RotD50,7,ROTD50_d070
209,T1.700S,t1_700s,ground_motion,6,Updated_NGA_West2_Flatfile_RotD50_d070_public_version.xlsx,RotD50,7,ROTD50_d070
210,T1.800S,t1_800s,ground_motion,6,Updated_NGA_West2_Flatfile_RotD50_d070_public_version.xlsx,RotD50,7,ROTD50_d070
211,T1.900S,t1_900s,ground_motion,6,Updated_NGA_West2_Flatfile_RotD50_d070_public_version.xlsx,RotD50,7,ROTD50_d070
212,T2.000S,t2_000s,ground_motion,6,Updated_NGA_West2_Flatfile_RotD50_d070_public_version.xlsx,RotD50,7,ROTD50_d070
213,T2.200S,t2_200s,ground_motion,6,Updated_NGA_West2_Flatfile_RotD50_d070_public_version.xlsx,RotD50,7,ROTD50_d070
214,T2.400S,t2_400s,ground_motion,6,Updated_NGA_West2_Flatfile_RotD50_d070_public_version.xlsx,RotD50,7,ROTD50_d070
215,T2.500S,t2_500s,ground_motion,6,Updated_NGA_West2_Flatfile_RotD50_d070_public_version.xlsx,RotD50,7,ROTD50_d070
216,T2.600S,t2_600s,ground_motion,6,Updated_NGA_West2_Flatfile_RotD50_d070_public_version.xlsx,RotD50,7,ROTD50_d070
217,T2.800S,t2_800s,ground_motion,6,Updated_NGA_West2_Flatfile_RotD50_d070_public_version.xlsx,RotD50,7,ROTD50_d070
218,T3.000S,t3_000s,ground_motion,6,Updated_NGA_West2_Flatfile_RotD50_d070_public_version.xlsx,RotD50,7,ROTD50_d070
219,T3.200S,t3_200s,ground_motion,6,Updated_NGA_West2_Flatfile_RotD50_d070_public_version.xlsx,RotD50,7,ROTD50_d070
220,T3.400S,t3_400s,ground_motion,6,Updated_NGA_West2_Flatfile_RotD50_d070_public_version.xlsx,RotD50,7,ROTD50_d070
221,T3.500S,t3_500s,ground_motion,6,Updated_NGA_West2_Flatfile_RotD50_d070_public_version.xlsx,RotD50,7,ROTD50_d070
222,T3.600S,t3_600s,ground_motion,6,Updated_NGA_West2_Flatfile_RotD50_d070_public_version.xlsx,RotD50,7,ROTD50_d070
223,T3.800S,t3_800s,ground_motion,6,Updated_NGA_West2_Flatfile_RotD50_d070_public_version.xlsx,RotD50,7,ROTD50_d070
224,T4.000S,t4_000s,ground_motion,6,Updated_NGA_West2_Flatfile_RotD50_d070_public_version.xlsx,RotD50,7,ROTD50_d070
225,T4.200S,t4_200s,ground_motion,6,Updated_NGA_West2_Flatfile_RotD50_d070_public_version.xlsx,RotD50,7,ROTD50_d070
226,T4.400S,t4_400s,ground_motion,6,Updated_NGA_West2_Flatfile_RotD50_d070_public_version.xlsx,RotD50,7,ROTD50_d070
227,T4.600S,t4_600s,ground_motion,6,Updated_NGA_West2_Flatfile_RotD50_d070_public_version.xlsx,RotD50,7,ROTD50_d070
228,T4.800S,t4_800s,ground_motion,6,Updated_NGA_West2_Flatfile_RotD50_d070_public_version.xlsx,RotD50,7,ROTD50_d070
229,T5.000S,t5_000s,ground_motion,6,Updated_NGA_West2_Flatfile_RotD50_d070_public_version.xlsx,RotD50,7,ROTD50_d070
230,T5.500S,t5_500s,ground_motion,6,Updated_NGA_West2_Flatfile_RotD50_d070_public_version.xlsx,RotD50,7,ROTD50_d070
231,T6.000S,t6_000s,ground_motion,6,Updated_NGA_West2_Flatfile_RotD50_d070_public_version.xlsx,RotD50,7,ROTD50_d070
232,T6.500S,t6_500s,ground_motion,6,Updated_NGA_West2_Flatfile_RotD50_d070_public_version.xlsx,RotD50,7,ROTD50_d070
233,T7.000S,t7_000s,ground_motion,6,Updated_NGA_West2_Flatfile_RotD50_d070_public_version.xlsx,RotD50,7,ROTD50_d070
234,T7.500S,t7_500s,ground_motion,6,Updated_NGA_West2_Flatfile_RotD50_d070_public_version.xlsx,RotD50,7,ROTD50_d070
235,T8.000S,t8_000s,ground_motion,6,Updated_NGA_West2_Flatfile_RotD50_d070_public_version.xlsx,RotD50,7,ROTD50_d070
236,T8.500S,t8_500s,ground_motion,6,Updated_NGA_West2_Flatfile_RotD50_d070_public_version.xlsx,RotD50,7,ROTD50_d070
237,T9.000S,t9_000s,ground_motion,6,Updated_NGA_West2_Flatfile_RotD50_d070_public_version.xlsx,RotD50,7,ROTD50_d070
238,T9.500S,t9_500s,ground_motion,6,Updated_NGA_West2_Flatfile_RotD50_d070_public_version.xlsx,RotD50,7,ROTD50_d070
239,T10.000S,t10_000s,ground_motion,6,Updated_NGA_West2_Flatfile_RotD50_d070_public_version.xlsx,RotD50,7,ROTD50_d070
240,T11.000S,t11_000s,ground_motion,6,Updated_NGA_West2_Flatfile_RotD50_d070_public_version.xlsx,RotD50,7,ROTD50_d070
241,T12.000S,t12_000s,ground_motion,6,Updated_NGA_West2_Flatfile_RotD50_d070_public_version.xlsx,RotD50,7,ROTD50_d070
242,T13.000S,t13_000s,ground_motion,6,Updated_NGA_West2_Flatfile_RotD50_d070_public_version.xlsx,RotD50,7,ROTD50_d070
243,T14.000S,t14_000s,ground_motion,6,Updated_NGA_West2_Flatfile_RotD50_d070_public_version.xlsx,RotD50,7,ROTD50_d070
244,T15.000S,t15_000s,ground_motion,6,Updated_NGA_West2_Flatfile_RotD50_d070_public_version.xlsx,RotD50,7,ROTD50_d070
245,T20.000S,t20_000s,ground_motion,6,Updated_NGA_West2_Flatfile_RotD50_d070_public_version.xlsx,RotD50,7,ROTD50_d070
246,Ave Strike (deg),ave_strike_deg,classification_directivity,6,Updated_NGA_West2_Flatfile_RotD50_d070_public_version.xlsx,RotD50,7,ROTD50_d070
247,TYPE(CRjb = 0),type_crjb_0,classification_directivity,6,Updated_NGA_West2_Flatfile_RotD50_d070_public_version.xlsx,RotD50,7,ROTD50_d070
248,CRjb,crjb,classification_directivity,6,Updated_NGA_West2_Flatfile_RotD50_d070_public_version.xlsx,RotD50,7,ROTD50_d070
249,"TYPE
(CRjb = 2)",type_crjb_2,classification_directivity,6,Updated_NGA_West2_Flatfile_RotD50_d070_public_version.xlsx,RotD50,7,ROTD50_d070
250,CRjb,crjb_1,classification_directivity,6,Updated_NGA_West2_Flatfile_RotD50_d070_public_version.xlsx,RotD50,7,ROTD50_d070
251,"TYPE
(CRjb = 5)",type_crjb_5,classification_directivity,6,Updated_NGA_West2_Flatfile_RotD50_d070_public_version.xlsx,RotD50,7,ROTD50_d070
252,CRjb,crjb_2,classification_directivity,6,Updated_NGA_West2_Flatfile_RotD50_d070_public_version.xlsx,RotD50,7,ROTD50_d070
253,"TYPE
(CRjb = 10)",type_crjb_10,classification_directivity,6,Updated_NGA_West2_Flatfile_RotD50_d070_public_version.xlsx,RotD50,7,ROTD50_d070
254,CRjb,crjb_3,classification_directivity,6,Updated_NGA_West2_Flatfile_RotD50_d070_public_version.xlsx,RotD50,7,ROTD50_d070
255,"TYPE
(CRjb = 20)",type_crjb_20,classification_directivity,6,Updated_NGA_West2_Flatfile_RotD50_d070_public_version.xlsx,RotD50,7,ROTD50_d070
256,CRjb,crjb_4,classification_directivity,6,Updated_NGA_West2_Flatfile_RotD50_d070_public_version.xlsx,RotD50,7,ROTD50_d070
257,"TYPE
(CRjb = 40)",type_crjb_40,classification_directivity,6,Updated_NGA_West2_Flatfile_RotD50_d070_public_version.xlsx,RotD50,7,ROTD50_d070
258,CRjb,crjb_5,classification_directivity,6,Updated_NGA_West2_Flatfile_RotD50_d070_public_version.xlsx,RotD50,7,ROTD50_d070
259,U,u,quality,6,Updated_NGA_West2_Flatfile_RotD50_d070_public_version.xlsx,RotD50,7,ROTD50_d070
260,IDPv4,idpv4,quality,6,Updated_NGA_West2_Flatfile_RotD50_d070_public_version.xlsx,RotD50,7,ROTD50_d070
261,XCI,xci,quality,6,Updated_NGA_West2_Flatfile_RotD50_d070_public_version.xlsx,RotD50,7,ROTD50_d070
262,XCI1,xci1,quality,6,Updated_NGA_West2_Flatfile_RotD50_d070_public_version.xlsx,RotD50,7,ROTD50_d070
263,Damping (%),damping_percent,quality,6,Updated_NGA_West2_Flatfile_RotD50_d070_public_version.xlsx,RotD50,7,ROTD50_d070
264,RotD percentile,rotd_percentile,quality,6,Updated_NGA_West2_Flatfile_RotD50_d070_public_version.xlsx,RotD50,7,ROTD50_d070
265,Instrument Nat. Freq.,instrument_nat_freq,quality,6,Updated_NGA_West2_Flatfile_RotD50_d070_public_version.xlsx,RotD50,7,ROTD50_d070
266,Instrument Damping,instrument_damping,quality,6,Updated_NGA_West2_Flatfile_RotD50_d070_public_version.xlsx,RotD50,7,ROTD50_d070
267,Instrument Type,instrument_type,quality,6,Updated_NGA_West2_Flatfile_RotD50_d070_public_version.xlsx,RotD50,7,ROTD50_d070
268,Quality_Flag,quality_flag,quality,6,Updated_NGA_West2_Flatfile_RotD50_d070_public_version.xlsx,RotD50,7,ROTD50_d070
269,Spectra Quality Flag,spectra_quality_flag,quality,6,Updated_NGA_West2_Flatfile_RotD50_d070_public_version.xlsx,RotD50,7,ROTD50_d070
270,Late S-trigger,late_s_trigger,quality,6,Updated_NGA_West2_Flatfile_RotD50_d070_public_version.xlsx,RotD50,7,ROTD50_d070
271,Late P-trigger,late_p_trigger,quality,6,Updated_NGA_West2_Flatfile_RotD50_d070_public_version.xlsx,RotD50,7,ROTD50_d070
272,Idirectivity,idirectivity,quality,6,Updated_NGA_West2_Flatfile_RotD50_d070_public_version.xlsx,RotD50,7,ROTD50_d070
273,Tp,tp,quality,6,Updated_NGA_West2_Flatfile_RotD50_d070_public_version.xlsx,RotD50,7,ROTD50_d070
274,Ry 2,ry_2,quality,6,Updated_NGA_West2_Flatfile_RotD50_d070_public_version.xlsx,RotD50,7,ROTD50_d070
1,Record Sequence Number,record_sequence_number,source,7,Updated_NGA_West2_Flatfile_RotD50_d100_public_version.xlsx,RotD50,10,ROTD50_d100
2,EQID,eqid,source,7,Updated_NGA_West2_Flatfile_RotD50_d100_public_version.xlsx,RotD50,10,ROTD50_d100
3,Earthquake Name,earthquake_name,source,7,Updated_NGA_West2_Flatfile_RotD50_d100_public_version.xlsx,RotD50,10,ROTD50_d100
4,YEAR,year,source,7,Updated_NGA_West2_Flatfile_RotD50_d100_public_version.xlsx,RotD50,10,ROTD50_d100
5,MODY,mody,source,7,Updated_NGA_West2_Flatfile_RotD50_d100_public_version.xlsx,RotD50,10,ROTD50_d100
6,HRMN,hrmn,source,7,Updated_NGA_West2_Flatfile_RotD50_d100_public_version.xlsx,RotD50,10,ROTD50_d100
7,Station Name,station_name,source,7,Updated_NGA_West2_Flatfile_RotD50_d100_public_version.xlsx,RotD50,10,ROTD50_d100
8,Station Sequence Number,station_sequence_number,source,7,Updated_NGA_West2_Flatfile_RotD50_d100_public_version.xlsx,RotD50,10,ROTD50_d100
9,Station ID  No.,station_id_no,source,7,Updated_NGA_West2_Flatfile_RotD50_d100_public_version.xlsx,RotD50,10,ROTD50_d100
10,Earthquake Magnitude,earthquake_magnitude,source,7,Updated_NGA_West2_Flatfile_RotD50_d100_public_version.xlsx,RotD50,10,ROTD50_d100
11,Magnitude Type,magnitude_type,source,7,Updated_NGA_West2_Flatfile_RotD50_d100_public_version.xlsx,RotD50,10,ROTD50_d100
12,Magnitude Uncertainty: Kagan Model,magnitude_uncertainty_kagan_model,source,7,Updated_NGA_West2_Flatfile_RotD50_d100_public_version.xlsx,RotD50,10,ROTD50_d100
13,Magnitude Uncertainty: Statistical,magnitude_uncertainty_statistical,source,7,Updated_NGA_West2_Flatfile_RotD50_d100_public_version.xlsx,RotD50,10,ROTD50_d100
14,Magnitude Sample Size,magnitude_sample_size,source,7,Updated_NGA_West2_Flatfile_RotD50_d100_public_version.xlsx,RotD50,10,ROTD50_d100
15,Magnitude Uncertainty: Study Class,magnitude_uncertainty_study_class,source,7,Updated_NGA_West2_Flatfile_RotD50_d100_public_version.xlsx,RotD50,10,ROTD50_d100
16,Mo (dyne.cm),mo_dyne_cm,source,7,Updated_NGA_West2_Flatfile_RotD50_d100_public_version.xlsx,RotD50,10,ROTD50_d100
17,Strike (deg),strike_deg,source,7,Updated_NGA_West2_Flatfile_RotD50_d100_public_version.xlsx,RotD50,10,ROTD50_d100
18,Dip (deg),dip_deg,source,7,Updated_NGA_West2_Flatfile_RotD50_d100_public_version.xlsx,RotD50,10,ROTD50_d100
19,Rake Angle (deg),rake_angle_deg,source,7,Updated_NGA_West2_Flatfile_RotD50_d100_public_version.xlsx,RotD50,10,ROTD50_d100
20,Mechanism Based on Rake Angle,mechanism_based_on_rake_angle,source,7,Updated_NGA_West2_Flatfile_RotD50_d100_public_version.xlsx,RotD50,10,ROTD50_d100
21,P-plunge (deg),p_plunge_deg,source,7,Updated_NGA_West2_Flatfile_RotD50_d100_public_version.xlsx,RotD50,10,ROTD50_d100
22,P-trend (deg),p_trend_deg,source,7,Updated_NGA_West2_Flatfile_RotD50_d100_public_version.xlsx,RotD50,10,ROTD50_d100
23,T-plunge (deg),t_plunge_deg,source,7,Updated_NGA_West2_Flatfile_RotD50_d100_public_version.xlsx,RotD50,10,ROTD50_d100
24,T-trend (deg),t_trend_deg,source,7,Updated_NGA_West2_Flatfile_RotD50_d100_public_version.xlsx,RotD50,10,ROTD50_d100
25,Hypocenter Latitude (deg),hypocenter_latitude_deg,source,7,Updated_NGA_West2_Flatfile_RotD50_d100_public_version.xlsx,RotD50,10,ROTD50_d100
26,Hypocenter Longitude (deg),hypocenter_longitude_deg,source,7,Updated_NGA_West2_Flatfile_RotD50_d100_public_version.xlsx,RotD50,10,ROTD50_d100
27,Hypocenter Depth (km),hypocenter_depth_km,source,7,Updated_NGA_West2_Flatfile_RotD50_d100_public_version.xlsx,RotD50,10,ROTD50_d100
28,Coseismic Surface Rupture: 1=Yes; 0=No;    -999=Unknown,coseismic_surface_rupture_1_yes_0_no_999_unknown,source,7,Updated_NGA_West2_Flatfile_RotD50_d100_public_version.xlsx,RotD50,10,ROTD50_d100
29,Coseismic Surface Rupture (Including Inferred),coseismic_surface_rupture_including_inferred,source,7,Updated_NGA_West2_Flatfile_RotD50_d100_public_version.xlsx,RotD50,10,ROTD50_d100
30,Basis for Inference of Surface Rupture,basis_for_inference_of_surface_rupture,source,7,Updated_NGA_West2_Flatfile_RotD50_d100_public_version.xlsx,RotD50,10,ROTD50_d100
31,Finite Rupture Model: 1=Yes;  0=No,finite_rupture_model_1_yes_0_no,source,7,Updated_NGA_West2_Flatfile_RotD50_d100_public_version.xlsx,RotD50,10,ROTD50_d100
32,Depth to Top Of Fault Rupture Model,depth_to_top_of_fault_rupture_model,source,7,Updated_NGA_West2_Flatfile_RotD50_d100_public_version.xlsx,RotD50,10,ROTD50_d100
33,Fault Rupture Length for Calculation of Ry (km),fault_rupture_length_for_calculation_of_ry_km,source,7,Updated_NGA_West2_Flatfile_RotD50_d100_public_version.xlsx,RotD50,10,ROTD50_d100
34,Fault Rupture Width (km),fault_rupture_width_km,source,7,Updated_NGA_West2_Flatfile_RotD50_d100_public_version.xlsx,RotD50,10,ROTD50_d100
35,Fault Rupture Area (km^2),fault_rupture_area_km_2,source,7,Updated_NGA_West2_Flatfile_RotD50_d100_public_version.xlsx,RotD50,10,ROTD50_d100
36,Avg Fault Disp (cm),avg_fault_disp_cm,source,7,Updated_NGA_West2_Flatfile_RotD50_d100_public_version.xlsx,RotD50,10,ROTD50_d100
37,Rise Time (s),rise_time_s,source,7,Updated_NGA_West2_Flatfile_RotD50_d100_public_version.xlsx,RotD50,10,ROTD50_d100
38,Avg Slip Velocity (cm/s),avg_slip_velocity_cm_s,source,7,Updated_NGA_West2_Flatfile_RotD50_d100_public_version.xlsx,RotD50,10,ROTD50_d100
39,Static Stress Drop (bars),static_stress_drop_bars,source,7,Updated_NGA_West2_Flatfile_RotD50_d100_public_version.xlsx,RotD50,10,ROTD50_d100
40,Preferred Rupture Velocity (km/s),preferred_rupture_velocity_km_s,source,7,Updated_NGA_West2_Flatfile_RotD50_d100_public_version.xlsx,RotD50,10,ROTD50_d100
41,Average Vr/Vs,average_vr_vs,source,7,Updated_NGA_West2_Flatfile_RotD50_d100_public_version.xlsx,RotD50,10,ROTD50_d100
42,Percent of Moment Release in the Top 5 Km of Crust,percent_of_moment_release_in_the_top_5_km_of_crust,source,7,Updated_NGA_West2_Flatfile_RotD50_d100_public_version.xlsx,RotD50,10,ROTD50_d100
43,Existence of Shallow Asperity: 0=No; 1=Yes,existence_of_shallow_asperity_0_no_1_yes,source,7,Updated_NGA_West2_Flatfile_RotD50_d100_public_version.xlsx,RotD50,10,ROTD50_d100
44,Depth to Top of Shallowest Asperity (km),depth_to_top_of_shallowest_asperity_km,source,7,Updated_NGA_West2_Flatfile_RotD50_d100_public_version.xlsx,RotD50,10,ROTD50_d100
45,Earthquake in Extensional Regime: 1=Yes; 0=No,earthquake_in_extensional_regime_1_yes_0_no,source,7,Updated_NGA_West2_Flatfile_RotD50_d100_public_version.xlsx,RotD50,10,ROTD50_d100
46,Fault Name,fault_name,source,7,Updated_NGA_West2_Flatfile_RotD50_d100_public_version.xlsx,RotD50,10,ROTD50_d100
47,Slip Rate (mm/Yr),slip_rate_mm_yr,source,7,Updated_NGA_West2_Flatfile_RotD50_d100_public_version.xlsx,RotD50,10,ROTD50_d100
48,EpiD (km),epid_km,path,7,Updated_NGA_West2_Flatfile_RotD50_d100_public_version.xlsx,RotD50,10,ROTD50_d100
49,HypD (km),hypd_km,path,7,Updated_NGA_West2_Flatfile_RotD50_d100_public_version.xlsx,RotD50,10,ROTD50_d100
50,Joyner-Boore Dist. (km),joyner_boore_dist_km,path,7,Updated_NGA_West2_Flatfile_RotD50_d100_public_version.xlsx,RotD50,10,ROTD50_d100
51,Campbell R Dist. (km),campbell_r_dist_km,path,7,Updated_NGA_West2_Flatfile_RotD50_d100_public_version.xlsx,RotD50,10,ROTD50_d100
52,RmsD (km),rmsd_km,path,7,Updated_NGA_West2_Flatfile_RotD50_d100_public_version.xlsx,RotD50,10,ROTD50_d100
53,ClstD (km),clstd_km,path,7,Updated_NGA_West2_Flatfile_RotD50_d100_public_version.xlsx,RotD50,10,ROTD50_d100
54,Rx,rx,path,7,Updated_NGA_West2_Flatfile_RotD50_d100_public_version.xlsx,RotD50,10,ROTD50_d100
55,FW/HW Indicator,fw_hw_indicator,path,7,Updated_NGA_West2_Flatfile_RotD50_d100_public_version.xlsx,RotD50,10,ROTD50_d100
56,Source to Site Azimuth (deg),source_to_site_azimuth_deg,path,7,Updated_NGA_West2_Flatfile_RotD50_d100_public_version.xlsx,RotD50,10,ROTD50_d100
57,X,x,path,7,Updated_NGA_West2_Flatfile_RotD50_d100_public_version.xlsx,RotD50,10,ROTD50_d100
58,Theta.D (deg),theta_d_deg,path,7,Updated_NGA_West2_Flatfile_RotD50_d100_public_version.xlsx,RotD50,10,ROTD50_d100
59,SSGA (Strike Slip),ssga_strike_slip,path,7,Updated_NGA_West2_Flatfile_RotD50_d100_public_version.xlsx,RotD50,10,ROTD50_d100
60,Y,y,path,7,Updated_NGA_West2_Flatfile_RotD50_d100_public_version.xlsx,RotD50,10,ROTD50_d100
61,Phi.D (deg),phi_d_deg,path,7,Updated_NGA_West2_Flatfile_RotD50_d100_public_version.xlsx,RotD50,10,ROTD50_d100
62,SSGA (Dip Slip),ssga_dip_slip,path,7,Updated_NGA_West2_Flatfile_RotD50_d100_public_version.xlsx,RotD50,10,ROTD50_d100
63,s,s,path,7,Updated_NGA_West2_Flatfile_RotD50_d100_public_version.xlsx,RotD50,10,ROTD50_d100
64,d,d,path,7,Updated_NGA_West2_Flatfile_RotD50_d100_public_version.xlsx,RotD50,10,ROTD50_d100
65,ctildepr,ctildepr,path,7,Updated_NGA_West2_Flatfile_RotD50_d100_public_version.xlsx,RotD50,10,ROTD50_d100
66,Unused Column,unused_column,path,7,Updated_NGA_West2_Flatfile_RotD50_d100_public_version.xlsx,RotD50,10,ROTD50_d100
67,D,d_1,path,7,Updated_NGA_West2_Flatfile_RotD50_d100_public_version.xlsx,RotD50,10,ROTD50_d100
68,Rfn.Hyp,rfn_hyp,path,7,Updated_NGA_West2_Flatfile_RotD50_d100_public_version.xlsx,RotD50,10,ROTD50_d100
69,Rfp.Hyp,rfp_hyp,path,7,Updated_NGA_West2_Flatfile_RotD50_d100_public_version.xlsx,RotD50,10,ROTD50_d100
70,Unused Column,unused_column_1,path,7,Updated_NGA_West2_Flatfile_RotD50_d100_public_version.xlsx,RotD50,10,ROTD50_d100
71,Unused Column,unused_column_2,path,7,Updated_NGA_West2_Flatfile_RotD50_d100_public_version.xlsx,RotD50,10,ROTD50_d100
72,Unused Column,unused_column_3,path,7,Updated_NGA_West2_Flatfile_RotD50_d100_public_version.xlsx,RotD50,10,ROTD50_d100
73,T,t,path,7,Updated_NGA_West2_Flatfile_RotD50_d100_public_version.xlsx,RotD50,10,ROTD50_d100
74,GMX's C1,gmx_s_c1,site,7,Updated_NGA_West2_Flatfile_RotD50_d100_public_version.xlsx,RotD50,10,ROTD50_d100
75,GMX's C2,gmx_s_c2,site,7,Updated_NGA_West2_Flatfile_RotD50_d100_public_version.xlsx,RotD50,10,ROTD50_d100
76,GMX's C3,gmx_s_c3,site,7,Updated_NGA_West2_Flatfile_RotD50_d100_public_version.xlsx,RotD50,10,ROTD50_d100
77,Campbell's GEOCODE,campbell_s_geocode,site,7,Updated_NGA_West2_Flatfile_RotD50_d100_public_version.xlsx,RotD50,10,ROTD50_d100
78,Bray and Rodriguez-Marek SGS,bray_and_rodriguez_marek_sgs,site,7,Updated_NGA_West2_Flatfile_RotD50_d100_public_version.xlsx,RotD50,10,ROTD50_d100
79,Depth,depth,site,7,Updated_NGA_West2_Flatfile_RotD50_d100_public_version.xlsx,RotD50,10,ROTD50_d100
80,Preferred NEHRP Based on Vs30,preferred_nehrp_based_on_vs30,site,7,Updated_NGA_West2_Flatfile_RotD50_d100_public_version.xlsx,RotD50,10,ROTD50_d100
81,Vs30 (m/s) selected for analysis,vs30_m_s_selected_for_analysis,site,7,Updated_NGA_West2_Flatfile_RotD50_d100_public_version.xlsx,RotD50,10,ROTD50_d100
82,Column Not Used,column_not_used,site,7,Updated_NGA_West2_Flatfile_RotD50_d100_public_version.xlsx,RotD50,10,ROTD50_d100
83,Measured/Inferred Class,measured_inferred_class,site,7,Updated_NGA_West2_Flatfile_RotD50_d100_public_version.xlsx,RotD50,10,ROTD50_d100
84,Sigma of Vs30 (in natural log Units),sigma_of_vs30_in_natural_log_units,site,7,Updated_NGA_West2_Flatfile_RotD50_d100_public_version.xlsx,RotD50,10,ROTD50_d100
85,NEHRP Classification from CGS's Site Condition Map,nehrp_classification_from_cgs_s_site_condition_map,site,7,Updated_NGA_West2_Flatfile_RotD50_d100_public_version.xlsx,RotD50,10,ROTD50_d100
86,Geological Unit,geological_unit,site,7,Updated_NGA_West2_Flatfile_RotD50_d100_public_version.xlsx,RotD50,10,ROTD50_d100
87,Geology,geology,site,7,Updated_NGA_West2_Flatfile_RotD50_d100_public_version.xlsx,RotD50,10,ROTD50_d100
88,Owner,owner,site,7,Updated_NGA_West2_Flatfile_RotD50_d100_public_version.xlsx,RotD50,10,ROTD50_d100
89,Station Latitude,station_latitude,site,7,Updated_NGA_West2_Flatfile_RotD50_d100_public_version.xlsx,RotD50,10,ROTD50_d100
90,Station Longitude,station_longitude,site,7,Updated_NGA_West2_Flatfile_RotD50_d100_public_version.xlsx,RotD50,10,ROTD50_d100
91,STORIES,stories,site,7,Updated_NGA_West2_Flatfile_RotD50_d100_public_version.xlsx,RotD50,10,ROTD50_d100
92,INSTLOC,instloc,site,7,Updated_NGA_West2_Flatfile_RotD50_d100_public_version.xlsx,RotD50,10,ROTD50_d100
93,Depth to Basement Rock,depth_to_basement_rock,site,7,Updated_NGA_West2_Flatfile_RotD50_d100_public_version.xlsx,RotD50,10,ROTD50_d100
94,Site Visited,site_visited,site,7,Updated_NGA_West2_Flatfile_RotD50_d100_public_version.xlsx,RotD50,10,ROTD50_d100
95,NGA Type,nga_type,site,7,Updated_NGA_West2_Flatfile_RotD50_d100_public_version.xlsx,RotD50,10,ROTD50_d100
96,Age,age,site,7,Updated_NGA_West2_Flatfile_RotD50_d100_public_version.xlsx,RotD50,10,ROTD50_d100
97,Grain Size,grain_size,site,7,Updated_NGA_West2_Flatfile_RotD50_d100_public_version.xlsx,RotD50,10,ROTD50_d100
98,Depositional History,depositional_history,site,7,Updated_NGA_West2_Flatfile_RotD50_d100_public_version.xlsx,RotD50,10,ROTD50_d100
99,Northern CA/Southern CA - H11 Z1 (m),northern_ca_southern_ca_h11_z1_m,site,7,Updated_NGA_West2_Flatfile_RotD50_d100_public_version.xlsx,RotD50,10,ROTD50_d100
100,Northern CA/Southern CA - H11 Z1.5 (m),northern_ca_southern_ca_h11_z1_5_m,site,7,Updated_NGA_West2_Flatfile_RotD50_d100_public_version.xlsx,RotD50,10,ROTD50_d100
101,Northern CA/Southern CA - H11 Z2.5 (m),northern_ca_southern_ca_h11_z2_5_m,site,7,Updated_NGA_West2_Flatfile_RotD50_d100_public_version.xlsx,RotD50,10,ROTD50_d100
102,Northern CA/Southern CA - S4 Z1 (m),northern_ca_southern_ca_s4_z1_m,site,7,Updated_NGA_West2_Flatfile_RotD50_d100_public_version.xlsx,RotD50,10,ROTD50_d100
103,Northern CA/Southern CA - S4 Z1.5 (m),northern_ca_southern_ca_s4_z1_5_m,site,7,Updated_NGA_West2_Flatfile_RotD50_d100_public_version.xlsx,RotD50,10,ROTD50_d100
104,Northern CA/Southern CA - S4 Z2.5 (m),northern_ca_southern_ca_s4_z2_5_m,site,7,Updated_NGA_West2_Flatfile_RotD50_d100_public_version.xlsx,RotD50,10,ROTD50_d100
105,Depth to Franciscan Rock (km),depth_to_franciscan_rock_km,site,7,Updated_NGA_West2_Flatfile_RotD50_d100_public_version.xlsx,RotD50,10,ROTD50_d100
106,Basin,basin,site,7,Updated_NGA_West2_Flatfile_RotD50_d100_public_version.xlsx,RotD50,10,ROTD50_d100
107,h (m),h_m,site,7,Updated_NGA_West2_Flatfile_RotD50_d100_public_version.xlsx,RotD50,10,ROTD50_d100
108,hnorm (m),hnorm_m,site,7,Updated_NGA_West2_Flatfile_RotD50_d100_public_version.xlsx,RotD50,10,ROTD50_d100
109,Rsbe (m),rsbe_m,site,7,Updated_NGA_West2_Flatfile_RotD50_d100_public_version.xlsx,RotD50,10,ROTD50_d100
110,Rcebe (m),rcebe_m,site,7,Updated_NGA_West2_Flatfile_RotD50_d100_public_version.xlsx,RotD50,10,ROTD50_d100
111,Rebe (m),rebe_m,site,7,Updated_NGA_West2_Flatfile_RotD50_d100_public_version.xlsx,RotD50,10,ROTD50_d100
112,Rsbe1 (m),rsbe1_m,site,7,Updated_NGA_West2_Flatfile_RotD50_d100_public_version.xlsx,RotD50,10,ROTD50_d100
113,File Name (Horizontal 1),file_name_horizontal_1,record_processing,7,Updated_NGA_West2_Flatfile_RotD50_d100_public_version.xlsx,RotD50,10,ROTD50_d100
114,File Name (Horizontal 2),file_name_horizontal_2,record_processing,7,Updated_NGA_West2_Flatfile_RotD50_d100_public_version.xlsx,RotD50,10,ROTD50_d100
115,File Name (Vertical),file_name_vertical,record_processing,7,Updated_NGA_West2_Flatfile_RotD50_d100_public_version.xlsx,RotD50,10,ROTD50_d100
116,H1 azimth (degrees),h1_azimth_degrees,record_processing,7,Updated_NGA_West2_Flatfile_RotD50_d100_public_version.xlsx,RotD50,10,ROTD50_d100
117,H2 azimith (degrees),h2_azimith_degrees,record_processing,7,Updated_NGA_West2_Flatfile_RotD50_d100_public_version.xlsx,RotD50,10,ROTD50_d100
118,Type of Recording,type_of_recording,record_processing,7,Updated_NGA_West2_Flatfile_RotD50_d100_public_version.xlsx,RotD50,10,ROTD50_d100
119,Instrument Model,instrument_model,record_processing,7,Updated_NGA_West2_Flatfile_RotD50_d100_public_version.xlsx,RotD50,10,ROTD50_d100
120,PEA Processing Flag,pea_processing_flag,record_processing,7,Updated_NGA_West2_Flatfile_RotD50_d100_public_version.xlsx,RotD50,10,ROTD50_d100
121,Type of Filter,type_of_filter,record_processing,7,Updated_NGA_West2_Flatfile_RotD50_d100_public_version.xlsx,RotD50,10,ROTD50_d100
122,npass,npass,record_processing,7,Updated_NGA_West2_Flatfile_RotD50_d100_public_version.xlsx,RotD50,10,ROTD50_d100
123,nroll,nroll,record_processing,7,Updated_NGA_West2_Flatfile_RotD50_d100_public_version.xlsx,RotD50,10,ROTD50_d100
124,HP-H1 (Hz),hp_h1_hz,record_processing,7,Updated_NGA_West2_Flatfile_RotD50_d100_public_version.xlsx,RotD50,10,ROTD50_d100
125,HP-H2 (Hz),hp_h2_hz,record_processing,7,Updated_NGA_West2_Flatfile_RotD50_d100_public_version.xlsx,RotD50,10,ROTD50_d100
126,LP-H1 (Hz),lp_h1_hz,record_processing,7,Updated_NGA_West2_Flatfile_RotD50_d100_public_version.xlsx,RotD50,10,ROTD50_d100
127,LP-H2 (Hz),lp_h2_hz,record_processing,7,Updated_NGA_West2_Flatfile_RotD50_d100_public_version.xlsx,RotD50,10,ROTD50_d100
128,Factor,factor,record_processing,7,Updated_NGA_West2_Flatfile_RotD50_d100_public_version.xlsx,RotD50,10,ROTD50_d100
129,Lowest Usable Freq - H1 (Hz),lowest_usable_freq_h1_hz,record_processing,7,Updated_NGA_West2_Flatfile_RotD50_d100_public_version.xlsx,RotD50,10,ROTD50_d100
130,Lowest Usable Freq - H2 (H2),lowest_usable_freq_h2_h2,record_processing,7,Updated_NGA_West2_Flatfile_RotD50_d100_public_version.xlsx,RotD50,10,ROTD50_d100
131,Lowest Usable Freq - Ave. Component (Hz),lowest_usable_freq_ave_component_hz,record_processing,7,Updated_NGA_West2_Flatfile_RotD50_d100_public_version.xlsx,RotD50,10,ROTD50_d100
132,PGA (g),pga_g,ground_motion,7,Updated_NGA_West2_Flatfile_RotD50_d100_public_version.xlsx,RotD50,10,ROTD50_d100
133,PGV (cm/sec),pgv_cm_sec,ground_motion,7,Updated_NGA_West2_Flatfile_RotD50_d100_public_version.xlsx,RotD50,10,ROTD50_d100
134,PGD (cm),pgd_cm,ground_motion,7,Updated_NGA_West2_Flatfile_RotD50_d100_public_version.xlsx,RotD50,10,ROTD50_d100
135,T0.010S,t0_010s,ground_motion,7,Updated_NGA_West2_Flatfile_RotD50_d100_public_version.xlsx,RotD50,10,ROTD50_d100
136,T0.020S,t0_020s,ground_motion,7,Updated_NGA_West2_Flatfile_RotD50_d100_public_version.xlsx,RotD50,10,ROTD50_d100
137,T0.022S,t0_022s,ground_motion,7,Updated_NGA_West2_Flatfile_RotD50_d100_public_version.xlsx,RotD50,10,ROTD50_d100
138,T0.025S,t0_025s,ground_motion,7,Updated_NGA_West2_Flatfile_RotD50_d100_public_version.xlsx,RotD50,10,ROTD50_d100
139,T0.029S,t0_029s,ground_motion,7,Updated_NGA_West2_Flatfile_RotD50_d100_public_version.xlsx,RotD50,10,ROTD50_d100
140,T0.030S,t0_030s,ground_motion,7,Updated_NGA_West2_Flatfile_RotD50_d100_public_version.xlsx,RotD50,10,ROTD50_d100
141,T0.032S,t0_032s,ground_motion,7,Updated_NGA_West2_Flatfile_RotD50_d100_public_version.xlsx,RotD50,10,ROTD50_d100
142,T0.035S,t0_035s,ground_motion,7,Updated_NGA_West2_Flatfile_RotD50_d100_public_version.xlsx,RotD50,10,ROTD50_d100
143,T0.036S,t0_036s,ground_motion,7,Updated_NGA_West2_Flatfile_RotD50_d100_public_version.xlsx,RotD50,10,ROTD50_d100
144,T0.040S,t0_040s,ground_motion,7,Updated_NGA_West2_Flatfile_RotD50_d100_public_version.xlsx,RotD50,10,ROTD50_d100
145,T0.042S,t0_042s,ground_motion,7,Updated_NGA_West2_Flatfile_RotD50_d100_public_version.xlsx,RotD50,10,ROTD50_d100
146,T0.044S,t0_044s,ground_motion,7,Updated_NGA_West2_Flatfile_RotD50_d100_public_version.xlsx,RotD50,10,ROTD50_d100
147,T0.045S,t0_045s,ground_motion,7,Updated_NGA_West2_Flatfile_RotD50_d100_public_version.xlsx,RotD50,10,ROTD50_d100
148,T0.046S,t0_046s,ground_motion,7,Updated_NGA_West2_Flatfile_RotD50_d100_public_version.xlsx,RotD50,10,ROTD50_d100
149,T0.048S,t0_048s,ground_motion,7,Updated_NGA_West2_Flatfile_RotD50_d100_public_version.xlsx,RotD50,10,ROTD50_d100
150,T0.050S,t0_050s,ground_motion,7,Updated_NGA_West2_Flatfile_RotD50_d100_public_version.xlsx,RotD50,10,ROTD50_d100
151,T0.055S,t0_055s,ground_motion,7,Updated_NGA_West2_Flatfile_RotD50_d100_public_version.xlsx,RotD50,10,ROTD50_d100
152,T0.060S,t0_060s,ground_motion,7,Updated_NGA_West2_Flatfile_RotD50_d100_public_version.xlsx,RotD50,10,ROTD50_d100
153,T0.065S,t0_065s,ground_motion,7,Updated_NGA_West2_Flatfile_RotD50_d100_public_version.xlsx,RotD50,10,ROTD50_d100
154,T0.067S,t0_067s,ground_motion,7,Updated_NGA_West2_Flatfile_RotD50_d100_public_version.xlsx,RotD50,10,ROTD50_d100
155,T0.070S,t0_070s,ground_motion,7,Updated_NGA_West2_Flatfile_RotD50_d100_public_version.xlsx,RotD50,10,ROTD50_d100
156,T0.075S,t0_075s,ground_motion,7,Updated_NGA_West2_Flatfile_RotD50_d100_public_version.xlsx,RotD50,10,ROTD50_d100
157,T0.080S,t0_080s,ground_motion,7,Updated_NGA_West2_Flatfile_RotD50_d100_public_version.xlsx,RotD50,10,ROTD50_d100
158,T0.085S,t0_085s,ground_motion,7,Updated_NGA_West2_Flatfile_RotD50_d100_public_version.xlsx,RotD50,10,ROTD50_d100
159,T0.090S,t0_090s,ground_motion,7,Updated_NGA_West2_Flatfile_RotD50_d100_public_version.xlsx,RotD50,10,ROTD50_d100
160,T0.095S,t0_095s,ground_motion,7,Updated_NGA_West2_Flatfile_RotD50_d100_public_version.xlsx,RotD50,10,ROTD50_d100
161,T0.100S,t0_100s,ground_motion,7,Updated_NGA_West2_Flatfile_RotD50_d100_public_version.xlsx,RotD50,10,ROTD50_d100
162,T0.110S,t0_110s,ground_motion,7,Updated_NGA_West2_Flatfile_RotD50_d100_public_version.xlsx,RotD50,10,ROTD50_d100
163,T0.120S,t0_120s,ground_motion,7,Updated_NGA_West2_Flatfile_RotD50_d100_public_version.xlsx,RotD50,10,ROTD50_d100
164,T0.130S,t0_130s,ground_motion,7,Updated_NGA_West2_Flatfile_RotD50_d100_public_version.xlsx,RotD50,10,ROTD50_d100
165,T0.133S,t0_133s,ground_motion,7,Updated_NGA_West2_Flatfile_RotD50_d100_public_version.xlsx,RotD50,10,ROTD50_d100
166,T0.140S,t0_140s,ground_motion,7,Updated_NGA_West2_Flatfile_RotD50_d100_public_version.xlsx,RotD50,10,ROTD50_d100
167,T0.150S,t0_150s,ground_motion,7,Updated_NGA_West2_Flatfile_RotD50_d100_public_version.xlsx,RotD50,10,ROTD50_d100
168,T0.160S,t0_160s,ground_motion,7,Updated_NGA_West2_Flatfile_RotD50_d100_public_version.xlsx,RotD50,10,ROTD50_d100
169,T0.170S,t0_170s,ground_motion,7,Updated_NGA_West2_Flatfile_RotD50_d100_public_version.xlsx,RotD50,10,ROTD50_d100
170,T0.180S,t0_180s,ground_motion,7,Updated_NGA_West2_Flatfile_RotD50_d100_public_version.xlsx,RotD50,10,ROTD50_d100
171,T0.190S,t0_190s,ground_motion,7,Updated_NGA_West2_Flatfile_RotD50_d100_public_version.xlsx,RotD50,10,ROTD50_d100
172,T0.200S,t0_200s,ground_motion,7,Updated_NGA_West2_Flatfile_RotD50_d100_public_version.xlsx,RotD50,10,ROTD50_d100
173,T0.220S,t0_220s,ground_motion,7,Updated_NGA_West2_Flatfile_RotD50_d100_public_version.xlsx,RotD50,10,ROTD50_d100
174,T0.240S,t0_240s,ground_motion,7,Updated_NGA_West2_Flatfile_RotD50_d100_public_version.xlsx,RotD50,10,ROTD50_d100
175,T0.250S,t0_250s,ground_motion,7,Updated_NGA_West2_Flatfile_RotD50_d100_public_version.xlsx,RotD50,10,ROTD50_d100
176,T0.260S,t0_260s,ground_motion,7,Updated_NGA_West2_Flatfile_RotD50_d100_public_version.xlsx,RotD50,10,ROTD50_d100
177,T0.280S,t0_280s,ground_motion,7,Updated_NGA_West2_Flatfile_RotD50_d100_public_version.xlsx,RotD50,10,ROTD50_d100
178,T0.290S,t0_290s,ground_motion,7,Updated_NGA_West2_Flatfile_RotD50_d100_public_version.xlsx,RotD50,10,ROTD50_d100
179,T0.300S,t0_300s,ground_motion,7,Updated_NGA_West2_Flatfile_RotD50_d100_public_version.xlsx,RotD50,10,ROTD50_d100
180,T0.320S,t0_320s,ground_motion,7,Updated_NGA_West2_Flatfile_RotD50_d100_public_version.xlsx,RotD50,10,ROTD50_d100
181,T0.340S,t0_340s,ground_motion,7,Updated_NGA_West2_Flatfile_RotD50_d100_public_version.xlsx,RotD50,10,ROTD50_d100
182,T0.350S,t0_350s,ground_motion,7,Updated_NGA_West2_Flatfile_RotD50_d100_public_version.xlsx,RotD50,10,ROTD50_d100
183,T0.360S,t0_360s,ground_motion,7,Updated_NGA_West2_Flatfile_RotD50_d100_public_version.xlsx,RotD50,10,ROTD50_d100
184,T0.380S,t0_380s,ground_motion,7,Updated_NGA_West2_Flatfile_RotD50_d100_public_version.xlsx,RotD50,10,ROTD50_d100
185,T0.400S,t0_400s,ground_motion,7,Updated_NGA_West2_Flatfile_RotD50_d100_public_version.xlsx,RotD50,10,ROTD50_d100
186,T0.420S,t0_420s,ground_motion,7,Updated_NGA_West2_Flatfile_RotD50_d100_public_version.xlsx,RotD50,10,ROTD50_d100
187,T0.440S,t0_440s,ground_motion,7,Updated_NGA_West2_Flatfile_RotD50_d100_public_version.xlsx,RotD50,10,ROTD50_d100
188,T0.450S,t0_450s,ground_motion,7,Updated_NGA_West2_Flatfile_RotD50_d100_public_version.xlsx,RotD50,10,ROTD50_d100
189,T0.460S,t0_460s,ground_motion,7,Updated_NGA_West2_Flatfile_RotD50_d100_public_version.xlsx,RotD50,10,ROTD50_d100
190,T0.480S,t0_480s,ground_motion,7,Updated_NGA_West2_Flatfile_RotD50_d100_public_version.xlsx,RotD50,10,ROTD50_d100
191,T0.500S,t0_500s,ground_motion,7,Updated_NGA_West2_Flatfile_RotD50_d100_public_version.xlsx,RotD50,10,ROTD50_d100
192,T0.550S,t0_550s,ground_motion,7,Updated_NGA_West2_Flatfile_RotD50_d100_public_version.xlsx,RotD50,10,ROTD50_d100
193,T0.600S,t0_600s,ground_motion,7,Updated_NGA_West2_Flatfile_RotD50_d100_public_version.xlsx,RotD50,10,ROTD50_d100
194,T0.650S,t0_650s,ground_motion,7,Updated_NGA_West2_Flatfile_RotD50_d100_public_version.xlsx,RotD50,10,ROTD50_d100
195,T0.667S,t0_667s,ground_motion,7,Updated_NGA_West2_Flatfile_RotD50_d100_public_version.xlsx,RotD50,10,ROTD50_d100
196,T0.700S,t0_700s,ground_motion,7,Updated_NGA_West2_Flatfile_RotD50_d100_public_version.xlsx,RotD50,10,ROTD50_d100
197,T0.750S,t0_750s,ground_motion,7,Updated_NGA_West2_Flatfile_RotD50_d100_public_version.xlsx,RotD50,10,ROTD50_d100
198,T0.800S,t0_800s,ground_motion,7,Updated_NGA_West2_Flatfile_RotD50_d100_public_version.xlsx,RotD50,10,ROTD50_d100
199,T0.850S,t0_850s,ground_motion,7,Updated_NGA_West2_Flatfile_RotD50_d100_public_version.xlsx,RotD50,10,ROTD50_d100
200,T0.900S,t0_900s,ground_motion,7,Updated_NGA_West2_Flatfile_RotD50_d100_public_version.xlsx,RotD50,10,ROTD50_d100
201,T0.950S,t0_950s,ground_motion,7,Updated_NGA_West2_Flatfile_RotD50_d100_public_version.xlsx,RotD50,10,ROTD50_d100
202,T1.000S,t1_000s,ground_motion,7,Updated_NGA_West2_Flatfile_RotD50_d100_public_version.xlsx,RotD50,10,ROTD50_d100
203,T1.100S,t1_100s,ground_motion,7,Updated_NGA_West2_Flatfile_RotD50_d100_public_version.xlsx,RotD50,10,ROTD50_d100
204,T1.200S,t1_200s,ground_motion,7,Updated_NGA_West2_Flatfile_RotD50_d100_public_version.xlsx,RotD50,10,ROTD50_d100
205,T1.300S,t1_300s,ground_motion,7,Updated_NGA_West2_Flatfile_RotD50_d100_public_version.xlsx,RotD50,10,ROTD50_d100
206,T1.400S,t1_400s,ground_motion,7,Updated_NGA_West2_Flatfile_RotD50_d100_public_version.xlsx,RotD50,10,ROTD50_d100
207,T1.500S,t1_500s,ground_motion,7,Updated_NGA_West2_Flatfile_RotD50_d100_public_version.xlsx,RotD50,10,ROTD50_d100
208,T1.600S,t1_600s,ground_motion,7,Updated_NGA_West2_Flatfile_RotD50_d100_public_version.xlsx,RotD50,10,ROTD50_d100
209,T1.700S,t1_700s,ground_motion,7,Updated_NGA_West2_Flatfile_RotD50_d100_public_version.xlsx,RotD50,10,ROTD50_d100
210,T1.800S,t1_800s,ground_motion,7,Updated_NGA_West2_Flatfile_RotD50_d100_public_version.xlsx,RotD50,10,ROTD50_d100
211,T1.900S,t1_900s,ground_motion,7,Updated_NGA_West2_Flatfile_RotD50_d100_public_version.xlsx,RotD50,10,ROTD50_d100
212,T2.000S,t2_000s,ground_motion,7,Updated_NGA_West2_Flatfile_RotD50_d100_public_version.xlsx,RotD50,10,ROTD50_d100
213,T2.200S,t2_200s,ground_motion,7,Updated_NGA_West2_Flatfile_RotD50_d100_public_version.xlsx,RotD50,10,ROTD50_d100
214,T2.400S,t2_400s,ground_motion,7,Updated_NGA_West2_Flatfile_RotD50_d100_public_version.xlsx,RotD50,10,ROTD50_d100
215,T2.500S,t2_500s,ground_motion,7,Updated_NGA_West2_Flatfile_RotD50_d100_public_version.xlsx,RotD50,10,ROTD50_d100
216,T2.600S,t2_600s,ground_motion,7,Updated_NGA_West2_Flatfile_RotD50_d100_public_version.xlsx,RotD50,10,ROTD50_d100
217,T2.800S,t2_800s,ground_motion,7,Updated_NGA_West2_Flatfile_RotD50_d100_public_version.xlsx,RotD50,10,ROTD50_d100
218,T3.000S,t3_000s,ground_motion,7,Updated_NGA_West2_Flatfile_RotD50_d100_public_version.xlsx,RotD50,10,ROTD50_d100
219,T3.200S,t3_200s,ground_motion,7,Updated_NGA_West2_Flatfile_RotD50_d100_public_version.xlsx,RotD50,10,ROTD50_d100
220,T3.400S,t3_400s,ground_motion,7,Updated_NGA_West2_Flatfile_RotD50_d100_public_version.xlsx,RotD50,10,ROTD50_d100
221,T3.500S,t3_500s,ground_motion,7,Updated_NGA_West2_Flatfile_RotD50_d100_public_version.xlsx,RotD50,10,ROTD50_d100
222,T3.600S,t3_600s,ground_motion,7,Updated_NGA_West2_Flatfile_RotD50_d100_public_version.xlsx,RotD50,10,ROTD50_d100
223,T3.800S,t3_800s,ground_motion,7,Updated_NGA_West2_Flatfile_RotD50_d100_public_version.xlsx,RotD50,10,ROTD50_d100
224,T4.000S,t4_000s,ground_motion,7,Updated_NGA_West2_Flatfile_RotD50_d100_public_version.xlsx,RotD50,10,ROTD50_d100
225,T4.200S,t4_200s,ground_motion,7,Updated_NGA_West2_Flatfile_RotD50_d100_public_version.xlsx,RotD50,10,ROTD50_d100
226,T4.400S,t4_400s,ground_motion,7,Updated_NGA_West2_Flatfile_RotD50_d100_public_version.xlsx,RotD50,10,ROTD50_d100
227,T4.600S,t4_600s,ground_motion,7,Updated_NGA_West2_Flatfile_RotD50_d100_public_version.xlsx,RotD50,10,ROTD50_d100
228,T4.800S,t4_800s,ground_motion,7,Updated_NGA_West2_Flatfile_RotD50_d100_public_version.xlsx,RotD50,10,ROTD50_d100
229,T5.000S,t5_000s,ground_motion,7,Updated_NGA_West2_Flatfile_RotD50_d100_public_version.xlsx,RotD50,10,ROTD50_d100
230,T5.500S,t5_500s,ground_motion,7,Updated_NGA_West2_Flatfile_RotD50_d100_public_version.xlsx,RotD50,10,ROTD50_d100
231,T6.000S,t6_000s,ground_motion,7,Updated_NGA_West2_Flatfile_RotD50_d100_public_version.xlsx,RotD50,10,ROTD50_d100
232,T6.500S,t6_500s,ground_motion,7,Updated_NGA_West2_Flatfile_RotD50_d100_public_version.xlsx,RotD50,10,ROTD50_d100
233,T7.000S,t7_000s,ground_motion,7,Updated_NGA_West2_Flatfile_RotD50_d100_public_version.xlsx,RotD50,10,ROTD50_d100
234,T7.500S,t7_500s,ground_motion,7,Updated_NGA_West2_Flatfile_RotD50_d100_public_version.xlsx,RotD50,10,ROTD50_d100
235,T8.000S,t8_000s,ground_motion,7,Updated_NGA_West2_Flatfile_RotD50_d100_public_version.xlsx,RotD50,10,ROTD50_d100
236,T8.500S,t8_500s,ground_motion,7,Updated_NGA_West2_Flatfile_RotD50_d100_public_version.xlsx,RotD50,10,ROTD50_d100
237,T9.000S,t9_000s,ground_motion,7,Updated_NGA_West2_Flatfile_RotD50_d100_public_version.xlsx,RotD50,10,ROTD50_d100
238,T9.500S,t9_500s,ground_motion,7,Updated_NGA_West2_Flatfile_RotD50_d100_public_version.xlsx,RotD50,10,ROTD50_d100
239,T10.000S,t10_000s,ground_motion,7,Updated_NGA_West2_Flatfile_RotD50_d100_public_version.xlsx,RotD50,10,ROTD50_d100
240,T11.000S,t11_000s,ground_motion,7,Updated_NGA_West2_Flatfile_RotD50_d100_public_version.xlsx,RotD50,10,ROTD50_d100
241,T12.000S,t12_000s,ground_motion,7,Updated_NGA_West2_Flatfile_RotD50_d100_public_version.xlsx,RotD50,10,ROTD50_d100
242,T13.000S,t13_000s,ground_motion,7,Updated_NGA_West2_Flatfile_RotD50_d100_public_version.xlsx,RotD50,10,ROTD50_d100
243,T14.000S,t14_000s,ground_motion,7,Updated_NGA_West2_Flatfile_RotD50_d100_public_version.xlsx,RotD50,10,ROTD50_d100
244,T15.000S,t15_000s,ground_motion,7,Updated_NGA_West2_Flatfile_RotD50_d100_public_version.xlsx,RotD50,10,ROTD50_d100
245,T20.000S,t20_000s,ground_motion,7,Updated_NGA_West2_Flatfile_RotD50_d100_public_version.xlsx,RotD50,10,ROTD50_d100
246,Ave Strike (deg),ave_strike_deg,classification_directivity,7,Updated_NGA_West2_Flatfile_RotD50_d100_public_version.xlsx,RotD50,10,ROTD50_d100
247,TYPE(CRjb = 0),type_crjb_0,classification_directivity,7,Updated_NGA_West2_Flatfile_RotD50_d100_public_version.xlsx,RotD50,10,ROTD50_d100
248,CRjb,crjb,classification_directivity,7,Updated_NGA_West2_Flatfile_RotD50_d100_public_version.xlsx,RotD50,10,ROTD50_d100
249,"TYPE
(CRjb = 2)",type_crjb_2,classification_directivity,7,Updated_NGA_West2_Flatfile_RotD50_d100_public_version.xlsx,RotD50,10,ROTD50_d100
250,CRjb,crjb_1,classification_directivity,7,Updated_NGA_West2_Flatfile_RotD50_d100_public_version.xlsx,RotD50,10,ROTD50_d100
251,"TYPE
(CRjb = 5)",type_crjb_5,classification_directivity,7,Updated_NGA_West2_Flatfile_RotD50_d100_public_version.xlsx,RotD50,10,ROTD50_d100
252,CRjb,crjb_2,classification_directivity,7,Updated_NGA_West2_Flatfile_RotD50_d100_public_version.xlsx,RotD50,10,ROTD50_d100
253,"TYPE
(CRjb = 10)",type_crjb_10,classification_directivity,7,Updated_NGA_West2_Flatfile_RotD50_d100_public_version.xlsx,RotD50,10,ROTD50_d100
254,CRjb,crjb_3,classification_directivity,7,Updated_NGA_West2_Flatfile_RotD50_d100_public_version.xlsx,RotD50,10,ROTD50_d100
255,"TYPE
(CRjb = 20)",type_crjb_20,classification_directivity,7,Updated_NGA_West2_Flatfile_RotD50_d100_public_version.xlsx,RotD50,10,ROTD50_d100
256,CRjb,crjb_4,classification_directivity,7,Updated_NGA_West2_Flatfile_RotD50_d100_public_version.xlsx,RotD50,10,ROTD50_d100
257,"TYPE
(CRjb = 40)",type_crjb_40,classification_directivity,7,Updated_NGA_West2_Flatfile_RotD50_d100_public_version.xlsx,RotD50,10,ROTD50_d100
258,CRjb,crjb_5,classification_directivity,7,Updated_NGA_West2_Flatfile_RotD50_d100_public_version.xlsx,RotD50,10,ROTD50_d100
259,U,u,quality,7,Updated_NGA_West2_Flatfile_RotD50_d100_public_version.xlsx,RotD50,10,ROTD50_d100
260,IDPv4,idpv4,quality,7,Updated_NGA_West2_Flatfile_RotD50_d100_public_version.xlsx,RotD50,10,ROTD50_d100
261,XCI,xci,quality,7,Updated_NGA_West2_Flatfile_RotD50_d100_public_version.xlsx,RotD50,10,ROTD50_d100
262,XCI1,xci1,quality,7,Updated_NGA_West2_Flatfile_RotD50_d100_public_version.xlsx,RotD50,10,ROTD50_d100
263,Damping (%),damping_percent,quality,7,Updated_NGA_West2_Flatfile_RotD50_d100_public_version.xlsx,RotD50,10,ROTD50_d100
264,RotD percentile,rotd_percentile,quality,7,Updated_NGA_West2_Flatfile_RotD50_d100_public_version.xlsx,RotD50,10,ROTD50_d100
265,Instrument Nat. Freq.,instrument_nat_freq,quality,7,Updated_NGA_West2_Flatfile_RotD50_d100_public_version.xlsx,RotD50,10,ROTD50_d100
266,Instrument Damping,instrument_damping,quality,7,Updated_NGA_West2_Flatfile_RotD50_d100_public_version.xlsx,RotD50,10,ROTD50_d100
267,Instrument Type,instrument_type,quality,7,Updated_NGA_West2_Flatfile_RotD50_d100_public_version.xlsx,RotD50,10,ROTD50_d100
268,Quality_Flag,quality_flag,quality,7,Updated_NGA_West2_Flatfile_RotD50_d100_public_version.xlsx,RotD50,10,ROTD50_d100
269,Spectra Quality Flag,spectra_quality_flag,quality,7,Updated_NGA_West2_Flatfile_RotD50_d100_public_version.xlsx,RotD50,10,ROTD50_d100
270,Late S-trigger,late_s_trigger,quality,7,Updated_NGA_West2_Flatfile_RotD50_d100_public_version.xlsx,RotD50,10,ROTD50_d100
271,Late P-trigger,late_p_trigger,quality,7,Updated_NGA_West2_Flatfile_RotD50_d100_public_version.xlsx,RotD50,10,ROTD50_d100
272,Idirectivity,idirectivity,quality,7,Updated_NGA_West2_Flatfile_RotD50_d100_public_version.xlsx,RotD50,10,ROTD50_d100
273,Tp,tp,quality,7,Updated_NGA_West2_Flatfile_RotD50_d100_public_version.xlsx,RotD50,10,ROTD50_d100
274,Ry 2,ry_2,quality,7,Updated_NGA_West2_Flatfile_RotD50_d100_public_version.xlsx,RotD50,10,ROTD50_d100
1,Record Sequence Number,record_sequence_number,source,8,Updated_NGA_West2_Flatfile_RotD50_d150_public_version.xlsx,RotD50,15,ROTD50_d150
2,EQID,eqid,source,8,Updated_NGA_West2_Flatfile_RotD50_d150_public_version.xlsx,RotD50,15,ROTD50_d150
3,Earthquake Name,earthquake_name,source,8,Updated_NGA_West2_Flatfile_RotD50_d150_public_version.xlsx,RotD50,15,ROTD50_d150
4,YEAR,year,source,8,Updated_NGA_West2_Flatfile_RotD50_d150_public_version.xlsx,RotD50,15,ROTD50_d150
5,MODY,mody,source,8,Updated_NGA_West2_Flatfile_RotD50_d150_public_version.xlsx,RotD50,15,ROTD50_d150
6,HRMN,hrmn,source,8,Updated_NGA_West2_Flatfile_RotD50_d150_public_version.xlsx,RotD50,15,ROTD50_d150
7,Station Name,station_name,source,8,Updated_NGA_West2_Flatfile_RotD50_d150_public_version.xlsx,RotD50,15,ROTD50_d150
8,Station Sequence Number,station_sequence_number,source,8,Updated_NGA_West2_Flatfile_RotD50_d150_public_version.xlsx,RotD50,15,ROTD50_d150
9,Station ID  No.,station_id_no,source,8,Updated_NGA_West2_Flatfile_RotD50_d150_public_version.xlsx,RotD50,15,ROTD50_d150
10,Earthquake Magnitude,earthquake_magnitude,source,8,Updated_NGA_West2_Flatfile_RotD50_d150_public_version.xlsx,RotD50,15,ROTD50_d150
11,Magnitude Type,magnitude_type,source,8,Updated_NGA_West2_Flatfile_RotD50_d150_public_version.xlsx,RotD50,15,ROTD50_d150
12,Magnitude Uncertainty: Kagan Model,magnitude_uncertainty_kagan_model,source,8,Updated_NGA_West2_Flatfile_RotD50_d150_public_version.xlsx,RotD50,15,ROTD50_d150
13,Magnitude Uncertainty: Statistical,magnitude_uncertainty_statistical,source,8,Updated_NGA_West2_Flatfile_RotD50_d150_public_version.xlsx,RotD50,15,ROTD50_d150
14,Magnitude Sample Size,magnitude_sample_size,source,8,Updated_NGA_West2_Flatfile_RotD50_d150_public_version.xlsx,RotD50,15,ROTD50_d150
15,Magnitude Uncertainty: Study Class,magnitude_uncertainty_study_class,source,8,Updated_NGA_West2_Flatfile_RotD50_d150_public_version.xlsx,RotD50,15,ROTD50_d150
16,Mo (dyne.cm),mo_dyne_cm,source,8,Updated_NGA_West2_Flatfile_RotD50_d150_public_version.xlsx,RotD50,15,ROTD50_d150
17,Strike (deg),strike_deg,source,8,Updated_NGA_West2_Flatfile_RotD50_d150_public_version.xlsx,RotD50,15,ROTD50_d150
18,Dip (deg),dip_deg,source,8,Updated_NGA_West2_Flatfile_RotD50_d150_public_version.xlsx,RotD50,15,ROTD50_d150
19,Rake Angle (deg),rake_angle_deg,source,8,Updated_NGA_West2_Flatfile_RotD50_d150_public_version.xlsx,RotD50,15,ROTD50_d150
20,Mechanism Based on Rake Angle,mechanism_based_on_rake_angle,source,8,Updated_NGA_West2_Flatfile_RotD50_d150_public_version.xlsx,RotD50,15,ROTD50_d150
21,P-plunge (deg),p_plunge_deg,source,8,Updated_NGA_West2_Flatfile_RotD50_d150_public_version.xlsx,RotD50,15,ROTD50_d150
22,P-trend (deg),p_trend_deg,source,8,Updated_NGA_West2_Flatfile_RotD50_d150_public_version.xlsx,RotD50,15,ROTD50_d150
23,T-plunge (deg),t_plunge_deg,source,8,Updated_NGA_West2_Flatfile_RotD50_d150_public_version.xlsx,RotD50,15,ROTD50_d150
24,T-trend (deg),t_trend_deg,source,8,Updated_NGA_West2_Flatfile_RotD50_d150_public_version.xlsx,RotD50,15,ROTD50_d150
25,Hypocenter Latitude (deg),hypocenter_latitude_deg,source,8,Updated_NGA_West2_Flatfile_RotD50_d150_public_version.xlsx,RotD50,15,ROTD50_d150
26,Hypocenter Longitude (deg),hypocenter_longitude_deg,source,8,Updated_NGA_West2_Flatfile_RotD50_d150_public_version.xlsx,RotD50,15,ROTD50_d150
27,Hypocenter Depth (km),hypocenter_depth_km,source,8,Updated_NGA_West2_Flatfile_RotD50_d150_public_version.xlsx,RotD50,15,ROTD50_d150
28,Coseismic Surface Rupture: 1=Yes; 0=No;    -999=Unknown,coseismic_surface_rupture_1_yes_0_no_999_unknown,source,8,Updated_NGA_West2_Flatfile_RotD50_d150_public_version.xlsx,RotD50,15,ROTD50_d150
29,Coseismic Surface Rupture (Including Inferred),coseismic_surface_rupture_including_inferred,source,8,Updated_NGA_West2_Flatfile_RotD50_d150_public_version.xlsx,RotD50,15,ROTD50_d150
30,Basis for Inference of Surface Rupture,basis_for_inference_of_surface_rupture,source,8,Updated_NGA_West2_Flatfile_RotD50_d150_public_version.xlsx,RotD50,15,ROTD50_d150
31,Finite Rupture Model: 1=Yes;  0=No,finite_rupture_model_1_yes_0_no,source,8,Updated_NGA_West2_Flatfile_RotD50_d150_public_version.xlsx,RotD50,15,ROTD50_d150
32,Depth to Top Of Fault Rupture Model,depth_to_top_of_fault_rupture_model,source,8,Updated_NGA_West2_Flatfile_RotD50_d150_public_version.xlsx,RotD50,15,ROTD50_d150
33,Fault Rupture Length for Calculation of Ry (km),fault_rupture_length_for_calculation_of_ry_km,source,8,Updated_NGA_West2_Flatfile_RotD50_d150_public_version.xlsx,RotD50,15,ROTD50_d150
34,Fault Rupture Width (km),fault_rupture_width_km,source,8,Updated_NGA_West2_Flatfile_RotD50_d150_public_version.xlsx,RotD50,15,ROTD50_d150
35,Fault Rupture Area (km^2),fault_rupture_area_km_2,source,8,Updated_NGA_West2_Flatfile_RotD50_d150_public_version.xlsx,RotD50,15,ROTD50_d150
36,Avg Fault Disp (cm),avg_fault_disp_cm,source,8,Updated_NGA_West2_Flatfile_RotD50_d150_public_version.xlsx,RotD50,15,ROTD50_d150
37,Rise Time (s),rise_time_s,source,8,Updated_NGA_West2_Flatfile_RotD50_d150_public_version.xlsx,RotD50,15,ROTD50_d150
38,Avg Slip Velocity (cm/s),avg_slip_velocity_cm_s,source,8,Updated_NGA_West2_Flatfile_RotD50_d150_public_version.xlsx,RotD50,15,ROTD50_d150
39,Static Stress Drop (bars),static_stress_drop_bars,source,8,Updated_NGA_West2_Flatfile_RotD50_d150_public_version.xlsx,RotD50,15,ROTD50_d150
40,Preferred Rupture Velocity (km/s),preferred_rupture_velocity_km_s,source,8,Updated_NGA_West2_Flatfile_RotD50_d150_public_version.xlsx,RotD50,15,ROTD50_d150
41,Average Vr/Vs,average_vr_vs,source,8,Updated_NGA_West2_Flatfile_RotD50_d150_public_version.xlsx,RotD50,15,ROTD50_d150
42,Percent of Moment Release in the Top 5 Km of Crust,percent_of_moment_release_in_the_top_5_km_of_crust,source,8,Updated_NGA_West2_Flatfile_RotD50_d150_public_version.xlsx,RotD50,15,ROTD50_d150
43,Existence of Shallow Asperity: 0=No; 1=Yes,existence_of_shallow_asperity_0_no_1_yes,source,8,Updated_NGA_West2_Flatfile_RotD50_d150_public_version.xlsx,RotD50,15,ROTD50_d150
44,Depth to Top of Shallowest Asperity (km),depth_to_top_of_shallowest_asperity_km,source,8,Updated_NGA_West2_Flatfile_RotD50_d150_public_version.xlsx,RotD50,15,ROTD50_d150
45,Earthquake in Extensional Regime: 1=Yes; 0=No,earthquake_in_extensional_regime_1_yes_0_no,source,8,Updated_NGA_West2_Flatfile_RotD50_d150_public_version.xlsx,RotD50,15,ROTD50_d150
46,Fault Name,fault_name,source,8,Updated_NGA_West2_Flatfile_RotD50_d150_public_version.xlsx,RotD50,15,ROTD50_d150
47,Slip Rate (mm/Yr),slip_rate_mm_yr,source,8,Updated_NGA_West2_Flatfile_RotD50_d150_public_version.xlsx,RotD50,15,ROTD50_d150
48,EpiD (km),epid_km,path,8,Updated_NGA_West2_Flatfile_RotD50_d150_public_version.xlsx,RotD50,15,ROTD50_d150
49,HypD (km),hypd_km,path,8,Updated_NGA_West2_Flatfile_RotD50_d150_public_version.xlsx,RotD50,15,ROTD50_d150
50,Joyner-Boore Dist. (km),joyner_boore_dist_km,path,8,Updated_NGA_West2_Flatfile_RotD50_d150_public_version.xlsx,RotD50,15,ROTD50_d150
51,Campbell R Dist. (km),campbell_r_dist_km,path,8,Updated_NGA_West2_Flatfile_RotD50_d150_public_version.xlsx,RotD50,15,ROTD50_d150
52,RmsD (km),rmsd_km,path,8,Updated_NGA_West2_Flatfile_RotD50_d150_public_version.xlsx,RotD50,15,ROTD50_d150
53,ClstD (km),clstd_km,path,8,Updated_NGA_West2_Flatfile_RotD50_d150_public_version.xlsx,RotD50,15,ROTD50_d150
54,Rx,rx,path,8,Updated_NGA_West2_Flatfile_RotD50_d150_public_version.xlsx,RotD50,15,ROTD50_d150
55,FW/HW Indicator,fw_hw_indicator,path,8,Updated_NGA_West2_Flatfile_RotD50_d150_public_version.xlsx,RotD50,15,ROTD50_d150
56,Source to Site Azimuth (deg),source_to_site_azimuth_deg,path,8,Updated_NGA_West2_Flatfile_RotD50_d150_public_version.xlsx,RotD50,15,ROTD50_d150
57,X,x,path,8,Updated_NGA_West2_Flatfile_RotD50_d150_public_version.xlsx,RotD50,15,ROTD50_d150
58,Theta.D (deg),theta_d_deg,path,8,Updated_NGA_West2_Flatfile_RotD50_d150_public_version.xlsx,RotD50,15,ROTD50_d150
59,SSGA (Strike Slip),ssga_strike_slip,path,8,Updated_NGA_West2_Flatfile_RotD50_d150_public_version.xlsx,RotD50,15,ROTD50_d150
60,Y,y,path,8,Updated_NGA_West2_Flatfile_RotD50_d150_public_version.xlsx,RotD50,15,ROTD50_d150
61,Phi.D (deg),phi_d_deg,path,8,Updated_NGA_West2_Flatfile_RotD50_d150_public_version.xlsx,RotD50,15,ROTD50_d150
62,SSGA (Dip Slip),ssga_dip_slip,path,8,Updated_NGA_West2_Flatfile_RotD50_d150_public_version.xlsx,RotD50,15,ROTD50_d150
63,s,s,path,8,Updated_NGA_West2_Flatfile_RotD50_d150_public_version.xlsx,RotD50,15,ROTD50_d150
64,d,d,path,8,Updated_NGA_West2_Flatfile_RotD50_d150_public_version.xlsx,RotD50,15,ROTD50_d150
65,ctildepr,ctildepr,path,8,Updated_NGA_West2_Flatfile_RotD50_d150_public_version.xlsx,RotD50,15,ROTD50_d150
66,Unused Column,unused_column,path,8,Updated_NGA_West2_Flatfile_RotD50_d150_public_version.xlsx,RotD50,15,ROTD50_d150
67,D,d_1,path,8,Updated_NGA_West2_Flatfile_RotD50_d150_public_version.xlsx,RotD50,15,ROTD50_d150
68,Rfn.Hyp,rfn_hyp,path,8,Updated_NGA_West2_Flatfile_RotD50_d150_public_version.xlsx,RotD50,15,ROTD50_d150
69,Rfp.Hyp,rfp_hyp,path,8,Updated_NGA_West2_Flatfile_RotD50_d150_public_version.xlsx,RotD50,15,ROTD50_d150
70,Unused Column,unused_column_1,path,8,Updated_NGA_West2_Flatfile_RotD50_d150_public_version.xlsx,RotD50,15,ROTD50_d150
71,Unused Column,unused_column_2,path,8,Updated_NGA_West2_Flatfile_RotD50_d150_public_version.xlsx,RotD50,15,ROTD50_d150
72,Unused Column,unused_column_3,path,8,Updated_NGA_West2_Flatfile_RotD50_d150_public_version.xlsx,RotD50,15,ROTD50_d150
73,T,t,path,8,Updated_NGA_West2_Flatfile_RotD50_d150_public_version.xlsx,RotD50,15,ROTD50_d150
74,GMX's C1,gmx_s_c1,site,8,Updated_NGA_West2_Flatfile_RotD50_d150_public_version.xlsx,RotD50,15,ROTD50_d150
75,GMX's C2,gmx_s_c2,site,8,Updated_NGA_West2_Flatfile_RotD50_d150_public_version.xlsx,RotD50,15,ROTD50_d150
76,GMX's C3,gmx_s_c3,site,8,Updated_NGA_West2_Flatfile_RotD50_d150_public_version.xlsx,RotD50,15,ROTD50_d150
77,Campbell's GEOCODE,campbell_s_geocode,site,8,Updated_NGA_West2_Flatfile_RotD50_d150_public_version.xlsx,RotD50,15,ROTD50_d150
78,Bray and Rodriguez-Marek SGS,bray_and_rodriguez_marek_sgs,site,8,Updated_NGA_West2_Flatfile_RotD50_d150_public_version.xlsx,RotD50,15,ROTD50_d150
79,Depth,depth,site,8,Updated_NGA_West2_Flatfile_RotD50_d150_public_version.xlsx,RotD50,15,ROTD50_d150
80,Preferred NEHRP Based on Vs30,preferred_nehrp_based_on_vs30,site,8,Updated_NGA_West2_Flatfile_RotD50_d150_public_version.xlsx,RotD50,15,ROTD50_d150
81,Vs30 (m/s) selected for analysis,vs30_m_s_selected_for_analysis,site,8,Updated_NGA_West2_Flatfile_RotD50_d150_public_version.xlsx,RotD50,15,ROTD50_d150
82,Column Not Used,column_not_used,site,8,Updated_NGA_West2_Flatfile_RotD50_d150_public_version.xlsx,RotD50,15,ROTD50_d150
83,Measured/Inferred Class,measured_inferred_class,site,8,Updated_NGA_West2_Flatfile_RotD50_d150_public_version.xlsx,RotD50,15,ROTD50_d150
84,Sigma of Vs30 (in natural log Units),sigma_of_vs30_in_natural_log_units,site,8,Updated_NGA_West2_Flatfile_RotD50_d150_public_version.xlsx,RotD50,15,ROTD50_d150
85,NEHRP Classification from CGS's Site Condition Map,nehrp_classification_from_cgs_s_site_condition_map,site,8,Updated_NGA_West2_Flatfile_RotD50_d150_public_version.xlsx,RotD50,15,ROTD50_d150
86,Geological Unit,geological_unit,site,8,Updated_NGA_West2_Flatfile_RotD50_d150_public_version.xlsx,RotD50,15,ROTD50_d150
87,Geology,geology,site,8,Updated_NGA_West2_Flatfile_RotD50_d150_public_version.xlsx,RotD50,15,ROTD50_d150
88,Owner,owner,site,8,Updated_NGA_West2_Flatfile_RotD50_d150_public_version.xlsx,RotD50,15,ROTD50_d150
89,Station Latitude,station_latitude,site,8,Updated_NGA_West2_Flatfile_RotD50_d150_public_version.xlsx,RotD50,15,ROTD50_d150
90,Station Longitude,station_longitude,site,8,Updated_NGA_West2_Flatfile_RotD50_d150_public_version.xlsx,RotD50,15,ROTD50_d150
91,STORIES,stories,site,8,Updated_NGA_West2_Flatfile_RotD50_d150_public_version.xlsx,RotD50,15,ROTD50_d150
92,INSTLOC,instloc,site,8,Updated_NGA_West2_Flatfile_RotD50_d150_public_version.xlsx,RotD50,15,ROTD50_d150
93,Depth to Basement Rock,depth_to_basement_rock,site,8,Updated_NGA_West2_Flatfile_RotD50_d150_public_version.xlsx,RotD50,15,ROTD50_d150
94,Site Visited,site_visited,site,8,Updated_NGA_West2_Flatfile_RotD50_d150_public_version.xlsx,RotD50,15,ROTD50_d150
95,NGA Type,nga_type,site,8,Updated_NGA_West2_Flatfile_RotD50_d150_public_version.xlsx,RotD50,15,ROTD50_d150
96,Age,age,site,8,Updated_NGA_West2_Flatfile_RotD50_d150_public_version.xlsx,RotD50,15,ROTD50_d150
97,Grain Size,grain_size,site,8,Updated_NGA_West2_Flatfile_RotD50_d150_public_version.xlsx,RotD50,15,ROTD50_d150
98,Depositional History,depositional_history,site,8,Updated_NGA_West2_Flatfile_RotD50_d150_public_version.xlsx,RotD50,15,ROTD50_d150
99,Northern CA/Southern CA - H11 Z1 (m),northern_ca_southern_ca_h11_z1_m,site,8,Updated_NGA_West2_Flatfile_RotD50_d150_public_version.xlsx,RotD50,15,ROTD50_d150
100,Northern CA/Southern CA - H11 Z1.5 (m),northern_ca_southern_ca_h11_z1_5_m,site,8,Updated_NGA_West2_Flatfile_RotD50_d150_public_version.xlsx,RotD50,15,ROTD50_d150
101,Northern CA/Southern CA - H11 Z2.5 (m),northern_ca_southern_ca_h11_z2_5_m,site,8,Updated_NGA_West2_Flatfile_RotD50_d150_public_version.xlsx,RotD50,15,ROTD50_d150
102,Northern CA/Southern CA - S4 Z1 (m),northern_ca_southern_ca_s4_z1_m,site,8,Updated_NGA_West2_Flatfile_RotD50_d150_public_version.xlsx,RotD50,15,ROTD50_d150
103,Northern CA/Southern CA - S4 Z1.5 (m),northern_ca_southern_ca_s4_z1_5_m,site,8,Updated_NGA_West2_Flatfile_RotD50_d150_public_version.xlsx,RotD50,15,ROTD50_d150
104,Northern CA/Southern CA - S4 Z2.5 (m),northern_ca_southern_ca_s4_z2_5_m,site,8,Updated_NGA_West2_Flatfile_RotD50_d150_public_version.xlsx,RotD50,15,ROTD50_d150
105,Depth to Franciscan Rock (km),depth_to_franciscan_rock_km,site,8,Updated_NGA_West2_Flatfile_RotD50_d150_public_version.xlsx,RotD50,15,ROTD50_d150
106,Basin,basin,site,8,Updated_NGA_West2_Flatfile_RotD50_d150_public_version.xlsx,RotD50,15,ROTD50_d150
107,h (m),h_m,site,8,Updated_NGA_West2_Flatfile_RotD50_d150_public_version.xlsx,RotD50,15,ROTD50_d150
108,hnorm (m),hnorm_m,site,8,Updated_NGA_West2_Flatfile_RotD50_d150_public_version.xlsx,RotD50,15,ROTD50_d150
109,Rsbe (m),rsbe_m,site,8,Updated_NGA_West2_Flatfile_RotD50_d150_public_version.xlsx,RotD50,15,ROTD50_d150
110,Rcebe (m),rcebe_m,site,8,Updated_NGA_West2_Flatfile_RotD50_d150_public_version.xlsx,RotD50,15,ROTD50_d150
111,Rebe (m),rebe_m,site,8,Updated_NGA_West2_Flatfile_RotD50_d150_public_version.xlsx,RotD50,15,ROTD50_d150
112,Rsbe1 (m),rsbe1_m,site,8,Updated_NGA_West2_Flatfile_RotD50_d150_public_version.xlsx,RotD50,15,ROTD50_d150
113,File Name (Horizontal 1),file_name_horizontal_1,record_processing,8,Updated_NGA_West2_Flatfile_RotD50_d150_public_version.xlsx,RotD50,15,ROTD50_d150
114,File Name (Horizontal 2),file_name_horizontal_2,record_processing,8,Updated_NGA_West2_Flatfile_RotD50_d150_public_version.xlsx,RotD50,15,ROTD50_d150
115,File Name (Vertical),file_name_vertical,record_processing,8,Updated_NGA_West2_Flatfile_RotD50_d150_public_version.xlsx,RotD50,15,ROTD50_d150
116,H1 azimth (degrees),h1_azimth_degrees,record_processing,8,Updated_NGA_West2_Flatfile_RotD50_d150_public_version.xlsx,RotD50,15,ROTD50_d150
117,H2 azimith (degrees),h2_azimith_degrees,record_processing,8,Updated_NGA_West2_Flatfile_RotD50_d150_public_version.xlsx,RotD50,15,ROTD50_d150
118,Type of Recording,type_of_recording,record_processing,8,Updated_NGA_West2_Flatfile_RotD50_d150_public_version.xlsx,RotD50,15,ROTD50_d150
119,Instrument Model,instrument_model,record_processing,8,Updated_NGA_West2_Flatfile_RotD50_d150_public_version.xlsx,RotD50,15,ROTD50_d150
120,PEA Processing Flag,pea_processing_flag,record_processing,8,Updated_NGA_West2_Flatfile_RotD50_d150_public_version.xlsx,RotD50,15,ROTD50_d150
121,Type of Filter,type_of_filter,record_processing,8,Updated_NGA_West2_Flatfile_RotD50_d150_public_version.xlsx,RotD50,15,ROTD50_d150
122,npass,npass,record_processing,8,Updated_NGA_West2_Flatfile_RotD50_d150_public_version.xlsx,RotD50,15,ROTD50_d150
123,nroll,nroll,record_processing,8,Updated_NGA_West2_Flatfile_RotD50_d150_public_version.xlsx,RotD50,15,ROTD50_d150
124,HP-H1 (Hz),hp_h1_hz,record_processing,8,Updated_NGA_West2_Flatfile_RotD50_d150_public_version.xlsx,RotD50,15,ROTD50_d150
125,HP-H2 (Hz),hp_h2_hz,record_processing,8,Updated_NGA_West2_Flatfile_RotD50_d150_public_version.xlsx,RotD50,15,ROTD50_d150
126,LP-H1 (Hz),lp_h1_hz,record_processing,8,Updated_NGA_West2_Flatfile_RotD50_d150_public_version.xlsx,RotD50,15,ROTD50_d150
127,LP-H2 (Hz),lp_h2_hz,record_processing,8,Updated_NGA_West2_Flatfile_RotD50_d150_public_version.xlsx,RotD50,15,ROTD50_d150
128,Factor,factor,record_processing,8,Updated_NGA_West2_Flatfile_RotD50_d150_public_version.xlsx,RotD50,15,ROTD50_d150
129,Lowest Usable Freq - H1 (Hz),lowest_usable_freq_h1_hz,record_processing,8,Updated_NGA_West2_Flatfile_RotD50_d150_public_version.xlsx,RotD50,15,ROTD50_d150
130,Lowest Usable Freq - H2 (H2),lowest_usable_freq_h2_h2,record_processing,8,Updated_NGA_West2_Flatfile_RotD50_d150_public_version.xlsx,RotD50,15,ROTD50_d150
131,Lowest Usable Freq - Ave. Component (Hz),lowest_usable_freq_ave_component_hz,record_processing,8,Updated_NGA_West2_Flatfile_RotD50_d150_public_version.xlsx,RotD50,15,ROTD50_d150
132,PGA (g),pga_g,ground_motion,8,Updated_NGA_West2_Flatfile_RotD50_d150_public_version.xlsx,RotD50,15,ROTD50_d150
133,PGV (cm/sec),pgv_cm_sec,ground_motion,8,Updated_NGA_West2_Flatfile_RotD50_d150_public_version.xlsx,RotD50,15,ROTD50_d150
134,PGD (cm),pgd_cm,ground_motion,8,Updated_NGA_West2_Flatfile_RotD50_d150_public_version.xlsx,RotD50,15,ROTD50_d150
135,T0.010S,t0_010s,ground_motion,8,Updated_NGA_West2_Flatfile_RotD50_d150_public_version.xlsx,RotD50,15,ROTD50_d150
136,T0.020S,t0_020s,ground_motion,8,Updated_NGA_West2_Flatfile_RotD50_d150_public_version.xlsx,RotD50,15,ROTD50_d150
137,T0.022S,t0_022s,ground_motion,8,Updated_NGA_West2_Flatfile_RotD50_d150_public_version.xlsx,RotD50,15,ROTD50_d150
138,T0.025S,t0_025s,ground_motion,8,Updated_NGA_West2_Flatfile_RotD50_d150_public_version.xlsx,RotD50,15,ROTD50_d150
139,T0.029S,t0_029s,ground_motion,8,Updated_NGA_West2_Flatfile_RotD50_d150_public_version.xlsx,RotD50,15,ROTD50_d150
140,T0.030S,t0_030s,ground_motion,8,Updated_NGA_West2_Flatfile_RotD50_d150_public_version.xlsx,RotD50,15,ROTD50_d150
141,T0.032S,t0_032s,ground_motion,8,Updated_NGA_West2_Flatfile_RotD50_d150_public_version.xlsx,RotD50,15,ROTD50_d150
142,T0.035S,t0_035s,ground_motion,8,Updated_NGA_West2_Flatfile_RotD50_d150_public_version.xlsx,RotD50,15,ROTD50_d150
143,T0.036S,t0_036s,ground_motion,8,Updated_NGA_West2_Flatfile_RotD50_d150_public_version.xlsx,RotD50,15,ROTD50_d150
144,T0.040S,t0_040s,ground_motion,8,Updated_NGA_West2_Flatfile_RotD50_d150_public_version.xlsx,RotD50,15,ROTD50_d150
145,T0.042S,t0_042s,ground_motion,8,Updated_NGA_West2_Flatfile_RotD50_d150_public_version.xlsx,RotD50,15,ROTD50_d150
146,T0.044S,t0_044s,ground_motion,8,Updated_NGA_West2_Flatfile_RotD50_d150_public_version.xlsx,RotD50,15,ROTD50_d150
147,T0.045S,t0_045s,ground_motion,8,Updated_NGA_West2_Flatfile_RotD50_d150_public_version.xlsx,RotD50,15,ROTD50_d150
148,T0.046S,t0_046s,ground_motion,8,Updated_NGA_West2_Flatfile_RotD50_d150_public_version.xlsx,RotD50,15,ROTD50_d150
149,T0.048S,t0_048s,ground_motion,8,Updated_NGA_West2_Flatfile_RotD50_d150_public_version.xlsx,RotD50,15,ROTD50_d150
150,T0.050S,t0_050s,ground_motion,8,Updated_NGA_West2_Flatfile_RotD50_d150_public_version.xlsx,RotD50,15,ROTD50_d150
151,T0.055S,t0_055s,ground_motion,8,Updated_NGA_West2_Flatfile_RotD50_d150_public_version.xlsx,RotD50,15,ROTD50_d150
152,T0.060S,t0_060s,ground_motion,8,Updated_NGA_West2_Flatfile_RotD50_d150_public_version.xlsx,RotD50,15,ROTD50_d150
153,T0.065S,t0_065s,ground_motion,8,Updated_NGA_West2_Flatfile_RotD50_d150_public_version.xlsx,RotD50,15,ROTD50_d150
154,T0.067S,t0_067s,ground_motion,8,Updated_NGA_West2_Flatfile_RotD50_d150_public_version.xlsx,RotD50,15,ROTD50_d150
155,T0.070S,t0_070s,ground_motion,8,Updated_NGA_West2_Flatfile_RotD50_d150_public_version.xlsx,RotD50,15,ROTD50_d150
156,T0.075S,t0_075s,ground_motion,8,Updated_NGA_West2_Flatfile_RotD50_d150_public_version.xlsx,RotD50,15,ROTD50_d150
157,T0.080S,t0_080s,ground_motion,8,Updated_NGA_West2_Flatfile_RotD50_d150_public_version.xlsx,RotD50,15,ROTD50_d150
158,T0.085S,t0_085s,ground_motion,8,Updated_NGA_West2_Flatfile_RotD50_d150_public_version.xlsx,RotD50,15,ROTD50_d150
159,T0.090S,t0_090s,ground_motion,8,Updated_NGA_West2_Flatfile_RotD50_d150_public_version.xlsx,RotD50,15,ROTD50_d150
160,T0.095S,t0_095s,ground_motion,8,Updated_NGA_West2_Flatfile_RotD50_d150_public_version.xlsx,RotD50,15,ROTD50_d150
161,T0.100S,t0_100s,ground_motion,8,Updated_NGA_West2_Flatfile_RotD50_d150_public_version.xlsx,RotD50,15,ROTD50_d150
162,T0.110S,t0_110s,ground_motion,8,Updated_NGA_West2_Flatfile_RotD50_d150_public_version.xlsx,RotD50,15,ROTD50_d150
163,T0.120S,t0_120s,ground_motion,8,Updated_NGA_West2_Flatfile_RotD50_d150_public_version.xlsx,RotD50,15,ROTD50_d150
164,T0.130S,t0_130s,ground_motion,8,Updated_NGA_West2_Flatfile_RotD50_d150_public_version.xlsx,RotD50,15,ROTD50_d150
165,T0.133S,t0_133s,ground_motion,8,Updated_NGA_West2_Flatfile_RotD50_d150_public_version.xlsx,RotD50,15,ROTD50_d150
166,T0.140S,t0_140s,ground_motion,8,Updated_NGA_West2_Flatfile_RotD50_d150_public_version.xlsx,RotD50,15,ROTD50_d150
167,T0.150S,t0_150s,ground_motion,8,Updated_NGA_West2_Flatfile_RotD50_d150_public_version.xlsx,RotD50,15,ROTD50_d150
168,T0.160S,t0_160s,ground_motion,8,Updated_NGA_West2_Flatfile_RotD50_d150_public_version.xlsx,RotD50,15,ROTD50_d150
169,T0.170S,t0_170s,ground_motion,8,Updated_NGA_West2_Flatfile_RotD50_d150_public_version.xlsx,RotD50,15,ROTD50_d150
170,T0.180S,t0_180s,ground_motion,8,Updated_NGA_West2_Flatfile_RotD50_d150_public_version.xlsx,RotD50,15,ROTD50_d150
171,T0.190S,t0_190s,ground_motion,8,Updated_NGA_West2_Flatfile_RotD50_d150_public_version.xlsx,RotD50,15,ROTD50_d150
172,T0.200S,t0_200s,ground_motion,8,Updated_NGA_West2_Flatfile_RotD50_d150_public_version.xlsx,RotD50,15,ROTD50_d150
173,T0.220S,t0_220s,ground_motion,8,Updated_NGA_West2_Flatfile_RotD50_d150_public_version.xlsx,RotD50,15,ROTD50_d150
174,T0.240S,t0_240s,ground_motion,8,Updated_NGA_West2_Flatfile_RotD50_d150_public_version.xlsx,RotD50,15,ROTD50_d150
175,T0.250S,t0_250s,ground_motion,8,Updated_NGA_West2_Flatfile_RotD50_d150_public_version.xlsx,RotD50,15,ROTD50_d150
176,T0.260S,t0_260s,ground_motion,8,Updated_NGA_West2_Flatfile_RotD50_d150_public_version.xlsx,RotD50,15,ROTD50_d150
177,T0.280S,t0_280s,ground_motion,8,Updated_NGA_West2_Flatfile_RotD50_d150_public_version.xlsx,RotD50,15,ROTD50_d150
178,T0.290S,t0_290s,ground_motion,8,Updated_NGA_West2_Flatfile_RotD50_d150_public_version.xlsx,RotD50,15,ROTD50_d150
179,T0.300S,t0_300s,ground_motion,8,Updated_NGA_West2_Flatfile_RotD50_d150_public_version.xlsx,RotD50,15,ROTD50_d150
180,T0.320S,t0_320s,ground_motion,8,Updated_NGA_West2_Flatfile_RotD50_d150_public_version.xlsx,RotD50,15,ROTD50_d150
181,T0.340S,t0_340s,ground_motion,8,Updated_NGA_West2_Flatfile_RotD50_d150_public_version.xlsx,RotD50,15,ROTD50_d150
182,T0.350S,t0_350s,ground_motion,8,Updated_NGA_West2_Flatfile_RotD50_d150_public_version.xlsx,RotD50,15,ROTD50_d150
183,T0.360S,t0_360s,ground_motion,8,Updated_NGA_West2_Flatfile_RotD50_d150_public_version.xlsx,RotD50,15,ROTD50_d150
184,T0.380S,t0_380s,ground_motion,8,Updated_NGA_West2_Flatfile_RotD50_d150_public_version.xlsx,RotD50,15,ROTD50_d150
185,T0.400S,t0_400s,ground_motion,8,Updated_NGA_West2_Flatfile_RotD50_d150_public_version.xlsx,RotD50,15,ROTD50_d150
186,T0.420S,t0_420s,ground_motion,8,Updated_NGA_West2_Flatfile_RotD50_d150_public_version.xlsx,RotD50,15,ROTD50_d150
187,T0.440S,t0_440s,ground_motion,8,Updated_NGA_West2_Flatfile_RotD50_d150_public_version.xlsx,RotD50,15,ROTD50_d150
188,T0.450S,t0_450s,ground_motion,8,Updated_NGA_West2_Flatfile_RotD50_d150_public_version.xlsx,RotD50,15,ROTD50_d150
189,T0.460S,t0_460s,ground_motion,8,Updated_NGA_West2_Flatfile_RotD50_d150_public_version.xlsx,RotD50,15,ROTD50_d150
190,T0.480S,t0_480s,ground_motion,8,Updated_NGA_West2_Flatfile_RotD50_d150_public_version.xlsx,RotD50,15,ROTD50_d150
191,T0.500S,t0_500s,ground_motion,8,Updated_NGA_West2_Flatfile_RotD50_d150_public_version.xlsx,RotD50,15,ROTD50_d150
192,T0.550S,t0_550s,ground_motion,8,Updated_NGA_West2_Flatfile_RotD50_d150_public_version.xlsx,RotD50,15,ROTD50_d150
193,T0.600S,t0_600s,ground_motion,8,Updated_NGA_West2_Flatfile_RotD50_d150_public_version.xlsx,RotD50,15,ROTD50_d150
194,T0.650S,t0_650s,ground_motion,8,Updated_NGA_West2_Flatfile_RotD50_d150_public_version.xlsx,RotD50,15,ROTD50_d150
195,T0.667S,t0_667s,ground_motion,8,Updated_NGA_West2_Flatfile_RotD50_d150_public_version.xlsx,RotD50,15,ROTD50_d150
196,T0.700S,t0_700s,ground_motion,8,Updated_NGA_West2_Flatfile_RotD50_d150_public_version.xlsx,RotD50,15,ROTD50_d150
197,T0.750S,t0_750s,ground_motion,8,Updated_NGA_West2_Flatfile_RotD50_d150_public_version.xlsx,RotD50,15,ROTD50_d150
198,T0.800S,t0_800s,ground_motion,8,Updated_NGA_West2_Flatfile_RotD50_d150_public_version.xlsx,RotD50,15,ROTD50_d150
199,T0.850S,t0_850s,ground_motion,8,Updated_NGA_West2_Flatfile_RotD50_d150_public_version.xlsx,RotD50,15,ROTD50_d150
200,T0.900S,t0_900s,ground_motion,8,Updated_NGA_West2_Flatfile_RotD50_d150_public_version.xlsx,RotD50,15,ROTD50_d150
201,T0.950S,t0_950s,ground_motion,8,Updated_NGA_West2_Flatfile_RotD50_d150_public_version.xlsx,RotD50,15,ROTD50_d150
202,T1.000S,t1_000s,ground_motion,8,Updated_NGA_West2_Flatfile_RotD50_d150_public_version.xlsx,RotD50,15,ROTD50_d150
203,T1.100S,t1_100s,ground_motion,8,Updated_NGA_West2_Flatfile_RotD50_d150_public_version.xlsx,RotD50,15,ROTD50_d150
204,T1.200S,t1_200s,ground_motion,8,Updated_NGA_West2_Flatfile_RotD50_d150_public_version.xlsx,RotD50,15,ROTD50_d150
205,T1.300S,t1_300s,ground_motion,8,Updated_NGA_West2_Flatfile_RotD50_d150_public_version.xlsx,RotD50,15,ROTD50_d150
206,T1.400S,t1_400s,ground_motion,8,Updated_NGA_West2_Flatfile_RotD50_d150_public_version.xlsx,RotD50,15,ROTD50_d150
207,T1.500S,t1_500s,ground_motion,8,Updated_NGA_West2_Flatfile_RotD50_d150_public_version.xlsx,RotD50,15,ROTD50_d150
208,T1.600S,t1_600s,ground_motion,8,Updated_NGA_West2_Flatfile_RotD50_d150_public_version.xlsx,RotD50,15,ROTD50_d150
209,T1.700S,t1_700s,ground_motion,8,Updated_NGA_West2_Flatfile_RotD50_d150_public_version.xlsx,RotD50,15,ROTD50_d150
210,T1.800S,t1_800s,ground_motion,8,Updated_NGA_West2_Flatfile_RotD50_d150_public_version.xlsx,RotD50,15,ROTD50_d150
211,T1.900S,t1_900s,ground_motion,8,Updated_NGA_West2_Flatfile_RotD50_d150_public_version.xlsx,RotD50,15,ROTD50_d150
212,T2.000S,t2_000s,ground_motion,8,Updated_NGA_West2_Flatfile_RotD50_d150_public_version.xlsx,RotD50,15,ROTD50_d150
213,T2.200S,t2_200s,ground_motion,8,Updated_NGA_West2_Flatfile_RotD50_d150_public_version.xlsx,RotD50,15,ROTD50_d150
214,T2.400S,t2_400s,ground_motion,8,Updated_NGA_West2_Flatfile_RotD50_d150_public_version.xlsx,RotD50,15,ROTD50_d150
215,T2.500S,t2_500s,ground_motion,8,Updated_NGA_West2_Flatfile_RotD50_d150_public_version.xlsx,RotD50,15,ROTD50_d150
216,T2.600S,t2_600s,ground_motion,8,Updated_NGA_West2_Flatfile_RotD50_d150_public_version.xlsx,RotD50,15,ROTD50_d150
217,T2.800S,t2_800s,ground_motion,8,Updated_NGA_West2_Flatfile_RotD50_d150_public_version.xlsx,RotD50,15,ROTD50_d150
218,T3.000S,t3_000s,ground_motion,8,Updated_NGA_West2_Flatfile_RotD50_d150_public_version.xlsx,RotD50,15,ROTD50_d150
219,T3.200S,t3_200s,ground_motion,8,Updated_NGA_West2_Flatfile_RotD50_d150_public_version.xlsx,RotD50,15,ROTD50_d150
220,T3.400S,t3_400s,ground_motion,8,Updated_NGA_West2_Flatfile_RotD50_d150_public_version.xlsx,RotD50,15,ROTD50_d150
221,T3.500S,t3_500s,ground_motion,8,Updated_NGA_West2_Flatfile_RotD50_d150_public_version.xlsx,RotD50,15,ROTD50_d150
222,T3.600S,t3_600s,ground_motion,8,Updated_NGA_West2_Flatfile_RotD50_d150_public_version.xlsx,RotD50,15,ROTD50_d150
223,T3.800S,t3_800s,ground_motion,8,Updated_NGA_West2_Flatfile_RotD50_d150_public_version.xlsx,RotD50,15,ROTD50_d150
224,T4.000S,t4_000s,ground_motion,8,Updated_NGA_West2_Flatfile_RotD50_d150_public_version.xlsx,RotD50,15,ROTD50_d150
225,T4.200S,t4_200s,ground_motion,8,Updated_NGA_West2_Flatfile_RotD50_d150_public_version.xlsx,RotD50,15,ROTD50_d150
226,T4.400S,t4_400s,ground_motion,8,Updated_NGA_West2_Flatfile_RotD50_d150_public_version.xlsx,RotD50,15,ROTD50_d150
227,T4.600S,t4_600s,ground_motion,8,Updated_NGA_West2_Flatfile_RotD50_d150_public_version.xlsx,RotD50,15,ROTD50_d150
228,T4.800S,t4_800s,ground_motion,8,Updated_NGA_West2_Flatfile_RotD50_d150_public_version.xlsx,RotD50,15,ROTD50_d150
229,T5.000S,t5_000s,ground_motion,8,Updated_NGA_West2_Flatfile_RotD50_d150_public_version.xlsx,RotD50,15,ROTD50_d150
230,T5.500S,t5_500s,ground_motion,8,Updated_NGA_West2_Flatfile_RotD50_d150_public_version.xlsx,RotD50,15,ROTD50_d150
231,T6.000S,t6_000s,ground_motion,8,Updated_NGA_West2_Flatfile_RotD50_d150_public_version.xlsx,RotD50,15,ROTD50_d150
232,T6.500S,t6_500s,ground_motion,8,Updated_NGA_West2_Flatfile_RotD50_d150_public_version.xlsx,RotD50,15,ROTD50_d150
233,T7.000S,t7_000s,ground_motion,8,Updated_NGA_West2_Flatfile_RotD50_d150_public_version.xlsx,RotD50,15,ROTD50_d150
234,T7.500S,t7_500s,ground_motion,8,Updated_NGA_West2_Flatfile_RotD50_d150_public_version.xlsx,RotD50,15,ROTD50_d150
235,T8.000S,t8_000s,ground_motion,8,Updated_NGA_West2_Flatfile_RotD50_d150_public_version.xlsx,RotD50,15,ROTD50_d150
236,T8.500S,t8_500s,ground_motion,8,Updated_NGA_West2_Flatfile_RotD50_d150_public_version.xlsx,RotD50,15,ROTD50_d150
237,T9.000S,t9_000s,ground_motion,8,Updated_NGA_West2_Flatfile_RotD50_d150_public_version.xlsx,RotD50,15,ROTD50_d150
238,T9.500S,t9_500s,ground_motion,8,Updated_NGA_West2_Flatfile_RotD50_d150_public_version.xlsx,RotD50,15,ROTD50_d150
239,T10.000S,t10_000s,ground_motion,8,Updated_NGA_West2_Flatfile_RotD50_d150_public_version.xlsx,RotD50,15,ROTD50_d150
240,T11.000S,t11_000s,ground_motion,8,Updated_NGA_West2_Flatfile_RotD50_d150_public_version.xlsx,RotD50,15,ROTD50_d150
241,T12.000S,t12_000s,ground_motion,8,Updated_NGA_West2_Flatfile_RotD50_d150_public_version.xlsx,RotD50,15,ROTD50_d150
242,T13.000S,t13_000s,ground_motion,8,Updated_NGA_West2_Flatfile_RotD50_d150_public_version.xlsx,RotD50,15,ROTD50_d150
243,T14.000S,t14_000s,ground_motion,8,Updated_NGA_West2_Flatfile_RotD50_d150_public_version.xlsx,RotD50,15,ROTD50_d150
244,T15.000S,t15_000s,ground_motion,8,Updated_NGA_West2_Flatfile_RotD50_d150_public_version.xlsx,RotD50,15,ROTD50_d150
245,T20.000S,t20_000s,ground_motion,8,Updated_NGA_West2_Flatfile_RotD50_d150_public_version.xlsx,RotD50,15,ROTD50_d150
246,Ave Strike (deg),ave_strike_deg,classification_directivity,8,Updated_NGA_West2_Flatfile_RotD50_d150_public_version.xlsx,RotD50,15,ROTD50_d150
247,TYPE(CRjb = 0),type_crjb_0,classification_directivity,8,Updated_NGA_West2_Flatfile_RotD50_d150_public_version.xlsx,RotD50,15,ROTD50_d150
248,CRjb,crjb,classification_directivity,8,Updated_NGA_West2_Flatfile_RotD50_d150_public_version.xlsx,RotD50,15,ROTD50_d150
249,"TYPE
(CRjb = 2)",type_crjb_2,classification_directivity,8,Updated_NGA_West2_Flatfile_RotD50_d150_public_version.xlsx,RotD50,15,ROTD50_d150
250,CRjb,crjb_1,classification_directivity,8,Updated_NGA_West2_Flatfile_RotD50_d150_public_version.xlsx,RotD50,15,ROTD50_d150
251,"TYPE
(CRjb = 5)",type_crjb_5,classification_directivity,8,Updated_NGA_West2_Flatfile_RotD50_d150_public_version.xlsx,RotD50,15,ROTD50_d150
252,CRjb,crjb_2,classification_directivity,8,Updated_NGA_West2_Flatfile_RotD50_d150_public_version.xlsx,RotD50,15,ROTD50_d150
253,"TYPE
(CRjb = 10)",type_crjb_10,classification_directivity,8,Updated_NGA_West2_Flatfile_RotD50_d150_public_version.xlsx,RotD50,15,ROTD50_d150
254,CRjb,crjb_3,classification_directivity,8,Updated_NGA_West2_Flatfile_RotD50_d150_public_version.xlsx,RotD50,15,ROTD50_d150
255,"TYPE
(CRjb = 20)",type_crjb_20,classification_directivity,8,Updated_NGA_West2_Flatfile_RotD50_d150_public_version.xlsx,RotD50,15,ROTD50_d150
256,CRjb,crjb_4,classification_directivity,8,Updated_NGA_West2_Flatfile_RotD50_d150_public_version.xlsx,RotD50,15,ROTD50_d150
257,"TYPE
(CRjb = 40)",type_crjb_40,classification_directivity,8,Updated_NGA_West2_Flatfile_RotD50_d150_public_version.xlsx,RotD50,15,ROTD50_d150
258,CRjb,crjb_5,classification_directivity,8,Updated_NGA_West2_Flatfile_RotD50_d150_public_version.xlsx,RotD50,15,ROTD50_d150
259,U,u,quality,8,Updated_NGA_West2_Flatfile_RotD50_d150_public_version.xlsx,RotD50,15,ROTD50_d150
260,IDPv4,idpv4,quality,8,Updated_NGA_West2_Flatfile_RotD50_d150_public_version.xlsx,RotD50,15,ROTD50_d150
261,XCI,xci,quality,8,Updated_NGA_West2_Flatfile_RotD50_d150_public_version.xlsx,RotD50,15,ROTD50_d150
262,XCI1,xci1,quality,8,Updated_NGA_West2_Flatfile_RotD50_d150_public_version.xlsx,RotD50,15,ROTD50_d150
263,Damping (%),damping_percent,quality,8,Updated_NGA_West2_Flatfile_RotD50_d150_public_version.xlsx,RotD50,15,ROTD50_d150
264,RotD percentile,rotd_percentile,quality,8,Updated_NGA_West2_Flatfile_RotD50_d150_public_version.xlsx,RotD50,15,ROTD50_d150
265,Instrument Nat. Freq.,instrument_nat_freq,quality,8,Updated_NGA_West2_Flatfile_RotD50_d150_public_version.xlsx,RotD50,15,ROTD50_d150
266,Instrument Damping,instrument_damping,quality,8,Updated_NGA_West2_Flatfile_RotD50_d150_public_version.xlsx,RotD50,15,ROTD50_d150
267,Instrument Type,instrument_type,quality,8,Updated_NGA_West2_Flatfile_RotD50_d150_public_version.xlsx,RotD50,15,ROTD50_d150
268,Quality_Flag,quality_flag,quality,8,Updated_NGA_West2_Flatfile_RotD50_d150_public_version.xlsx,RotD50,15,ROTD50_d150
269,Spectra Quality Flag,spectra_quality_flag,quality,8,Updated_NGA_West2_Flatfile_RotD50_d150_public_version.xlsx,RotD50,15,ROTD50_d150
270,Late S-trigger,late_s_trigger,quality,8,Updated_NGA_West2_Flatfile_RotD50_d150_public_version.xlsx,RotD50,15,ROTD50_d150
271,Late P-trigger,late_p_trigger,quality,8,Updated_NGA_West2_Flatfile_RotD50_d150_public_version.xlsx,RotD50,15,ROTD50_d150
272,Idirectivity,idirectivity,quality,8,Updated_NGA_West2_Flatfile_RotD50_d150_public_version.xlsx,RotD50,15,ROTD50_d150
273,Tp,tp,quality,8,Updated_NGA_West2_Flatfile_RotD50_d150_public_version.xlsx,RotD50,15,ROTD50_d150
274,Ry 2,ry_2,quality,8,Updated_NGA_West2_Flatfile_RotD50_d150_public_version.xlsx,RotD50,15,ROTD50_d150
1,Record Sequence Number,record_sequence_number,source,9,Updated_NGA_West2_Flatfile_RotD50_d200_public_version.xlsx,RotD50,20,ROTD50_d200
2,EQID,eqid,source,9,Updated_NGA_West2_Flatfile_RotD50_d200_public_version.xlsx,RotD50,20,ROTD50_d200
3,Earthquake Name,earthquake_name,source,9,Updated_NGA_West2_Flatfile_RotD50_d200_public_version.xlsx,RotD50,20,ROTD50_d200
4,YEAR,year,source,9,Updated_NGA_West2_Flatfile_RotD50_d200_public_version.xlsx,RotD50,20,ROTD50_d200
5,MODY,mody,source,9,Updated_NGA_West2_Flatfile_RotD50_d200_public_version.xlsx,RotD50,20,ROTD50_d200
6,HRMN,hrmn,source,9,Updated_NGA_West2_Flatfile_RotD50_d200_public_version.xlsx,RotD50,20,ROTD50_d200
7,Station Name,station_name,source,9,Updated_NGA_West2_Flatfile_RotD50_d200_public_version.xlsx,RotD50,20,ROTD50_d200
8,Station Sequence Number,station_sequence_number,source,9,Updated_NGA_West2_Flatfile_RotD50_d200_public_version.xlsx,RotD50,20,ROTD50_d200
9,Station ID  No.,station_id_no,source,9,Updated_NGA_West2_Flatfile_RotD50_d200_public_version.xlsx,RotD50,20,ROTD50_d200
10,Earthquake Magnitude,earthquake_magnitude,source,9,Updated_NGA_West2_Flatfile_RotD50_d200_public_version.xlsx,RotD50,20,ROTD50_d200
11,Magnitude Type,magnitude_type,source,9,Updated_NGA_West2_Flatfile_RotD50_d200_public_version.xlsx,RotD50,20,ROTD50_d200
12,Magnitude Uncertainty: Kagan Model,magnitude_uncertainty_kagan_model,source,9,Updated_NGA_West2_Flatfile_RotD50_d200_public_version.xlsx,RotD50,20,ROTD50_d200
13,Magnitude Uncertainty: Statistical,magnitude_uncertainty_statistical,source,9,Updated_NGA_West2_Flatfile_RotD50_d200_public_version.xlsx,RotD50,20,ROTD50_d200
14,Magnitude Sample Size,magnitude_sample_size,source,9,Updated_NGA_West2_Flatfile_RotD50_d200_public_version.xlsx,RotD50,20,ROTD50_d200
15,Magnitude Uncertainty: Study Class,magnitude_uncertainty_study_class,source,9,Updated_NGA_West2_Flatfile_RotD50_d200_public_version.xlsx,RotD50,20,ROTD50_d200
16,Mo (dyne.cm),mo_dyne_cm,source,9,Updated_NGA_West2_Flatfile_RotD50_d200_public_version.xlsx,RotD50,20,ROTD50_d200
17,Strike (deg),strike_deg,source,9,Updated_NGA_West2_Flatfile_RotD50_d200_public_version.xlsx,RotD50,20,ROTD50_d200
18,Dip (deg),dip_deg,source,9,Updated_NGA_West2_Flatfile_RotD50_d200_public_version.xlsx,RotD50,20,ROTD50_d200
19,Rake Angle (deg),rake_angle_deg,source,9,Updated_NGA_West2_Flatfile_RotD50_d200_public_version.xlsx,RotD50,20,ROTD50_d200
20,Mechanism Based on Rake Angle,mechanism_based_on_rake_angle,source,9,Updated_NGA_West2_Flatfile_RotD50_d200_public_version.xlsx,RotD50,20,ROTD50_d200
21,P-plunge (deg),p_plunge_deg,source,9,Updated_NGA_West2_Flatfile_RotD50_d200_public_version.xlsx,RotD50,20,ROTD50_d200
22,P-trend (deg),p_trend_deg,source,9,Updated_NGA_West2_Flatfile_RotD50_d200_public_version.xlsx,RotD50,20,ROTD50_d200
23,T-plunge (deg),t_plunge_deg,source,9,Updated_NGA_West2_Flatfile_RotD50_d200_public_version.xlsx,RotD50,20,ROTD50_d200
24,T-trend (deg),t_trend_deg,source,9,Updated_NGA_West2_Flatfile_RotD50_d200_public_version.xlsx,RotD50,20,ROTD50_d200
25,Hypocenter Latitude (deg),hypocenter_latitude_deg,source,9,Updated_NGA_West2_Flatfile_RotD50_d200_public_version.xlsx,RotD50,20,ROTD50_d200
26,Hypocenter Longitude (deg),hypocenter_longitude_deg,source,9,Updated_NGA_West2_Flatfile_RotD50_d200_public_version.xlsx,RotD50,20,ROTD50_d200
27,Hypocenter Depth (km),hypocenter_depth_km,source,9,Updated_NGA_West2_Flatfile_RotD50_d200_public_version.xlsx,RotD50,20,ROTD50_d200
28,Coseismic Surface Rupture: 1=Yes; 0=No;    -999=Unknown,coseismic_surface_rupture_1_yes_0_no_999_unknown,source,9,Updated_NGA_West2_Flatfile_RotD50_d200_public_version.xlsx,RotD50,20,ROTD50_d200
29,Coseismic Surface Rupture (Including Inferred),coseismic_surface_rupture_including_inferred,source,9,Updated_NGA_West2_Flatfile_RotD50_d200_public_version.xlsx,RotD50,20,ROTD50_d200
30,Basis for Inference of Surface Rupture,basis_for_inference_of_surface_rupture,source,9,Updated_NGA_West2_Flatfile_RotD50_d200_public_version.xlsx,RotD50,20,ROTD50_d200
31,Finite Rupture Model: 1=Yes;  0=No,finite_rupture_model_1_yes_0_no,source,9,Updated_NGA_West2_Flatfile_RotD50_d200_public_version.xlsx,RotD50,20,ROTD50_d200
32,Depth to Top Of Fault Rupture Model,depth_to_top_of_fault_rupture_model,source,9,Updated_NGA_West2_Flatfile_RotD50_d200_public_version.xlsx,RotD50,20,ROTD50_d200
33,Fault Rupture Length for Calculation of Ry (km),fault_rupture_length_for_calculation_of_ry_km,source,9,Updated_NGA_West2_Flatfile_RotD50_d200_public_version.xlsx,RotD50,20,ROTD50_d200
34,Fault Rupture Width (km),fault_rupture_width_km,source,9,Updated_NGA_West2_Flatfile_RotD50_d200_public_version.xlsx,RotD50,20,ROTD50_d200
35,Fault Rupture Area (km^2),fault_rupture_area_km_2,source,9,Updated_NGA_West2_Flatfile_RotD50_d200_public_version.xlsx,RotD50,20,ROTD50_d200
36,Avg Fault Disp (cm),avg_fault_disp_cm,source,9,Updated_NGA_West2_Flatfile_RotD50_d200_public_version.xlsx,RotD50,20,ROTD50_d200
37,Rise Time (s),rise_time_s,source,9,Updated_NGA_West2_Flatfile_RotD50_d200_public_version.xlsx,RotD50,20,ROTD50_d200
38,Avg Slip Velocity (cm/s),avg_slip_velocity_cm_s,source,9,Updated_NGA_West2_Flatfile_RotD50_d200_public_version.xlsx,RotD50,20,ROTD50_d200
39,Static Stress Drop (bars),static_stress_drop_bars,source,9,Updated_NGA_West2_Flatfile_RotD50_d200_public_version.xlsx,RotD50,20,ROTD50_d200
40,Preferred Rupture Velocity (km/s),preferred_rupture_velocity_km_s,source,9,Updated_NGA_West2_Flatfile_RotD50_d200_public_version.xlsx,RotD50,20,ROTD50_d200
41,Average Vr/Vs,average_vr_vs,source,9,Updated_NGA_West2_Flatfile_RotD50_d200_public_version.xlsx,RotD50,20,ROTD50_d200
42,Percent of Moment Release in the Top 5 Km of Crust,percent_of_moment_release_in_the_top_5_km_of_crust,source,9,Updated_NGA_West2_Flatfile_RotD50_d200_public_version.xlsx,RotD50,20,ROTD50_d200
43,Existence of Shallow Asperity: 0=No; 1=Yes,existence_of_shallow_asperity_0_no_1_yes,source,9,Updated_NGA_West2_Flatfile_RotD50_d200_public_version.xlsx,RotD50,20,ROTD50_d200
44,Depth to Top of Shallowest Asperity (km),depth_to_top_of_shallowest_asperity_km,source,9,Updated_NGA_West2_Flatfile_RotD50_d200_public_version.xlsx,RotD50,20,ROTD50_d200
45,Earthquake in Extensional Regime: 1=Yes; 0=No,earthquake_in_extensional_regime_1_yes_0_no,source,9,Updated_NGA_West2_Flatfile_RotD50_d200_public_version.xlsx,RotD50,20,ROTD50_d200
46,Fault Name,fault_name,source,9,Updated_NGA_West2_Flatfile_RotD50_d200_public_version.xlsx,RotD50,20,ROTD50_d200
47,Slip Rate (mm/Yr),slip_rate_mm_yr,source,9,Updated_NGA_West2_Flatfile_RotD50_d200_public_version.xlsx,RotD50,20,ROTD50_d200
48,EpiD (km),epid_km,path,9,Updated_NGA_West2_Flatfile_RotD50_d200_public_version.xlsx,RotD50,20,ROTD50_d200
49,HypD (km),hypd_km,path,9,Updated_NGA_West2_Flatfile_RotD50_d200_public_version.xlsx,RotD50,20,ROTD50_d200
50,Joyner-Boore Dist. (km),joyner_boore_dist_km,path,9,Updated_NGA_West2_Flatfile_RotD50_d200_public_version.xlsx,RotD50,20,ROTD50_d200
51,Campbell R Dist. (km),campbell_r_dist_km,path,9,Updated_NGA_West2_Flatfile_RotD50_d200_public_version.xlsx,RotD50,20,ROTD50_d200
52,RmsD (km),rmsd_km,path,9,Updated_NGA_West2_Flatfile_RotD50_d200_public_version.xlsx,RotD50,20,ROTD50_d200
53,ClstD (km),clstd_km,path,9,Updated_NGA_West2_Flatfile_RotD50_d200_public_version.xlsx,RotD50,20,ROTD50_d200
54,Rx,rx,path,9,Updated_NGA_West2_Flatfile_RotD50_d200_public_version.xlsx,RotD50,20,ROTD50_d200
55,FW/HW Indicator,fw_hw_indicator,path,9,Updated_NGA_West2_Flatfile_RotD50_d200_public_version.xlsx,RotD50,20,ROTD50_d200
56,Source to Site Azimuth (deg),source_to_site_azimuth_deg,path,9,Updated_NGA_West2_Flatfile_RotD50_d200_public_version.xlsx,RotD50,20,ROTD50_d200
57,X,x,path,9,Updated_NGA_West2_Flatfile_RotD50_d200_public_version.xlsx,RotD50,20,ROTD50_d200
58,Theta.D (deg),theta_d_deg,path,9,Updated_NGA_West2_Flatfile_RotD50_d200_public_version.xlsx,RotD50,20,ROTD50_d200
59,SSGA (Strike Slip),ssga_strike_slip,path,9,Updated_NGA_West2_Flatfile_RotD50_d200_public_version.xlsx,RotD50,20,ROTD50_d200
60,Y,y,path,9,Updated_NGA_West2_Flatfile_RotD50_d200_public_version.xlsx,RotD50,20,ROTD50_d200
61,Phi.D (deg),phi_d_deg,path,9,Updated_NGA_West2_Flatfile_RotD50_d200_public_version.xlsx,RotD50,20,ROTD50_d200
62,SSGA (Dip Slip),ssga_dip_slip,path,9,Updated_NGA_West2_Flatfile_RotD50_d200_public_version.xlsx,RotD50,20,ROTD50_d200
63,s,s,path,9,Updated_NGA_West2_Flatfile_RotD50_d200_public_version.xlsx,RotD50,20,ROTD50_d200
64,d,d,path,9,Updated_NGA_West2_Flatfile_RotD50_d200_public_version.xlsx,RotD50,20,ROTD50_d200
65,ctildepr,ctildepr,path,9,Updated_NGA_West2_Flatfile_RotD50_d200_public_version.xlsx,RotD50,20,ROTD50_d200
66,Unused Column,unused_column,path,9,Updated_NGA_West2_Flatfile_RotD50_d200_public_version.xlsx,RotD50,20,ROTD50_d200
67,D,d_1,path,9,Updated_NGA_West2_Flatfile_RotD50_d200_public_version.xlsx,RotD50,20,ROTD50_d200
68,Rfn.Hyp,rfn_hyp,path,9,Updated_NGA_West2_Flatfile_RotD50_d200_public_version.xlsx,RotD50,20,ROTD50_d200
69,Rfp.Hyp,rfp_hyp,path,9,Updated_NGA_West2_Flatfile_RotD50_d200_public_version.xlsx,RotD50,20,ROTD50_d200
70,Unused Column,unused_column_1,path,9,Updated_NGA_West2_Flatfile_RotD50_d200_public_version.xlsx,RotD50,20,ROTD50_d200
71,Unused Column,unused_column_2,path,9,Updated_NGA_West2_Flatfile_RotD50_d200_public_version.xlsx,RotD50,20,ROTD50_d200
72,Unused Column,unused_column_3,path,9,Updated_NGA_West2_Flatfile_RotD50_d200_public_version.xlsx,RotD50,20,ROTD50_d200
73,T,t,path,9,Updated_NGA_West2_Flatfile_RotD50_d200_public_version.xlsx,RotD50,20,ROTD50_d200
74,GMX's C1,gmx_s_c1,site,9,Updated_NGA_West2_Flatfile_RotD50_d200_public_version.xlsx,RotD50,20,ROTD50_d200
75,GMX's C2,gmx_s_c2,site,9,Updated_NGA_West2_Flatfile_RotD50_d200_public_version.xlsx,RotD50,20,ROTD50_d200
76,GMX's C3,gmx_s_c3,site,9,Updated_NGA_West2_Flatfile_RotD50_d200_public_version.xlsx,RotD50,20,ROTD50_d200
77,Campbell's GEOCODE,campbell_s_geocode,site,9,Updated_NGA_West2_Flatfile_RotD50_d200_public_version.xlsx,RotD50,20,ROTD50_d200
78,Bray and Rodriguez-Marek SGS,bray_and_rodriguez_marek_sgs,site,9,Updated_NGA_West2_Flatfile_RotD50_d200_public_version.xlsx,RotD50,20,ROTD50_d200
79,Depth,depth,site,9,Updated_NGA_West2_Flatfile_RotD50_d200_public_version.xlsx,RotD50,20,ROTD50_d200
80,Preferred NEHRP Based on Vs30,preferred_nehrp_based_on_vs30,site,9,Updated_NGA_West2_Flatfile_RotD50_d200_public_version.xlsx,RotD50,20,ROTD50_d200
81,Vs30 (m/s) selected for analysis,vs30_m_s_selected_for_analysis,site,9,Updated_NGA_West2_Flatfile_RotD50_d200_public_version.xlsx,RotD50,20,ROTD50_d200
82,Column Not Used,column_not_used,site,9,Updated_NGA_West2_Flatfile_RotD50_d200_public_version.xlsx,RotD50,20,ROTD50_d200
83,Measured/Inferred Class,measured_inferred_class,site,9,Updated_NGA_West2_Flatfile_RotD50_d200_public_version.xlsx,RotD50,20,ROTD50_d200
84,Sigma of Vs30 (in natural log Units),sigma_of_vs30_in_natural_log_units,site,9,Updated_NGA_West2_Flatfile_RotD50_d200_public_version.xlsx,RotD50,20,ROTD50_d200
85,NEHRP Classification from CGS's Site Condition Map,nehrp_classification_from_cgs_s_site_condition_map,site,9,Updated_NGA_West2_Flatfile_RotD50_d200_public_version.xlsx,RotD50,20,ROTD50_d200
86,Geological Unit,geological_unit,site,9,Updated_NGA_West2_Flatfile_RotD50_d200_public_version.xlsx,RotD50,20,ROTD50_d200
87,Geology,geology,site,9,Updated_NGA_West2_Flatfile_RotD50_d200_public_version.xlsx,RotD50,20,ROTD50_d200
88,Owner,owner,site,9,Updated_NGA_West2_Flatfile_RotD50_d200_public_version.xlsx,RotD50,20,ROTD50_d200
89,Station Latitude,station_latitude,site,9,Updated_NGA_West2_Flatfile_RotD50_d200_public_version.xlsx,RotD50,20,ROTD50_d200
90,Station Longitude,station_longitude,site,9,Updated_NGA_West2_Flatfile_RotD50_d200_public_version.xlsx,RotD50,20,ROTD50_d200
91,STORIES,stories,site,9,Updated_NGA_West2_Flatfile_RotD50_d200_public_version.xlsx,RotD50,20,ROTD50_d200
92,INSTLOC,instloc,site,9,Updated_NGA_West2_Flatfile_RotD50_d200_public_version.xlsx,RotD50,20,ROTD50_d200
93,Depth to Basement Rock,depth_to_basement_rock,site,9,Updated_NGA_West2_Flatfile_RotD50_d200_public_version.xlsx,RotD50,20,ROTD50_d200
94,Site Visited,site_visited,site,9,Updated_NGA_West2_Flatfile_RotD50_d200_public_version.xlsx,RotD50,20,ROTD50_d200
95,NGA Type,nga_type,site,9,Updated_NGA_West2_Flatfile_RotD50_d200_public_version.xlsx,RotD50,20,ROTD50_d200
96,Age,age,site,9,Updated_NGA_West2_Flatfile_RotD50_d200_public_version.xlsx,RotD50,20,ROTD50_d200
97,Grain Size,grain_size,site,9,Updated_NGA_West2_Flatfile_RotD50_d200_public_version.xlsx,RotD50,20,ROTD50_d200
98,Depositional History,depositional_history,site,9,Updated_NGA_West2_Flatfile_RotD50_d200_public_version.xlsx,RotD50,20,ROTD50_d200
99,Northern CA/Southern CA - H11 Z1 (m),northern_ca_southern_ca_h11_z1_m,site,9,Updated_NGA_West2_Flatfile_RotD50_d200_public_version.xlsx,RotD50,20,ROTD50_d200
100,Northern CA/Southern CA - H11 Z1.5 (m),northern_ca_southern_ca_h11_z1_5_m,site,9,Updated_NGA_West2_Flatfile_RotD50_d200_public_version.xlsx,RotD50,20,ROTD50_d200
101,Northern CA/Southern CA - H11 Z2.5 (m),northern_ca_southern_ca_h11_z2_5_m,site,9,Updated_NGA_West2_Flatfile_RotD50_d200_public_version.xlsx,RotD50,20,ROTD50_d200
102,Northern CA/Southern CA - S4 Z1 (m),northern_ca_southern_ca_s4_z1_m,site,9,Updated_NGA_West2_Flatfile_RotD50_d200_public_version.xlsx,RotD50,20,ROTD50_d200
103,Northern CA/Southern CA - S4 Z1.5 (m),northern_ca_southern_ca_s4_z1_5_m,site,9,Updated_NGA_West2_Flatfile_RotD50_d200_public_version.xlsx,RotD50,20,ROTD50_d200
104,Northern CA/Southern CA - S4 Z2.5 (m),northern_ca_southern_ca_s4_z2_5_m,site,9,Updated_NGA_West2_Flatfile_RotD50_d200_public_version.xlsx,RotD50,20,ROTD50_d200
105,Depth to Franciscan Rock (km),depth_to_franciscan_rock_km,site,9,Updated_NGA_West2_Flatfile_RotD50_d200_public_version.xlsx,RotD50,20,ROTD50_d200
106,Basin,basin,site,9,Updated_NGA_West2_Flatfile_RotD50_d200_public_version.xlsx,RotD50,20,ROTD50_d200
107,h (m),h_m,site,9,Updated_NGA_West2_Flatfile_RotD50_d200_public_version.xlsx,RotD50,20,ROTD50_d200
108,hnorm (m),hnorm_m,site,9,Updated_NGA_West2_Flatfile_RotD50_d200_public_version.xlsx,RotD50,20,ROTD50_d200
109,Rsbe (m),rsbe_m,site,9,Updated_NGA_West2_Flatfile_RotD50_d200_public_version.xlsx,RotD50,20,ROTD50_d200
110,Rcebe (m),rcebe_m,site,9,Updated_NGA_West2_Flatfile_RotD50_d200_public_version.xlsx,RotD50,20,ROTD50_d200
111,Rebe (m),rebe_m,site,9,Updated_NGA_West2_Flatfile_RotD50_d200_public_version.xlsx,RotD50,20,ROTD50_d200
112,Rsbe1 (m),rsbe1_m,site,9,Updated_NGA_West2_Flatfile_RotD50_d200_public_version.xlsx,RotD50,20,ROTD50_d200
113,File Name (Horizontal 1),file_name_horizontal_1,record_processing,9,Updated_NGA_West2_Flatfile_RotD50_d200_public_version.xlsx,RotD50,20,ROTD50_d200
114,File Name (Horizontal 2),file_name_horizontal_2,record_processing,9,Updated_NGA_West2_Flatfile_RotD50_d200_public_version.xlsx,RotD50,20,ROTD50_d200
115,File Name (Vertical),file_name_vertical,record_processing,9,Updated_NGA_West2_Flatfile_RotD50_d200_public_version.xlsx,RotD50,20,ROTD50_d200
116,H1 azimth (degrees),h1_azimth_degrees,record_processing,9,Updated_NGA_West2_Flatfile_RotD50_d200_public_version.xlsx,RotD50,20,ROTD50_d200
117,H2 azimith (degrees),h2_azimith_degrees,record_processing,9,Updated_NGA_West2_Flatfile_RotD50_d200_public_version.xlsx,RotD50,20,ROTD50_d200
118,Type of Recording,type_of_recording,record_processing,9,Updated_NGA_West2_Flatfile_RotD50_d200_public_version.xlsx,RotD50,20,ROTD50_d200
119,Instrument Model,instrument_model,record_processing,9,Updated_NGA_West2_Flatfile_RotD50_d200_public_version.xlsx,RotD50,20,ROTD50_d200
120,PEA Processing Flag,pea_processing_flag,record_processing,9,Updated_NGA_West2_Flatfile_RotD50_d200_public_version.xlsx,RotD50,20,ROTD50_d200
121,Type of Filter,type_of_filter,record_processing,9,Updated_NGA_West2_Flatfile_RotD50_d200_public_version.xlsx,RotD50,20,ROTD50_d200
122,npass,npass,record_processing,9,Updated_NGA_West2_Flatfile_RotD50_d200_public_version.xlsx,RotD50,20,ROTD50_d200
123,nroll,nroll,record_processing,9,Updated_NGA_West2_Flatfile_RotD50_d200_public_version.xlsx,RotD50,20,ROTD50_d200
124,HP-H1 (Hz),hp_h1_hz,record_processing,9,Updated_NGA_West2_Flatfile_RotD50_d200_public_version.xlsx,RotD50,20,ROTD50_d200
125,HP-H2 (Hz),hp_h2_hz,record_processing,9,Updated_NGA_West2_Flatfile_RotD50_d200_public_version.xlsx,RotD50,20,ROTD50_d200
126,LP-H1 (Hz),lp_h1_hz,record_processing,9,Updated_NGA_West2_Flatfile_RotD50_d200_public_version.xlsx,RotD50,20,ROTD50_d200
127,LP-H2 (Hz),lp_h2_hz,record_processing,9,Updated_NGA_West2_Flatfile_RotD50_d200_public_version.xlsx,RotD50,20,ROTD50_d200
128,Factor,factor,record_processing,9,Updated_NGA_West2_Flatfile_RotD50_d200_public_version.xlsx,RotD50,20,ROTD50_d200
129,Lowest Usable Freq - H1 (Hz),lowest_usable_freq_h1_hz,record_processing,9,Updated_NGA_West2_Flatfile_RotD50_d200_public_version.xlsx,RotD50,20,ROTD50_d200
130,Lowest Usable Freq - H2 (H2),lowest_usable_freq_h2_h2,record_processing,9,Updated_NGA_West2_Flatfile_RotD50_d200_public_version.xlsx,RotD50,20,ROTD50_d200
131,Lowest Usable Freq - Ave. Component (Hz),lowest_usable_freq_ave_component_hz,record_processing,9,Updated_NGA_West2_Flatfile_RotD50_d200_public_version.xlsx,RotD50,20,ROTD50_d200
132,PGA (g),pga_g,ground_motion,9,Updated_NGA_West2_Flatfile_RotD50_d200_public_version.xlsx,RotD50,20,ROTD50_d200
133,PGV (cm/sec),pgv_cm_sec,ground_motion,9,Updated_NGA_West2_Flatfile_RotD50_d200_public_version.xlsx,RotD50,20,ROTD50_d200
134,PGD (cm),pgd_cm,ground_motion,9,Updated_NGA_West2_Flatfile_RotD50_d200_public_version.xlsx,RotD50,20,ROTD50_d200
135,T0.010S,t0_010s,ground_motion,9,Updated_NGA_West2_Flatfile_RotD50_d200_public_version.xlsx,RotD50,20,ROTD50_d200
136,T0.020S,t0_020s,ground_motion,9,Updated_NGA_West2_Flatfile_RotD50_d200_public_version.xlsx,RotD50,20,ROTD50_d200
137,T0.022S,t0_022s,ground_motion,9,Updated_NGA_West2_Flatfile_RotD50_d200_public_version.xlsx,RotD50,20,ROTD50_d200
138,T0.025S,t0_025s,ground_motion,9,Updated_NGA_West2_Flatfile_RotD50_d200_public_version.xlsx,RotD50,20,ROTD50_d200
139,T0.029S,t0_029s,ground_motion,9,Updated_NGA_West2_Flatfile_RotD50_d200_public_version.xlsx,RotD50,20,ROTD50_d200
140,T0.030S,t0_030s,ground_motion,9,Updated_NGA_West2_Flatfile_RotD50_d200_public_version.xlsx,RotD50,20,ROTD50_d200
141,T0.032S,t0_032s,ground_motion,9,Updated_NGA_West2_Flatfile_RotD50_d200_public_version.xlsx,RotD50,20,ROTD50_d200
142,T0.035S,t0_035s,ground_motion,9,Updated_NGA_West2_Flatfile_RotD50_d200_public_version.xlsx,RotD50,20,ROTD50_d200
143,T0.036S,t0_036s,ground_motion,9,Updated_NGA_West2_Flatfile_RotD50_d200_public_version.xlsx,RotD50,20,ROTD50_d200
144,T0.040S,t0_040s,ground_motion,9,Updated_NGA_West2_Flatfile_RotD50_d200_public_version.xlsx,RotD50,20,ROTD50_d200
145,T0.042S,t0_042s,ground_motion,9,Updated_NGA_West2_Flatfile_RotD50_d200_public_version.xlsx,RotD50,20,ROTD50_d200
146,T0.044S,t0_044s,ground_motion,9,Updated_NGA_West2_Flatfile_RotD50_d200_public_version.xlsx,RotD50,20,ROTD50_d200
147,T0.045S,t0_045s,ground_motion,9,Updated_NGA_West2_Flatfile_RotD50_d200_public_version.xlsx,RotD50,20,ROTD50_d200
148,T0.046S,t0_046s,ground_motion,9,Updated_NGA_West2_Flatfile_RotD50_d200_public_version.xlsx,RotD50,20,ROTD50_d200
149,T0.048S,t0_048s,ground_motion,9,Updated_NGA_West2_Flatfile_RotD50_d200_public_version.xlsx,RotD50,20,ROTD50_d200
150,T0.050S,t0_050s,ground_motion,9,Updated_NGA_West2_Flatfile_RotD50_d200_public_version.xlsx,RotD50,20,ROTD50_d200
151,T0.055S,t0_055s,ground_motion,9,Updated_NGA_West2_Flatfile_RotD50_d200_public_version.xlsx,RotD50,20,ROTD50_d200
152,T0.060S,t0_060s,ground_motion,9,Updated_NGA_West2_Flatfile_RotD50_d200_public_version.xlsx,RotD50,20,ROTD50_d200
153,T0.065S,t0_065s,ground_motion,9,Updated_NGA_West2_Flatfile_RotD50_d200_public_version.xlsx,RotD50,20,ROTD50_d200
154,T0.067S,t0_067s,ground_motion,9,Updated_NGA_West2_Flatfile_RotD50_d200_public_version.xlsx,RotD50,20,ROTD50_d200
155,T0.070S,t0_070s,ground_motion,9,Updated_NGA_West2_Flatfile_RotD50_d200_public_version.xlsx,RotD50,20,ROTD50_d200
156,T0.075S,t0_075s,ground_motion,9,Updated_NGA_West2_Flatfile_RotD50_d200_public_version.xlsx,RotD50,20,ROTD50_d200
157,T0.080S,t0_080s,ground_motion,9,Updated_NGA_West2_Flatfile_RotD50_d200_public_version.xlsx,RotD50,20,ROTD50_d200
158,T0.085S,t0_085s,ground_motion,9,Updated_NGA_West2_Flatfile_RotD50_d200_public_version.xlsx,RotD50,20,ROTD50_d200
159,T0.090S,t0_090s,ground_motion,9,Updated_NGA_West2_Flatfile_RotD50_d200_public_version.xlsx,RotD50,20,ROTD50_d200
160,T0.095S,t0_095s,ground_motion,9,Updated_NGA_West2_Flatfile_RotD50_d200_public_version.xlsx,RotD50,20,ROTD50_d200
161,T0.100S,t0_100s,ground_motion,9,Updated_NGA_West2_Flatfile_RotD50_d200_public_version.xlsx,RotD50,20,ROTD50_d200
162,T0.110S,t0_110s,ground_motion,9,Updated_NGA_West2_Flatfile_RotD50_d200_public_version.xlsx,RotD50,20,ROTD50_d200
163,T0.120S,t0_120s,ground_motion,9,Updated_NGA_West2_Flatfile_RotD50_d200_public_version.xlsx,RotD50,20,ROTD50_d200
164,T0.130S,t0_130s,ground_motion,9,Updated_NGA_West2_Flatfile_RotD50_d200_public_version.xlsx,RotD50,20,ROTD50_d200
165,T0.133S,t0_133s,ground_motion,9,Updated_NGA_West2_Flatfile_RotD50_d200_public_version.xlsx,RotD50,20,ROTD50_d200
166,T0.140S,t0_140s,ground_motion,9,Updated_NGA_West2_Flatfile_RotD50_d200_public_version.xlsx,RotD50,20,ROTD50_d200
167,T0.150S,t0_150s,ground_motion,9,Updated_NGA_West2_Flatfile_RotD50_d200_public_version.xlsx,RotD50,20,ROTD50_d200
168,T0.160S,t0_160s,ground_motion,9,Updated_NGA_West2_Flatfile_RotD50_d200_public_version.xlsx,RotD50,20,ROTD50_d200
169,T0.170S,t0_170s,ground_motion,9,Updated_NGA_West2_Flatfile_RotD50_d200_public_version.xlsx,RotD50,20,ROTD50_d200
170,T0.180S,t0_180s,ground_motion,9,Updated_NGA_West2_Flatfile_RotD50_d200_public_version.xlsx,RotD50,20,ROTD50_d200
171,T0.190S,t0_190s,ground_motion,9,Updated_NGA_West2_Flatfile_RotD50_d200_public_version.xlsx,RotD50,20,ROTD50_d200
172,T0.200S,t0_200s,ground_motion,9,Updated_NGA_West2_Flatfile_RotD50_d200_public_version.xlsx,RotD50,20,ROTD50_d200
173,T0.220S,t0_220s,ground_motion,9,Updated_NGA_West2_Flatfile_RotD50_d200_public_version.xlsx,RotD50,20,ROTD50_d200
174,T0.240S,t0_240s,ground_motion,9,Updated_NGA_West2_Flatfile_RotD50_d200_public_version.xlsx,RotD50,20,ROTD50_d200
175,T0.250S,t0_250s,ground_motion,9,Updated_NGA_West2_Flatfile_RotD50_d200_public_version.xlsx,RotD50,20,ROTD50_d200
176,T0.260S,t0_260s,ground_motion,9,Updated_NGA_West2_Flatfile_RotD50_d200_public_version.xlsx,RotD50,20,ROTD50_d200
177,T0.280S,t0_280s,ground_motion,9,Updated_NGA_West2_Flatfile_RotD50_d200_public_version.xlsx,RotD50,20,ROTD50_d200
178,T0.290S,t0_290s,ground_motion,9,Updated_NGA_West2_Flatfile_RotD50_d200_public_version.xlsx,RotD50,20,ROTD50_d200
179,T0.300S,t0_300s,ground_motion,9,Updated_NGA_West2_Flatfile_RotD50_d200_public_version.xlsx,RotD50,20,ROTD50_d200
180,T0.320S,t0_320s,ground_motion,9,Updated_NGA_West2_Flatfile_RotD50_d200_public_version.xlsx,RotD50,20,ROTD50_d200
181,T0.340S,t0_340s,ground_motion,9,Updated_NGA_West2_Flatfile_RotD50_d200_public_version.xlsx,RotD50,20,ROTD50_d200
182,T0.350S,t0_350s,ground_motion,9,Updated_NGA_West2_Flatfile_RotD50_d200_public_version.xlsx,RotD50,20,ROTD50_d200
183,T0.360S,t0_360s,ground_motion,9,Updated_NGA_West2_Flatfile_RotD50_d200_public_version.xlsx,RotD50,20,ROTD50_d200
184,T0.380S,t0_380s,ground_motion,9,Updated_NGA_West2_Flatfile_RotD50_d200_public_version.xlsx,RotD50,20,ROTD50_d200
185,T0.400S,t0_400s,ground_motion,9,Updated_NGA_West2_Flatfile_RotD50_d200_public_version.xlsx,RotD50,20,ROTD50_d200
186,T0.420S,t0_420s,ground_motion,9,Updated_NGA_West2_Flatfile_RotD50_d200_public_version.xlsx,RotD50,20,ROTD50_d200
187,T0.440S,t0_440s,ground_motion,9,Updated_NGA_West2_Flatfile_RotD50_d200_public_version.xlsx,RotD50,20,ROTD50_d200
188,T0.450S,t0_450s,ground_motion,9,Updated_NGA_West2_Flatfile_RotD50_d200_public_version.xlsx,RotD50,20,ROTD50_d200
189,T0.460S,t0_460s,ground_motion,9,Updated_NGA_West2_Flatfile_RotD50_d200_public_version.xlsx,RotD50,20,ROTD50_d200
190,T0.480S,t0_480s,ground_motion,9,Updated_NGA_West2_Flatfile_RotD50_d200_public_version.xlsx,RotD50,20,ROTD50_d200
191,T0.500S,t0_500s,ground_motion,9,Updated_NGA_West2_Flatfile_RotD50_d200_public_version.xlsx,RotD50,20,ROTD50_d200
192,T0.550S,t0_550s,ground_motion,9,Updated_NGA_West2_Flatfile_RotD50_d200_public_version.xlsx,RotD50,20,ROTD50_d200
193,T0.600S,t0_600s,ground_motion,9,Updated_NGA_West2_Flatfile_RotD50_d200_public_version.xlsx,RotD50,20,ROTD50_d200
194,T0.650S,t0_650s,ground_motion,9,Updated_NGA_West2_Flatfile_RotD50_d200_public_version.xlsx,RotD50,20,ROTD50_d200
195,T0.667S,t0_667s,ground_motion,9,Updated_NGA_West2_Flatfile_RotD50_d200_public_version.xlsx,RotD50,20,ROTD50_d200
196,T0.700S,t0_700s,ground_motion,9,Updated_NGA_West2_Flatfile_RotD50_d200_public_version.xlsx,RotD50,20,ROTD50_d200
197,T0.750S,t0_750s,ground_motion,9,Updated_NGA_West2_Flatfile_RotD50_d200_public_version.xlsx,RotD50,20,ROTD50_d200
198,T0.800S,t0_800s,ground_motion,9,Updated_NGA_West2_Flatfile_RotD50_d200_public_version.xlsx,RotD50,20,ROTD50_d200
199,T0.850S,t0_850s,ground_motion,9,Updated_NGA_West2_Flatfile_RotD50_d200_public_version.xlsx,RotD50,20,ROTD50_d200
200,T0.900S,t0_900s,ground_motion,9,Updated_NGA_West2_Flatfile_RotD50_d200_public_version.xlsx,RotD50,20,ROTD50_d200
201,T0.950S,t0_950s,ground_motion,9,Updated_NGA_West2_Flatfile_RotD50_d200_public_version.xlsx,RotD50,20,ROTD50_d200
202,T1.000S,t1_000s,ground_motion,9,Updated_NGA_West2_Flatfile_RotD50_d200_public_version.xlsx,RotD50,20,ROTD50_d200
203,T1.100S,t1_100s,ground_motion,9,Updated_NGA_West2_Flatfile_RotD50_d200_public_version.xlsx,RotD50,20,ROTD50_d200
204,T1.200S,t1_200s,ground_motion,9,Updated_NGA_West2_Flatfile_RotD50_d200_public_version.xlsx,RotD50,20,ROTD50_d200
205,T1.300S,t1_300s,ground_motion,9,Updated_NGA_West2_Flatfile_RotD50_d200_public_version.xlsx,RotD50,20,ROTD50_d200
206,T1.400S,t1_400s,ground_motion,9,Updated_NGA_West2_Flatfile_RotD50_d200_public_version.xlsx,RotD50,20,ROTD50_d200
207,T1.500S,t1_500s,ground_motion,9,Updated_NGA_West2_Flatfile_RotD50_d200_public_version.xlsx,RotD50,20,ROTD50_d200
208,T1.600S,t1_600s,ground_motion,9,Updated_NGA_West2_Flatfile_RotD50_d200_public_version.xlsx,RotD50,20,ROTD50_d200
209,T1.700S,t1_700s,ground_motion,9,Updated_NGA_West2_Flatfile_RotD50_d200_public_version.xlsx,RotD50,20,ROTD50_d200
210,T1.800S,t1_800s,ground_motion,9,Updated_NGA_West2_Flatfile_RotD50_d200_public_version.xlsx,RotD50,20,ROTD50_d200
211,T1.900S,t1_900s,ground_motion,9,Updated_NGA_West2_Flatfile_RotD50_d200_public_version.xlsx,RotD50,20,ROTD50_d200
212,T2.000S,t2_000s,ground_motion,9,Updated_NGA_West2_Flatfile_RotD50_d200_public_version.xlsx,RotD50,20,ROTD50_d200
213,T2.200S,t2_200s,ground_motion,9,Updated_NGA_West2_Flatfile_RotD50_d200_public_version.xlsx,RotD50,20,ROTD50_d200
214,T2.400S,t2_400s,ground_motion,9,Updated_NGA_West2_Flatfile_RotD50_d200_public_version.xlsx,RotD50,20,ROTD50_d200
215,T2.500S,t2_500s,ground_motion,9,Updated_NGA_West2_Flatfile_RotD50_d200_public_version.xlsx,RotD50,20,ROTD50_d200
216,T2.600S,t2_600s,ground_motion,9,Updated_NGA_West2_Flatfile_RotD50_d200_public_version.xlsx,RotD50,20,ROTD50_d200
217,T2.800S,t2_800s,ground_motion,9,Updated_NGA_West2_Flatfile_RotD50_d200_public_version.xlsx,RotD50,20,ROTD50_d200
218,T3.000S,t3_000s,ground_motion,9,Updated_NGA_West2_Flatfile_RotD50_d200_public_version.xlsx,RotD50,20,ROTD50_d200
219,T3.200S,t3_200s,ground_motion,9,Updated_NGA_West2_Flatfile_RotD50_d200_public_version.xlsx,RotD50,20,ROTD50_d200
220,T3.400S,t3_400s,ground_motion,9,Updated_NGA_West2_Flatfile_RotD50_d200_public_version.xlsx,RotD50,20,ROTD50_d200
221,T3.500S,t3_500s,ground_motion,9,Updated_NGA_West2_Flatfile_RotD50_d200_public_version.xlsx,RotD50,20,ROTD50_d200
222,T3.600S,t3_600s,ground_motion,9,Updated_NGA_West2_Flatfile_RotD50_d200_public_version.xlsx,RotD50,20,ROTD50_d200
223,T3.800S,t3_800s,ground_motion,9,Updated_NGA_West2_Flatfile_RotD50_d200_public_version.xlsx,RotD50,20,ROTD50_d200
224,T4.000S,t4_000s,ground_motion,9,Updated_NGA_West2_Flatfile_RotD50_d200_public_version.xlsx,RotD50,20,ROTD50_d200
225,T4.200S,t4_200s,ground_motion,9,Updated_NGA_West2_Flatfile_RotD50_d200_public_version.xlsx,RotD50,20,ROTD50_d200
226,T4.400S,t4_400s,ground_motion,9,Updated_NGA_West2_Flatfile_RotD50_d200_public_version.xlsx,RotD50,20,ROTD50_d200
227,T4.600S,t4_600s,ground_motion,9,Updated_NGA_West2_Flatfile_RotD50_d200_public_version.xlsx,RotD50,20,ROTD50_d200
228,T4.800S,t4_800s,ground_motion,9,Updated_NGA_West2_Flatfile_RotD50_d200_public_version.xlsx,RotD50,20,ROTD50_d200
229,T5.000S,t5_000s,ground_motion,9,Updated_NGA_West2_Flatfile_RotD50_d200_public_version.xlsx,RotD50,20,ROTD50_d200
230,T5.500S,t5_500s,ground_motion,9,Updated_NGA_West2_Flatfile_RotD50_d200_public_version.xlsx,RotD50,20,ROTD50_d200
231,T6.000S,t6_000s,ground_motion,9,Updated_NGA_West2_Flatfile_RotD50_d200_public_version.xlsx,RotD50,20,ROTD50_d200
232,T6.500S,t6_500s,ground_motion,9,Updated_NGA_West2_Flatfile_RotD50_d200_public_version.xlsx,RotD50,20,ROTD50_d200
233,T7.000S,t7_000s,ground_motion,9,Updated_NGA_West2_Flatfile_RotD50_d200_public_version.xlsx,RotD50,20,ROTD50_d200
234,T7.500S,t7_500s,ground_motion,9,Updated_NGA_West2_Flatfile_RotD50_d200_public_version.xlsx,RotD50,20,ROTD50_d200
235,T8.000S,t8_000s,ground_motion,9,Updated_NGA_West2_Flatfile_RotD50_d200_public_version.xlsx,RotD50,20,ROTD50_d200
236,T8.500S,t8_500s,ground_motion,9,Updated_NGA_West2_Flatfile_RotD50_d200_public_version.xlsx,RotD50,20,ROTD50_d200
237,T9.000S,t9_000s,ground_motion,9,Updated_NGA_West2_Flatfile_RotD50_d200_public_version.xlsx,RotD50,20,ROTD50_d200
238,T9.500S,t9_500s,ground_motion,9,Updated_NGA_West2_Flatfile_RotD50_d200_public_version.xlsx,RotD50,20,ROTD50_d200
239,T10.000S,t10_000s,ground_motion,9,Updated_NGA_West2_Flatfile_RotD50_d200_public_version.xlsx,RotD50,20,ROTD50_d200
240,T11.000S,t11_000s,ground_motion,9,Updated_NGA_West2_Flatfile_RotD50_d200_public_version.xlsx,RotD50,20,ROTD50_d200
241,T12.000S,t12_000s,ground_motion,9,Updated_NGA_West2_Flatfile_RotD50_d200_public_version.xlsx,RotD50,20,ROTD50_d200
242,T13.000S,t13_000s,ground_motion,9,Updated_NGA_West2_Flatfile_RotD50_d200_public_version.xlsx,RotD50,20,ROTD50_d200
243,T14.000S,t14_000s,ground_motion,9,Updated_NGA_West2_Flatfile_RotD50_d200_public_version.xlsx,RotD50,20,ROTD50_d200
244,T15.000S,t15_000s,ground_motion,9,Updated_NGA_West2_Flatfile_RotD50_d200_public_version.xlsx,RotD50,20,ROTD50_d200
245,T20.000S,t20_000s,ground_motion,9,Updated_NGA_West2_Flatfile_RotD50_d200_public_version.xlsx,RotD50,20,ROTD50_d200
246,Ave Strike (deg),ave_strike_deg,classification_directivity,9,Updated_NGA_West2_Flatfile_RotD50_d200_public_version.xlsx,RotD50,20,ROTD50_d200
247,TYPE(CRjb = 0),type_crjb_0,classification_directivity,9,Updated_NGA_West2_Flatfile_RotD50_d200_public_version.xlsx,RotD50,20,ROTD50_d200
248,CRjb,crjb,classification_directivity,9,Updated_NGA_West2_Flatfile_RotD50_d200_public_version.xlsx,RotD50,20,ROTD50_d200
249,"TYPE
(CRjb = 2)",type_crjb_2,classification_directivity,9,Updated_NGA_West2_Flatfile_RotD50_d200_public_version.xlsx,RotD50,20,ROTD50_d200
250,CRjb,crjb_1,classification_directivity,9,Updated_NGA_West2_Flatfile_RotD50_d200_public_version.xlsx,RotD50,20,ROTD50_d200
251,"TYPE
(CRjb = 5)",type_crjb_5,classification_directivity,9,Updated_NGA_West2_Flatfile_RotD50_d200_public_version.xlsx,RotD50,20,ROTD50_d200
252,CRjb,crjb_2,classification_directivity,9,Updated_NGA_West2_Flatfile_RotD50_d200_public_version.xlsx,RotD50,20,ROTD50_d200
253,"TYPE
(CRjb = 10)",type_crjb_10,classification_directivity,9,Updated_NGA_West2_Flatfile_RotD50_d200_public_version.xlsx,RotD50,20,ROTD50_d200
254,CRjb,crjb_3,classification_directivity,9,Updated_NGA_West2_Flatfile_RotD50_d200_public_version.xlsx,RotD50,20,ROTD50_d200
255,"TYPE
(CRjb = 20)",type_crjb_20,classification_directivity,9,Updated_NGA_West2_Flatfile_RotD50_d200_public_version.xlsx,RotD50,20,ROTD50_d200
256,CRjb,crjb_4,classification_directivity,9,Updated_NGA_West2_Flatfile_RotD50_d200_public_version.xlsx,RotD50,20,ROTD50_d200
257,"TYPE
(CRjb = 40)",type_crjb_40,classification_directivity,9,Updated_NGA_West2_Flatfile_RotD50_d200_public_version.xlsx,RotD50,20,ROTD50_d200
258,CRjb,crjb_5,classification_directivity,9,Updated_NGA_West2_Flatfile_RotD50_d200_public_version.xlsx,RotD50,20,ROTD50_d200
259,U,u,quality,9,Updated_NGA_West2_Flatfile_RotD50_d200_public_version.xlsx,RotD50,20,ROTD50_d200
260,IDPv4,idpv4,quality,9,Updated_NGA_West2_Flatfile_RotD50_d200_public_version.xlsx,RotD50,20,ROTD50_d200
261,XCI,xci,quality,9,Updated_NGA_West2_Flatfile_RotD50_d200_public_version.xlsx,RotD50,20,ROTD50_d200
262,XCI1,xci1,quality,9,Updated_NGA_West2_Flatfile_RotD50_d200_public_version.xlsx,RotD50,20,ROTD50_d200
263,Damping (%),damping_percent,quality,9,Updated_NGA_West2_Flatfile_RotD50_d200_public_version.xlsx,RotD50,20,ROTD50_d200
264,RotD percentile,rotd_percentile,quality,9,Updated_NGA_West2_Flatfile_RotD50_d200_public_version.xlsx,RotD50,20,ROTD50_d200
265,Instrument Nat. Freq.,instrument_nat_freq,quality,9,Updated_NGA_West2_Flatfile_RotD50_d200_public_version.xlsx,RotD50,20,ROTD50_d200
266,Instrument Damping,instrument_damping,quality,9,Updated_NGA_West2_Flatfile_RotD50_d200_public_version.xlsx,RotD50,20,ROTD50_d200
267,Instrument Type,instrument_type,quality,9,Updated_NGA_West2_Flatfile_RotD50_d200_public_version.xlsx,RotD50,20,ROTD50_d200
268,Quality_Flag,quality_flag,quality,9,Updated_NGA_West2_Flatfile_RotD50_d200_public_version.xlsx,RotD50,20,ROTD50_d200
269,Spectra Quality Flag,spectra_quality_flag,quality,9,Updated_NGA_West2_Flatfile_RotD50_d200_public_version.xlsx,RotD50,20,ROTD50_d200
270,Late S-trigger,late_s_trigger,quality,9,Updated_NGA_West2_Flatfile_RotD50_d200_public_version.xlsx,RotD50,20,ROTD50_d200
271,Late P-trigger,late_p_trigger,quality,9,Updated_NGA_West2_Flatfile_RotD50_d200_public_version.xlsx,RotD50,20,ROTD50_d200
272,Idirectivity,idirectivity,quality,9,Updated_NGA_West2_Flatfile_RotD50_d200_public_version.xlsx,RotD50,20,ROTD50_d200
273,Tp,tp,quality,9,Updated_NGA_West2_Flatfile_RotD50_d200_public_version.xlsx,RotD50,20,ROTD50_d200
274,Ry 2,ry_2,quality,9,Updated_NGA_West2_Flatfile_RotD50_d200_public_version.xlsx,RotD50,20,ROTD50_d200
1,Record Sequence Number,record_sequence_number,source,10,Updated_NGA_West2_Flatfile_RotD50_d250_public_version.xlsx,RotD50,25,ROTD50_d250
2,EQID,eqid,source,10,Updated_NGA_West2_Flatfile_RotD50_d250_public_version.xlsx,RotD50,25,ROTD50_d250
3,Earthquake Name,earthquake_name,source,10,Updated_NGA_West2_Flatfile_RotD50_d250_public_version.xlsx,RotD50,25,ROTD50_d250
4,YEAR,year,source,10,Updated_NGA_West2_Flatfile_RotD50_d250_public_version.xlsx,RotD50,25,ROTD50_d250
5,MODY,mody,source,10,Updated_NGA_West2_Flatfile_RotD50_d250_public_version.xlsx,RotD50,25,ROTD50_d250
6,HRMN,hrmn,source,10,Updated_NGA_West2_Flatfile_RotD50_d250_public_version.xlsx,RotD50,25,ROTD50_d250
7,Station Name,station_name,source,10,Updated_NGA_West2_Flatfile_RotD50_d250_public_version.xlsx,RotD50,25,ROTD50_d250
8,Station Sequence Number,station_sequence_number,source,10,Updated_NGA_West2_Flatfile_RotD50_d250_public_version.xlsx,RotD50,25,ROTD50_d250
9,Station ID  No.,station_id_no,source,10,Updated_NGA_West2_Flatfile_RotD50_d250_public_version.xlsx,RotD50,25,ROTD50_d250
10,Earthquake Magnitude,earthquake_magnitude,source,10,Updated_NGA_West2_Flatfile_RotD50_d250_public_version.xlsx,RotD50,25,ROTD50_d250
11,Magnitude Type,magnitude_type,source,10,Updated_NGA_West2_Flatfile_RotD50_d250_public_version.xlsx,RotD50,25,ROTD50_d250
12,Magnitude Uncertainty: Kagan Model,magnitude_uncertainty_kagan_model,source,10,Updated_NGA_West2_Flatfile_RotD50_d250_public_version.xlsx,RotD50,25,ROTD50_d250
13,Magnitude Uncertainty: Statistical,magnitude_uncertainty_statistical,source,10,Updated_NGA_West2_Flatfile_RotD50_d250_public_version.xlsx,RotD50,25,ROTD50_d250
14,Magnitude Sample Size,magnitude_sample_size,source,10,Updated_NGA_West2_Flatfile_RotD50_d250_public_version.xlsx,RotD50,25,ROTD50_d250
15,Magnitude Uncertainty: Study Class,magnitude_uncertainty_study_class,source,10,Updated_NGA_West2_Flatfile_RotD50_d250_public_version.xlsx,RotD50,25,ROTD50_d250
16,Mo (dyne.cm),mo_dyne_cm,source,10,Updated_NGA_West2_Flatfile_RotD50_d250_public_version.xlsx,RotD50,25,ROTD50_d250
17,Strike (deg),strike_deg,source,10,Updated_NGA_West2_Flatfile_RotD50_d250_public_version.xlsx,RotD50,25,ROTD50_d250
18,Dip (deg),dip_deg,source,10,Updated_NGA_West2_Flatfile_RotD50_d250_public_version.xlsx,RotD50,25,ROTD50_d250
19,Rake Angle (deg),rake_angle_deg,source,10,Updated_NGA_West2_Flatfile_RotD50_d250_public_version.xlsx,RotD50,25,ROTD50_d250
20,Mechanism Based on Rake Angle,mechanism_based_on_rake_angle,source,10,Updated_NGA_West2_Flatfile_RotD50_d250_public_version.xlsx,RotD50,25,ROTD50_d250
21,P-plunge (deg),p_plunge_deg,source,10,Updated_NGA_West2_Flatfile_RotD50_d250_public_version.xlsx,RotD50,25,ROTD50_d250
22,P-trend (deg),p_trend_deg,source,10,Updated_NGA_West2_Flatfile_RotD50_d250_public_version.xlsx,RotD50,25,ROTD50_d250
23,T-plunge (deg),t_plunge_deg,source,10,Updated_NGA_West2_Flatfile_RotD50_d250_public_version.xlsx,RotD50,25,ROTD50_d250
24,T-trend (deg),t_trend_deg,source,10,Updated_NGA_West2_Flatfile_RotD50_d250_public_version.xlsx,RotD50,25,ROTD50_d250
25,Hypocenter Latitude (deg),hypocenter_latitude_deg,source,10,Updated_NGA_West2_Flatfile_RotD50_d250_public_version.xlsx,RotD50,25,ROTD50_d250
26,Hypocenter Longitude (deg),hypocenter_longitude_deg,source,10,Updated_NGA_West2_Flatfile_RotD50_d250_public_version.xlsx,RotD50,25,ROTD50_d250
27,Hypocenter Depth (km),hypocenter_depth_km,source,10,Updated_NGA_West2_Flatfile_RotD50_d250_public_version.xlsx,RotD50,25,ROTD50_d250
28,Coseismic Surface Rupture: 1=Yes; 0=No;    -999=Unknown,coseismic_surface_rupture_1_yes_0_no_999_unknown,source,10,Updated_NGA_West2_Flatfile_RotD50_d250_public_version.xlsx,RotD50,25,ROTD50_d250
29,Coseismic Surface Rupture (Including Inferred),coseismic_surface_rupture_including_inferred,source,10,Updated_NGA_West2_Flatfile_RotD50_d250_public_version.xlsx,RotD50,25,ROTD50_d250
30,Basis for Inference of Surface Rupture,basis_for_inference_of_surface_rupture,source,10,Updated_NGA_West2_Flatfile_RotD50_d250_public_version.xlsx,RotD50,25,ROTD50_d250
31,Finite Rupture Model: 1=Yes;  0=No,finite_rupture_model_1_yes_0_no,source,10,Updated_NGA_West2_Flatfile_RotD50_d250_public_version.xlsx,RotD50,25,ROTD50_d250
32,Depth to Top Of Fault Rupture Model,depth_to_top_of_fault_rupture_model,source,10,Updated_NGA_West2_Flatfile_RotD50_d250_public_version.xlsx,RotD50,25,ROTD50_d250
33,Fault Rupture Length for Calculation of Ry (km),fault_rupture_length_for_calculation_of_ry_km,source,10,Updated_NGA_West2_Flatfile_RotD50_d250_public_version.xlsx,RotD50,25,ROTD50_d250
34,Fault Rupture Width (km),fault_rupture_width_km,source,10,Updated_NGA_West2_Flatfile_RotD50_d250_public_version.xlsx,RotD50,25,ROTD50_d250
35,Fault Rupture Area (km^2),fault_rupture_area_km_2,source,10,Updated_NGA_West2_Flatfile_RotD50_d250_public_version.xlsx,RotD50,25,ROTD50_d250
36,Avg Fault Disp (cm),avg_fault_disp_cm,source,10,Updated_NGA_West2_Flatfile_RotD50_d250_public_version.xlsx,RotD50,25,ROTD50_d250
37,Rise Time (s),rise_time_s,source,10,Updated_NGA_West2_Flatfile_RotD50_d250_public_version.xlsx,RotD50,25,ROTD50_d250
38,Avg Slip Velocity (cm/s),avg_slip_velocity_cm_s,source,10,Updated_NGA_West2_Flatfile_RotD50_d250_public_version.xlsx,RotD50,25,ROTD50_d250
39,Static Stress Drop (bars),static_stress_drop_bars,source,10,Updated_NGA_West2_Flatfile_RotD50_d250_public_version.xlsx,RotD50,25,ROTD50_d250
40,Preferred Rupture Velocity (km/s),preferred_rupture_velocity_km_s,source,10,Updated_NGA_West2_Flatfile_RotD50_d250_public_version.xlsx,RotD50,25,ROTD50_d250
41,Average Vr/Vs,average_vr_vs,source,10,Updated_NGA_West2_Flatfile_RotD50_d250_public_version.xlsx,RotD50,25,ROTD50_d250
42,Percent of Moment Release in the Top 5 Km of Crust,percent_of_moment_release_in_the_top_5_km_of_crust,source,10,Updated_NGA_West2_Flatfile_RotD50_d250_public_version.xlsx,RotD50,25,ROTD50_d250
43,Existence of Shallow Asperity: 0=No; 1=Yes,existence_of_shallow_asperity_0_no_1_yes,source,10,Updated_NGA_West2_Flatfile_RotD50_d250_public_version.xlsx,RotD50,25,ROTD50_d250
44,Depth to Top of Shallowest Asperity (km),depth_to_top_of_shallowest_asperity_km,source,10,Updated_NGA_West2_Flatfile_RotD50_d250_public_version.xlsx,RotD50,25,ROTD50_d250
45,Earthquake in Extensional Regime: 1=Yes; 0=No,earthquake_in_extensional_regime_1_yes_0_no,source,10,Updated_NGA_West2_Flatfile_RotD50_d250_public_version.xlsx,RotD50,25,ROTD50_d250
46,Fault Name,fault_name,source,10,Updated_NGA_West2_Flatfile_RotD50_d250_public_version.xlsx,RotD50,25,ROTD50_d250
47,Slip Rate (mm/Yr),slip_rate_mm_yr,source,10,Updated_NGA_West2_Flatfile_RotD50_d250_public_version.xlsx,RotD50,25,ROTD50_d250
48,EpiD (km),epid_km,path,10,Updated_NGA_West2_Flatfile_RotD50_d250_public_version.xlsx,RotD50,25,ROTD50_d250
49,HypD (km),hypd_km,path,10,Updated_NGA_West2_Flatfile_RotD50_d250_public_version.xlsx,RotD50,25,ROTD50_d250
50,Joyner-Boore Dist. (km),joyner_boore_dist_km,path,10,Updated_NGA_West2_Flatfile_RotD50_d250_public_version.xlsx,RotD50,25,ROTD50_d250
51,Campbell R Dist. (km),campbell_r_dist_km,path,10,Updated_NGA_West2_Flatfile_RotD50_d250_public_version.xlsx,RotD50,25,ROTD50_d250
52,RmsD (km),rmsd_km,path,10,Updated_NGA_West2_Flatfile_RotD50_d250_public_version.xlsx,RotD50,25,ROTD50_d250
53,ClstD (km),clstd_km,path,10,Updated_NGA_West2_Flatfile_RotD50_d250_public_version.xlsx,RotD50,25,ROTD50_d250
54,Rx,rx,path,10,Updated_NGA_West2_Flatfile_RotD50_d250_public_version.xlsx,RotD50,25,ROTD50_d250
55,FW/HW Indicator,fw_hw_indicator,path,10,Updated_NGA_West2_Flatfile_RotD50_d250_public_version.xlsx,RotD50,25,ROTD50_d250
56,Source to Site Azimuth (deg),source_to_site_azimuth_deg,path,10,Updated_NGA_West2_Flatfile_RotD50_d250_public_version.xlsx,RotD50,25,ROTD50_d250
57,X,x,path,10,Updated_NGA_West2_Flatfile_RotD50_d250_public_version.xlsx,RotD50,25,ROTD50_d250
58,Theta.D (deg),theta_d_deg,path,10,Updated_NGA_West2_Flatfile_RotD50_d250_public_version.xlsx,RotD50,25,ROTD50_d250
59,SSGA (Strike Slip),ssga_strike_slip,path,10,Updated_NGA_West2_Flatfile_RotD50_d250_public_version.xlsx,RotD50,25,ROTD50_d250
60,Y,y,path,10,Updated_NGA_West2_Flatfile_RotD50_d250_public_version.xlsx,RotD50,25,ROTD50_d250
61,Phi.D (deg),phi_d_deg,path,10,Updated_NGA_West2_Flatfile_RotD50_d250_public_version.xlsx,RotD50,25,ROTD50_d250
62,SSGA (Dip Slip),ssga_dip_slip,path,10,Updated_NGA_West2_Flatfile_RotD50_d250_public_version.xlsx,RotD50,25,ROTD50_d250
63,s,s,path,10,Updated_NGA_West2_Flatfile_RotD50_d250_public_version.xlsx,RotD50,25,ROTD50_d250
64,d,d,path,10,Updated_NGA_West2_Flatfile_RotD50_d250_public_version.xlsx,RotD50,25,ROTD50_d250
65,ctildepr,ctildepr,path,10,Updated_NGA_West2_Flatfile_RotD50_d250_public_version.xlsx,RotD50,25,ROTD50_d250
66,Unused Column,unused_column,path,10,Updated_NGA_West2_Flatfile_RotD50_d250_public_version.xlsx,RotD50,25,ROTD50_d250
67,D,d_1,path,10,Updated_NGA_West2_Flatfile_RotD50_d250_public_version.xlsx,RotD50,25,ROTD50_d250
68,Rfn.Hyp,rfn_hyp,path,10,Updated_NGA_West2_Flatfile_RotD50_d250_public_version.xlsx,RotD50,25,ROTD50_d250
69,Rfp.Hyp,rfp_hyp,path,10,Updated_NGA_West2_Flatfile_RotD50_d250_public_version.xlsx,RotD50,25,ROTD50_d250
70,Unused Column,unused_column_1,path,10,Updated_NGA_West2_Flatfile_RotD50_d250_public_version.xlsx,RotD50,25,ROTD50_d250
71,Unused Column,unused_column_2,path,10,Updated_NGA_West2_Flatfile_RotD50_d250_public_version.xlsx,RotD50,25,ROTD50_d250
72,Unused Column,unused_column_3,path,10,Updated_NGA_West2_Flatfile_RotD50_d250_public_version.xlsx,RotD50,25,ROTD50_d250
73,T,t,path,10,Updated_NGA_West2_Flatfile_RotD50_d250_public_version.xlsx,RotD50,25,ROTD50_d250
74,GMX's C1,gmx_s_c1,site,10,Updated_NGA_West2_Flatfile_RotD50_d250_public_version.xlsx,RotD50,25,ROTD50_d250
75,GMX's C2,gmx_s_c2,site,10,Updated_NGA_West2_Flatfile_RotD50_d250_public_version.xlsx,RotD50,25,ROTD50_d250
76,GMX's C3,gmx_s_c3,site,10,Updated_NGA_West2_Flatfile_RotD50_d250_public_version.xlsx,RotD50,25,ROTD50_d250
77,Campbell's GEOCODE,campbell_s_geocode,site,10,Updated_NGA_West2_Flatfile_RotD50_d250_public_version.xlsx,RotD50,25,ROTD50_d250
78,Bray and Rodriguez-Marek SGS,bray_and_rodriguez_marek_sgs,site,10,Updated_NGA_West2_Flatfile_RotD50_d250_public_version.xlsx,RotD50,25,ROTD50_d250
79,Depth,depth,site,10,Updated_NGA_West2_Flatfile_RotD50_d250_public_version.xlsx,RotD50,25,ROTD50_d250
80,Preferred NEHRP Based on Vs30,preferred_nehrp_based_on_vs30,site,10,Updated_NGA_West2_Flatfile_RotD50_d250_public_version.xlsx,RotD50,25,ROTD50_d250
81,Vs30 (m/s) selected for analysis,vs30_m_s_selected_for_analysis,site,10,Updated_NGA_West2_Flatfile_RotD50_d250_public_version.xlsx,RotD50,25,ROTD50_d250
82,Column Not Used,column_not_used,site,10,Updated_NGA_West2_Flatfile_RotD50_d250_public_version.xlsx,RotD50,25,ROTD50_d250
83,Measured/Inferred Class,measured_inferred_class,site,10,Updated_NGA_West2_Flatfile_RotD50_d250_public_version.xlsx,RotD50,25,ROTD50_d250
84,Sigma of Vs30 (in natural log Units),sigma_of_vs30_in_natural_log_units,site,10,Updated_NGA_West2_Flatfile_RotD50_d250_public_version.xlsx,RotD50,25,ROTD50_d250
85,NEHRP Classification from CGS's Site Condition Map,nehrp_classification_from_cgs_s_site_condition_map,site,10,Updated_NGA_West2_Flatfile_RotD50_d250_public_version.xlsx,RotD50,25,ROTD50_d250
86,Geological Unit,geological_unit,site,10,Updated_NGA_West2_Flatfile_RotD50_d250_public_version.xlsx,RotD50,25,ROTD50_d250
87,Geology,geology,site,10,Updated_NGA_West2_Flatfile_RotD50_d250_public_version.xlsx,RotD50,25,ROTD50_d250
88,Owner,owner,site,10,Updated_NGA_West2_Flatfile_RotD50_d250_public_version.xlsx,RotD50,25,ROTD50_d250
89,Station Latitude,station_latitude,site,10,Updated_NGA_West2_Flatfile_RotD50_d250_public_version.xlsx,RotD50,25,ROTD50_d250
90,Station Longitude,station_longitude,site,10,Updated_NGA_West2_Flatfile_RotD50_d250_public_version.xlsx,RotD50,25,ROTD50_d250
91,STORIES,stories,site,10,Updated_NGA_West2_Flatfile_RotD50_d250_public_version.xlsx,RotD50,25,ROTD50_d250
92,INSTLOC,instloc,site,10,Updated_NGA_West2_Flatfile_RotD50_d250_public_version.xlsx,RotD50,25,ROTD50_d250
93,Depth to Basement Rock,depth_to_basement_rock,site,10,Updated_NGA_West2_Flatfile_RotD50_d250_public_version.xlsx,RotD50,25,ROTD50_d250
94,Site Visited,site_visited,site,10,Updated_NGA_West2_Flatfile_RotD50_d250_public_version.xlsx,RotD50,25,ROTD50_d250
95,NGA Type,nga_type,site,10,Updated_NGA_West2_Flatfile_RotD50_d250_public_version.xlsx,RotD50,25,ROTD50_d250
96,Age,age,site,10,Updated_NGA_West2_Flatfile_RotD50_d250_public_version.xlsx,RotD50,25,ROTD50_d250
97,Grain Size,grain_size,site,10,Updated_NGA_West2_Flatfile_RotD50_d250_public_version.xlsx,RotD50,25,ROTD50_d250
98,Depositional History,depositional_history,site,10,Updated_NGA_West2_Flatfile_RotD50_d250_public_version.xlsx,RotD50,25,ROTD50_d250
99,Northern CA/Southern CA - H11 Z1 (m),northern_ca_southern_ca_h11_z1_m,site,10,Updated_NGA_West2_Flatfile_RotD50_d250_public_version.xlsx,RotD50,25,ROTD50_d250
100,Northern CA/Southern CA - H11 Z1.5 (m),northern_ca_southern_ca_h11_z1_5_m,site,10,Updated_NGA_West2_Flatfile_RotD50_d250_public_version.xlsx,RotD50,25,ROTD50_d250
101,Northern CA/Southern CA - H11 Z2.5 (m),northern_ca_southern_ca_h11_z2_5_m,site,10,Updated_NGA_West2_Flatfile_RotD50_d250_public_version.xlsx,RotD50,25,ROTD50_d250
102,Northern CA/Southern CA - S4 Z1 (m),northern_ca_southern_ca_s4_z1_m,site,10,Updated_NGA_West2_Flatfile_RotD50_d250_public_version.xlsx,RotD50,25,ROTD50_d250
103,Northern CA/Southern CA - S4 Z1.5 (m),northern_ca_southern_ca_s4_z1_5_m,site,10,Updated_NGA_West2_Flatfile_RotD50_d250_public_version.xlsx,RotD50,25,ROTD50_d250
104,Northern CA/Southern CA - S4 Z2.5 (m),northern_ca_southern_ca_s4_z2_5_m,site,10,Updated_NGA_West2_Flatfile_RotD50_d250_public_version.xlsx,RotD50,25,ROTD50_d250
105,Depth to Franciscan Rock (km),depth_to_franciscan_rock_km,site,10,Updated_NGA_West2_Flatfile_RotD50_d250_public_version.xlsx,RotD50,25,ROTD50_d250
106,Basin,basin,site,10,Updated_NGA_West2_Flatfile_RotD50_d250_public_version.xlsx,RotD50,25,ROTD50_d250
107,h (m),h_m,site,10,Updated_NGA_West2_Flatfile_RotD50_d250_public_version.xlsx,RotD50,25,ROTD50_d250
108,hnorm (m),hnorm_m,site,10,Updated_NGA_West2_Flatfile_RotD50_d250_public_version.xlsx,RotD50,25,ROTD50_d250
109,Rsbe (m),rsbe_m,site,10,Updated_NGA_West2_Flatfile_RotD50_d250_public_version.xlsx,RotD50,25,ROTD50_d250
110,Rcebe (m),rcebe_m,site,10,Updated_NGA_West2_Flatfile_RotD50_d250_public_version.xlsx,RotD50,25,ROTD50_d250
111,Rebe (m),rebe_m,site,10,Updated_NGA_West2_Flatfile_RotD50_d250_public_version.xlsx,RotD50,25,ROTD50_d250
112,Rsbe1 (m),rsbe1_m,site,10,Updated_NGA_West2_Flatfile_RotD50_d250_public_version.xlsx,RotD50,25,ROTD50_d250
113,File Name (Horizontal 1),file_name_horizontal_1,record_processing,10,Updated_NGA_West2_Flatfile_RotD50_d250_public_version.xlsx,RotD50,25,ROTD50_d250
114,File Name (Horizontal 2),file_name_horizontal_2,record_processing,10,Updated_NGA_West2_Flatfile_RotD50_d250_public_version.xlsx,RotD50,25,ROTD50_d250
115,File Name (Vertical),file_name_vertical,record_processing,10,Updated_NGA_West2_Flatfile_RotD50_d250_public_version.xlsx,RotD50,25,ROTD50_d250
116,H1 azimth (degrees),h1_azimth_degrees,record_processing,10,Updated_NGA_West2_Flatfile_RotD50_d250_public_version.xlsx,RotD50,25,ROTD50_d250
117,H2 azimith (degrees),h2_azimith_degrees,record_processing,10,Updated_NGA_West2_Flatfile_RotD50_d250_public_version.xlsx,RotD50,25,ROTD50_d250
118,Type of Recording,type_of_recording,record_processing,10,Updated_NGA_West2_Flatfile_RotD50_d250_public_version.xlsx,RotD50,25,ROTD50_d250
119,Instrument Model,instrument_model,record_processing,10,Updated_NGA_West2_Flatfile_RotD50_d250_public_version.xlsx,RotD50,25,ROTD50_d250
120,PEA Processing Flag,pea_processing_flag,record_processing,10,Updated_NGA_West2_Flatfile_RotD50_d250_public_version.xlsx,RotD50,25,ROTD50_d250
121,Type of Filter,type_of_filter,record_processing,10,Updated_NGA_West2_Flatfile_RotD50_d250_public_version.xlsx,RotD50,25,ROTD50_d250
122,npass,npass,record_processing,10,Updated_NGA_West2_Flatfile_RotD50_d250_public_version.xlsx,RotD50,25,ROTD50_d250
123,nroll,nroll,record_processing,10,Updated_NGA_West2_Flatfile_RotD50_d250_public_version.xlsx,RotD50,25,ROTD50_d250
124,HP-H1 (Hz),hp_h1_hz,record_processing,10,Updated_NGA_West2_Flatfile_RotD50_d250_public_version.xlsx,RotD50,25,ROTD50_d250
125,HP-H2 (Hz),hp_h2_hz,record_processing,10,Updated_NGA_West2_Flatfile_RotD50_d250_public_version.xlsx,RotD50,25,ROTD50_d250
126,LP-H1 (Hz),lp_h1_hz,record_processing,10,Updated_NGA_West2_Flatfile_RotD50_d250_public_version.xlsx,RotD50,25,ROTD50_d250
127,LP-H2 (Hz),lp_h2_hz,record_processing,10,Updated_NGA_West2_Flatfile_RotD50_d250_public_version.xlsx,RotD50,25,ROTD50_d250
128,Factor,factor,record_processing,10,Updated_NGA_West2_Flatfile_RotD50_d250_public_version.xlsx,RotD50,25,ROTD50_d250
129,Lowest Usable Freq - H1 (Hz),lowest_usable_freq_h1_hz,record_processing,10,Updated_NGA_West2_Flatfile_RotD50_d250_public_version.xlsx,RotD50,25,ROTD50_d250
130,Lowest Usable Freq - H2 (H2),lowest_usable_freq_h2_h2,record_processing,10,Updated_NGA_West2_Flatfile_RotD50_d250_public_version.xlsx,RotD50,25,ROTD50_d250
131,Lowest Usable Freq - Ave. Component (Hz),lowest_usable_freq_ave_component_hz,record_processing,10,Updated_NGA_West2_Flatfile_RotD50_d250_public_version.xlsx,RotD50,25,ROTD50_d250
132,PGA (g),pga_g,ground_motion,10,Updated_NGA_West2_Flatfile_RotD50_d250_public_version.xlsx,RotD50,25,ROTD50_d250
133,PGV (cm/sec),pgv_cm_sec,ground_motion,10,Updated_NGA_West2_Flatfile_RotD50_d250_public_version.xlsx,RotD50,25,ROTD50_d250
134,PGD (cm),pgd_cm,ground_motion,10,Updated_NGA_West2_Flatfile_RotD50_d250_public_version.xlsx,RotD50,25,ROTD50_d250
135,T0.010S,t0_010s,ground_motion,10,Updated_NGA_West2_Flatfile_RotD50_d250_public_version.xlsx,RotD50,25,ROTD50_d250
136,T0.020S,t0_020s,ground_motion,10,Updated_NGA_West2_Flatfile_RotD50_d250_public_version.xlsx,RotD50,25,ROTD50_d250
137,T0.022S,t0_022s,ground_motion,10,Updated_NGA_West2_Flatfile_RotD50_d250_public_version.xlsx,RotD50,25,ROTD50_d250
138,T0.025S,t0_025s,ground_motion,10,Updated_NGA_West2_Flatfile_RotD50_d250_public_version.xlsx,RotD50,25,ROTD50_d250
139,T0.029S,t0_029s,ground_motion,10,Updated_NGA_West2_Flatfile_RotD50_d250_public_version.xlsx,RotD50,25,ROTD50_d250
140,T0.030S,t0_030s,ground_motion,10,Updated_NGA_West2_Flatfile_RotD50_d250_public_version.xlsx,RotD50,25,ROTD50_d250
141,T0.032S,t0_032s,ground_motion,10,Updated_NGA_West2_Flatfile_RotD50_d250_public_version.xlsx,RotD50,25,ROTD50_d250
142,T0.035S,t0_035s,ground_motion,10,Updated_NGA_West2_Flatfile_RotD50_d250_public_version.xlsx,RotD50,25,ROTD50_d250
143,T0.036S,t0_036s,ground_motion,10,Updated_NGA_West2_Flatfile_RotD50_d250_public_version.xlsx,RotD50,25,ROTD50_d250
144,T0.040S,t0_040s,ground_motion,10,Updated_NGA_West2_Flatfile_RotD50_d250_public_version.xlsx,RotD50,25,ROTD50_d250
145,T0.042S,t0_042s,ground_motion,10,Updated_NGA_West2_Flatfile_RotD50_d250_public_version.xlsx,RotD50,25,ROTD50_d250
146,T0.044S,t0_044s,ground_motion,10,Updated_NGA_West2_Flatfile_RotD50_d250_public_version.xlsx,RotD50,25,ROTD50_d250
147,T0.045S,t0_045s,ground_motion,10,Updated_NGA_West2_Flatfile_RotD50_d250_public_version.xlsx,RotD50,25,ROTD50_d250
148,T0.046S,t0_046s,ground_motion,10,Updated_NGA_West2_Flatfile_RotD50_d250_public_version.xlsx,RotD50,25,ROTD50_d250
149,T0.048S,t0_048s,ground_motion,10,Updated_NGA_West2_Flatfile_RotD50_d250_public_version.xlsx,RotD50,25,ROTD50_d250
150,T0.050S,t0_050s,ground_motion,10,Updated_NGA_West2_Flatfile_RotD50_d250_public_version.xlsx,RotD50,25,ROTD50_d250
151,T0.055S,t0_055s,ground_motion,10,Updated_NGA_West2_Flatfile_RotD50_d250_public_version.xlsx,RotD50,25,ROTD50_d250
152,T0.060S,t0_060s,ground_motion,10,Updated_NGA_West2_Flatfile_RotD50_d250_public_version.xlsx,RotD50,25,ROTD50_d250
153,T0.065S,t0_065s,ground_motion,10,Updated_NGA_West2_Flatfile_RotD50_d250_public_version.xlsx,RotD50,25,ROTD50_d250
154,T0.067S,t0_067s,ground_motion,10,Updated_NGA_West2_Flatfile_RotD50_d250_public_version.xlsx,RotD50,25,ROTD50_d250
155,T0.070S,t0_070s,ground_motion,10,Updated_NGA_West2_Flatfile_RotD50_d250_public_version.xlsx,RotD50,25,ROTD50_d250
156,T0.075S,t0_075s,ground_motion,10,Updated_NGA_West2_Flatfile_RotD50_d250_public_version.xlsx,RotD50,25,ROTD50_d250
157,T0.080S,t0_080s,ground_motion,10,Updated_NGA_West2_Flatfile_RotD50_d250_public_version.xlsx,RotD50,25,ROTD50_d250
158,T0.085S,t0_085s,ground_motion,10,Updated_NGA_West2_Flatfile_RotD50_d250_public_version.xlsx,RotD50,25,ROTD50_d250
159,T0.090S,t0_090s,ground_motion,10,Updated_NGA_West2_Flatfile_RotD50_d250_public_version.xlsx,RotD50,25,ROTD50_d250
160,T0.095S,t0_095s,ground_motion,10,Updated_NGA_West2_Flatfile_RotD50_d250_public_version.xlsx,RotD50,25,ROTD50_d250
161,T0.100S,t0_100s,ground_motion,10,Updated_NGA_West2_Flatfile_RotD50_d250_public_version.xlsx,RotD50,25,ROTD50_d250
162,T0.110S,t0_110s,ground_motion,10,Updated_NGA_West2_Flatfile_RotD50_d250_public_version.xlsx,RotD50,25,ROTD50_d250
163,T0.120S,t0_120s,ground_motion,10,Updated_NGA_West2_Flatfile_RotD50_d250_public_version.xlsx,RotD50,25,ROTD50_d250
164,T0.130S,t0_130s,ground_motion,10,Updated_NGA_West2_Flatfile_RotD50_d250_public_version.xlsx,RotD50,25,ROTD50_d250
165,T0.133S,t0_133s,ground_motion,10,Updated_NGA_West2_Flatfile_RotD50_d250_public_version.xlsx,RotD50,25,ROTD50_d250
166,T0.140S,t0_140s,ground_motion,10,Updated_NGA_West2_Flatfile_RotD50_d250_public_version.xlsx,RotD50,25,ROTD50_d250
167,T0.150S,t0_150s,ground_motion,10,Updated_NGA_West2_Flatfile_RotD50_d250_public_version.xlsx,RotD50,25,ROTD50_d250
168,T0.160S,t0_160s,ground_motion,10,Updated_NGA_West2_Flatfile_RotD50_d250_public_version.xlsx,RotD50,25,ROTD50_d250
169,T0.170S,t0_170s,ground_motion,10,Updated_NGA_West2_Flatfile_RotD50_d250_public_version.xlsx,RotD50,25,ROTD50_d250
170,T0.180S,t0_180s,ground_motion,10,Updated_NGA_West2_Flatfile_RotD50_d250_public_version.xlsx,RotD50,25,ROTD50_d250
171,T0.190S,t0_190s,ground_motion,10,Updated_NGA_West2_Flatfile_RotD50_d250_public_version.xlsx,RotD50,25,ROTD50_d250
172,T0.200S,t0_200s,ground_motion,10,Updated_NGA_West2_Flatfile_RotD50_d250_public_version.xlsx,RotD50,25,ROTD50_d250
173,T0.220S,t0_220s,ground_motion,10,Updated_NGA_West2_Flatfile_RotD50_d250_public_version.xlsx,RotD50,25,ROTD50_d250
174,T0.240S,t0_240s,ground_motion,10,Updated_NGA_West2_Flatfile_RotD50_d250_public_version.xlsx,RotD50,25,ROTD50_d250
175,T0.250S,t0_250s,ground_motion,10,Updated_NGA_West2_Flatfile_RotD50_d250_public_version.xlsx,RotD50,25,ROTD50_d250
176,T0.260S,t0_260s,ground_motion,10,Updated_NGA_West2_Flatfile_RotD50_d250_public_version.xlsx,RotD50,25,ROTD50_d250
177,T0.280S,t0_280s,ground_motion,10,Updated_NGA_West2_Flatfile_RotD50_d250_public_version.xlsx,RotD50,25,ROTD50_d250
178,T0.290S,t0_290s,ground_motion,10,Updated_NGA_West2_Flatfile_RotD50_d250_public_version.xlsx,RotD50,25,ROTD50_d250
179,T0.300S,t0_300s,ground_motion,10,Updated_NGA_West2_Flatfile_RotD50_d250_public_version.xlsx,RotD50,25,ROTD50_d250
180,T0.320S,t0_320s,ground_motion,10,Updated_NGA_West2_Flatfile_RotD50_d250_public_version.xlsx,RotD50,25,ROTD50_d250
181,T0.340S,t0_340s,ground_motion,10,Updated_NGA_West2_Flatfile_RotD50_d250_public_version.xlsx,RotD50,25,ROTD50_d250
182,T0.350S,t0_350s,ground_motion,10,Updated_NGA_West2_Flatfile_RotD50_d250_public_version.xlsx,RotD50,25,ROTD50_d250
183,T0.360S,t0_360s,ground_motion,10,Updated_NGA_West2_Flatfile_RotD50_d250_public_version.xlsx,RotD50,25,ROTD50_d250
184,T0.380S,t0_380s,ground_motion,10,Updated_NGA_West2_Flatfile_RotD50_d250_public_version.xlsx,RotD50,25,ROTD50_d250
185,T0.400S,t0_400s,ground_motion,10,Updated_NGA_West2_Flatfile_RotD50_d250_public_version.xlsx,RotD50,25,ROTD50_d250
186,T0.420S,t0_420s,ground_motion,10,Updated_NGA_West2_Flatfile_RotD50_d250_public_version.xlsx,RotD50,25,ROTD50_d250
187,T0.440S,t0_440s,ground_motion,10,Updated_NGA_West2_Flatfile_RotD50_d250_public_version.xlsx,RotD50,25,ROTD50_d250
188,T0.450S,t0_450s,ground_motion,10,Updated_NGA_West2_Flatfile_RotD50_d250_public_version.xlsx,RotD50,25,ROTD50_d250
189,T0.460S,t0_460s,ground_motion,10,Updated_NGA_West2_Flatfile_RotD50_d250_public_version.xlsx,RotD50,25,ROTD50_d250
190,T0.480S,t0_480s,ground_motion,10,Updated_NGA_West2_Flatfile_RotD50_d250_public_version.xlsx,RotD50,25,ROTD50_d250
191,T0.500S,t0_500s,ground_motion,10,Updated_NGA_West2_Flatfile_RotD50_d250_public_version.xlsx,RotD50,25,ROTD50_d250
192,T0.550S,t0_550s,ground_motion,10,Updated_NGA_West2_Flatfile_RotD50_d250_public_version.xlsx,RotD50,25,ROTD50_d250
193,T0.600S,t0_600s,ground_motion,10,Updated_NGA_West2_Flatfile_RotD50_d250_public_version.xlsx,RotD50,25,ROTD50_d250
194,T0.650S,t0_650s,ground_motion,10,Updated_NGA_West2_Flatfile_RotD50_d250_public_version.xlsx,RotD50,25,ROTD50_d250
195,T0.667S,t0_667s,ground_motion,10,Updated_NGA_West2_Flatfile_RotD50_d250_public_version.xlsx,RotD50,25,ROTD50_d250
196,T0.700S,t0_700s,ground_motion,10,Updated_NGA_West2_Flatfile_RotD50_d250_public_version.xlsx,RotD50,25,ROTD50_d250
197,T0.750S,t0_750s,ground_motion,10,Updated_NGA_West2_Flatfile_RotD50_d250_public_version.xlsx,RotD50,25,ROTD50_d250
198,T0.800S,t0_800s,ground_motion,10,Updated_NGA_West2_Flatfile_RotD50_d250_public_version.xlsx,RotD50,25,ROTD50_d250
199,T0.850S,t0_850s,ground_motion,10,Updated_NGA_West2_Flatfile_RotD50_d250_public_version.xlsx,RotD50,25,ROTD50_d250
200,T0.900S,t0_900s,ground_motion,10,Updated_NGA_West2_Flatfile_RotD50_d250_public_version.xlsx,RotD50,25,ROTD50_d250
201,T0.950S,t0_950s,ground_motion,10,Updated_NGA_West2_Flatfile_RotD50_d250_public_version.xlsx,RotD50,25,ROTD50_d250
202,T1.000S,t1_000s,ground_motion,10,Updated_NGA_West2_Flatfile_RotD50_d250_public_version.xlsx,RotD50,25,ROTD50_d250
203,T1.100S,t1_100s,ground_motion,10,Updated_NGA_West2_Flatfile_RotD50_d250_public_version.xlsx,RotD50,25,ROTD50_d250
204,T1.200S,t1_200s,ground_motion,10,Updated_NGA_West2_Flatfile_RotD50_d250_public_version.xlsx,RotD50,25,ROTD50_d250
205,T1.300S,t1_300s,ground_motion,10,Updated_NGA_West2_Flatfile_RotD50_d250_public_version.xlsx,RotD50,25,ROTD50_d250
206,T1.400S,t1_400s,ground_motion,10,Updated_NGA_West2_Flatfile_RotD50_d250_public_version.xlsx,RotD50,25,ROTD50_d250
207,T1.500S,t1_500s,ground_motion,10,Updated_NGA_West2_Flatfile_RotD50_d250_public_version.xlsx,RotD50,25,ROTD50_d250
208,T1.600S,t1_600s,ground_motion,10,Updated_NGA_West2_Flatfile_RotD50_d250_public_version.xlsx,RotD50,25,ROTD50_d250
209,T1.700S,t1_700s,ground_motion,10,Updated_NGA_West2_Flatfile_RotD50_d250_public_version.xlsx,RotD50,25,ROTD50_d250
210,T1.800S,t1_800s,ground_motion,10,Updated_NGA_West2_Flatfile_RotD50_d250_public_version.xlsx,RotD50,25,ROTD50_d250
211,T1.900S,t1_900s,ground_motion,10,Updated_NGA_West2_Flatfile_RotD50_d250_public_version.xlsx,RotD50,25,ROTD50_d250
212,T2.000S,t2_000s,ground_motion,10,Updated_NGA_West2_Flatfile_RotD50_d250_public_version.xlsx,RotD50,25,ROTD50_d250
213,T2.200S,t2_200s,ground_motion,10,Updated_NGA_West2_Flatfile_RotD50_d250_public_version.xlsx,RotD50,25,ROTD50_d250
214,T2.400S,t2_400s,ground_motion,10,Updated_NGA_West2_Flatfile_RotD50_d250_public_version.xlsx,RotD50,25,ROTD50_d250
215,T2.500S,t2_500s,ground_motion,10,Updated_NGA_West2_Flatfile_RotD50_d250_public_version.xlsx,RotD50,25,ROTD50_d250
216,T2.600S,t2_600s,ground_motion,10,Updated_NGA_West2_Flatfile_RotD50_d250_public_version.xlsx,RotD50,25,ROTD50_d250
217,T2.800S,t2_800s,ground_motion,10,Updated_NGA_West2_Flatfile_RotD50_d250_public_version.xlsx,RotD50,25,ROTD50_d250
218,T3.000S,t3_000s,ground_motion,10,Updated_NGA_West2_Flatfile_RotD50_d250_public_version.xlsx,RotD50,25,ROTD50_d250
219,T3.200S,t3_200s,ground_motion,10,Updated_NGA_West2_Flatfile_RotD50_d250_public_version.xlsx,RotD50,25,ROTD50_d250
220,T3.400S,t3_400s,ground_motion,10,Updated_NGA_West2_Flatfile_RotD50_d250_public_version.xlsx,RotD50,25,ROTD50_d250
221,T3.500S,t3_500s,ground_motion,10,Updated_NGA_West2_Flatfile_RotD50_d250_public_version.xlsx,RotD50,25,ROTD50_d250
222,T3.600S,t3_600s,ground_motion,10,Updated_NGA_West2_Flatfile_RotD50_d250_public_version.xlsx,RotD50,25,ROTD50_d250
223,T3.800S,t3_800s,ground_motion,10,Updated_NGA_West2_Flatfile_RotD50_d250_public_version.xlsx,RotD50,25,ROTD50_d250
224,T4.000S,t4_000s,ground_motion,10,Updated_NGA_West2_Flatfile_RotD50_d250_public_version.xlsx,RotD50,25,ROTD50_d250
225,T4.200S,t4_200s,ground_motion,10,Updated_NGA_West2_Flatfile_RotD50_d250_public_version.xlsx,RotD50,25,ROTD50_d250
226,T4.400S,t4_400s,ground_motion,10,Updated_NGA_West2_Flatfile_RotD50_d250_public_version.xlsx,RotD50,25,ROTD50_d250
227,T4.600S,t4_600s,ground_motion,10,Updated_NGA_West2_Flatfile_RotD50_d250_public_version.xlsx,RotD50,25,ROTD50_d250
228,T4.800S,t4_800s,ground_motion,10,Updated_NGA_West2_Flatfile_RotD50_d250_public_version.xlsx,RotD50,25,ROTD50_d250
229,T5.000S,t5_000s,ground_motion,10,Updated_NGA_West2_Flatfile_RotD50_d250_public_version.xlsx,RotD50,25,ROTD50_d250
230,T5.500S,t5_500s,ground_motion,10,Updated_NGA_West2_Flatfile_RotD50_d250_public_version.xlsx,RotD50,25,ROTD50_d250
231,T6.000S,t6_000s,ground_motion,10,Updated_NGA_West2_Flatfile_RotD50_d250_public_version.xlsx,RotD50,25,ROTD50_d250
232,T6.500S,t6_500s,ground_motion,10,Updated_NGA_West2_Flatfile_RotD50_d250_public_version.xlsx,RotD50,25,ROTD50_d250
233,T7.000S,t7_000s,ground_motion,10,Updated_NGA_West2_Flatfile_RotD50_d250_public_version.xlsx,RotD50,25,ROTD50_d250
234,T7.500S,t7_500s,ground_motion,10,Updated_NGA_West2_Flatfile_RotD50_d250_public_version.xlsx,RotD50,25,ROTD50_d250
235,T8.000S,t8_000s,ground_motion,10,Updated_NGA_West2_Flatfile_RotD50_d250_public_version.xlsx,RotD50,25,ROTD50_d250
236,T8.500S,t8_500s,ground_motion,10,Updated_NGA_West2_Flatfile_RotD50_d250_public_version.xlsx,RotD50,25,ROTD50_d250
237,T9.000S,t9_000s,ground_motion,10,Updated_NGA_West2_Flatfile_RotD50_d250_public_version.xlsx,RotD50,25,ROTD50_d250
238,T9.500S,t9_500s,ground_motion,10,Updated_NGA_West2_Flatfile_RotD50_d250_public_version.xlsx,RotD50,25,ROTD50_d250
239,T10.000S,t10_000s,ground_motion,10,Updated_NGA_West2_Flatfile_RotD50_d250_public_version.xlsx,RotD50,25,ROTD50_d250
240,T11.000S,t11_000s,ground_motion,10,Updated_NGA_West2_Flatfile_RotD50_d250_public_version.xlsx,RotD50,25,ROTD50_d250
241,T12.000S,t12_000s,ground_motion,10,Updated_NGA_West2_Flatfile_RotD50_d250_public_version.xlsx,RotD50,25,ROTD50_d250
242,T13.000S,t13_000s,ground_motion,10,Updated_NGA_West2_Flatfile_RotD50_d250_public_version.xlsx,RotD50,25,ROTD50_d250
243,T14.000S,t14_000s,ground_motion,10,Updated_NGA_West2_Flatfile_RotD50_d250_public_version.xlsx,RotD50,25,ROTD50_d250
244,T15.000S,t15_000s,ground_motion,10,Updated_NGA_West2_Flatfile_RotD50_d250_public_version.xlsx,RotD50,25,ROTD50_d250
245,T20.000S,t20_000s,ground_motion,10,Updated_NGA_West2_Flatfile_RotD50_d250_public_version.xlsx,RotD50,25,ROTD50_d250
246,Ave Strike (deg),ave_strike_deg,classification_directivity,10,Updated_NGA_West2_Flatfile_RotD50_d250_public_version.xlsx,RotD50,25,ROTD50_d250
247,TYPE(CRjb = 0),type_crjb_0,classification_directivity,10,Updated_NGA_West2_Flatfile_RotD50_d250_public_version.xlsx,RotD50,25,ROTD50_d250
248,CRjb,crjb,classification_directivity,10,Updated_NGA_West2_Flatfile_RotD50_d250_public_version.xlsx,RotD50,25,ROTD50_d250
249,"TYPE
(CRjb = 2)",type_crjb_2,classification_directivity,10,Updated_NGA_West2_Flatfile_RotD50_d250_public_version.xlsx,RotD50,25,ROTD50_d250
250,CRjb,crjb_1,classification_directivity,10,Updated_NGA_West2_Flatfile_RotD50_d250_public_version.xlsx,RotD50,25,ROTD50_d250
251,"TYPE
(CRjb = 5)",type_crjb_5,classification_directivity,10,Updated_NGA_West2_Flatfile_RotD50_d250_public_version.xlsx,RotD50,25,ROTD50_d250
252,CRjb,crjb_2,classification_directivity,10,Updated_NGA_West2_Flatfile_RotD50_d250_public_version.xlsx,RotD50,25,ROTD50_d250
253,"TYPE
(CRjb = 10)",type_crjb_10,classification_directivity,10,Updated_NGA_West2_Flatfile_RotD50_d250_public_version.xlsx,RotD50,25,ROTD50_d250
254,CRjb,crjb_3,classification_directivity,10,Updated_NGA_West2_Flatfile_RotD50_d250_public_version.xlsx,RotD50,25,ROTD50_d250
255,"TYPE
(CRjb = 20)",type_crjb_20,classification_directivity,10,Updated_NGA_West2_Flatfile_RotD50_d250_public_version.xlsx,RotD50,25,ROTD50_d250
256,CRjb,crjb_4,classification_directivity,10,Updated_NGA_West2_Flatfile_RotD50_d250_public_version.xlsx,RotD50,25,ROTD50_d250
257,"TYPE
(CRjb = 40)",type_crjb_40,classification_directivity,10,Updated_NGA_West2_Flatfile_RotD50_d250_public_version.xlsx,RotD50,25,ROTD50_d250
258,CRjb,crjb_5,classification_directivity,10,Updated_NGA_West2_Flatfile_RotD50_d250_public_version.xlsx,RotD50,25,ROTD50_d250
259,U,u,quality,10,Updated_NGA_West2_Flatfile_RotD50_d250_public_version.xlsx,RotD50,25,ROTD50_d250
260,IDPv4,idpv4,quality,10,Updated_NGA_West2_Flatfile_RotD50_d250_public_version.xlsx,RotD50,25,ROTD50_d250
261,XCI,xci,quality,10,Updated_NGA_West2_Flatfile_RotD50_d250_public_version.xlsx,RotD50,25,ROTD50_d250
262,XCI1,xci1,quality,10,Updated_NGA_West2_Flatfile_RotD50_d250_public_version.xlsx,RotD50,25,ROTD50_d250
263,Damping (%),damping_percent,quality,10,Updated_NGA_West2_Flatfile_RotD50_d250_public_version.xlsx,RotD50,25,ROTD50_d250
264,RotD percentile,rotd_percentile,quality,10,Updated_NGA_West2_Flatfile_RotD50_d250_public_version.xlsx,RotD50,25,ROTD50_d250
265,Instrument Nat. Freq.,instrument_nat_freq,quality,10,Updated_NGA_West2_Flatfile_RotD50_d250_public_version.xlsx,RotD50,25,ROTD50_d250
266,Instrument Damping,instrument_damping,quality,10,Updated_NGA_West2_Flatfile_RotD50_d250_public_version.xlsx,RotD50,25,ROTD50_d250
267,Instrument Type,instrument_type,quality,10,Updated_NGA_West2_Flatfile_RotD50_d250_public_version.xlsx,RotD50,25,ROTD50_d250
268,Quality_Flag,quality_flag,quality,10,Updated_NGA_West2_Flatfile_RotD50_d250_public_version.xlsx,RotD50,25,ROTD50_d250
269,Spectra Quality Flag,spectra_quality_flag,quality,10,Updated_NGA_West2_Flatfile_RotD50_d250_public_version.xlsx,RotD50,25,ROTD50_d250
270,Late S-trigger,late_s_trigger,quality,10,Updated_NGA_West2_Flatfile_RotD50_d250_public_version.xlsx,RotD50,25,ROTD50_d250
271,Late P-trigger,late_p_trigger,quality,10,Updated_NGA_West2_Flatfile_RotD50_d250_public_version.xlsx,RotD50,25,ROTD50_d250
272,Idirectivity,idirectivity,quality,10,Updated_NGA_West2_Flatfile_RotD50_d250_public_version.xlsx,RotD50,25,ROTD50_d250
273,Tp,tp,quality,10,Updated_NGA_West2_Flatfile_RotD50_d250_public_version.xlsx,RotD50,25,ROTD50_d250
274,Ry 2,ry_2,quality,10,Updated_NGA_West2_Flatfile_RotD50_d250_public_version.xlsx,RotD50,25,ROTD50_d250
1,Record Sequence Number,record_sequence_number,source,11,Updated_NGA_West2_Flatfile_RotD50_d300_public_version.xlsx,RotD50,30,ROTD50_d300
2,EQID,eqid,source,11,Updated_NGA_West2_Flatfile_RotD50_d300_public_version.xlsx,RotD50,30,ROTD50_d300
3,Earthquake Name,earthquake_name,source,11,Updated_NGA_West2_Flatfile_RotD50_d300_public_version.xlsx,RotD50,30,ROTD50_d300
4,YEAR,year,source,11,Updated_NGA_West2_Flatfile_RotD50_d300_public_version.xlsx,RotD50,30,ROTD50_d300
5,MODY,mody,source,11,Updated_NGA_West2_Flatfile_RotD50_d300_public_version.xlsx,RotD50,30,ROTD50_d300
6,HRMN,hrmn,source,11,Updated_NGA_West2_Flatfile_RotD50_d300_public_version.xlsx,RotD50,30,ROTD50_d300
7,Station Name,station_name,source,11,Updated_NGA_West2_Flatfile_RotD50_d300_public_version.xlsx,RotD50,30,ROTD50_d300
8,Station Sequence Number,station_sequence_number,source,11,Updated_NGA_West2_Flatfile_RotD50_d300_public_version.xlsx,RotD50,30,ROTD50_d300
9,Station ID  No.,station_id_no,source,11,Updated_NGA_West2_Flatfile_RotD50_d300_public_version.xlsx,RotD50,30,ROTD50_d300
10,Earthquake Magnitude,earthquake_magnitude,source,11,Updated_NGA_West2_Flatfile_RotD50_d300_public_version.xlsx,RotD50,30,ROTD50_d300
11,Magnitude Type,magnitude_type,source,11,Updated_NGA_West2_Flatfile_RotD50_d300_public_version.xlsx,RotD50,30,ROTD50_d300
12,Magnitude Uncertainty: Kagan Model,magnitude_uncertainty_kagan_model,source,11,Updated_NGA_West2_Flatfile_RotD50_d300_public_version.xlsx,RotD50,30,ROTD50_d300
13,Magnitude Uncertainty: Statistical,magnitude_uncertainty_statistical,source,11,Updated_NGA_West2_Flatfile_RotD50_d300_public_version.xlsx,RotD50,30,ROTD50_d300
14,Magnitude Sample Size,magnitude_sample_size,source,11,Updated_NGA_West2_Flatfile_RotD50_d300_public_version.xlsx,RotD50,30,ROTD50_d300
15,Magnitude Uncertainty: Study Class,magnitude_uncertainty_study_class,source,11,Updated_NGA_West2_Flatfile_RotD50_d300_public_version.xlsx,RotD50,30,ROTD50_d300
16,Mo (dyne.cm),mo_dyne_cm,source,11,Updated_NGA_West2_Flatfile_RotD50_d300_public_version.xlsx,RotD50,30,ROTD50_d300
17,Strike (deg),strike_deg,source,11,Updated_NGA_West2_Flatfile_RotD50_d300_public_version.xlsx,RotD50,30,ROTD50_d300
18,Dip (deg),dip_deg,source,11,Updated_NGA_West2_Flatfile_RotD50_d300_public_version.xlsx,RotD50,30,ROTD50_d300
19,Rake Angle (deg),rake_angle_deg,source,11,Updated_NGA_West2_Flatfile_RotD50_d300_public_version.xlsx,RotD50,30,ROTD50_d300
20,Mechanism Based on Rake Angle,mechanism_based_on_rake_angle,source,11,Updated_NGA_West2_Flatfile_RotD50_d300_public_version.xlsx,RotD50,30,ROTD50_d300
21,P-plunge (deg),p_plunge_deg,source,11,Updated_NGA_West2_Flatfile_RotD50_d300_public_version.xlsx,RotD50,30,ROTD50_d300
22,P-trend (deg),p_trend_deg,source,11,Updated_NGA_West2_Flatfile_RotD50_d300_public_version.xlsx,RotD50,30,ROTD50_d300
23,T-plunge (deg),t_plunge_deg,source,11,Updated_NGA_West2_Flatfile_RotD50_d300_public_version.xlsx,RotD50,30,ROTD50_d300
24,T-trend (deg),t_trend_deg,source,11,Updated_NGA_West2_Flatfile_RotD50_d300_public_version.xlsx,RotD50,30,ROTD50_d300
25,Hypocenter Latitude (deg),hypocenter_latitude_deg,source,11,Updated_NGA_West2_Flatfile_RotD50_d300_public_version.xlsx,RotD50,30,ROTD50_d300
26,Hypocenter Longitude (deg),hypocenter_longitude_deg,source,11,Updated_NGA_West2_Flatfile_RotD50_d300_public_version.xlsx,RotD50,30,ROTD50_d300
27,Hypocenter Depth (km),hypocenter_depth_km,source,11,Updated_NGA_West2_Flatfile_RotD50_d300_public_version.xlsx,RotD50,30,ROTD50_d300
28,Coseismic Surface Rupture: 1=Yes; 0=No;    -999=Unknown,coseismic_surface_rupture_1_yes_0_no_999_unknown,source,11,Updated_NGA_West2_Flatfile_RotD50_d300_public_version.xlsx,RotD50,30,ROTD50_d300
29,Coseismic Surface Rupture (Including Inferred),coseismic_surface_rupture_including_inferred,source,11,Updated_NGA_West2_Flatfile_RotD50_d300_public_version.xlsx,RotD50,30,ROTD50_d300
30,Basis for Inference of Surface Rupture,basis_for_inference_of_surface_rupture,source,11,Updated_NGA_West2_Flatfile_RotD50_d300_public_version.xlsx,RotD50,30,ROTD50_d300
31,Finite Rupture Model: 1=Yes;  0=No,finite_rupture_model_1_yes_0_no,source,11,Updated_NGA_West2_Flatfile_RotD50_d300_public_version.xlsx,RotD50,30,ROTD50_d300
32,Depth to Top Of Fault Rupture Model,depth_to_top_of_fault_rupture_model,source,11,Updated_NGA_West2_Flatfile_RotD50_d300_public_version.xlsx,RotD50,30,ROTD50_d300
33,Fault Rupture Length for Calculation of Ry (km),fault_rupture_length_for_calculation_of_ry_km,source,11,Updated_NGA_West2_Flatfile_RotD50_d300_public_version.xlsx,RotD50,30,ROTD50_d300
34,Fault Rupture Width (km),fault_rupture_width_km,source,11,Updated_NGA_West2_Flatfile_RotD50_d300_public_version.xlsx,RotD50,30,ROTD50_d300
35,Fault Rupture Area (km^2),fault_rupture_area_km_2,source,11,Updated_NGA_West2_Flatfile_RotD50_d300_public_version.xlsx,RotD50,30,ROTD50_d300
36,Avg Fault Disp (cm),avg_fault_disp_cm,source,11,Updated_NGA_West2_Flatfile_RotD50_d300_public_version.xlsx,RotD50,30,ROTD50_d300
37,Rise Time (s),rise_time_s,source,11,Updated_NGA_West2_Flatfile_RotD50_d300_public_version.xlsx,RotD50,30,ROTD50_d300
38,Avg Slip Velocity (cm/s),avg_slip_velocity_cm_s,source,11,Updated_NGA_West2_Flatfile_RotD50_d300_public_version.xlsx,RotD50,30,ROTD50_d300
39,Static Stress Drop (bars),static_stress_drop_bars,source,11,Updated_NGA_West2_Flatfile_RotD50_d300_public_version.xlsx,RotD50,30,ROTD50_d300
40,Preferred Rupture Velocity (km/s),preferred_rupture_velocity_km_s,source,11,Updated_NGA_West2_Flatfile_RotD50_d300_public_version.xlsx,RotD50,30,ROTD50_d300
41,Average Vr/Vs,average_vr_vs,source,11,Updated_NGA_West2_Flatfile_RotD50_d300_public_version.xlsx,RotD50,30,ROTD50_d300
42,Percent of Moment Release in the Top 5 Km of Crust,percent_of_moment_release_in_the_top_5_km_of_crust,source,11,Updated_NGA_West2_Flatfile_RotD50_d300_public_version.xlsx,RotD50,30,ROTD50_d300
43,Existence of Shallow Asperity: 0=No; 1=Yes,existence_of_shallow_asperity_0_no_1_yes,source,11,Updated_NGA_West2_Flatfile_RotD50_d300_public_version.xlsx,RotD50,30,ROTD50_d300
44,Depth to Top of Shallowest Asperity (km),depth_to_top_of_shallowest_asperity_km,source,11,Updated_NGA_West2_Flatfile_RotD50_d300_public_version.xlsx,RotD50,30,ROTD50_d300
45,Earthquake in Extensional Regime: 1=Yes; 0=No,earthquake_in_extensional_regime_1_yes_0_no,source,11,Updated_NGA_West2_Flatfile_RotD50_d300_public_version.xlsx,RotD50,30,ROTD50_d300
46,Fault Name,fault_name,source,11,Updated_NGA_West2_Flatfile_RotD50_d300_public_version.xlsx,RotD50,30,ROTD50_d300
47,Slip Rate (mm/Yr),slip_rate_mm_yr,source,11,Updated_NGA_West2_Flatfile_RotD50_d300_public_version.xlsx,RotD50,30,ROTD50_d300
48,EpiD (km),epid_km,path,11,Updated_NGA_West2_Flatfile_RotD50_d300_public_version.xlsx,RotD50,30,ROTD50_d300
49,HypD (km),hypd_km,path,11,Updated_NGA_West2_Flatfile_RotD50_d300_public_version.xlsx,RotD50,30,ROTD50_d300
50,Joyner-Boore Dist. (km),joyner_boore_dist_km,path,11,Updated_NGA_West2_Flatfile_RotD50_d300_public_version.xlsx,RotD50,30,ROTD50_d300
51,Campbell R Dist. (km),campbell_r_dist_km,path,11,Updated_NGA_West2_Flatfile_RotD50_d300_public_version.xlsx,RotD50,30,ROTD50_d300
52,RmsD (km),rmsd_km,path,11,Updated_NGA_West2_Flatfile_RotD50_d300_public_version.xlsx,RotD50,30,ROTD50_d300
53,ClstD (km),clstd_km,path,11,Updated_NGA_West2_Flatfile_RotD50_d300_public_version.xlsx,RotD50,30,ROTD50_d300
54,Rx,rx,path,11,Updated_NGA_West2_Flatfile_RotD50_d300_public_version.xlsx,RotD50,30,ROTD50_d300
55,FW/HW Indicator,fw_hw_indicator,path,11,Updated_NGA_West2_Flatfile_RotD50_d300_public_version.xlsx,RotD50,30,ROTD50_d300
56,Source to Site Azimuth (deg),source_to_site_azimuth_deg,path,11,Updated_NGA_West2_Flatfile_RotD50_d300_public_version.xlsx,RotD50,30,ROTD50_d300
57,X,x,path,11,Updated_NGA_West2_Flatfile_RotD50_d300_public_version.xlsx,RotD50,30,ROTD50_d300
58,Theta.D (deg),theta_d_deg,path,11,Updated_NGA_West2_Flatfile_RotD50_d300_public_version.xlsx,RotD50,30,ROTD50_d300
59,SSGA (Strike Slip),ssga_strike_slip,path,11,Updated_NGA_West2_Flatfile_RotD50_d300_public_version.xlsx,RotD50,30,ROTD50_d300
60,Y,y,path,11,Updated_NGA_West2_Flatfile_RotD50_d300_public_version.xlsx,RotD50,30,ROTD50_d300
61,Phi.D (deg),phi_d_deg,path,11,Updated_NGA_West2_Flatfile_RotD50_d300_public_version.xlsx,RotD50,30,ROTD50_d300
62,SSGA (Dip Slip),ssga_dip_slip,path,11,Updated_NGA_West2_Flatfile_RotD50_d300_public_version.xlsx,RotD50,30,ROTD50_d300
63,s,s,path,11,Updated_NGA_West2_Flatfile_RotD50_d300_public_version.xlsx,RotD50,30,ROTD50_d300
64,d,d,path,11,Updated_NGA_West2_Flatfile_RotD50_d300_public_version.xlsx,RotD50,30,ROTD50_d300
65,ctildepr,ctildepr,path,11,Updated_NGA_West2_Flatfile_RotD50_d300_public_version.xlsx,RotD50,30,ROTD50_d300
66,Unused Column,unused_column,path,11,Updated_NGA_West2_Flatfile_RotD50_d300_public_version.xlsx,RotD50,30,ROTD50_d300
67,D,d_1,path,11,Updated_NGA_West2_Flatfile_RotD50_d300_public_version.xlsx,RotD50,30,ROTD50_d300
68,Rfn.Hyp,rfn_hyp,path,11,Updated_NGA_West2_Flatfile_RotD50_d300_public_version.xlsx,RotD50,30,ROTD50_d300
69,Rfp.Hyp,rfp_hyp,path,11,Updated_NGA_West2_Flatfile_RotD50_d300_public_version.xlsx,RotD50,30,ROTD50_d300
70,Unused Column,unused_column_1,path,11,Updated_NGA_West2_Flatfile_RotD50_d300_public_version.xlsx,RotD50,30,ROTD50_d300
71,Unused Column,unused_column_2,path,11,Updated_NGA_West2_Flatfile_RotD50_d300_public_version.xlsx,RotD50,30,ROTD50_d300
72,Unused Column,unused_column_3,path,11,Updated_NGA_West2_Flatfile_RotD50_d300_public_version.xlsx,RotD50,30,ROTD50_d300
73,T,t,path,11,Updated_NGA_West2_Flatfile_RotD50_d300_public_version.xlsx,RotD50,30,ROTD50_d300
74,GMX's C1,gmx_s_c1,site,11,Updated_NGA_West2_Flatfile_RotD50_d300_public_version.xlsx,RotD50,30,ROTD50_d300
75,GMX's C2,gmx_s_c2,site,11,Updated_NGA_West2_Flatfile_RotD50_d300_public_version.xlsx,RotD50,30,ROTD50_d300
76,GMX's C3,gmx_s_c3,site,11,Updated_NGA_West2_Flatfile_RotD50_d300_public_version.xlsx,RotD50,30,ROTD50_d300
77,Campbell's GEOCODE,campbell_s_geocode,site,11,Updated_NGA_West2_Flatfile_RotD50_d300_public_version.xlsx,RotD50,30,ROTD50_d300
78,Bray and Rodriguez-Marek SGS,bray_and_rodriguez_marek_sgs,site,11,Updated_NGA_West2_Flatfile_RotD50_d300_public_version.xlsx,RotD50,30,ROTD50_d300
79,Depth,depth,site,11,Updated_NGA_West2_Flatfile_RotD50_d300_public_version.xlsx,RotD50,30,ROTD50_d300
80,Preferred NEHRP Based on Vs30,preferred_nehrp_based_on_vs30,site,11,Updated_NGA_West2_Flatfile_RotD50_d300_public_version.xlsx,RotD50,30,ROTD50_d300
81,Vs30 (m/s) selected for analysis,vs30_m_s_selected_for_analysis,site,11,Updated_NGA_West2_Flatfile_RotD50_d300_public_version.xlsx,RotD50,30,ROTD50_d300
82,Column Not Used,column_not_used,site,11,Updated_NGA_West2_Flatfile_RotD50_d300_public_version.xlsx,RotD50,30,ROTD50_d300
83,Measured/Inferred Class,measured_inferred_class,site,11,Updated_NGA_West2_Flatfile_RotD50_d300_public_version.xlsx,RotD50,30,ROTD50_d300
84,Sigma of Vs30 (in natural log Units),sigma_of_vs30_in_natural_log_units,site,11,Updated_NGA_West2_Flatfile_RotD50_d300_public_version.xlsx,RotD50,30,ROTD50_d300
85,NEHRP Classification from CGS's Site Condition Map,nehrp_classification_from_cgs_s_site_condition_map,site,11,Updated_NGA_West2_Flatfile_RotD50_d300_public_version.xlsx,RotD50,30,ROTD50_d300
86,Geological Unit,geological_unit,site,11,Updated_NGA_West2_Flatfile_RotD50_d300_public_version.xlsx,RotD50,30,ROTD50_d300
87,Geology,geology,site,11,Updated_NGA_West2_Flatfile_RotD50_d300_public_version.xlsx,RotD50,30,ROTD50_d300
88,Owner,owner,site,11,Updated_NGA_West2_Flatfile_RotD50_d300_public_version.xlsx,RotD50,30,ROTD50_d300
89,Station Latitude,station_latitude,site,11,Updated_NGA_West2_Flatfile_RotD50_d300_public_version.xlsx,RotD50,30,ROTD50_d300
90,Station Longitude,station_longitude,site,11,Updated_NGA_West2_Flatfile_RotD50_d300_public_version.xlsx,RotD50,30,ROTD50_d300
91,STORIES,stories,site,11,Updated_NGA_West2_Flatfile_RotD50_d300_public_version.xlsx,RotD50,30,ROTD50_d300
92,INSTLOC,instloc,site,11,Updated_NGA_West2_Flatfile_RotD50_d300_public_version.xlsx,RotD50,30,ROTD50_d300
93,Depth to Basement Rock,depth_to_basement_rock,site,11,Updated_NGA_West2_Flatfile_RotD50_d300_public_version.xlsx,RotD50,30,ROTD50_d300
94,Site Visited,site_visited,site,11,Updated_NGA_West2_Flatfile_RotD50_d300_public_version.xlsx,RotD50,30,ROTD50_d300
95,NGA Type,nga_type,site,11,Updated_NGA_West2_Flatfile_RotD50_d300_public_version.xlsx,RotD50,30,ROTD50_d300
96,Age,age,site,11,Updated_NGA_West2_Flatfile_RotD50_d300_public_version.xlsx,RotD50,30,ROTD50_d300
97,Grain Size,grain_size,site,11,Updated_NGA_West2_Flatfile_RotD50_d300_public_version.xlsx,RotD50,30,ROTD50_d300
98,Depositional History,depositional_history,site,11,Updated_NGA_West2_Flatfile_RotD50_d300_public_version.xlsx,RotD50,30,ROTD50_d300
99,Northern CA/Southern CA - H11 Z1 (m),northern_ca_southern_ca_h11_z1_m,site,11,Updated_NGA_West2_Flatfile_RotD50_d300_public_version.xlsx,RotD50,30,ROTD50_d300
100,Northern CA/Southern CA - H11 Z1.5 (m),northern_ca_southern_ca_h11_z1_5_m,site,11,Updated_NGA_West2_Flatfile_RotD50_d300_public_version.xlsx,RotD50,30,ROTD50_d300
101,Northern CA/Southern CA - H11 Z2.5 (m),northern_ca_southern_ca_h11_z2_5_m,site,11,Updated_NGA_West2_Flatfile_RotD50_d300_public_version.xlsx,RotD50,30,ROTD50_d300
102,Northern CA/Southern CA - S4 Z1 (m),northern_ca_southern_ca_s4_z1_m,site,11,Updated_NGA_West2_Flatfile_RotD50_d300_public_version.xlsx,RotD50,30,ROTD50_d300
103,Northern CA/Southern CA - S4 Z1.5 (m),northern_ca_southern_ca_s4_z1_5_m,site,11,Updated_NGA_West2_Flatfile_RotD50_d300_public_version.xlsx,RotD50,30,ROTD50_d300
104,Northern CA/Southern CA - S4 Z2.5 (m),northern_ca_southern_ca_s4_z2_5_m,site,11,Updated_NGA_West2_Flatfile_RotD50_d300_public_version.xlsx,RotD50,30,ROTD50_d300
105,Depth to Franciscan Rock (km),depth_to_franciscan_rock_km,site,11,Updated_NGA_West2_Flatfile_RotD50_d300_public_version.xlsx,RotD50,30,ROTD50_d300
106,Basin,basin,site,11,Updated_NGA_West2_Flatfile_RotD50_d300_public_version.xlsx,RotD50,30,ROTD50_d300
107,h (m),h_m,site,11,Updated_NGA_West2_Flatfile_RotD50_d300_public_version.xlsx,RotD50,30,ROTD50_d300
108,hnorm (m),hnorm_m,site,11,Updated_NGA_West2_Flatfile_RotD50_d300_public_version.xlsx,RotD50,30,ROTD50_d300
109,Rsbe (m),rsbe_m,site,11,Updated_NGA_West2_Flatfile_RotD50_d300_public_version.xlsx,RotD50,30,ROTD50_d300
110,Rcebe (m),rcebe_m,site,11,Updated_NGA_West2_Flatfile_RotD50_d300_public_version.xlsx,RotD50,30,ROTD50_d300
111,Rebe (m),rebe_m,site,11,Updated_NGA_West2_Flatfile_RotD50_d300_public_version.xlsx,RotD50,30,ROTD50_d300
112,Rsbe1 (m),rsbe1_m,site,11,Updated_NGA_West2_Flatfile_RotD50_d300_public_version.xlsx,RotD50,30,ROTD50_d300
113,File Name (Horizontal 1),file_name_horizontal_1,record_processing,11,Updated_NGA_West2_Flatfile_RotD50_d300_public_version.xlsx,RotD50,30,ROTD50_d300
114,File Name (Horizontal 2),file_name_horizontal_2,record_processing,11,Updated_NGA_West2_Flatfile_RotD50_d300_public_version.xlsx,RotD50,30,ROTD50_d300
115,File Name (Vertical),file_name_vertical,record_processing,11,Updated_NGA_West2_Flatfile_RotD50_d300_public_version.xlsx,RotD50,30,ROTD50_d300
116,H1 azimth (degrees),h1_azimth_degrees,record_processing,11,Updated_NGA_West2_Flatfile_RotD50_d300_public_version.xlsx,RotD50,30,ROTD50_d300
117,H2 azimith (degrees),h2_azimith_degrees,record_processing,11,Updated_NGA_West2_Flatfile_RotD50_d300_public_version.xlsx,RotD50,30,ROTD50_d300
118,Type of Recording,type_of_recording,record_processing,11,Updated_NGA_West2_Flatfile_RotD50_d300_public_version.xlsx,RotD50,30,ROTD50_d300
119,Instrument Model,instrument_model,record_processing,11,Updated_NGA_West2_Flatfile_RotD50_d300_public_version.xlsx,RotD50,30,ROTD50_d300
120,PEA Processing Flag,pea_processing_flag,record_processing,11,Updated_NGA_West2_Flatfile_RotD50_d300_public_version.xlsx,RotD50,30,ROTD50_d300
121,Type of Filter,type_of_filter,record_processing,11,Updated_NGA_West2_Flatfile_RotD50_d300_public_version.xlsx,RotD50,30,ROTD50_d300
122,npass,npass,record_processing,11,Updated_NGA_West2_Flatfile_RotD50_d300_public_version.xlsx,RotD50,30,ROTD50_d300
123,nroll,nroll,record_processing,11,Updated_NGA_West2_Flatfile_RotD50_d300_public_version.xlsx,RotD50,30,ROTD50_d300
124,HP-H1 (Hz),hp_h1_hz,record_processing,11,Updated_NGA_West2_Flatfile_RotD50_d300_public_version.xlsx,RotD50,30,ROTD50_d300
125,HP-H2 (Hz),hp_h2_hz,record_processing,11,Updated_NGA_West2_Flatfile_RotD50_d300_public_version.xlsx,RotD50,30,ROTD50_d300
126,LP-H1 (Hz),lp_h1_hz,record_processing,11,Updated_NGA_West2_Flatfile_RotD50_d300_public_version.xlsx,RotD50,30,ROTD50_d300
127,LP-H2 (Hz),lp_h2_hz,record_processing,11,Updated_NGA_West2_Flatfile_RotD50_d300_public_version.xlsx,RotD50,30,ROTD50_d300
128,Factor,factor,record_processing,11,Updated_NGA_West2_Flatfile_RotD50_d300_public_version.xlsx,RotD50,30,ROTD50_d300
129,Lowest Usable Freq - H1 (Hz),lowest_usable_freq_h1_hz,record_processing,11,Updated_NGA_West2_Flatfile_RotD50_d300_public_version.xlsx,RotD50,30,ROTD50_d300
130,Lowest Usable Freq - H2 (H2),lowest_usable_freq_h2_h2,record_processing,11,Updated_NGA_West2_Flatfile_RotD50_d300_public_version.xlsx,RotD50,30,ROTD50_d300
131,Lowest Usable Freq - Ave. Component (Hz),lowest_usable_freq_ave_component_hz,record_processing,11,Updated_NGA_West2_Flatfile_RotD50_d300_public_version.xlsx,RotD50,30,ROTD50_d300
132,PGA (g),pga_g,ground_motion,11,Updated_NGA_West2_Flatfile_RotD50_d300_public_version.xlsx,RotD50,30,ROTD50_d300
133,PGV (cm/sec),pgv_cm_sec,ground_motion,11,Updated_NGA_West2_Flatfile_RotD50_d300_public_version.xlsx,RotD50,30,ROTD50_d300
134,PGD (cm),pgd_cm,ground_motion,11,Updated_NGA_West2_Flatfile_RotD50_d300_public_version.xlsx,RotD50,30,ROTD50_d300
135,T0.010S,t0_010s,ground_motion,11,Updated_NGA_West2_Flatfile_RotD50_d300_public_version.xlsx,RotD50,30,ROTD50_d300
136,T0.020S,t0_020s,ground_motion,11,Updated_NGA_West2_Flatfile_RotD50_d300_public_version.xlsx,RotD50,30,ROTD50_d300
137,T0.022S,t0_022s,ground_motion,11,Updated_NGA_West2_Flatfile_RotD50_d300_public_version.xlsx,RotD50,30,ROTD50_d300
138,T0.025S,t0_025s,ground_motion,11,Updated_NGA_West2_Flatfile_RotD50_d300_public_version.xlsx,RotD50,30,ROTD50_d300
139,T0.029S,t0_029s,ground_motion,11,Updated_NGA_West2_Flatfile_RotD50_d300_public_version.xlsx,RotD50,30,ROTD50_d300
140,T0.030S,t0_030s,ground_motion,11,Updated_NGA_West2_Flatfile_RotD50_d300_public_version.xlsx,RotD50,30,ROTD50_d300
141,T0.032S,t0_032s,ground_motion,11,Updated_NGA_West2_Flatfile_RotD50_d300_public_version.xlsx,RotD50,30,ROTD50_d300
142,T0.035S,t0_035s,ground_motion,11,Updated_NGA_West2_Flatfile_RotD50_d300_public_version.xlsx,RotD50,30,ROTD50_d300
143,T0.036S,t0_036s,ground_motion,11,Updated_NGA_West2_Flatfile_RotD50_d300_public_version.xlsx,RotD50,30,ROTD50_d300
144,T0.040S,t0_040s,ground_motion,11,Updated_NGA_West2_Flatfile_RotD50_d300_public_version.xlsx,RotD50,30,ROTD50_d300
145,T0.042S,t0_042s,ground_motion,11,Updated_NGA_West2_Flatfile_RotD50_d300_public_version.xlsx,RotD50,30,ROTD50_d300
146,T0.044S,t0_044s,ground_motion,11,Updated_NGA_West2_Flatfile_RotD50_d300_public_version.xlsx,RotD50,30,ROTD50_d300
147,T0.045S,t0_045s,ground_motion,11,Updated_NGA_West2_Flatfile_RotD50_d300_public_version.xlsx,RotD50,30,ROTD50_d300
148,T0.046S,t0_046s,ground_motion,11,Updated_NGA_West2_Flatfile_RotD50_d300_public_version.xlsx,RotD50,30,ROTD50_d300
149,T0.048S,t0_048s,ground_motion,11,Updated_NGA_West2_Flatfile_RotD50_d300_public_version.xlsx,RotD50,30,ROTD50_d300
150,T0.050S,t0_050s,ground_motion,11,Updated_NGA_West2_Flatfile_RotD50_d300_public_version.xlsx,RotD50,30,ROTD50_d300
151,T0.055S,t0_055s,ground_motion,11,Updated_NGA_West2_Flatfile_RotD50_d300_public_version.xlsx,RotD50,30,ROTD50_d300
152,T0.060S,t0_060s,ground_motion,11,Updated_NGA_West2_Flatfile_RotD50_d300_public_version.xlsx,RotD50,30,ROTD50_d300
153,T0.065S,t0_065s,ground_motion,11,Updated_NGA_West2_Flatfile_RotD50_d300_public_version.xlsx,RotD50,30,ROTD50_d300
154,T0.067S,t0_067s,ground_motion,11,Updated_NGA_West2_Flatfile_RotD50_d300_public_version.xlsx,RotD50,30,ROTD50_d300
155,T0.070S,t0_070s,ground_motion,11,Updated_NGA_West2_Flatfile_RotD50_d300_public_version.xlsx,RotD50,30,ROTD50_d300
156,T0.075S,t0_075s,ground_motion,11,Updated_NGA_West2_Flatfile_RotD50_d300_public_version.xlsx,RotD50,30,ROTD50_d300
157,T0.080S,t0_080s,ground_motion,11,Updated_NGA_West2_Flatfile_RotD50_d300_public_version.xlsx,RotD50,30,ROTD50_d300
158,T0.085S,t0_085s,ground_motion,11,Updated_NGA_West2_Flatfile_RotD50_d300_public_version.xlsx,RotD50,30,ROTD50_d300
159,T0.090S,t0_090s,ground_motion,11,Updated_NGA_West2_Flatfile_RotD50_d300_public_version.xlsx,RotD50,30,ROTD50_d300
160,T0.095S,t0_095s,ground_motion,11,Updated_NGA_West2_Flatfile_RotD50_d300_public_version.xlsx,RotD50,30,ROTD50_d300
161,T0.100S,t0_100s,ground_motion,11,Updated_NGA_West2_Flatfile_RotD50_d300_public_version.xlsx,RotD50,30,ROTD50_d300
162,T0.110S,t0_110s,ground_motion,11,Updated_NGA_West2_Flatfile_RotD50_d300_public_version.xlsx,RotD50,30,ROTD50_d300
163,T0.120S,t0_120s,ground_motion,11,Updated_NGA_West2_Flatfile_RotD50_d300_public_version.xlsx,RotD50,30,ROTD50_d300
164,T0.130S,t0_130s,ground_motion,11,Updated_NGA_West2_Flatfile_RotD50_d300_public_version.xlsx,RotD50,30,ROTD50_d300
165,T0.133S,t0_133s,ground_motion,11,Updated_NGA_West2_Flatfile_RotD50_d300_public_version.xlsx,RotD50,30,ROTD50_d300
166,T0.140S,t0_140s,ground_motion,11,Updated_NGA_West2_Flatfile_RotD50_d300_public_version.xlsx,RotD50,30,ROTD50_d300
167,T0.150S,t0_150s,ground_motion,11,Updated_NGA_West2_Flatfile_RotD50_d300_public_version.xlsx,RotD50,30,ROTD50_d300
168,T0.160S,t0_160s,ground_motion,11,Updated_NGA_West2_Flatfile_RotD50_d300_public_version.xlsx,RotD50,30,ROTD50_d300
169,T0.170S,t0_170s,ground_motion,11,Updated_NGA_West2_Flatfile_RotD50_d300_public_version.xlsx,RotD50,30,ROTD50_d300
170,T0.180S,t0_180s,ground_motion,11,Updated_NGA_West2_Flatfile_RotD50_d300_public_version.xlsx,RotD50,30,ROTD50_d300
171,T0.190S,t0_190s,ground_motion,11,Updated_NGA_West2_Flatfile_RotD50_d300_public_version.xlsx,RotD50,30,ROTD50_d300
172,T0.200S,t0_200s,ground_motion,11,Updated_NGA_West2_Flatfile_RotD50_d300_public_version.xlsx,RotD50,30,ROTD50_d300
173,T0.220S,t0_220s,ground_motion,11,Updated_NGA_West2_Flatfile_RotD50_d300_public_version.xlsx,RotD50,30,ROTD50_d300
174,T0.240S,t0_240s,ground_motion,11,Updated_NGA_West2_Flatfile_RotD50_d300_public_version.xlsx,RotD50,30,ROTD50_d300
175,T0.250S,t0_250s,ground_motion,11,Updated_NGA_West2_Flatfile_RotD50_d300_public_version.xlsx,RotD50,30,ROTD50_d300
176,T0.260S,t0_260s,ground_motion,11,Updated_NGA_West2_Flatfile_RotD50_d300_public_version.xlsx,RotD50,30,ROTD50_d300
177,T0.280S,t0_280s,ground_motion,11,Updated_NGA_West2_Flatfile_RotD50_d300_public_version.xlsx,RotD50,30,ROTD50_d300
178,T0.290S,t0_290s,ground_motion,11,Updated_NGA_West2_Flatfile_RotD50_d300_public_version.xlsx,RotD50,30,ROTD50_d300
179,T0.300S,t0_300s,ground_motion,11,Updated_NGA_West2_Flatfile_RotD50_d300_public_version.xlsx,RotD50,30,ROTD50_d300
180,T0.320S,t0_320s,ground_motion,11,Updated_NGA_West2_Flatfile_RotD50_d300_public_version.xlsx,RotD50,30,ROTD50_d300
181,T0.340S,t0_340s,ground_motion,11,Updated_NGA_West2_Flatfile_RotD50_d300_public_version.xlsx,RotD50,30,ROTD50_d300
182,T0.350S,t0_350s,ground_motion,11,Updated_NGA_West2_Flatfile_RotD50_d300_public_version.xlsx,RotD50,30,ROTD50_d300
183,T0.360S,t0_360s,ground_motion,11,Updated_NGA_West2_Flatfile_RotD50_d300_public_version.xlsx,RotD50,30,ROTD50_d300
184,T0.380S,t0_380s,ground_motion,11,Updated_NGA_West2_Flatfile_RotD50_d300_public_version.xlsx,RotD50,30,ROTD50_d300
185,T0.400S,t0_400s,ground_motion,11,Updated_NGA_West2_Flatfile_RotD50_d300_public_version.xlsx,RotD50,30,ROTD50_d300
186,T0.420S,t0_420s,ground_motion,11,Updated_NGA_West2_Flatfile_RotD50_d300_public_version.xlsx,RotD50,30,ROTD50_d300
187,T0.440S,t0_440s,ground_motion,11,Updated_NGA_West2_Flatfile_RotD50_d300_public_version.xlsx,RotD50,30,ROTD50_d300
188,T0.450S,t0_450s,ground_motion,11,Updated_NGA_West2_Flatfile_RotD50_d300_public_version.xlsx,RotD50,30,ROTD50_d300
189,T0.460S,t0_460s,ground_motion,11,Updated_NGA_West2_Flatfile_RotD50_d300_public_version.xlsx,RotD50,30,ROTD50_d300
190,T0.480S,t0_480s,ground_motion,11,Updated_NGA_West2_Flatfile_RotD50_d300_public_version.xlsx,RotD50,30,ROTD50_d300
191,T0.500S,t0_500s,ground_motion,11,Updated_NGA_West2_Flatfile_RotD50_d300_public_version.xlsx,RotD50,30,ROTD50_d300
192,T0.550S,t0_550s,ground_motion,11,Updated_NGA_West2_Flatfile_RotD50_d300_public_version.xlsx,RotD50,30,ROTD50_d300
193,T0.600S,t0_600s,ground_motion,11,Updated_NGA_West2_Flatfile_RotD50_d300_public_version.xlsx,RotD50,30,ROTD50_d300
194,T0.650S,t0_650s,ground_motion,11,Updated_NGA_West2_Flatfile_RotD50_d300_public_version.xlsx,RotD50,30,ROTD50_d300
195,T0.667S,t0_667s,ground_motion,11,Updated_NGA_West2_Flatfile_RotD50_d300_public_version.xlsx,RotD50,30,ROTD50_d300
196,T0.700S,t0_700s,ground_motion,11,Updated_NGA_West2_Flatfile_RotD50_d300_public_version.xlsx,RotD50,30,ROTD50_d300
197,T0.750S,t0_750s,ground_motion,11,Updated_NGA_West2_Flatfile_RotD50_d300_public_version.xlsx,RotD50,30,ROTD50_d300
198,T0.800S,t0_800s,ground_motion,11,Updated_NGA_West2_Flatfile_RotD50_d300_public_version.xlsx,RotD50,30,ROTD50_d300
199,T0.850S,t0_850s,ground_motion,11,Updated_NGA_West2_Flatfile_RotD50_d300_public_version.xlsx,RotD50,30,ROTD50_d300
200,T0.900S,t0_900s,ground_motion,11,Updated_NGA_West2_Flatfile_RotD50_d300_public_version.xlsx,RotD50,30,ROTD50_d300
201,T0.950S,t0_950s,ground_motion,11,Updated_NGA_West2_Flatfile_RotD50_d300_public_version.xlsx,RotD50,30,ROTD50_d300
202,T1.000S,t1_000s,ground_motion,11,Updated_NGA_West2_Flatfile_RotD50_d300_public_version.xlsx,RotD50,30,ROTD50_d300
203,T1.100S,t1_100s,ground_motion,11,Updated_NGA_West2_Flatfile_RotD50_d300_public_version.xlsx,RotD50,30,ROTD50_d300
204,T1.200S,t1_200s,ground_motion,11,Updated_NGA_West2_Flatfile_RotD50_d300_public_version.xlsx,RotD50,30,ROTD50_d300
205,T1.300S,t1_300s,ground_motion,11,Updated_NGA_West2_Flatfile_RotD50_d300_public_version.xlsx,RotD50,30,ROTD50_d300
206,T1.400S,t1_400s,ground_motion,11,Updated_NGA_West2_Flatfile_RotD50_d300_public_version.xlsx,RotD50,30,ROTD50_d300
207,T1.500S,t1_500s,ground_motion,11,Updated_NGA_West2_Flatfile_RotD50_d300_public_version.xlsx,RotD50,30,ROTD50_d300
208,T1.600S,t1_600s,ground_motion,11,Updated_NGA_West2_Flatfile_RotD50_d300_public_version.xlsx,RotD50,30,ROTD50_d300
209,T1.700S,t1_700s,ground_motion,11,Updated_NGA_West2_Flatfile_RotD50_d300_public_version.xlsx,RotD50,30,ROTD50_d300
210,T1.800S,t1_800s,ground_motion,11,Updated_NGA_West2_Flatfile_RotD50_d300_public_version.xlsx,RotD50,30,ROTD50_d300
211,T1.900S,t1_900s,ground_motion,11,Updated_NGA_West2_Flatfile_RotD50_d300_public_version.xlsx,RotD50,30,ROTD50_d300
212,T2.000S,t2_000s,ground_motion,11,Updated_NGA_West2_Flatfile_RotD50_d300_public_version.xlsx,RotD50,30,ROTD50_d300
213,T2.200S,t2_200s,ground_motion,11,Updated_NGA_West2_Flatfile_RotD50_d300_public_version.xlsx,RotD50,30,ROTD50_d300
214,T2.400S,t2_400s,ground_motion,11,Updated_NGA_West2_Flatfile_RotD50_d300_public_version.xlsx,RotD50,30,ROTD50_d300
215,T2.500S,t2_500s,ground_motion,11,Updated_NGA_West2_Flatfile_RotD50_d300_public_version.xlsx,RotD50,30,ROTD50_d300
216,T2.600S,t2_600s,ground_motion,11,Updated_NGA_West2_Flatfile_RotD50_d300_public_version.xlsx,RotD50,30,ROTD50_d300
217,T2.800S,t2_800s,ground_motion,11,Updated_NGA_West2_Flatfile_RotD50_d300_public_version.xlsx,RotD50,30,ROTD50_d300
218,T3.000S,t3_000s,ground_motion,11,Updated_NGA_West2_Flatfile_RotD50_d300_public_version.xlsx,RotD50,30,ROTD50_d300
219,T3.200S,t3_200s,ground_motion,11,Updated_NGA_West2_Flatfile_RotD50_d300_public_version.xlsx,RotD50,30,ROTD50_d300
220,T3.400S,t3_400s,ground_motion,11,Updated_NGA_West2_Flatfile_RotD50_d300_public_version.xlsx,RotD50,30,ROTD50_d300
221,T3.500S,t3_500s,ground_motion,11,Updated_NGA_West2_Flatfile_RotD50_d300_public_version.xlsx,RotD50,30,ROTD50_d300
222,T3.600S,t3_600s,ground_motion,11,Updated_NGA_West2_Flatfile_RotD50_d300_public_version.xlsx,RotD50,30,ROTD50_d300
223,T3.800S,t3_800s,ground_motion,11,Updated_NGA_West2_Flatfile_RotD50_d300_public_version.xlsx,RotD50,30,ROTD50_d300
224,T4.000S,t4_000s,ground_motion,11,Updated_NGA_West2_Flatfile_RotD50_d300_public_version.xlsx,RotD50,30,ROTD50_d300
225,T4.200S,t4_200s,ground_motion,11,Updated_NGA_West2_Flatfile_RotD50_d300_public_version.xlsx,RotD50,30,ROTD50_d300
226,T4.400S,t4_400s,ground_motion,11,Updated_NGA_West2_Flatfile_RotD50_d300_public_version.xlsx,RotD50,30,ROTD50_d300
227,T4.600S,t4_600s,ground_motion,11,Updated_NGA_West2_Flatfile_RotD50_d300_public_version.xlsx,RotD50,30,ROTD50_d300
228,T4.800S,t4_800s,ground_motion,11,Updated_NGA_West2_Flatfile_RotD50_d300_public_version.xlsx,RotD50,30,ROTD50_d300
229,T5.000S,t5_000s,ground_motion,11,Updated_NGA_West2_Flatfile_RotD50_d300_public_version.xlsx,RotD50,30,ROTD50_d300
230,T5.500S,t5_500s,ground_motion,11,Updated_NGA_West2_Flatfile_RotD50_d300_public_version.xlsx,RotD50,30,ROTD50_d300
231,T6.000S,t6_000s,ground_motion,11,Updated_NGA_West2_Flatfile_RotD50_d300_public_version.xlsx,RotD50,30,ROTD50_d300
232,T6.500S,t6_500s,ground_motion,11,Updated_NGA_West2_Flatfile_RotD50_d300_public_version.xlsx,RotD50,30,ROTD50_d300
233,T7.000S,t7_000s,ground_motion,11,Updated_NGA_West2_Flatfile_RotD50_d300_public_version.xlsx,RotD50,30,ROTD50_d300
234,T7.500S,t7_500s,ground_motion,11,Updated_NGA_West2_Flatfile_RotD50_d300_public_version.xlsx,RotD50,30,ROTD50_d300
235,T8.000S,t8_000s,ground_motion,11,Updated_NGA_West2_Flatfile_RotD50_d300_public_version.xlsx,RotD50,30,ROTD50_d300
236,T8.500S,t8_500s,ground_motion,11,Updated_NGA_West2_Flatfile_RotD50_d300_public_version.xlsx,RotD50,30,ROTD50_d300
237,T9.000S,t9_000s,ground_motion,11,Updated_NGA_West2_Flatfile_RotD50_d300_public_version.xlsx,RotD50,30,ROTD50_d300
238,T9.500S,t9_500s,ground_motion,11,Updated_NGA_West2_Flatfile_RotD50_d300_public_version.xlsx,RotD50,30,ROTD50_d300
239,T10.000S,t10_000s,ground_motion,11,Updated_NGA_West2_Flatfile_RotD50_d300_public_version.xlsx,RotD50,30,ROTD50_d300
240,T11.000S,t11_000s,ground_motion,11,Updated_NGA_West2_Flatfile_RotD50_d300_public_version.xlsx,RotD50,30,ROTD50_d300
241,T12.000S,t12_000s,ground_motion,11,Updated_NGA_West2_Flatfile_RotD50_d300_public_version.xlsx,RotD50,30,ROTD50_d300
242,T13.000S,t13_000s,ground_motion,11,Updated_NGA_West2_Flatfile_RotD50_d300_public_version.xlsx,RotD50,30,ROTD50_d300
243,T14.000S,t14_000s,ground_motion,11,Updated_NGA_West2_Flatfile_RotD50_d300_public_version.xlsx,RotD50,30,ROTD50_d300
244,T15.000S,t15_000s,ground_motion,11,Updated_NGA_West2_Flatfile_RotD50_d300_public_version.xlsx,RotD50,30,ROTD50_d300
245,T20.000S,t20_000s,ground_motion,11,Updated_NGA_West2_Flatfile_RotD50_d300_public_version.xlsx,RotD50,30,ROTD50_d300
246,Ave Strike (deg),ave_strike_deg,classification_directivity,11,Updated_NGA_West2_Flatfile_RotD50_d300_public_version.xlsx,RotD50,30,ROTD50_d300
247,TYPE(CRjb = 0),type_crjb_0,classification_directivity,11,Updated_NGA_West2_Flatfile_RotD50_d300_public_version.xlsx,RotD50,30,ROTD50_d300
248,CRjb,crjb,classification_directivity,11,Updated_NGA_West2_Flatfile_RotD50_d300_public_version.xlsx,RotD50,30,ROTD50_d300
249,"TYPE
(CRjb = 2)",type_crjb_2,classification_directivity,11,Updated_NGA_West2_Flatfile_RotD50_d300_public_version.xlsx,RotD50,30,ROTD50_d300
250,CRjb,crjb_1,classification_directivity,11,Updated_NGA_West2_Flatfile_RotD50_d300_public_version.xlsx,RotD50,30,ROTD50_d300
251,"TYPE
(CRjb = 5)",type_crjb_5,classification_directivity,11,Updated_NGA_West2_Flatfile_RotD50_d300_public_version.xlsx,RotD50,30,ROTD50_d300
252,CRjb,crjb_2,classification_directivity,11,Updated_NGA_West2_Flatfile_RotD50_d300_public_version.xlsx,RotD50,30,ROTD50_d300
253,"TYPE
(CRjb = 10)",type_crjb_10,classification_directivity,11,Updated_NGA_West2_Flatfile_RotD50_d300_public_version.xlsx,RotD50,30,ROTD50_d300
254,CRjb,crjb_3,classification_directivity,11,Updated_NGA_West2_Flatfile_RotD50_d300_public_version.xlsx,RotD50,30,ROTD50_d300
255,"TYPE
(CRjb = 20)",type_crjb_20,classification_directivity,11,Updated_NGA_West2_Flatfile_RotD50_d300_public_version.xlsx,RotD50,30,ROTD50_d300
256,CRjb,crjb_4,classification_directivity,11,Updated_NGA_West2_Flatfile_RotD50_d300_public_version.xlsx,RotD50,30,ROTD50_d300
257,"TYPE
(CRjb = 40)",type_crjb_40,classification_directivity,11,Updated_NGA_West2_Flatfile_RotD50_d300_public_version.xlsx,RotD50,30,ROTD50_d300
258,CRjb,crjb_5,classification_directivity,11,Updated_NGA_West2_Flatfile_RotD50_d300_public_version.xlsx,RotD50,30,ROTD50_d300
259,U,u,quality,11,Updated_NGA_West2_Flatfile_RotD50_d300_public_version.xlsx,RotD50,30,ROTD50_d300
260,IDPv4,idpv4,quality,11,Updated_NGA_West2_Flatfile_RotD50_d300_public_version.xlsx,RotD50,30,ROTD50_d300
261,XCI,xci,quality,11,Updated_NGA_West2_Flatfile_RotD50_d300_public_version.xlsx,RotD50,30,ROTD50_d300
262,XCI1,xci1,quality,11,Updated_NGA_West2_Flatfile_RotD50_d300_public_version.xlsx,RotD50,30,ROTD50_d300
263,Damping (%),damping_percent,quality,11,Updated_NGA_West2_Flatfile_RotD50_d300_public_version.xlsx,RotD50,30,ROTD50_d300
264,RotD percentile,rotd_percentile,quality,11,Updated_NGA_West2_Flatfile_RotD50_d300_public_version.xlsx,RotD50,30,ROTD50_d300
265,Instrument Nat. Freq.,instrument_nat_freq,quality,11,Updated_NGA_West2_Flatfile_RotD50_d300_public_version.xlsx,RotD50,30,ROTD50_d300
266,Instrument Damping,instrument_damping,quality,11,Updated_NGA_West2_Flatfile_RotD50_d300_public_version.xlsx,RotD50,30,ROTD50_d300
267,Instrument Type,instrument_type,quality,11,Updated_NGA_West2_Flatfile_RotD50_d300_public_version.xlsx,RotD50,30,ROTD50_d300
268,Quality_Flag,quality_flag,quality,11,Updated_NGA_West2_Flatfile_RotD50_d300_public_version.xlsx,RotD50,30,ROTD50_d300
269,Spectra Quality Flag,spectra_quality_flag,quality,11,Updated_NGA_West2_Flatfile_RotD50_d300_public_version.xlsx,RotD50,30,ROTD50_d300
270,Late S-trigger,late_s_trigger,quality,11,Updated_NGA_West2_Flatfile_RotD50_d300_public_version.xlsx,RotD50,30,ROTD50_d300
271,Late P-trigger,late_p_trigger,quality,11,Updated_NGA_West2_Flatfile_RotD50_d300_public_version.xlsx,RotD50,30,ROTD50_d300
272,Idirectivity,idirectivity,quality,11,Updated_NGA_West2_Flatfile_RotD50_d300_public_version.xlsx,RotD50,30,ROTD50_d300
273,Tp,tp,quality,11,Updated_NGA_West2_Flatfile_RotD50_d300_public_version.xlsx,RotD50,30,ROTD50_d300
274,Ry 2,ry_2,quality,11,Updated_NGA_West2_Flatfile_RotD50_d300_public_version.xlsx,RotD50,30,ROTD50_d300
1,Record Sequence Number,record_sequence_number,source,12,Updated_NGAW2_Flatfile_Vertical_5percentdamping.xlsx,Vertical,5,As_Recorded_d050
2,EQID,eqid,source,12,Updated_NGAW2_Flatfile_Vertical_5percentdamping.xlsx,Vertical,5,As_Recorded_d050
3,Earthquake Name,earthquake_name,source,12,Updated_NGAW2_Flatfile_Vertical_5percentdamping.xlsx,Vertical,5,As_Recorded_d050
4,YEAR,year,source,12,Updated_NGAW2_Flatfile_Vertical_5percentdamping.xlsx,Vertical,5,As_Recorded_d050
5,MODY,mody,source,12,Updated_NGAW2_Flatfile_Vertical_5percentdamping.xlsx,Vertical,5,As_Recorded_d050
6,HRMN,hrmn,source,12,Updated_NGAW2_Flatfile_Vertical_5percentdamping.xlsx,Vertical,5,As_Recorded_d050
7,Station Name,station_name,source,12,Updated_NGAW2_Flatfile_Vertical_5percentdamping.xlsx,Vertical,5,As_Recorded_d050
8,Station Sequence Number,station_sequence_number,source,12,Updated_NGAW2_Flatfile_Vertical_5percentdamping.xlsx,Vertical,5,As_Recorded_d050
9,Station ID  No.,station_id_no,source,12,Updated_NGAW2_Flatfile_Vertical_5percentdamping.xlsx,Vertical,5,As_Recorded_d050
10,Earthquake Magnitude,earthquake_magnitude,source,12,Updated_NGAW2_Flatfile_Vertical_5percentdamping.xlsx,Vertical,5,As_Recorded_d050
11,Magnitude Type,magnitude_type,source,12,Updated_NGAW2_Flatfile_Vertical_5percentdamping.xlsx,Vertical,5,As_Recorded_d050
12,Magnitude Uncertainty: Kagan Model,magnitude_uncertainty_kagan_model,source,12,Updated_NGAW2_Flatfile_Vertical_5percentdamping.xlsx,Vertical,5,As_Recorded_d050
13,Magnitude Uncertainty: Statistical,magnitude_uncertainty_statistical,source,12,Updated_NGAW2_Flatfile_Vertical_5percentdamping.xlsx,Vertical,5,As_Recorded_d050
14,Magnitude Sample Size,magnitude_sample_size,source,12,Updated_NGAW2_Flatfile_Vertical_5percentdamping.xlsx,Vertical,5,As_Recorded_d050
15,Magnitude Uncertainty: Study Class,magnitude_uncertainty_study_class,source,12,Updated_NGAW2_Flatfile_Vertical_5percentdamping.xlsx,Vertical,5,As_Recorded_d050
16,Mo (dyne.cm),mo_dyne_cm,source,12,Updated_NGAW2_Flatfile_Vertical_5percentdamping.xlsx,Vertical,5,As_Recorded_d050
17,Strike (deg),strike_deg,source,12,Updated_NGAW2_Flatfile_Vertical_5percentdamping.xlsx,Vertical,5,As_Recorded_d050
18,Dip (deg),dip_deg,source,12,Updated_NGAW2_Flatfile_Vertical_5percentdamping.xlsx,Vertical,5,As_Recorded_d050
19,Rake Angle (deg),rake_angle_deg,source,12,Updated_NGAW2_Flatfile_Vertical_5percentdamping.xlsx,Vertical,5,As_Recorded_d050
20,Mechanism Based on Rake Angle,mechanism_based_on_rake_angle,source,12,Updated_NGAW2_Flatfile_Vertical_5percentdamping.xlsx,Vertical,5,As_Recorded_d050
21,P-plunge (deg),p_plunge_deg,source,12,Updated_NGAW2_Flatfile_Vertical_5percentdamping.xlsx,Vertical,5,As_Recorded_d050
22,P-trend (deg),p_trend_deg,source,12,Updated_NGAW2_Flatfile_Vertical_5percentdamping.xlsx,Vertical,5,As_Recorded_d050
23,T-plunge (deg),t_plunge_deg,source,12,Updated_NGAW2_Flatfile_Vertical_5percentdamping.xlsx,Vertical,5,As_Recorded_d050
24,T-trend (deg),t_trend_deg,source,12,Updated_NGAW2_Flatfile_Vertical_5percentdamping.xlsx,Vertical,5,As_Recorded_d050
25,Hypocenter Latitude (deg),hypocenter_latitude_deg,source,12,Updated_NGAW2_Flatfile_Vertical_5percentdamping.xlsx,Vertical,5,As_Recorded_d050
26,Hypocenter Longitude (deg),hypocenter_longitude_deg,source,12,Updated_NGAW2_Flatfile_Vertical_5percentdamping.xlsx,Vertical,5,As_Recorded_d050
27,Hypocenter Depth (km),hypocenter_depth_km,source,12,Updated_NGAW2_Flatfile_Vertical_5percentdamping.xlsx,Vertical,5,As_Recorded_d050
28,Coseismic Surface Rupture: 1=Yes; 0=No;    -999=Unknown,coseismic_surface_rupture_1_yes_0_no_999_unknown,source,12,Updated_NGAW2_Flatfile_Vertical_5percentdamping.xlsx,Vertical,5,As_Recorded_d050
29,Coseismic Surface Rupture (Including Inferred),coseismic_surface_rupture_including_inferred,source,12,Updated_NGAW2_Flatfile_Vertical_5percentdamping.xlsx,Vertical,5,As_Recorded_d050
30,Basis for Inference of Surface Rupture,basis_for_inference_of_surface_rupture,source,12,Updated_NGAW2_Flatfile_Vertical_5percentdamping.xlsx,Vertical,5,As_Recorded_d050
31,Finite Rupture Model: 1=Yes;  0=No,finite_rupture_model_1_yes_0_no,source,12,Updated_NGAW2_Flatfile_Vertical_5percentdamping.xlsx,Vertical,5,As_Recorded_d050
32,Depth to Top Of Fault Rupture Model,depth_to_top_of_fault_rupture_model,source,12,Updated_NGAW2_Flatfile_Vertical_5percentdamping.xlsx,Vertical,5,As_Recorded_d050
33,Fault Rupture Length for Calculation of Ry (km),fault_rupture_length_for_calculation_of_ry_km,source,12,Updated_NGAW2_Flatfile_Vertical_5percentdamping.xlsx,Vertical,5,As_Recorded_d050
34,Fault Rupture Width (km),fault_rupture_width_km,source,12,Updated_NGAW2_Flatfile_Vertical_5percentdamping.xlsx,Vertical,5,As_Recorded_d050
35,Fault Rupture Area (km^2),fault_rupture_area_km_2,source,12,Updated_NGAW2_Flatfile_Vertical_5percentdamping.xlsx,Vertical,5,As_Recorded_d050
36,Avg Fault Disp (cm),avg_fault_disp_cm,source,12,Updated_NGAW2_Flatfile_Vertical_5percentdamping.xlsx,Vertical,5,As_Recorded_d050
37,Rise Time (s),rise_time_s,source,12,Updated_NGAW2_Flatfile_Vertical_5percentdamping.xlsx,Vertical,5,As_Recorded_d050
38,Avg Slip Velocity (cm/s),avg_slip_velocity_cm_s,source,12,Updated_NGAW2_Flatfile_Vertical_5percentdamping.xlsx,Vertical,5,As_Recorded_d050
39,Static Stress Drop (bars),static_stress_drop_bars,source,12,Updated_NGAW2_Flatfile_Vertical_5percentdamping.xlsx,Vertical,5,As_Recorded_d050
40,Preferred Rupture Velocity (km/s),preferred_rupture_velocity_km_s,source,12,Updated_NGAW2_Flatfile_Vertical_5percentdamping.xlsx,Vertical,5,As_Recorded_d050
41,Average Vr/Vs,average_vr_vs,source,12,Updated_NGAW2_Flatfile_Vertical_5percentdamping.xlsx,Vertical,5,As_Recorded_d050
42,Percent of Moment Release in the Top 5 Km of Crust,percent_of_moment_release_in_the_top_5_km_of_crust,source,12,Updated_NGAW2_Flatfile_Vertical_5percentdamping.xlsx,Vertical,5,As_Recorded_d050
43,Existence of Shallow Asperity: 0=No; 1=Yes,existence_of_shallow_asperity_0_no_1_yes,source,12,Updated_NGAW2_Flatfile_Vertical_5percentdamping.xlsx,Vertical,5,As_Recorded_d050
44,Depth to Top of Shallowest Asperity (km),depth_to_top_of_shallowest_asperity_km,source,12,Updated_NGAW2_Flatfile_Vertical_5percentdamping.xlsx,Vertical,5,As_Recorded_d050
45,Earthquake in Extensional Regime: 1=Yes; 0=No,earthquake_in_extensional_regime_1_yes_0_no,source,12,Updated_NGAW2_Flatfile_Vertical_5percentdamping.xlsx,Vertical,5,As_Recorded_d050
46,Fault Name,fault_name,source,12,Updated_NGAW2_Flatfile_Vertical_5percentdamping.xlsx,Vertical,5,As_Recorded_d050
47,Slip Rate (mm/Yr),slip_rate_mm_yr,source,12,Updated_NGAW2_Flatfile_Vertical_5percentdamping.xlsx,Vertical,5,As_Recorded_d050
48,EpiD (km),epid_km,path,12,Updated_NGAW2_Flatfile_Vertical_5percentdamping.xlsx,Vertical,5,As_Recorded_d050
49,HypD (km),hypd_km,path,12,Updated_NGAW2_Flatfile_Vertical_5percentdamping.xlsx,Vertical,5,As_Recorded_d050
50,Joyner-Boore Dist. (km),joyner_boore_dist_km,path,12,Updated_NGAW2_Flatfile_Vertical_5percentdamping.xlsx,Vertical,5,As_Recorded_d050
51,Campbell R Dist. (km),campbell_r_dist_km,path,12,Updated_NGAW2_Flatfile_Vertical_5percentdamping.xlsx,Vertical,5,As_Recorded_d050
52,RmsD (km),rmsd_km,path,12,Updated_NGAW2_Flatfile_Vertical_5percentdamping.xlsx,Vertical,5,As_Recorded_d050
53,ClstD (km),clstd_km,path,12,Updated_NGAW2_Flatfile_Vertical_5percentdamping.xlsx,Vertical,5,As_Recorded_d050
54,Rx,rx,path,12,Updated_NGAW2_Flatfile_Vertical_5percentdamping.xlsx,Vertical,5,As_Recorded_d050
55,FW/HW Indicator,fw_hw_indicator,path,12,Updated_NGAW2_Flatfile_Vertical_5percentdamping.xlsx,Vertical,5,As_Recorded_d050
56,Source to Site Azimuth (deg),source_to_site_azimuth_deg,path,12,Updated_NGAW2_Flatfile_Vertical_5percentdamping.xlsx,Vertical,5,As_Recorded_d050
57,X,x,path,12,Updated_NGAW2_Flatfile_Vertical_5percentdamping.xlsx,Vertical,5,As_Recorded_d050
58,Theta.D (deg),theta_d_deg,path,12,Updated_NGAW2_Flatfile_Vertical_5percentdamping.xlsx,Vertical,5,As_Recorded_d050
59,SSGA (Strike Slip),ssga_strike_slip,path,12,Updated_NGAW2_Flatfile_Vertical_5percentdamping.xlsx,Vertical,5,As_Recorded_d050
60,Y,y,path,12,Updated_NGAW2_Flatfile_Vertical_5percentdamping.xlsx,Vertical,5,As_Recorded_d050
61,Phi.D (deg),phi_d_deg,path,12,Updated_NGAW2_Flatfile_Vertical_5percentdamping.xlsx,Vertical,5,As_Recorded_d050
62,SSGA (Dip Slip),ssga_dip_slip,path,12,Updated_NGAW2_Flatfile_Vertical_5percentdamping.xlsx,Vertical,5,As_Recorded_d050
63,s,s,path,12,Updated_NGAW2_Flatfile_Vertical_5percentdamping.xlsx,Vertical,5,As_Recorded_d050
64,d,d,path,12,Updated_NGAW2_Flatfile_Vertical_5percentdamping.xlsx,Vertical,5,As_Recorded_d050
65,ctildepr,ctildepr,path,12,Updated_NGAW2_Flatfile_Vertical_5percentdamping.xlsx,Vertical,5,As_Recorded_d050
66,Unused Column,unused_column,path,12,Updated_NGAW2_Flatfile_Vertical_5percentdamping.xlsx,Vertical,5,As_Recorded_d050
67,D,d_1,path,12,Updated_NGAW2_Flatfile_Vertical_5percentdamping.xlsx,Vertical,5,As_Recorded_d050
68,Rfn.Hyp,rfn_hyp,path,12,Updated_NGAW2_Flatfile_Vertical_5percentdamping.xlsx,Vertical,5,As_Recorded_d050
69,Rfp.Hyp,rfp_hyp,path,12,Updated_NGAW2_Flatfile_Vertical_5percentdamping.xlsx,Vertical,5,As_Recorded_d050
70,Unused Column,unused_column_1,path,12,Updated_NGAW2_Flatfile_Vertical_5percentdamping.xlsx,Vertical,5,As_Recorded_d050
71,Unused Column,unused_column_2,path,12,Updated_NGAW2_Flatfile_Vertical_5percentdamping.xlsx,Vertical,5,As_Recorded_d050
72,Unused Column,unused_column_3,path,12,Updated_NGAW2_Flatfile_Vertical_5percentdamping.xlsx,Vertical,5,As_Recorded_d050
73,T,t,path,12,Updated_NGAW2_Flatfile_Vertical_5percentdamping.xlsx,Vertical,5,As_Recorded_d050
74,GMX's C1,gmx_s_c1,site,12,Updated_NGAW2_Flatfile_Vertical_5percentdamping.xlsx,Vertical,5,As_Recorded_d050
75,GMX's C2,gmx_s_c2,site,12,Updated_NGAW2_Flatfile_Vertical_5percentdamping.xlsx,Vertical,5,As_Recorded_d050
76,GMX's C3,gmx_s_c3,site,12,Updated_NGAW2_Flatfile_Vertical_5percentdamping.xlsx,Vertical,5,As_Recorded_d050
77,Campbell's GEOCODE,campbell_s_geocode,site,12,Updated_NGAW2_Flatfile_Vertical_5percentdamping.xlsx,Vertical,5,As_Recorded_d050
78,Bray and Rodriguez-Marek SGS,bray_and_rodriguez_marek_sgs,site,12,Updated_NGAW2_Flatfile_Vertical_5percentdamping.xlsx,Vertical,5,As_Recorded_d050
79,Depth,depth,site,12,Updated_NGAW2_Flatfile_Vertical_5percentdamping.xlsx,Vertical,5,As_Recorded_d050
80,Preferred NEHRP Based on Vs30,preferred_nehrp_based_on_vs30,site,12,Updated_NGAW2_Flatfile_Vertical_5percentdamping.xlsx,Vertical,5,As_Recorded_d050
81,Vs30 (m/s) selected for analysis,vs30_m_s_selected_for_analysis,site,12,Updated_NGAW2_Flatfile_Vertical_5percentdamping.xlsx,Vertical,5,As_Recorded_d050
82,Unused Column,unused_column_4,site,12,Updated_NGAW2_Flatfile_Vertical_5percentdamping.xlsx,Vertical,5,As_Recorded_d050
83,Measured/Inferred Class,measured_inferred_class,site,12,Updated_NGAW2_Flatfile_Vertical_5percentdamping.xlsx,Vertical,5,As_Recorded_d050
84,Sigma of Vs30 (in natural log Units),sigma_of_vs30_in_natural_log_units,site,12,Updated_NGAW2_Flatfile_Vertical_5percentdamping.xlsx,Vertical,5,As_Recorded_d050
85,NEHRP Classification from CGS's Site Condition Map,nehrp_classification_from_cgs_s_site_condition_map,site,12,Updated_NGAW2_Flatfile_Vertical_5percentdamping.xlsx,Vertical,5,As_Recorded_d050
86,Geological Unit,geological_unit,site,12,Updated_NGAW2_Flatfile_Vertical_5percentdamping.xlsx,Vertical,5,As_Recorded_d050
87,Geology,geology,site,12,Updated_NGAW2_Flatfile_Vertical_5percentdamping.xlsx,Vertical,5,As_Recorded_d050
88,Owner,owner,site,12,Updated_NGAW2_Flatfile_Vertical_5percentdamping.xlsx,Vertical,5,As_Recorded_d050
89,Station Latitude,station_latitude,site,12,Updated_NGAW2_Flatfile_Vertical_5percentdamping.xlsx,Vertical,5,As_Recorded_d050
90,Station Longitude,station_longitude,site,12,Updated_NGAW2_Flatfile_Vertical_5percentdamping.xlsx,Vertical,5,As_Recorded_d050
91,STORIES,stories,site,12,Updated_NGAW2_Flatfile_Vertical_5percentdamping.xlsx,Vertical,5,As_Recorded_d050
92,INSTLOC,instloc,site,12,Updated_NGAW2_Flatfile_Vertical_5percentdamping.xlsx,Vertical,5,As_Recorded_d050
93,Depth to Basement Rock,depth_to_basement_rock,site,12,Updated_NGAW2_Flatfile_Vertical_5percentdamping.xlsx,Vertical,5,As_Recorded_d050
94,Site Visited,site_visited,site,12,Updated_NGAW2_Flatfile_Vertical_5percentdamping.xlsx,Vertical,5,As_Recorded_d050
95,NGA Type,nga_type,site,12,Updated_NGAW2_Flatfile_Vertical_5percentdamping.xlsx,Vertical,5,As_Recorded_d050
96,Age,age,site,12,Updated_NGAW2_Flatfile_Vertical_5percentdamping.xlsx,Vertical,5,As_Recorded_d050
97,Grain Size,grain_size,site,12,Updated_NGAW2_Flatfile_Vertical_5percentdamping.xlsx,Vertical,5,As_Recorded_d050
98,Depositional History,depositional_history,site,12,Updated_NGAW2_Flatfile_Vertical_5percentdamping.xlsx,Vertical,5,As_Recorded_d050
99,Northern CA/Southern CA - H11 Z1 (m),northern_ca_southern_ca_h11_z1_m,site,12,Updated_NGAW2_Flatfile_Vertical_5percentdamping.xlsx,Vertical,5,As_Recorded_d050
100,Northern CA/Southern CA - H11 Z1.5 (m),northern_ca_southern_ca_h11_z1_5_m,site,12,Updated_NGAW2_Flatfile_Vertical_5percentdamping.xlsx,Vertical,5,As_Recorded_d050
101,Northern CA/Southern CA - H11 Z2.5 (m),northern_ca_southern_ca_h11_z2_5_m,site,12,Updated_NGAW2_Flatfile_Vertical_5percentdamping.xlsx,Vertical,5,As_Recorded_d050
102,Northern CA/Southern CA - S4 Z1 (m),northern_ca_southern_ca_s4_z1_m,site,12,Updated_NGAW2_Flatfile_Vertical_5percentdamping.xlsx,Vertical,5,As_Recorded_d050
103,Northern CA/Southern CA - S4 Z1.5 (m),northern_ca_southern_ca_s4_z1_5_m,site,12,Updated_NGAW2_Flatfile_Vertical_5percentdamping.xlsx,Vertical,5,As_Recorded_d050
104,Northern CA/Southern CA - S4 Z2.5 (m),northern_ca_southern_ca_s4_z2_5_m,site,12,Updated_NGAW2_Flatfile_Vertical_5percentdamping.xlsx,Vertical,5,As_Recorded_d050
105,Depth to Franciscan Rock (km),depth_to_franciscan_rock_km,site,12,Updated_NGAW2_Flatfile_Vertical_5percentdamping.xlsx,Vertical,5,As_Recorded_d050
106,Basin,basin,site,12,Updated_NGAW2_Flatfile_Vertical_5percentdamping.xlsx,Vertical,5,As_Recorded_d050
107,h (m),h_m,site,12,Updated_NGAW2_Flatfile_Vertical_5percentdamping.xlsx,Vertical,5,As_Recorded_d050
108,hnorm (m),hnorm_m,site,12,Updated_NGAW2_Flatfile_Vertical_5percentdamping.xlsx,Vertical,5,As_Recorded_d050
109,Rsbe (m),rsbe_m,site,12,Updated_NGAW2_Flatfile_Vertical_5percentdamping.xlsx,Vertical,5,As_Recorded_d050
110,Rcebe (m),rcebe_m,site,12,Updated_NGAW2_Flatfile_Vertical_5percentdamping.xlsx,Vertical,5,As_Recorded_d050
111,Rebe (m),rebe_m,site,12,Updated_NGAW2_Flatfile_Vertical_5percentdamping.xlsx,Vertical,5,As_Recorded_d050
112,Rsbe1 (m),rsbe1_m,site,12,Updated_NGAW2_Flatfile_Vertical_5percentdamping.xlsx,Vertical,5,As_Recorded_d050
113,File Name (Horizontal 1),file_name_horizontal_1,record_processing,12,Updated_NGAW2_Flatfile_Vertical_5percentdamping.xlsx,Vertical,5,As_Recorded_d050
114,File Name (Horizontal 2),file_name_horizontal_2,record_processing,12,Updated_NGAW2_Flatfile_Vertical_5percentdamping.xlsx,Vertical,5,As_Recorded_d050
115,File Name (Vertical),file_name_vertical,record_processing,12,Updated_NGAW2_Flatfile_Vertical_5percentdamping.xlsx,Vertical,5,As_Recorded_d050
116,H1 azimth (degrees),h1_azimth_degrees,record_processing,12,Updated_NGAW2_Flatfile_Vertical_5percentdamping.xlsx,Vertical,5,As_Recorded_d050
117,H2 azimith (degrees),h2_azimith_degrees,record_processing,12,Updated_NGAW2_Flatfile_Vertical_5percentdamping.xlsx,Vertical,5,As_Recorded_d050
118,Type of Recording,type_of_recording,record_processing,12,Updated_NGAW2_Flatfile_Vertical_5percentdamping.xlsx,Vertical,5,As_Recorded_d050
119,Instrument Model,instrument_model,record_processing,12,Updated_NGAW2_Flatfile_Vertical_5percentdamping.xlsx,Vertical,5,As_Recorded_d050
120,PEA Processing Flag,pea_processing_flag,record_processing,12,Updated_NGAW2_Flatfile_Vertical_5percentdamping.xlsx,Vertical,5,As_Recorded_d050
121,Type of Filter,type_of_filter,record_processing,12,Updated_NGAW2_Flatfile_Vertical_5percentdamping.xlsx,Vertical,5,As_Recorded_d050
122,npass,npass,record_processing,12,Updated_NGAW2_Flatfile_Vertical_5percentdamping.xlsx,Vertical,5,As_Recorded_d050
123,nroll,nroll,record_processing,12,Updated_NGAW2_Flatfile_Vertical_5percentdamping.xlsx,Vertical,5,As_Recorded_d050
124,HP-V (Hz),hp_v_hz,record_processing,12,Updated_NGAW2_Flatfile_Vertical_5percentdamping.xlsx,Vertical,5,As_Recorded_d050
125,NA,na,record_processing,12,Updated_NGAW2_Flatfile_Vertical_5percentdamping.xlsx,Vertical,5,As_Recorded_d050
126,LP-V (Hz),lp_v_hz,record_processing,12,Updated_NGAW2_Flatfile_Vertical_5percentdamping.xlsx,Vertical,5,As_Recorded_d050
127,NA,na_1,record_processing,12,Updated_NGAW2_Flatfile_Vertical_5percentdamping.xlsx,Vertical,5,As_Recorded_d050
128,Factor,factor,record_processing,12,Updated_NGAW2_Flatfile_Vertical_5percentdamping.xlsx,Vertical,5,As_Recorded_d050
129,Lowest Usable Freq - V (Hz),lowest_usable_freq_v_hz,record_processing,12,Updated_NGAW2_Flatfile_Vertical_5percentdamping.xlsx,Vertical,5,As_Recorded_d050
130,NA,na_2,record_processing,12,Updated_NGAW2_Flatfile_Vertical_5percentdamping.xlsx,Vertical,5,As_Recorded_d050
131,NA,na_3,record_processing,12,Updated_NGAW2_Flatfile_Vertical_5percentdamping.xlsx,Vertical,5,As_Recorded_d050
132,PGA (g),pga_g,ground_motion,12,Updated_NGAW2_Flatfile_Vertical_5percentdamping.xlsx,Vertical,5,As_Recorded_d050
133,PGV (cm/sec),pgv_cm_sec,ground_motion,12,Updated_NGAW2_Flatfile_Vertical_5percentdamping.xlsx,Vertical,5,As_Recorded_d050
134,PGD (cm),pgd_cm,ground_motion,12,Updated_NGAW2_Flatfile_Vertical_5percentdamping.xlsx,Vertical,5,As_Recorded_d050
135,T0.010S,t0_010s,ground_motion,12,Updated_NGAW2_Flatfile_Vertical_5percentdamping.xlsx,Vertical,5,As_Recorded_d050
136,T0.020S,t0_020s,ground_motion,12,Updated_NGAW2_Flatfile_Vertical_5percentdamping.xlsx,Vertical,5,As_Recorded_d050
137,T0.022S,t0_022s,ground_motion,12,Updated_NGAW2_Flatfile_Vertical_5percentdamping.xlsx,Vertical,5,As_Recorded_d050
138,T0.025S,t0_025s,ground_motion,12,Updated_NGAW2_Flatfile_Vertical_5percentdamping.xlsx,Vertical,5,As_Recorded_d050
139,T0.029S,t0_029s,ground_motion,12,Updated_NGAW2_Flatfile_Vertical_5percentdamping.xlsx,Vertical,5,As_Recorded_d050
140,T0.030S,t0_030s,ground_motion,12,Updated_NGAW2_Flatfile_Vertical_5percentdamping.xlsx,Vertical,5,As_Recorded_d050
141,T0.032S,t0_032s,ground_motion,12,Updated_NGAW2_Flatfile_Vertical_5percentdamping.xlsx,Vertical,5,As_Recorded_d050
142,T0.035S,t0_035s,ground_motion,12,Updated_NGAW2_Flatfile_Vertical_5percentdamping.xlsx,Vertical,5,As_Recorded_d050
143,T0.036S,t0_036s,ground_motion,12,Updated_NGAW2_Flatfile_Vertical_5percentdamping.xlsx,Vertical,5,As_Recorded_d050
144,T0.040S,t0_040s,ground_motion,12,Updated_NGAW2_Flatfile_Vertical_5percentdamping.xlsx,Vertical,5,As_Recorded_d050
145,T0.042S,t0_042s,ground_motion,12,Updated_NGAW2_Flatfile_Vertical_5percentdamping.xlsx,Vertical,5,As_Recorded_d050
146,T0.044S,t0_044s,ground_motion,12,Updated_NGAW2_Flatfile_Vertical_5percentdamping.xlsx,Vertical,5,As_Recorded_d050
147,T0.045S,t0_045s,ground_motion,12,Updated_NGAW2_Flatfile_Vertical_5percentdamping.xlsx,Vertical,5,As_Recorded_d050
148,T0.046S,t0_046s,ground_motion,12,Updated_NGAW2_Flatfile_Vertical_5percentdamping.xlsx,Vertical,5,As_Recorded_d050
149,T0.048S,t0_048s,ground_motion,12,Updated_NGAW2_Flatfile_Vertical_5percentdamping.xlsx,Vertical,5,As_Recorded_d050
150,T0.050S,t0_050s,ground_motion,12,Updated_NGAW2_Flatfile_Vertical_5percentdamping.xlsx,Vertical,5,As_Recorded_d050
151,T0.055S,t0_055s,ground_motion,12,Updated_NGAW2_Flatfile_Vertical_5percentdamping.xlsx,Vertical,5,As_Recorded_d050
152,T0.060S,t0_060s,ground_motion,12,Updated_NGAW2_Flatfile_Vertical_5percentdamping.xlsx,Vertical,5,As_Recorded_d050
153,T0.065S,t0_065s,ground_motion,12,Updated_NGAW2_Flatfile_Vertical_5percentdamping.xlsx,Vertical,5,As_Recorded_d050
154,T0.067S,t0_067s,ground_motion,12,Updated_NGAW2_Flatfile_Vertical_5percentdamping.xlsx,Vertical,5,As_Recorded_d050
155,T0.070S,t0_070s,ground_motion,12,Updated_NGAW2_Flatfile_Vertical_5percentdamping.xlsx,Vertical,5,As_Recorded_d050
156,T0.075S,t0_075s,ground_motion,12,Updated_NGAW2_Flatfile_Vertical_5percentdamping.xlsx,Vertical,5,As_Recorded_d050
157,T0.080S,t0_080s,ground_motion,12,Updated_NGAW2_Flatfile_Vertical_5percentdamping.xlsx,Vertical,5,As_Recorded_d050
158,T0.085S,t0_085s,ground_motion,12,Updated_NGAW2_Flatfile_Vertical_5percentdamping.xlsx,Vertical,5,As_Recorded_d050
159,T0.090S,t0_090s,ground_motion,12,Updated_NGAW2_Flatfile_Vertical_5percentdamping.xlsx,Vertical,5,As_Recorded_d050
160,T0.095S,t0_095s,ground_motion,12,Updated_NGAW2_Flatfile_Vertical_5percentdamping.xlsx,Vertical,5,As_Recorded_d050
161,T0.100S,t0_100s,ground_motion,12,Updated_NGAW2_Flatfile_Vertical_5percentdamping.xlsx,Vertical,5,As_Recorded_d050
162,T0.110S,t0_110s,ground_motion,12,Updated_NGAW2_Flatfile_Vertical_5percentdamping.xlsx,Vertical,5,As_Recorded_d050
163,T0.120S,t0_120s,ground_motion,12,Updated_NGAW2_Flatfile_Vertical_5percentdamping.xlsx,Vertical,5,As_Recorded_d050
164,T0.130S,t0_130s,ground_motion,12,Updated_NGAW2_Flatfile_Vertical_5percentdamping.xlsx,Vertical,5,As_Recorded_d050
165,T0.133S,t0_133s,ground_motion,12,Updated_NGAW2_Flatfile_Vertical_5percentdamping.xlsx,Vertical,5,As_Recorded_d050
166,T0.140S,t0_140s,ground_motion,12,Updated_NGAW2_Flatfile_Vertical_5percentdamping.xlsx,Vertical,5,As_Recorded_d050
167,T0.150S,t0_150s,ground_motion,12,Updated_NGAW2_Flatfile_Vertical_5percentdamping.xlsx,Vertical,5,As_Recorded_d050
168,T0.160S,t0_160s,ground_motion,12,Updated_NGAW2_Flatfile_Vertical_5percentdamping.xlsx,Vertical,5,As_Recorded_d050
169,T0.170S,t0_170s,ground_motion,12,Updated_NGAW2_Flatfile_Vertical_5percentdamping.xlsx,Vertical,5,As_Recorded_d050
170,T0.180S,t0_180s,ground_motion,12,Updated_NGAW2_Flatfile_Vertical_5percentdamping.xlsx,Vertical,5,As_Recorded_d050
171,T0.190S,t0_190s,ground_motion,12,Updated_NGAW2_Flatfile_Vertical_5percentdamping.xlsx,Vertical,5,As_Recorded_d050
172,T0.200S,t0_200s,ground_motion,12,Updated_NGAW2_Flatfile_Vertical_5percentdamping.xlsx,Vertical,5,As_Recorded_d050
173,T0.220S,t0_220s,ground_motion,12,Updated_NGAW2_Flatfile_Vertical_5percentdamping.xlsx,Vertical,5,As_Recorded_d050
174,T0.240S,t0_240s,ground_motion,12,Updated_NGAW2_Flatfile_Vertical_5percentdamping.xlsx,Vertical,5,As_Recorded_d050
175,T0.250S,t0_250s,ground_motion,12,Updated_NGAW2_Flatfile_Vertical_5percentdamping.xlsx,Vertical,5,As_Recorded_d050
176,T0.260S,t0_260s,ground_motion,12,Updated_NGAW2_Flatfile_Vertical_5percentdamping.xlsx,Vertical,5,As_Recorded_d050
177,T0.280S,t0_280s,ground_motion,12,Updated_NGAW2_Flatfile_Vertical_5percentdamping.xlsx,Vertical,5,As_Recorded_d050
178,T0.290S,t0_290s,ground_motion,12,Updated_NGAW2_Flatfile_Vertical_5percentdamping.xlsx,Vertical,5,As_Recorded_d050
179,T0.300S,t0_300s,ground_motion,12,Updated_NGAW2_Flatfile_Vertical_5percentdamping.xlsx,Vertical,5,As_Recorded_d050
180,T0.320S,t0_320s,ground_motion,12,Updated_NGAW2_Flatfile_Vertical_5percentdamping.xlsx,Vertical,5,As_Recorded_d050
181,T0.340S,t0_340s,ground_motion,12,Updated_NGAW2_Flatfile_Vertical_5percentdamping.xlsx,Vertical,5,As_Recorded_d050
182,T0.350S,t0_350s,ground_motion,12,Updated_NGAW2_Flatfile_Vertical_5percentdamping.xlsx,Vertical,5,As_Recorded_d050
183,T0.360S,t0_360s,ground_motion,12,Updated_NGAW2_Flatfile_Vertical_5percentdamping.xlsx,Vertical,5,As_Recorded_d050
184,T0.380S,t0_380s,ground_motion,12,Updated_NGAW2_Flatfile_Vertical_5percentdamping.xlsx,Vertical,5,As_Recorded_d050
185,T0.400S,t0_400s,ground_motion,12,Updated_NGAW2_Flatfile_Vertical_5percentdamping.xlsx,Vertical,5,As_Recorded_d050
186,T0.420S,t0_420s,ground_motion,12,Updated_NGAW2_Flatfile_Vertical_5percentdamping.xlsx,Vertical,5,As_Recorded_d050
187,T0.440S,t0_440s,ground_motion,12,Updated_NGAW2_Flatfile_Vertical_5percentdamping.xlsx,Vertical,5,As_Recorded_d050
188,T0.450S,t0_450s,ground_motion,12,Updated_NGAW2_Flatfile_Vertical_5percentdamping.xlsx,Vertical,5,As_Recorded_d050
189,T0.460S,t0_460s,ground_motion,12,Updated_NGAW2_Flatfile_Vertical_5percentdamping.xlsx,Vertical,5,As_Recorded_d050
190,T0.480S,t0_480s,ground_motion,12,Updated_NGAW2_Flatfile_Vertical_5percentdamping.xlsx,Vertical,5,As_Recorded_d050
191,T0.500S,t0_500s,ground_motion,12,Updated_NGAW2_Flatfile_Vertical_5percentdamping.xlsx,Vertical,5,As_Recorded_d050
192,T0.550S,t0_550s,ground_motion,12,Updated_NGAW2_Flatfile_Vertical_5percentdamping.xlsx,Vertical,5,As_Recorded_d050
193,T0.600S,t0_600s,ground_motion,12,Updated_NGAW2_Flatfile_Vertical_5percentdamping.xlsx,Vertical,5,As_Recorded_d050
194,T0.650S,t0_650s,ground_motion,12,Updated_NGAW2_Flatfile_Vertical_5percentdamping.xlsx,Vertical,5,As_Recorded_d050
195,T0.667S,t0_667s,ground_motion,12,Updated_NGAW2_Flatfile_Vertical_5percentdamping.xlsx,Vertical,5,As_Recorded_d050
196,T0.700S,t0_700s,ground_motion,12,Updated_NGAW2_Flatfile_Vertical_5percentdamping.xlsx,Vertical,5,As_Recorded_d050
197,T0.750S,t0_750s,ground_motion,12,Updated_NGAW2_Flatfile_Vertical_5percentdamping.xlsx,Vertical,5,As_Recorded_d050
198,T0.800S,t0_800s,ground_motion,12,Updated_NGAW2_Flatfile_Vertical_5percentdamping.xlsx,Vertical,5,As_Recorded_d050
199,T0.850S,t0_850s,ground_motion,12,Updated_NGAW2_Flatfile_Vertical_5percentdamping.xlsx,Vertical,5,As_Recorded_d050
200,T0.900S,t0_900s,ground_motion,12,Updated_NGAW2_Flatfile_Vertical_5percentdamping.xlsx,Vertical,5,As_Recorded_d050
201,T0.950S,t0_950s,ground_motion,12,Updated_NGAW2_Flatfile_Vertical_5percentdamping.xlsx,Vertical,5,As_Recorded_d050
202,T1.000S,t1_000s,ground_motion,12,Updated_NGAW2_Flatfile_Vertical_5percentdamping.xlsx,Vertical,5,As_Recorded_d050
203,T1.100S,t1_100s,ground_motion,12,Updated_NGAW2_Flatfile_Vertical_5percentdamping.xlsx,Vertical,5,As_Recorded_d050
204,T1.200S,t1_200s,ground_motion,12,Updated_NGAW2_Flatfile_Vertical_5percentdamping.xlsx,Vertical,5,As_Recorded_d050
205,T1.300S,t1_300s,ground_motion,12,Updated_NGAW2_Flatfile_Vertical_5percentdamping.xlsx,Vertical,5,As_Recorded_d050
206,T1.400S,t1_400s,ground_motion,12,Updated_NGAW2_Flatfile_Vertical_5percentdamping.xlsx,Vertical,5,As_Recorded_d050
207,T1.500S,t1_500s,ground_motion,12,Updated_NGAW2_Flatfile_Vertical_5percentdamping.xlsx,Vertical,5,As_Recorded_d050
208,T1.600S,t1_600s,ground_motion,12,Updated_NGAW2_Flatfile_Vertical_5percentdamping.xlsx,Vertical,5,As_Recorded_d050
209,T1.700S,t1_700s,ground_motion,12,Updated_NGAW2_Flatfile_Vertical_5percentdamping.xlsx,Vertical,5,As_Recorded_d050
210,T1.800S,t1_800s,ground_motion,12,Updated_NGAW2_Flatfile_Vertical_5percentdamping.xlsx,Vertical,5,As_Recorded_d050
211,T1.900S,t1_900s,ground_motion,12,Updated_NGAW2_Flatfile_Vertical_5percentdamping.xlsx,Vertical,5,As_Recorded_d050
212,T2.000S,t2_000s,ground_motion,12,Updated_NGAW2_Flatfile_Vertical_5percentdamping.xlsx,Vertical,5,As_Recorded_d050
213,T2.200S,t2_200s,ground_motion,12,Updated_NGAW2_Flatfile_Vertical_5percentdamping.xlsx,Vertical,5,As_Recorded_d050
214,T2.400S,t2_400s,ground_motion,12,Updated_NGAW2_Flatfile_Vertical_5percentdamping.xlsx,Vertical,5,As_Recorded_d050
215,T2.500S,t2_500s,ground_motion,12,Updated_NGAW2_Flatfile_Vertical_5percentdamping.xlsx,Vertical,5,As_Recorded_d050
216,T2.600S,t2_600s,ground_motion,12,Updated_NGAW2_Flatfile_Vertical_5percentdamping.xlsx,Vertical,5,As_Recorded_d050
217,T2.800S,t2_800s,ground_motion,12,Updated_NGAW2_Flatfile_Vertical_5percentdamping.xlsx,Vertical,5,As_Recorded_d050
218,T3.000S,t3_000s,ground_motion,12,Updated_NGAW2_Flatfile_Vertical_5percentdamping.xlsx,Vertical,5,As_Recorded_d050
219,T3.200S,t3_200s,ground_motion,12,Updated_NGAW2_Flatfile_Vertical_5percentdamping.xlsx,Vertical,5,As_Recorded_d050
220,T3.400S,t3_400s,ground_motion,12,Updated_NGAW2_Flatfile_Vertical_5percentdamping.xlsx,Vertical,5,As_Recorded_d050
221,T3.500S,t3_500s,ground_motion,12,Updated_NGAW2_Flatfile_Vertical_5percentdamping.xlsx,Vertical,5,As_Recorded_d050
222,T3.600S,t3_600s,ground_motion,12,Updated_NGAW2_Flatfile_Vertical_5percentdamping.xlsx,Vertical,5,As_Recorded_d050
223,T3.800S,t3_800s,ground_motion,12,Updated_NGAW2_Flatfile_Vertical_5percentdamping.xlsx,Vertical,5,As_Recorded_d050
224,T4.000S,t4_000s,ground_motion,12,Updated_NGAW2_Flatfile_Vertical_5percentdamping.xlsx,Vertical,5,As_Recorded_d050
225,T4.200S,t4_200s,ground_motion,12,Updated_NGAW2_Flatfile_Vertical_5percentdamping.xlsx,Vertical,5,As_Recorded_d050
226,T4.400S,t4_400s,ground_motion,12,Updated_NGAW2_Flatfile_Vertical_5percentdamping.xlsx,Vertical,5,As_Recorded_d050
227,T4.600S,t4_600s,ground_motion,12,Updated_NGAW2_Flatfile_Vertical_5percentdamping.xlsx,Vertical,5,As_Recorded_d050
228,T4.800S,t4_800s,ground_motion,12,Updated_NGAW2_Flatfile_Vertical_5percentdamping.xlsx,Vertical,5,As_Recorded_d050
229,T5.000S,t5_000s,ground_motion,12,Updated_NGAW2_Flatfile_Vertical_5percentdamping.xlsx,Vertical,5,As_Recorded_d050
230,T5.500S,t5_500s,ground_motion,12,Updated_NGAW2_Flatfile_Vertical_5percentdamping.xlsx,Vertical,5,As_Recorded_d050
231,T6.000S,t6_000s,ground_motion,12,Updated_NGAW2_Flatfile_Vertical_5percentdamping.xlsx,Vertical,5,As_Recorded_d050
232,T6.500S,t6_500s,ground_motion,12,Updated_NGAW2_Flatfile_Vertical_5percentdamping.xlsx,Vertical,5,As_Recorded_d050
233,T7.000S,t7_000s,ground_motion,12,Updated_NGAW2_Flatfile_Vertical_5percentdamping.xlsx,Vertical,5,As_Recorded_d050
234,T7.500S,t7_500s,ground_motion,12,Updated_NGAW2_Flatfile_Vertical_5percentdamping.xlsx,Vertical,5,As_Recorded_d050
235,T8.000S,t8_000s,ground_motion,12,Updated_NGAW2_Flatfile_Vertical_5percentdamping.xlsx,Vertical,5,As_Recorded_d050
236,T8.500S,t8_500s,ground_motion,12,Updated_NGAW2_Flatfile_Vertical_5percentdamping.xlsx,Vertical,5,As_Recorded_d050
237,T9.000S,t9_000s,ground_motion,12,Updated_NGAW2_Flatfile_Vertical_5percentdamping.xlsx,Vertical,5,As_Recorded_d050
238,T9.500S,t9_500s,ground_motion,12,Updated_NGAW2_Flatfile_Vertical_5percentdamping.xlsx,Vertical,5,As_Recorded_d050
239,T10.000S,t10_000s,ground_motion,12,Updated_NGAW2_Flatfile_Vertical_5percentdamping.xlsx,Vertical,5,As_Recorded_d050
240,T11.000S,t11_000s,ground_motion,12,Updated_NGAW2_Flatfile_Vertical_5percentdamping.xlsx,Vertical,5,As_Recorded_d050
241,T12.000S,t12_000s,ground_motion,12,Updated_NGAW2_Flatfile_Vertical_5percentdamping.xlsx,Vertical,5,As_Recorded_d050
242,T13.000S,t13_000s,ground_motion,12,Updated_NGAW2_Flatfile_Vertical_5percentdamping.xlsx,Vertical,5,As_Recorded_d050
243,T14.000S,t14_000s,ground_motion,12,Updated_NGAW2_Flatfile_Vertical_5percentdamping.xlsx,Vertical,5,As_Recorded_d050
244,T15.000S,t15_000s,ground_motion,12,Updated_NGAW2_Flatfile_Vertical_5percentdamping.xlsx,Vertical,5,As_Recorded_d050
245,T20.000S,t20_000s,ground_motion,12,Updated_NGAW2_Flatfile_Vertical_5percentdamping.xlsx,Vertical,5,As_Recorded_d050
246,Ave Strike (deg),ave_strike_deg,classification_directivity,12,Updated_NGAW2_Flatfile_Vertical_5percentdamping.xlsx,Vertical,5,As_Recorded_d050
247,TYPE(CRjb = 0),type_crjb_0,classification_directivity,12,Updated_NGAW2_Flatfile_Vertical_5percentdamping.xlsx,Vertical,5,As_Recorded_d050
248,CRjb,crjb,classification_directivity,12,Updated_NGAW2_Flatfile_Vertical_5percentdamping.xlsx,Vertical,5,As_Recorded_d050
249,"TYPE
(CRjb = 2)",type_crjb_2,classification_directivity,12,Updated_NGAW2_Flatfile_Vertical_5percentdamping.xlsx,Vertical,5,As_Recorded_d050
250,CRjb,crjb_1,classification_directivity,12,Updated_NGAW2_Flatfile_Vertical_5percentdamping.xlsx,Vertical,5,As_Recorded_d050
251,"TYPE
(CRjb = 5)",type_crjb_5,classification_directivity,12,Updated_NGAW2_Flatfile_Vertical_5percentdamping.xlsx,Vertical,5,As_Recorded_d050
252,CRjb,crjb_2,classification_directivity,12,Updated_NGAW2_Flatfile_Vertical_5percentdamping.xlsx,Vertical,5,As_Recorded_d050
253,"TYPE
(CRjb = 10)",type_crjb_10,classification_directivity,12,Updated_NGAW2_Flatfile_Vertical_5percentdamping.xlsx,Vertical,5,As_Recorded_d050
254,CRjb,crjb_3,classification_directivity,12,Updated_NGAW2_Flatfile_Vertical_5percentdamping.xlsx,Vertical,5,As_Recorded_d050
255,"TYPE
(CRjb = 20)",type_crjb_20,classification_directivity,12,Updated_NGAW2_Flatfile_Vertical_5percentdamping.xlsx,Vertical,5,As_Recorded_d050
256,CRjb,crjb_4,classification_directivity,12,Updated_NGAW2_Flatfile_Vertical_5percentdamping.xlsx,Vertical,5,As_Recorded_d050
257,"TYPE
(CRjb = 40)",type_crjb_40,classification_directivity,12,Updated_NGAW2_Flatfile_Vertical_5percentdamping.xlsx,Vertical,5,As_Recorded_d050
258,CRjb,crjb_5,classification_directivity,12,Updated_NGAW2_Flatfile_Vertical_5percentdamping.xlsx,Vertical,5,As_Recorded_d050
259,U,u,quality,12,Updated_NGAW2_Flatfile_Vertical_5percentdamping.xlsx,Vertical,5,As_Recorded_d050
260,IDPv4,idpv4,quality,12,Updated_NGAW2_Flatfile_Vertical_5percentdamping.xlsx,Vertical,5,As_Recorded_d050
261,XCI,xci,quality,12,Updated_NGAW2_Flatfile_Vertical_5percentdamping.xlsx,Vertical,5,As_Recorded_d050
262,XCI1,xci1,quality,12,Updated_NGAW2_Flatfile_Vertical_5percentdamping.xlsx,Vertical,5,As_Recorded_d050
263,Z,z,quality,12,Updated_NGAW2_Flatfile_Vertical_5percentdamping.xlsx,Vertical,5,As_Recorded_d050
264,cosThetaAvg,costhetaavg,quality,12,Updated_NGAW2_Flatfile_Vertical_5percentdamping.xlsx,Vertical,5,As_Recorded_d050
265,Damping (%),damping_percent,quality,12,Updated_NGAW2_Flatfile_Vertical_5percentdamping.xlsx,Vertical,5,As_Recorded_d050
266,RotD percentile,rotd_percentile,quality,12,Updated_NGAW2_Flatfile_Vertical_5percentdamping.xlsx,Vertical,5,As_Recorded_d050
267,Instrument Nat. Freq.,instrument_nat_freq,quality,12,Updated_NGAW2_Flatfile_Vertical_5percentdamping.xlsx,Vertical,5,As_Recorded_d050
268,Instrument Damping,instrument_damping,quality,12,Updated_NGAW2_Flatfile_Vertical_5percentdamping.xlsx,Vertical,5,As_Recorded_d050
269,Instrument Type,instrument_type,quality,12,Updated_NGAW2_Flatfile_Vertical_5percentdamping.xlsx,Vertical,5,As_Recorded_d050
270,Unused Column,unused_column_5,quality,12,Updated_NGAW2_Flatfile_Vertical_5percentdamping.xlsx,Vertical,5,As_Recorded_d050
271,Spectra Quality Flag,spectra_quality_flag,quality,12,Updated_NGAW2_Flatfile_Vertical_5percentdamping.xlsx,Vertical,5,As_Recorded_d050
272,Late S-trigger,late_s_trigger,quality,12,Updated_NGAW2_Flatfile_Vertical_5percentdamping.xlsx,Vertical,5,As_Recorded_d050
273,Late P-trigger,late_p_trigger,quality,12,Updated_NGAW2_Flatfile_Vertical_5percentdamping.xlsx,Vertical,5,As_Recorded_d050
274,Idirectivity,idirectivity,quality,12,Updated_NGAW2_Flatfile_Vertical_5percentdamping.xlsx,Vertical,5,As_Recorded_d050
275,Tp,tp,quality,12,Updated_NGAW2_Flatfile_Vertical_5percentdamping.xlsx,Vertical,5,As_Recorded_d050
276,Ry 2,ry_2,quality,12,Updated_NGAW2_Flatfile_Vertical_5percentdamping.xlsx,Vertical,5,As_Recorded_d050
