source_workbook,source_workbook_sha256,sheet,cell,formula
NGAW2_GMPE_Spreadsheets_v5.7_041415_ProtectedLocked.xlsm,05c1346e3c422a9e48bf249cd2022b5ad12d2b987df71b383d247f2c83b0c74b,Main,D11,"=IF(C11=""Arithmetic"",""Weighted average of the spectral values"",""Weighted average of the natural logarithm of the spectral values"")"
NGAW2_GMPE_Spreadsheets_v5.7_041415_ProtectedLocked.xlsm,05c1346e3c422a9e48bf249cd2022b5ad12d2b987df71b383d247f2c83b0c74b,Main,H13,"=IF(AND(B39<450,G14>0,SUM(C14:F14)>0),""I08 Model cannot be used for Vs30 less than 450 m/sec. Results are obtained assuming 0 weight for I08 and normalizing the weights of the rest of the models"",IF(AND(B39<450,G14>0),""I08 Model cannot be used for Vs30 less than 450 m/sec. "",""""))"
NGAW2_GMPE_Spreadsheets_v5.7_041415_ProtectedLocked.xlsm,05c1346e3c422a9e48bf249cd2022b5ad12d2b987df71b383d247f2c83b0c74b,Main,E16,"=IF(AND(SUM($C$14:$G$14)>0.99,SUM($C$14:$G$14)<1.01),"" "",""WARNING: Weights should sum up to 1"")"
NGAW2_GMPE_Spreadsheets_v5.7_041415_ProtectedLocked.xlsm,05c1346e3c422a9e48bf249cd2022b5ad12d2b987df71b383d247f2c83b0c74b,Main,D17,"=""Modification factors are calculated in Sheet DSF"""
NGAW2_GMPE_Spreadsheets_v5.7_041415_ProtectedLocked.xlsm,05c1346e3c422a9e48bf249cd2022b5ad12d2b987df71b383d247f2c83b0c74b,Main,K18,"=IF($AB$52>0,""WARNING: You entered a value Out of Range of the GMPE"","""")"
NGAW2_GMPE_Spreadsheets_v5.7_041415_ProtectedLocked.xlsm,05c1346e3c422a9e48bf249cd2022b5ad12d2b987df71b383d247f2c83b0c74b,Main,J21,"=""User defined: ""&C17&""% Damping"""
NGAW2_GMPE_Spreadsheets_v5.7_041415_ProtectedLocked.xlsm,05c1346e3c422a9e48bf249cd2022b5ad12d2b987df71b383d247f2c83b0c74b,Main,F22,"=""PSa Median for 5% damping"""
NGAW2_GMPE_Spreadsheets_v5.7_041415_ProtectedLocked.xlsm,05c1346e3c422a9e48bf249cd2022b5ad12d2b987df71b383d247f2c83b0c74b,Main,G22,"=""PSa Median + "" &$C$16 & "".σ for 5% damping"""
NGAW2_GMPE_Spreadsheets_v5.7_041415_ProtectedLocked.xlsm,05c1346e3c422a9e48bf249cd2022b5ad12d2b987df71b383d247f2c83b0c74b,Main,H22,"=""PSa Median - "" &$C$16 & "".σ for 5% damping"""
NGAW2_GMPE_Spreadsheets_v5.7_041415_ProtectedLocked.xlsm,05c1346e3c422a9e48bf249cd2022b5ad12d2b987df71b383d247f2c83b0c74b,Main,J22,"=""PSa Median for "" & $C$17 & ""% damping"""
NGAW2_GMPE_Spreadsheets_v5.7_041415_ProtectedLocked.xlsm,05c1346e3c422a9e48bf249cd2022b5ad12d2b987df71b383d247f2c83b0c74b,Main,K22,"=""PSa Median + ""&$C$16&"".σ for ""&$C$17 &"" % damping"""
NGAW2_GMPE_Spreadsheets_v5.7_041415_ProtectedLocked.xlsm,05c1346e3c422a9e48bf249cd2022b5ad12d2b987df71b383d247f2c83b0c74b,Main,L22,"=""PSa Median - ""&$C$16&"".σ for ""&$C$17 &"" % damping"""
NGAW2_GMPE_Spreadsheets_v5.7_041415_ProtectedLocked.xlsm,05c1346e3c422a9e48bf249cd2022b5ad12d2b987df71b383d247f2c83b0c74b,Main,M22,"=""Sd Median for ""&$C$17 &"" % damping"""
NGAW2_GMPE_Spreadsheets_v5.7_041415_ProtectedLocked.xlsm,05c1346e3c422a9e48bf249cd2022b5ad12d2b987df71b383d247f2c83b0c74b,Main,F23,"=IF($B$104=0,IF($AB$52=0,SUM($C$14/SUM($C$14:$G$14)*'ASK14'!$E6,$D$14/SUM($C$14:$G$14)*BSSA14!$S6,$E$14/SUM($C$14:$G$14)*'CB14'!$Y6,$F$14/SUM($C$14:$G$14)*'CY14'!$U6,$G$14/SUM($C$14:$G$14)*'I14'!$L6),SUM($C$14/SUM($C$14:$G$14)*'ASK14'!$E6,$D$14/SUM($C$14:$G$14)*BSSA14!$S6,$E$14/SUM($C$14:$G$14)*'CB14'!$Y6,$F$14/SUM($C$14:$G$14)*'CY14'!$U6,$G$14/SUM($C$14:$G$14)*'I14'!$L6)),IF($B$104=1,IF($AB$52=0,EXP(SUM($C$14/SUM($C$14:$G$14)*LN('ASK14'!$E6),$D$14/SUM($C$14:$G$14)*LN(BSSA14!$S6),$E$14/SUM($C$14:$G$14)*LN('CB14'!$Y6),$F$14/SUM($C$14:$G$14)*LN('CY14'!$U6),$G$14/SUM($C$14:$G$14)*LN('I14'!$L6))),EXP(SUM($C$14/SUM($C$14:$G$14)*LN('ASK14'!$E6),$D$14/SUM($C$14:$G$14)*LN(BSSA14!$S6),$E$14/SUM($C$14:$G$14)*LN('CB14'!$Y6),$F$14/SUM($C$14:$G$14)*LN('CY14'!$U6),$G$14/SUM($C$14:$G$14)*LN('I14'!$L6))))))"
NGAW2_GMPE_Spreadsheets_v5.7_041415_ProtectedLocked.xlsm,05c1346e3c422a9e48bf249cd2022b5ad12d2b987df71b383d247f2c83b0c74b,Main,G23,"=IF($B$104=0,IF($AB$52=0,SUM($C$14/SUM($C$14:$G$14)*('ASK14'!$E6*EXP(Main!$C$16*'ASK14'!$F6)),$D$14/SUM($C$14:$G$14)*(BSSA14!$S6*EXP(Main!$C$16*BSSA14!$T6)),$E$14/SUM($C$14:$G$14)*('CB14'!$Y6*EXP(Main!$C$16*'CB14'!$Z6)),$F$14/SUM($C$14:$G$14)*('CY14'!$U6*EXP(Main!$C$16*'CY14'!$V6)),$G$14/SUM($C$14:$G$14)*('I14'!$L6*EXP(Main!$C$16*'I14'!$M6))),SUM($C$14/SUM($C$14:$G$14)*('ASK14'!$E6*EXP(Main!$C$16*'ASK14'!$F6)),$D$14/SUM($C$14:$G$14)*(BSSA14!$S6*EXP(Main!$C$16*BSSA14!$T6)),$E$14/SUM($C$14:$G$14)*('CB14'!$Y6*EXP(Main!$C$16*'CB14'!$Z6)),$F$14/SUM($C$14:$G$14)*('CY14'!$U6*EXP(Main!$C$16*'CY14'!$V6)),$G$14/SUM($C$14:$G$14)*('I14'!$L6*EXP(Main!$C$16*'I14'!$M6)))),IF($B$104=1,IF($AB$52=0,EXP(SUM($C$14/SUM($C$14:$G$14)*(LN('ASK14'!$E6)+($C$16*'ASK14'!$F6)),$D$14/SUM($C$14:$G$14)*(LN(BSSA14!$S6)+($C$16*BSSA14!$T6)),$E$14/SUM($C$14:$G$14)*(LN('CB14'!$Y6)+($C$16*'CB14'!$Z6)),$F$14/SUM($C$14:$G$14)*(LN('CY14'!$U6)+($C$16*'CY14'!$V6)),$G$14/SUM($C$14:$G$14)*(LN('I14'!$L6)+($C$16*'I14'!$M6)))),EXP(SUM($C$14/SUM($C$14:$G$14)*(LN('ASK14'!$E6)+($C$16*'ASK14'!$F6)),$D$14/SUM($C$14:$G$14)*(LN(BSSA14!$S6)+($C$16*BSSA14!$T6)),$E$14/SUM($C$14:$G$14)*(LN('CB14'!$Y6)+($C$16*'CB14'!$Z6)),$F$14/SUM($C$14:$G$14)*(LN('CY14'!$U6)+($C$16*'CY14'!$V6)),$G$14/SUM($C$14:$G$14)*(LN('I14'!$L6)+($C$16*'I14'!$M6)))))))"
NGAW2_GMPE_Spreadsheets_v5.7_041415_ProtectedLocked.xlsm,05c1346e3c422a9e48bf249cd2022b5ad12d2b987df71b383d247f2c83b0c74b,Main,H23,"=IF($B$104=0,IF($AB$52=0,SUM($C$14/SUM($C$14:$G$14)*('ASK14'!$E6*EXP(-Main!$C$16*'ASK14'!$F6)),$D$14/SUM($C$14:$G$14)*(BSSA14!$S6*EXP(-Main!$C$16*BSSA14!$T6)),$E$14/SUM($C$14:$G$14)*('CB14'!$Y6*EXP(-Main!$C$16*'CB14'!$Z6)),$F$14/SUM($C$14:$G$14)*('CY14'!$U6*EXP(-Main!$C$16*'CY14'!$V6)),$G$14/SUM($C$14:$G$14)*('I14'!$L6*EXP(-Main!$C$16*'I14'!$M6))),SUM($C$14/SUM($C$14:$G$14)*('ASK14'!$E6*EXP(-Main!$C$16*'ASK14'!$F6)),$D$14/SUM($C$14:$G$14)*(BSSA14!$S6*EXP(-Main!$C$16*BSSA14!$T6)),$E$14/SUM($C$14:$G$14)*('CB14'!$Y6*EXP(-Main!$C$16*'CB14'!$Z6)),$F$14/SUM($C$14:$G$14)*('CY14'!$U6*EXP(-Main!$C$16*'CY14'!$V6)),$G$14/SUM($C$14:$G$14)*('I14'!$L6*EXP(-Main!$C$16*'I14'!$M6)))),IF($B$104=1,IF($AB$52=0,EXP(SUM($C$14/SUM($C$14:$G$14)*(LN('ASK14'!$E6)-($C$16*'ASK14'!$F6)),$D$14/SUM($C$14:$G$14)*(LN(BSSA14!$S6)-($C$16*BSSA14!$T6)),$E$14/SUM($C$14:$G$14)*(LN('CB14'!$Y6)-($C$16*'CB14'!$Z6)),$F$14/SUM($C$14:$G$14)*(LN('CY14'!$U6)-($C$16*'CY14'!$V6)),$G$14/SUM($C$14:$G$14)*(LN('I14'!$L6)-($C$16*'I14'!$M6)))),EXP(SUM($C$14/SUM($C$14:$G$14)*(LN('ASK14'!$E6)-($C$16*'ASK14'!$F6)),$D$14/SUM($C$14:$G$14)*(LN(BSSA14!$S6)-($C$16*BSSA14!$T6)),$E$14/SUM($C$14:$G$14)*(LN('CB14'!$Y6)-($C$16*'CB14'!$Z6)),$F$14/SUM($C$14:$G$14)*(LN('CY14'!$U6)-($C$16*'CY14'!$V6)),$G$14/SUM($C$14:$G$14)*(LN('I14'!$L6)-($C$16*'I14'!$M6)))))))"
NGAW2_GMPE_Spreadsheets_v5.7_041415_ProtectedLocked.xlsm,05c1346e3c422a9e48bf249cd2022b5ad12d2b987df71b383d247f2c83b0c74b,Main,I23,=($F23*980)/(2*PI()/$E23)^2
NGAW2_GMPE_Spreadsheets_v5.7_041415_ProtectedLocked.xlsm,05c1346e3c422a9e48bf249cd2022b5ad12d2b987df71b383d247f2c83b0c74b,Main,J23,=DSF!$S22*Main!F23
NGAW2_GMPE_Spreadsheets_v5.7_041415_ProtectedLocked.xlsm,05c1346e3c422a9e48bf249cd2022b5ad12d2b987df71b383d247f2c83b0c74b,Main,K23,=DSF!$S22*Main!G23
NGAW2_GMPE_Spreadsheets_v5.7_041415_ProtectedLocked.xlsm,05c1346e3c422a9e48bf249cd2022b5ad12d2b987df71b383d247f2c83b0c74b,Main,L23,=DSF!$S22*Main!H23
NGAW2_GMPE_Spreadsheets_v5.7_041415_ProtectedLocked.xlsm,05c1346e3c422a9e48bf249cd2022b5ad12d2b987df71b383d247f2c83b0c74b,Main,M23,=DSF!$S22*Main!I23
NGAW2_GMPE_Spreadsheets_v5.7_041415_ProtectedLocked.xlsm,05c1346e3c422a9e48bf249cd2022b5ad12d2b987df71b383d247f2c83b0c74b,Main,AB23,"=IF(AND($C$14<>0,$C$24=""! Not Applicable !""),1,0)"
NGAW2_GMPE_Spreadsheets_v5.7_041415_ProtectedLocked.xlsm,05c1346e3c422a9e48bf249cd2022b5ad12d2b987df71b383d247f2c83b0c74b,Main,AC23,=SUM(AB23:AB25)
NGAW2_GMPE_Spreadsheets_v5.7_041415_ProtectedLocked.xlsm,05c1346e3c422a9e48bf249cd2022b5ad12d2b987df71b383d247f2c83b0c74b,Main,C24,"=IF($C$14<>0,'ASK14'!$B$6,IF($D$14<>0,BSSA14!$B$6,IF($E$14<>0,'CB14'!$B$6,IF($F$14<>0,'CY14'!$B$6,IF($G$14<>0,'I14'!$B$6,"""")))))"
NGAW2_GMPE_Spreadsheets_v5.7_041415_ProtectedLocked.xlsm,05c1346e3c422a9e48bf249cd2022b5ad12d2b987df71b383d247f2c83b0c74b,Main,F24,"=IF($B$104=0,IF($AB$52=0,SUM($C$14/SUM($C$14:$G$14)*'ASK14'!$E7,$D$14/SUM($C$14:$G$14)*BSSA14!$S7,$E$14/SUM($C$14:$G$14)*'CB14'!$Y7,$F$14/SUM($C$14:$G$14)*'CY14'!$U7,$G$14/SUM($C$14:$G$14)*'I14'!$L7),SUM($C$14/SUM($C$14:$G$14)*'ASK14'!$E7,$D$14/SUM($C$14:$G$14)*BSSA14!$S7,$E$14/SUM($C$14:$G$14)*'CB14'!$Y7,$F$14/SUM($C$14:$G$14)*'CY14'!$U7,$G$14/SUM($C$14:$G$14)*'I14'!$L7)),IF($B$104=1,IF($AB$52=0,EXP(SUM($C$14/SUM($C$14:$G$14)*LN('ASK14'!$E7),$D$14/SUM($C$14:$G$14)*LN(BSSA14!$S7),$E$14/SUM($C$14:$G$14)*LN('CB14'!$Y7),$F$14/SUM($C$14:$G$14)*LN('CY14'!$U7),$G$14/SUM($C$14:$G$14)*LN('I14'!$L7))),EXP(SUM($C$14/SUM($C$14:$G$14)*LN('ASK14'!$E7),$D$14/SUM($C$14:$G$14)*LN(BSSA14!$S7),$E$14/SUM($C$14:$G$14)*LN('CB14'!$Y7),$F$14/SUM($C$14:$G$14)*LN('CY14'!$U7),$G$14/SUM($C$14:$G$14)*LN('I14'!$L7))))))"
NGAW2_GMPE_Spreadsheets_v5.7_041415_ProtectedLocked.xlsm,05c1346e3c422a9e48bf249cd2022b5ad12d2b987df71b383d247f2c83b0c74b,Main,G24,"=IF($B$104=0,IF($AB$52=0,SUM($C$14/SUM($C$14:$G$14)*('ASK14'!$E7*EXP(Main!$C$16*'ASK14'!$F7)),$D$14/SUM($C$14:$G$14)*(BSSA14!$S7*EXP(Main!$C$16*BSSA14!$T7)),$E$14/SUM($C$14:$G$14)*('CB14'!$Y7*EXP(Main!$C$16*'CB14'!$Z7)),$F$14/SUM($C$14:$G$14)*('CY14'!$U7*EXP(Main!$C$16*'CY14'!$V7)),$G$14/SUM($C$14:$G$14)*('I14'!$L7*EXP(Main!$C$16*'I14'!$M7))),SUM($C$14/SUM($C$14:$G$14)*('ASK14'!$E7*EXP(Main!$C$16*'ASK14'!$F7)),$D$14/SUM($C$14:$G$14)*(BSSA14!$S7*EXP(Main!$C$16*BSSA14!$T7)),$E$14/SUM($C$14:$G$14)*('CB14'!$Y7*EXP(Main!$C$16*'CB14'!$Z7)),$F$14/SUM($C$14:$G$14)*('CY14'!$U7*EXP(Main!$C$16*'CY14'!$V7)),$G$14/SUM($C$14:$G$14)*('I14'!$L7*EXP(Main!$C$16*'I14'!$M7)))),IF($B$104=1,IF($AB$52=0,EXP(SUM($C$14/SUM($C$14:$G$14)*(LN('ASK14'!$E7)+($C$16*'ASK14'!$F7)),$D$14/SUM($C$14:$G$14)*(LN(BSSA14!$S7)+($C$16*BSSA14!$T7)),$E$14/SUM($C$14:$G$14)*(LN('CB14'!$Y7)+($C$16*'CB14'!$Z7)),$F$14/SUM($C$14:$G$14)*(LN('CY14'!$U7)+($C$16*'CY14'!$V7)),$G$14/SUM($C$14:$G$14)*(LN('I14'!$L7)+($C$16*'I14'!$M7)))),EXP(SUM($C$14/SUM($C$14:$G$14)*(LN('ASK14'!$E7)+($C$16*'ASK14'!$F7)),$D$14/SUM($C$14:$G$14)*(LN(BSSA14!$S7)+($C$16*BSSA14!$T7)),$E$14/SUM($C$14:$G$14)*(LN('CB14'!$Y7)+($C$16*'CB14'!$Z7)),$F$14/SUM($C$14:$G$14)*(LN('CY14'!$U7)+($C$16*'CY14'!$V7)),$G$14/SUM($C$14:$G$14)*(LN('I14'!$L7)+($C$16*'I14'!$M7)))))))"
NGAW2_GMPE_Spreadsheets_v5.7_041415_ProtectedLocked.xlsm,05c1346e3c422a9e48bf249cd2022b5ad12d2b987df71b383d247f2c83b0c74b,Main,H24,"=IF($B$104=0,IF($AB$52=0,SUM($C$14/SUM($C$14:$G$14)*('ASK14'!$E7*EXP(-Main!$C$16*'ASK14'!$F7)),$D$14/SUM($C$14:$G$14)*(BSSA14!$S7*EXP(-Main!$C$16*BSSA14!$T7)),$E$14/SUM($C$14:$G$14)*('CB14'!$Y7*EXP(-Main!$C$16*'CB14'!$Z7)),$F$14/SUM($C$14:$G$14)*('CY14'!$U7*EXP(-Main!$C$16*'CY14'!$V7)),$G$14/SUM($C$14:$G$14)*('I14'!$L7*EXP(-Main!$C$16*'I14'!$M7))),SUM($C$14/SUM($C$14:$G$14)*('ASK14'!$E7*EXP(-Main!$C$16*'ASK14'!$F7)),$D$14/SUM($C$14:$G$14)*(BSSA14!$S7*EXP(-Main!$C$16*BSSA14!$T7)),$E$14/SUM($C$14:$G$14)*('CB14'!$Y7*EXP(-Main!$C$16*'CB14'!$Z7)),$F$14/SUM($C$14:$G$14)*('CY14'!$U7*EXP(-Main!$C$16*'CY14'!$V7)),$G$14/SUM($C$14:$G$14)*('I14'!$L7*EXP(-Main!$C$16*'I14'!$M7)))),IF($B$104=1,IF($AB$52=0,EXP(SUM($C$14/SUM($C$14:$G$14)*(LN('ASK14'!$E7)-($C$16*'ASK14'!$F7)),$D$14/SUM($C$14:$G$14)*(LN(BSSA14!$S7)-($C$16*BSSA14!$T7)),$E$14/SUM($C$14:$G$14)*(LN('CB14'!$Y7)-($C$16*'CB14'!$Z7)),$F$14/SUM($C$14:$G$14)*(LN('CY14'!$U7)-($C$16*'CY14'!$V7)),$G$14/SUM($C$14:$G$14)*(LN('I14'!$L7)-($C$16*'I14'!$M7)))),EXP(SUM($C$14/SUM($C$14:$G$14)*(LN('ASK14'!$E7)-($C$16*'ASK14'!$F7)),$D$14/SUM($C$14:$G$14)*(LN(BSSA14!$S7)-($C$16*BSSA14!$T7)),$E$14/SUM($C$14:$G$14)*(LN('CB14'!$Y7)-($C$16*'CB14'!$Z7)),$F$14/SUM($C$14:$G$14)*(LN('CY14'!$U7)-($C$16*'CY14'!$V7)),$G$14/SUM($C$14:$G$14)*(LN('I14'!$L7)-($C$16*'I14'!$M7)))))))"
NGAW2_GMPE_Spreadsheets_v5.7_041415_ProtectedLocked.xlsm,05c1346e3c422a9e48bf249cd2022b5ad12d2b987df71b383d247f2c83b0c74b,Main,I24,=($F24*980)/(2*PI()/$E24)^2
NGAW2_GMPE_Spreadsheets_v5.7_041415_ProtectedLocked.xlsm,05c1346e3c422a9e48bf249cd2022b5ad12d2b987df71b383d247f2c83b0c74b,Main,J24,=DSF!$S23*Main!F24
NGAW2_GMPE_Spreadsheets_v5.7_041415_ProtectedLocked.xlsm,05c1346e3c422a9e48bf249cd2022b5ad12d2b987df71b383d247f2c83b0c74b,Main,K24,=DSF!$S23*Main!G24
NGAW2_GMPE_Spreadsheets_v5.7_041415_ProtectedLocked.xlsm,05c1346e3c422a9e48bf249cd2022b5ad12d2b987df71b383d247f2c83b0c74b,Main,L24,=DSF!$S23*Main!H24
NGAW2_GMPE_Spreadsheets_v5.7_041415_ProtectedLocked.xlsm,05c1346e3c422a9e48bf249cd2022b5ad12d2b987df71b383d247f2c83b0c74b,Main,M24,=DSF!$S23*Main!I24
NGAW2_GMPE_Spreadsheets_v5.7_041415_ProtectedLocked.xlsm,05c1346e3c422a9e48bf249cd2022b5ad12d2b987df71b383d247f2c83b0c74b,Main,R24,"=""Pseudo Spectral Acceleration (""  &$C$17 & ""% damping) (g)"""
NGAW2_GMPE_Spreadsheets_v5.7_041415_ProtectedLocked.xlsm,05c1346e3c422a9e48bf249cd2022b5ad12d2b987df71b383d247f2c83b0c74b,Main,AB24,"=IF(AND($C$14<>0,$C$27=""! Not Applicable !""),1,0)"
NGAW2_GMPE_Spreadsheets_v5.7_041415_ProtectedLocked.xlsm,05c1346e3c422a9e48bf249cd2022b5ad12d2b987df71b383d247f2c83b0c74b,Main,F25,"=IF($B$104=0,IF($AB$52=0,SUM($C$14/SUM($C$14:$G$14)*'ASK14'!$E8,$D$14/SUM($C$14:$G$14)*BSSA14!$S8,$E$14/SUM($C$14:$G$14)*'CB14'!$Y8,$F$14/SUM($C$14:$G$14)*'CY14'!$U8,$G$14/SUM($C$14:$G$14)*'I14'!$L8),SUM($C$14/SUM($C$14:$G$14)*'ASK14'!$E8,$D$14/SUM($C$14:$G$14)*BSSA14!$S8,$E$14/SUM($C$14:$G$14)*'CB14'!$Y8,$F$14/SUM($C$14:$G$14)*'CY14'!$U8,$G$14/SUM($C$14:$G$14)*'I14'!$L8)),IF($B$104=1,IF($AB$52=0,EXP(SUM($C$14/SUM($C$14:$G$14)*LN('ASK14'!$E8),$D$14/SUM($C$14:$G$14)*LN(BSSA14!$S8),$E$14/SUM($C$14:$G$14)*LN('CB14'!$Y8),$F$14/SUM($C$14:$G$14)*LN('CY14'!$U8),$G$14/SUM($C$14:$G$14)*LN('I14'!$L8))),EXP(SUM($C$14/SUM($C$14:$G$14)*LN('ASK14'!$E8),$D$14/SUM($C$14:$G$14)*LN(BSSA14!$S8),$E$14/SUM($C$14:$G$14)*LN('CB14'!$Y8),$F$14/SUM($C$14:$G$14)*LN('CY14'!$U8),$G$14/SUM($C$14:$G$14)*LN('I14'!$L8))))))"
NGAW2_GMPE_Spreadsheets_v5.7_041415_ProtectedLocked.xlsm,05c1346e3c422a9e48bf249cd2022b5ad12d2b987df71b383d247f2c83b0c74b,Main,G25,"=IF($B$104=0,IF($AB$52=0,SUM($C$14/SUM($C$14:$G$14)*('ASK14'!$E8*EXP(Main!$C$16*'ASK14'!$F8)),$D$14/SUM($C$14:$G$14)*(BSSA14!$S8*EXP(Main!$C$16*BSSA14!$T8)),$E$14/SUM($C$14:$G$14)*('CB14'!$Y8*EXP(Main!$C$16*'CB14'!$Z8)),$F$14/SUM($C$14:$G$14)*('CY14'!$U8*EXP(Main!$C$16*'CY14'!$V8)),$G$14/SUM($C$14:$G$14)*('I14'!$L8*EXP(Main!$C$16*'I14'!$M8))),SUM($C$14/SUM($C$14:$G$14)*('ASK14'!$E8*EXP(Main!$C$16*'ASK14'!$F8)),$D$14/SUM($C$14:$G$14)*(BSSA14!$S8*EXP(Main!$C$16*BSSA14!$T8)),$E$14/SUM($C$14:$G$14)*('CB14'!$Y8*EXP(Main!$C$16*'CB14'!$Z8)),$F$14/SUM($C$14:$G$14)*('CY14'!$U8*EXP(Main!$C$16*'CY14'!$V8)),$G$14/SUM($C$14:$G$14)*('I14'!$L8*EXP(Main!$C$16*'I14'!$M8)))),IF($B$104=1,IF($AB$52=0,EXP(SUM($C$14/SUM($C$14:$G$14)*(LN('ASK14'!$E8)+($C$16*'ASK14'!$F8)),$D$14/SUM($C$14:$G$14)*(LN(BSSA14!$S8)+($C$16*BSSA14!$T8)),$E$14/SUM($C$14:$G$14)*(LN('CB14'!$Y8)+($C$16*'CB14'!$Z8)),$F$14/SUM($C$14:$G$14)*(LN('CY14'!$U8)+($C$16*'CY14'!$V8)),$G$14/SUM($C$14:$G$14)*(LN('I14'!$L8)+($C$16*'I14'!$M8)))),EXP(SUM($C$14/SUM($C$14:$G$14)*(LN('ASK14'!$E8)+($C$16*'ASK14'!$F8)),$D$14/SUM($C$14:$G$14)*(LN(BSSA14!$S8)+($C$16*BSSA14!$T8)),$E$14/SUM($C$14:$G$14)*(LN('CB14'!$Y8)+($C$16*'CB14'!$Z8)),$F$14/SUM($C$14:$G$14)*(LN('CY14'!$U8)+($C$16*'CY14'!$V8)),$G$14/SUM($C$14:$G$14)*(LN('I14'!$L8)+($C$16*'I14'!$M8)))))))"
NGAW2_GMPE_Spreadsheets_v5.7_041415_ProtectedLocked.xlsm,05c1346e3c422a9e48bf249cd2022b5ad12d2b987df71b383d247f2c83b0c74b,Main,H25,"=IF($B$104=0,IF($AB$52=0,SUM($C$14/SUM($C$14:$G$14)*('ASK14'!$E8*EXP(-Main!$C$16*'ASK14'!$F8)),$D$14/SUM($C$14:$G$14)*(BSSA14!$S8*EXP(-Main!$C$16*BSSA14!$T8)),$E$14/SUM($C$14:$G$14)*('CB14'!$Y8*EXP(-Main!$C$16*'CB14'!$Z8)),$F$14/SUM($C$14:$G$14)*('CY14'!$U8*EXP(-Main!$C$16*'CY14'!$V8)),$G$14/SUM($C$14:$G$14)*('I14'!$L8*EXP(-Main!$C$16*'I14'!$M8))),SUM($C$14/SUM($C$14:$G$14)*('ASK14'!$E8*EXP(-Main!$C$16*'ASK14'!$F8)),$D$14/SUM($C$14:$G$14)*(BSSA14!$S8*EXP(-Main!$C$16*BSSA14!$T8)),$E$14/SUM($C$14:$G$14)*('CB14'!$Y8*EXP(-Main!$C$16*'CB14'!$Z8)),$F$14/SUM($C$14:$G$14)*('CY14'!$U8*EXP(-Main!$C$16*'CY14'!$V8)),$G$14/SUM($C$14:$G$14)*('I14'!$L8*EXP(-Main!$C$16*'I14'!$M8)))),IF($B$104=1,IF($AB$52=0,EXP(SUM($C$14/SUM($C$14:$G$14)*(LN('ASK14'!$E8)-($C$16*'ASK14'!$F8)),$D$14/SUM($C$14:$G$14)*(LN(BSSA14!$S8)-($C$16*BSSA14!$T8)),$E$14/SUM($C$14:$G$14)*(LN('CB14'!$Y8)-($C$16*'CB14'!$Z8)),$F$14/SUM($C$14:$G$14)*(LN('CY14'!$U8)-($C$16*'CY14'!$V8)),$G$14/SUM($C$14:$G$14)*(LN('I14'!$L8)-($C$16*'I14'!$M8)))),EXP(SUM($C$14/SUM($C$14:$G$14)*(LN('ASK14'!$E8)-($C$16*'ASK14'!$F8)),$D$14/SUM($C$14:$G$14)*(LN(BSSA14!$S8)-($C$16*BSSA14!$T8)),$E$14/SUM($C$14:$G$14)*(LN('CB14'!$Y8)-($C$16*'CB14'!$Z8)),$F$14/SUM($C$14:$G$14)*(LN('CY14'!$U8)-($C$16*'CY14'!$V8)),$G$14/SUM($C$14:$G$14)*(LN('I14'!$L8)-($C$16*'I14'!$M8)))))))"
NGAW2_GMPE_Spreadsheets_v5.7_041415_ProtectedLocked.xlsm,05c1346e3c422a9e48bf249cd2022b5ad12d2b987df71b383d247f2c83b0c74b,Main,I25,=($F25*980)/(2*PI()/$E25)^2
NGAW2_GMPE_Spreadsheets_v5.7_041415_ProtectedLocked.xlsm,05c1346e3c422a9e48bf249cd2022b5ad12d2b987df71b383d247f2c83b0c74b,Main,J25,=DSF!$S24*Main!F25
NGAW2_GMPE_Spreadsheets_v5.7_041415_ProtectedLocked.xlsm,05c1346e3c422a9e48bf249cd2022b5ad12d2b987df71b383d247f2c83b0c74b,Main,K25,=DSF!$S24*Main!G25
NGAW2_GMPE_Spreadsheets_v5.7_041415_ProtectedLocked.xlsm,05c1346e3c422a9e48bf249cd2022b5ad12d2b987df71b383d247f2c83b0c74b,Main,L25,=DSF!$S24*Main!H25
NGAW2_GMPE_Spreadsheets_v5.7_041415_ProtectedLocked.xlsm,05c1346e3c422a9e48bf249cd2022b5ad12d2b987df71b383d247f2c83b0c74b,Main,M25,=DSF!$S24*Main!I25
NGAW2_GMPE_Spreadsheets_v5.7_041415_ProtectedLocked.xlsm,05c1346e3c422a9e48bf249cd2022b5ad12d2b987df71b383d247f2c83b0c74b,Main,AB25,"=IF(AND($C$14<>0,$C$39=""Out of Range! Use 760 m/s""),1,0)"
NGAW2_GMPE_Spreadsheets_v5.7_041415_ProtectedLocked.xlsm,05c1346e3c422a9e48bf249cd2022b5ad12d2b987df71b383d247f2c83b0c74b,Main,C26,"=IF($B$27<$B$30,""Rrup<Rjb !!"","""")"
NGAW2_GMPE_Spreadsheets_v5.7_041415_ProtectedLocked.xlsm,05c1346e3c422a9e48bf249cd2022b5ad12d2b987df71b383d247f2c83b0c74b,Main,F26,"=IF($B$104=0,IF($AB$52=0,SUM($C$14/SUM($C$14:$G$14)*'ASK14'!$E9,$D$14/SUM($C$14:$G$14)*BSSA14!$S9,$E$14/SUM($C$14:$G$14)*'CB14'!$Y9,$F$14/SUM($C$14:$G$14)*'CY14'!$U9,$G$14/SUM($C$14:$G$14)*'I14'!$L9),SUM($C$14/SUM($C$14:$G$14)*'ASK14'!$E9,$D$14/SUM($C$14:$G$14)*BSSA14!$S9,$E$14/SUM($C$14:$G$14)*'CB14'!$Y9,$F$14/SUM($C$14:$G$14)*'CY14'!$U9,$G$14/SUM($C$14:$G$14)*'I14'!$L9)),IF($B$104=1,IF($AB$52=0,EXP(SUM($C$14/SUM($C$14:$G$14)*LN('ASK14'!$E9),$D$14/SUM($C$14:$G$14)*LN(BSSA14!$S9),$E$14/SUM($C$14:$G$14)*LN('CB14'!$Y9),$F$14/SUM($C$14:$G$14)*LN('CY14'!$U9),$G$14/SUM($C$14:$G$14)*LN('I14'!$L9))),EXP(SUM($C$14/SUM($C$14:$G$14)*LN('ASK14'!$E9),$D$14/SUM($C$14:$G$14)*LN(BSSA14!$S9),$E$14/SUM($C$14:$G$14)*LN('CB14'!$Y9),$F$14/SUM($C$14:$G$14)*LN('CY14'!$U9),$G$14/SUM($C$14:$G$14)*LN('I14'!$L9))))))"
NGAW2_GMPE_Spreadsheets_v5.7_041415_ProtectedLocked.xlsm,05c1346e3c422a9e48bf249cd2022b5ad12d2b987df71b383d247f2c83b0c74b,Main,G26,"=IF($B$104=0,IF($AB$52=0,SUM($C$14/SUM($C$14:$G$14)*('ASK14'!$E9*EXP(Main!$C$16*'ASK14'!$F9)),$D$14/SUM($C$14:$G$14)*(BSSA14!$S9*EXP(Main!$C$16*BSSA14!$T9)),$E$14/SUM($C$14:$G$14)*('CB14'!$Y9*EXP(Main!$C$16*'CB14'!$Z9)),$F$14/SUM($C$14:$G$14)*('CY14'!$U9*EXP(Main!$C$16*'CY14'!$V9)),$G$14/SUM($C$14:$G$14)*('I14'!$L9*EXP(Main!$C$16*'I14'!$M9))),SUM($C$14/SUM($C$14:$G$14)*('ASK14'!$E9*EXP(Main!$C$16*'ASK14'!$F9)),$D$14/SUM($C$14:$G$14)*(BSSA14!$S9*EXP(Main!$C$16*BSSA14!$T9)),$E$14/SUM($C$14:$G$14)*('CB14'!$Y9*EXP(Main!$C$16*'CB14'!$Z9)),$F$14/SUM($C$14:$G$14)*('CY14'!$U9*EXP(Main!$C$16*'CY14'!$V9)),$G$14/SUM($C$14:$G$14)*('I14'!$L9*EXP(Main!$C$16*'I14'!$M9)))),IF($B$104=1,IF($AB$52=0,EXP(SUM($C$14/SUM($C$14:$G$14)*(LN('ASK14'!$E9)+($C$16*'ASK14'!$F9)),$D$14/SUM($C$14:$G$14)*(LN(BSSA14!$S9)+($C$16*BSSA14!$T9)),$E$14/SUM($C$14:$G$14)*(LN('CB14'!$Y9)+($C$16*'CB14'!$Z9)),$F$14/SUM($C$14:$G$14)*(LN('CY14'!$U9)+($C$16*'CY14'!$V9)),$G$14/SUM($C$14:$G$14)*(LN('I14'!$L9)+($C$16*'I14'!$M9)))),EXP(SUM($C$14/SUM($C$14:$G$14)*(LN('ASK14'!$E9)+($C$16*'ASK14'!$F9)),$D$14/SUM($C$14:$G$14)*(LN(BSSA14!$S9)+($C$16*BSSA14!$T9)),$E$14/SUM($C$14:$G$14)*(LN('CB14'!$Y9)+($C$16*'CB14'!$Z9)),$F$14/SUM($C$14:$G$14)*(LN('CY14'!$U9)+($C$16*'CY14'!$V9)),$G$14/SUM($C$14:$G$14)*(LN('I14'!$L9)+($C$16*'I14'!$M9)))))))"
NGAW2_GMPE_Spreadsheets_v5.7_041415_ProtectedLocked.xlsm,05c1346e3c422a9e48bf249cd2022b5ad12d2b987df71b383d247f2c83b0c74b,Main,H26,"=IF($B$104=0,IF($AB$52=0,SUM($C$14/SUM($C$14:$G$14)*('ASK14'!$E9*EXP(-Main!$C$16*'ASK14'!$F9)),$D$14/SUM($C$14:$G$14)*(BSSA14!$S9*EXP(-Main!$C$16*BSSA14!$T9)),$E$14/SUM($C$14:$G$14)*('CB14'!$Y9*EXP(-Main!$C$16*'CB14'!$Z9)),$F$14/SUM($C$14:$G$14)*('CY14'!$U9*EXP(-Main!$C$16*'CY14'!$V9)),$G$14/SUM($C$14:$G$14)*('I14'!$L9*EXP(-Main!$C$16*'I14'!$M9))),SUM($C$14/SUM($C$14:$G$14)*('ASK14'!$E9*EXP(-Main!$C$16*'ASK14'!$F9)),$D$14/SUM($C$14:$G$14)*(BSSA14!$S9*EXP(-Main!$C$16*BSSA14!$T9)),$E$14/SUM($C$14:$G$14)*('CB14'!$Y9*EXP(-Main!$C$16*'CB14'!$Z9)),$F$14/SUM($C$14:$G$14)*('CY14'!$U9*EXP(-Main!$C$16*'CY14'!$V9)),$G$14/SUM($C$14:$G$14)*('I14'!$L9*EXP(-Main!$C$16*'I14'!$M9)))),IF($B$104=1,IF($AB$52=0,EXP(SUM($C$14/SUM($C$14:$G$14)*(LN('ASK14'!$E9)-($C$16*'ASK14'!$F9)),$D$14/SUM($C$14:$G$14)*(LN(BSSA14!$S9)-($C$16*BSSA14!$T9)),$E$14/SUM($C$14:$G$14)*(LN('CB14'!$Y9)-($C$16*'CB14'!$Z9)),$F$14/SUM($C$14:$G$14)*(LN('CY14'!$U9)-($C$16*'CY14'!$V9)),$G$14/SUM($C$14:$G$14)*(LN('I14'!$L9)-($C$16*'I14'!$M9)))),EXP(SUM($C$14/SUM($C$14:$G$14)*(LN('ASK14'!$E9)-($C$16*'ASK14'!$F9)),$D$14/SUM($C$14:$G$14)*(LN(BSSA14!$S9)-($C$16*BSSA14!$T9)),$E$14/SUM($C$14:$G$14)*(LN('CB14'!$Y9)-($C$16*'CB14'!$Z9)),$F$14/SUM($C$14:$G$14)*(LN('CY14'!$U9)-($C$16*'CY14'!$V9)),$G$14/SUM($C$14:$G$14)*(LN('I14'!$L9)-($C$16*'I14'!$M9)))))))"
NGAW2_GMPE_Spreadsheets_v5.7_041415_ProtectedLocked.xlsm,05c1346e3c422a9e48bf249cd2022b5ad12d2b987df71b383d247f2c83b0c74b,Main,I26,=($F26*980)/(2*PI()/$E26)^2
NGAW2_GMPE_Spreadsheets_v5.7_041415_ProtectedLocked.xlsm,05c1346e3c422a9e48bf249cd2022b5ad12d2b987df71b383d247f2c83b0c74b,Main,J26,=DSF!$S25*Main!F26
NGAW2_GMPE_Spreadsheets_v5.7_041415_ProtectedLocked.xlsm,05c1346e3c422a9e48bf249cd2022b5ad12d2b987df71b383d247f2c83b0c74b,Main,K26,=DSF!$S25*Main!G26
NGAW2_GMPE_Spreadsheets_v5.7_041415_ProtectedLocked.xlsm,05c1346e3c422a9e48bf249cd2022b5ad12d2b987df71b383d247f2c83b0c74b,Main,L26,=DSF!$S25*Main!H26
NGAW2_GMPE_Spreadsheets_v5.7_041415_ProtectedLocked.xlsm,05c1346e3c422a9e48bf249cd2022b5ad12d2b987df71b383d247f2c83b0c74b,Main,M26,=DSF!$S25*Main!I26
NGAW2_GMPE_Spreadsheets_v5.7_041415_ProtectedLocked.xlsm,05c1346e3c422a9e48bf249cd2022b5ad12d2b987df71b383d247f2c83b0c74b,Main,AB26,"=IF(AND($D$14<>0,$C$24=""! Not Applicable !""),1,0)"
NGAW2_GMPE_Spreadsheets_v5.7_041415_ProtectedLocked.xlsm,05c1346e3c422a9e48bf249cd2022b5ad12d2b987df71b383d247f2c83b0c74b,Main,AC26,=SUM(AB26:AB31)
NGAW2_GMPE_Spreadsheets_v5.7_041415_ProtectedLocked.xlsm,05c1346e3c422a9e48bf249cd2022b5ad12d2b987df71b383d247f2c83b0c74b,Main,C27,"=IF($C$14<>0,'ASK14'!$B$9,IF($E$14<>0,'CB14'!$B$9,IF($F$14<>0,'CY14'!$B$9,IF($G$14<>0,'I14'!$B$9,""""))))"
NGAW2_GMPE_Spreadsheets_v5.7_041415_ProtectedLocked.xlsm,05c1346e3c422a9e48bf249cd2022b5ad12d2b987df71b383d247f2c83b0c74b,Main,F27,"=IF($B$104=0,IF($AB$52=0,SUM($C$14/SUM($C$14:$G$14)*'ASK14'!$E10,$D$14/SUM($C$14:$G$14)*BSSA14!$S10,$E$14/SUM($C$14:$G$14)*'CB14'!$Y10,$F$14/SUM($C$14:$G$14)*'CY14'!$U10,$G$14/SUM($C$14:$G$14)*'I14'!$L10),SUM($C$14/SUM($C$14:$G$14)*'ASK14'!$E10,$D$14/SUM($C$14:$G$14)*BSSA14!$S10,$E$14/SUM($C$14:$G$14)*'CB14'!$Y10,$F$14/SUM($C$14:$G$14)*'CY14'!$U10,$G$14/SUM($C$14:$G$14)*'I14'!$L10)),IF($B$104=1,IF($AB$52=0,EXP(SUM($C$14/SUM($C$14:$G$14)*LN('ASK14'!$E10),$D$14/SUM($C$14:$G$14)*LN(BSSA14!$S10),$E$14/SUM($C$14:$G$14)*LN('CB14'!$Y10),$F$14/SUM($C$14:$G$14)*LN('CY14'!$U10),$G$14/SUM($C$14:$G$14)*LN('I14'!$L10))),EXP(SUM($C$14/SUM($C$14:$G$14)*LN('ASK14'!$E10),$D$14/SUM($C$14:$G$14)*LN(BSSA14!$S10),$E$14/SUM($C$14:$G$14)*LN('CB14'!$Y10),$F$14/SUM($C$14:$G$14)*LN('CY14'!$U10),$G$14/SUM($C$14:$G$14)*LN('I14'!$L10))))))"
NGAW2_GMPE_Spreadsheets_v5.7_041415_ProtectedLocked.xlsm,05c1346e3c422a9e48bf249cd2022b5ad12d2b987df71b383d247f2c83b0c74b,Main,G27,"=IF($B$104=0,IF($AB$52=0,SUM($C$14/SUM($C$14:$G$14)*('ASK14'!$E10*EXP(Main!$C$16*'ASK14'!$F10)),$D$14/SUM($C$14:$G$14)*(BSSA14!$S10*EXP(Main!$C$16*BSSA14!$T10)),$E$14/SUM($C$14:$G$14)*('CB14'!$Y10*EXP(Main!$C$16*'CB14'!$Z10)),$F$14/SUM($C$14:$G$14)*('CY14'!$U10*EXP(Main!$C$16*'CY14'!$V10)),$G$14/SUM($C$14:$G$14)*('I14'!$L10*EXP(Main!$C$16*'I14'!$M10))),SUM($C$14/SUM($C$14:$G$14)*('ASK14'!$E10*EXP(Main!$C$16*'ASK14'!$F10)),$D$14/SUM($C$14:$G$14)*(BSSA14!$S10*EXP(Main!$C$16*BSSA14!$T10)),$E$14/SUM($C$14:$G$14)*('CB14'!$Y10*EXP(Main!$C$16*'CB14'!$Z10)),$F$14/SUM($C$14:$G$14)*('CY14'!$U10*EXP(Main!$C$16*'CY14'!$V10)),$G$14/SUM($C$14:$G$14)*('I14'!$L10*EXP(Main!$C$16*'I14'!$M10)))),IF($B$104=1,IF($AB$52=0,EXP(SUM($C$14/SUM($C$14:$G$14)*(LN('ASK14'!$E10)+($C$16*'ASK14'!$F10)),$D$14/SUM($C$14:$G$14)*(LN(BSSA14!$S10)+($C$16*BSSA14!$T10)),$E$14/SUM($C$14:$G$14)*(LN('CB14'!$Y10)+($C$16*'CB14'!$Z10)),$F$14/SUM($C$14:$G$14)*(LN('CY14'!$U10)+($C$16*'CY14'!$V10)),$G$14/SUM($C$14:$G$14)*(LN('I14'!$L10)+($C$16*'I14'!$M10)))),EXP(SUM($C$14/SUM($C$14:$G$14)*(LN('ASK14'!$E10)+($C$16*'ASK14'!$F10)),$D$14/SUM($C$14:$G$14)*(LN(BSSA14!$S10)+($C$16*BSSA14!$T10)),$E$14/SUM($C$14:$G$14)*(LN('CB14'!$Y10)+($C$16*'CB14'!$Z10)),$F$14/SUM($C$14:$G$14)*(LN('CY14'!$U10)+($C$16*'CY14'!$V10)),$G$14/SUM($C$14:$G$14)*(LN('I14'!$L10)+($C$16*'I14'!$M10)))))))"
NGAW2_GMPE_Spreadsheets_v5.7_041415_ProtectedLocked.xlsm,05c1346e3c422a9e48bf249cd2022b5ad12d2b987df71b383d247f2c83b0c74b,Main,H27,"=IF($B$104=0,IF($AB$52=0,SUM($C$14/SUM($C$14:$G$14)*('ASK14'!$E10*EXP(-Main!$C$16*'ASK14'!$F10)),$D$14/SUM($C$14:$G$14)*(BSSA14!$S10*EXP(-Main!$C$16*BSSA14!$T10)),$E$14/SUM($C$14:$G$14)*('CB14'!$Y10*EXP(-Main!$C$16*'CB14'!$Z10)),$F$14/SUM($C$14:$G$14)*('CY14'!$U10*EXP(-Main!$C$16*'CY14'!$V10)),$G$14/SUM($C$14:$G$14)*('I14'!$L10*EXP(-Main!$C$16*'I14'!$M10))),SUM($C$14/SUM($C$14:$G$14)*('ASK14'!$E10*EXP(-Main!$C$16*'ASK14'!$F10)),$D$14/SUM($C$14:$G$14)*(BSSA14!$S10*EXP(-Main!$C$16*BSSA14!$T10)),$E$14/SUM($C$14:$G$14)*('CB14'!$Y10*EXP(-Main!$C$16*'CB14'!$Z10)),$F$14/SUM($C$14:$G$14)*('CY14'!$U10*EXP(-Main!$C$16*'CY14'!$V10)),$G$14/SUM($C$14:$G$14)*('I14'!$L10*EXP(-Main!$C$16*'I14'!$M10)))),IF($B$104=1,IF($AB$52=0,EXP(SUM($C$14/SUM($C$14:$G$14)*(LN('ASK14'!$E10)-($C$16*'ASK14'!$F10)),$D$14/SUM($C$14:$G$14)*(LN(BSSA14!$S10)-($C$16*BSSA14!$T10)),$E$14/SUM($C$14:$G$14)*(LN('CB14'!$Y10)-($C$16*'CB14'!$Z10)),$F$14/SUM($C$14:$G$14)*(LN('CY14'!$U10)-($C$16*'CY14'!$V10)),$G$14/SUM($C$14:$G$14)*(LN('I14'!$L10)-($C$16*'I14'!$M10)))),EXP(SUM($C$14/SUM($C$14:$G$14)*(LN('ASK14'!$E10)-($C$16*'ASK14'!$F10)),$D$14/SUM($C$14:$G$14)*(LN(BSSA14!$S10)-($C$16*BSSA14!$T10)),$E$14/SUM($C$14:$G$14)*(LN('CB14'!$Y10)-($C$16*'CB14'!$Z10)),$F$14/SUM($C$14:$G$14)*(LN('CY14'!$U10)-($C$16*'CY14'!$V10)),$G$14/SUM($C$14:$G$14)*(LN('I14'!$L10)-($C$16*'I14'!$M10)))))))"
NGAW2_GMPE_Spreadsheets_v5.7_041415_ProtectedLocked.xlsm,05c1346e3c422a9e48bf249cd2022b5ad12d2b987df71b383d247f2c83b0c74b,Main,I27,=($F27*980)/(2*PI()/$E27)^2
NGAW2_GMPE_Spreadsheets_v5.7_041415_ProtectedLocked.xlsm,05c1346e3c422a9e48bf249cd2022b5ad12d2b987df71b383d247f2c83b0c74b,Main,J27,=DSF!$S26*Main!F27
NGAW2_GMPE_Spreadsheets_v5.7_041415_ProtectedLocked.xlsm,05c1346e3c422a9e48bf249cd2022b5ad12d2b987df71b383d247f2c83b0c74b,Main,K27,=DSF!$S26*Main!G27
NGAW2_GMPE_Spreadsheets_v5.7_041415_ProtectedLocked.xlsm,05c1346e3c422a9e48bf249cd2022b5ad12d2b987df71b383d247f2c83b0c74b,Main,L27,=DSF!$S26*Main!H27
NGAW2_GMPE_Spreadsheets_v5.7_041415_ProtectedLocked.xlsm,05c1346e3c422a9e48bf249cd2022b5ad12d2b987df71b383d247f2c83b0c74b,Main,M27,=DSF!$S26*Main!I27
NGAW2_GMPE_Spreadsheets_v5.7_041415_ProtectedLocked.xlsm,05c1346e3c422a9e48bf249cd2022b5ad12d2b987df71b383d247f2c83b0c74b,Main,AB27,"=IF(AND($D$14<>0,$C$24=""! Not Applicable !""),1,0)"
NGAW2_GMPE_Spreadsheets_v5.7_041415_ProtectedLocked.xlsm,05c1346e3c422a9e48bf249cd2022b5ad12d2b987df71b383d247f2c83b0c74b,Main,F28,"=IF($B$104=0,IF($AB$52=0,SUM($C$14/SUM($C$14:$G$14)*'ASK14'!$E11,$D$14/SUM($C$14:$G$14)*BSSA14!$S11,$E$14/SUM($C$14:$G$14)*'CB14'!$Y11,$F$14/SUM($C$14:$G$14)*'CY14'!$U11,$G$14/SUM($C$14:$G$14)*'I14'!$L11),SUM($C$14/SUM($C$14:$G$14)*'ASK14'!$E11,$D$14/SUM($C$14:$G$14)*BSSA14!$S11,$E$14/SUM($C$14:$G$14)*'CB14'!$Y11,$F$14/SUM($C$14:$G$14)*'CY14'!$U11,$G$14/SUM($C$14:$G$14)*'I14'!$L11)),IF($B$104=1,IF($AB$52=0,EXP(SUM($C$14/SUM($C$14:$G$14)*LN('ASK14'!$E11),$D$14/SUM($C$14:$G$14)*LN(BSSA14!$S11),$E$14/SUM($C$14:$G$14)*LN('CB14'!$Y11),$F$14/SUM($C$14:$G$14)*LN('CY14'!$U11),$G$14/SUM($C$14:$G$14)*LN('I14'!$L11))),EXP(SUM($C$14/SUM($C$14:$G$14)*LN('ASK14'!$E11),$D$14/SUM($C$14:$G$14)*LN(BSSA14!$S11),$E$14/SUM($C$14:$G$14)*LN('CB14'!$Y11),$F$14/SUM($C$14:$G$14)*LN('CY14'!$U11),$G$14/SUM($C$14:$G$14)*LN('I14'!$L11))))))"
NGAW2_GMPE_Spreadsheets_v5.7_041415_ProtectedLocked.xlsm,05c1346e3c422a9e48bf249cd2022b5ad12d2b987df71b383d247f2c83b0c74b,Main,G28,"=IF($B$104=0,IF($AB$52=0,SUM($C$14/SUM($C$14:$G$14)*('ASK14'!$E11*EXP(Main!$C$16*'ASK14'!$F11)),$D$14/SUM($C$14:$G$14)*(BSSA14!$S11*EXP(Main!$C$16*BSSA14!$T11)),$E$14/SUM($C$14:$G$14)*('CB14'!$Y11*EXP(Main!$C$16*'CB14'!$Z11)),$F$14/SUM($C$14:$G$14)*('CY14'!$U11*EXP(Main!$C$16*'CY14'!$V11)),$G$14/SUM($C$14:$G$14)*('I14'!$L11*EXP(Main!$C$16*'I14'!$M11))),SUM($C$14/SUM($C$14:$G$14)*('ASK14'!$E11*EXP(Main!$C$16*'ASK14'!$F11)),$D$14/SUM($C$14:$G$14)*(BSSA14!$S11*EXP(Main!$C$16*BSSA14!$T11)),$E$14/SUM($C$14:$G$14)*('CB14'!$Y11*EXP(Main!$C$16*'CB14'!$Z11)),$F$14/SUM($C$14:$G$14)*('CY14'!$U11*EXP(Main!$C$16*'CY14'!$V11)),$G$14/SUM($C$14:$G$14)*('I14'!$L11*EXP(Main!$C$16*'I14'!$M11)))),IF($B$104=1,IF($AB$52=0,EXP(SUM($C$14/SUM($C$14:$G$14)*(LN('ASK14'!$E11)+($C$16*'ASK14'!$F11)),$D$14/SUM($C$14:$G$14)*(LN(BSSA14!$S11)+($C$16*BSSA14!$T11)),$E$14/SUM($C$14:$G$14)*(LN('CB14'!$Y11)+($C$16*'CB14'!$Z11)),$F$14/SUM($C$14:$G$14)*(LN('CY14'!$U11)+($C$16*'CY14'!$V11)),$G$14/SUM($C$14:$G$14)*(LN('I14'!$L11)+($C$16*'I14'!$M11)))),EXP(SUM($C$14/SUM($C$14:$G$14)*(LN('ASK14'!$E11)+($C$16*'ASK14'!$F11)),$D$14/SUM($C$14:$G$14)*(LN(BSSA14!$S11)+($C$16*BSSA14!$T11)),$E$14/SUM($C$14:$G$14)*(LN('CB14'!$Y11)+($C$16*'CB14'!$Z11)),$F$14/SUM($C$14:$G$14)*(LN('CY14'!$U11)+($C$16*'CY14'!$V11)),$G$14/SUM($C$14:$G$14)*(LN('I14'!$L11)+($C$16*'I14'!$M11)))))))"
NGAW2_GMPE_Spreadsheets_v5.7_041415_ProtectedLocked.xlsm,05c1346e3c422a9e48bf249cd2022b5ad12d2b987df71b383d247f2c83b0c74b,Main,H28,"=IF($B$104=0,IF($AB$52=0,SUM($C$14/SUM($C$14:$G$14)*('ASK14'!$E11*EXP(-Main!$C$16*'ASK14'!$F11)),$D$14/SUM($C$14:$G$14)*(BSSA14!$S11*EXP(-Main!$C$16*BSSA14!$T11)),$E$14/SUM($C$14:$G$14)*('CB14'!$Y11*EXP(-Main!$C$16*'CB14'!$Z11)),$F$14/SUM($C$14:$G$14)*('CY14'!$U11*EXP(-Main!$C$16*'CY14'!$V11)),$G$14/SUM($C$14:$G$14)*('I14'!$L11*EXP(-Main!$C$16*'I14'!$M11))),SUM($C$14/SUM($C$14:$G$14)*('ASK14'!$E11*EXP(-Main!$C$16*'ASK14'!$F11)),$D$14/SUM($C$14:$G$14)*(BSSA14!$S11*EXP(-Main!$C$16*BSSA14!$T11)),$E$14/SUM($C$14:$G$14)*('CB14'!$Y11*EXP(-Main!$C$16*'CB14'!$Z11)),$F$14/SUM($C$14:$G$14)*('CY14'!$U11*EXP(-Main!$C$16*'CY14'!$V11)),$G$14/SUM($C$14:$G$14)*('I14'!$L11*EXP(-Main!$C$16*'I14'!$M11)))),IF($B$104=1,IF($AB$52=0,EXP(SUM($C$14/SUM($C$14:$G$14)*(LN('ASK14'!$E11)-($C$16*'ASK14'!$F11)),$D$14/SUM($C$14:$G$14)*(LN(BSSA14!$S11)-($C$16*BSSA14!$T11)),$E$14/SUM($C$14:$G$14)*(LN('CB14'!$Y11)-($C$16*'CB14'!$Z11)),$F$14/SUM($C$14:$G$14)*(LN('CY14'!$U11)-($C$16*'CY14'!$V11)),$G$14/SUM($C$14:$G$14)*(LN('I14'!$L11)-($C$16*'I14'!$M11)))),EXP(SUM($C$14/SUM($C$14:$G$14)*(LN('ASK14'!$E11)-($C$16*'ASK14'!$F11)),$D$14/SUM($C$14:$G$14)*(LN(BSSA14!$S11)-($C$16*BSSA14!$T11)),$E$14/SUM($C$14:$G$14)*(LN('CB14'!$Y11)-($C$16*'CB14'!$Z11)),$F$14/SUM($C$14:$G$14)*(LN('CY14'!$U11)-($C$16*'CY14'!$V11)),$G$14/SUM($C$14:$G$14)*(LN('I14'!$L11)-($C$16*'I14'!$M11)))))))"
NGAW2_GMPE_Spreadsheets_v5.7_041415_ProtectedLocked.xlsm,05c1346e3c422a9e48bf249cd2022b5ad12d2b987df71b383d247f2c83b0c74b,Main,I28,=($F28*980)/(2*PI()/$E28)^2
NGAW2_GMPE_Spreadsheets_v5.7_041415_ProtectedLocked.xlsm,05c1346e3c422a9e48bf249cd2022b5ad12d2b987df71b383d247f2c83b0c74b,Main,J28,=DSF!$S27*Main!F28
NGAW2_GMPE_Spreadsheets_v5.7_041415_ProtectedLocked.xlsm,05c1346e3c422a9e48bf249cd2022b5ad12d2b987df71b383d247f2c83b0c74b,Main,K28,=DSF!$S27*Main!G28
NGAW2_GMPE_Spreadsheets_v5.7_041415_ProtectedLocked.xlsm,05c1346e3c422a9e48bf249cd2022b5ad12d2b987df71b383d247f2c83b0c74b,Main,L28,=DSF!$S27*Main!H28
NGAW2_GMPE_Spreadsheets_v5.7_041415_ProtectedLocked.xlsm,05c1346e3c422a9e48bf249cd2022b5ad12d2b987df71b383d247f2c83b0c74b,Main,M28,=DSF!$S27*Main!I28
NGAW2_GMPE_Spreadsheets_v5.7_041415_ProtectedLocked.xlsm,05c1346e3c422a9e48bf249cd2022b5ad12d2b987df71b383d247f2c83b0c74b,Main,AB28,"=IF(AND($D$14<>0,$C$24=""! Not Applicable !""),1,0)"
NGAW2_GMPE_Spreadsheets_v5.7_041415_ProtectedLocked.xlsm,05c1346e3c422a9e48bf249cd2022b5ad12d2b987df71b383d247f2c83b0c74b,Main,F29,"=IF($B$104=0,IF($AB$52=0,SUM($C$14/SUM($C$14:$G$14)*'ASK14'!$E12,$D$14/SUM($C$14:$G$14)*BSSA14!$S12,$E$14/SUM($C$14:$G$14)*'CB14'!$Y12,$F$14/SUM($C$14:$G$14)*'CY14'!$U12,$G$14/SUM($C$14:$G$14)*'I14'!$L12),SUM($C$14/SUM($C$14:$G$14)*'ASK14'!$E12,$D$14/SUM($C$14:$G$14)*BSSA14!$S12,$E$14/SUM($C$14:$G$14)*'CB14'!$Y12,$F$14/SUM($C$14:$G$14)*'CY14'!$U12,$G$14/SUM($C$14:$G$14)*'I14'!$L12)),IF($B$104=1,IF($AB$52=0,EXP(SUM($C$14/SUM($C$14:$G$14)*LN('ASK14'!$E12),$D$14/SUM($C$14:$G$14)*LN(BSSA14!$S12),$E$14/SUM($C$14:$G$14)*LN('CB14'!$Y12),$F$14/SUM($C$14:$G$14)*LN('CY14'!$U12),$G$14/SUM($C$14:$G$14)*LN('I14'!$L12))),EXP(SUM($C$14/SUM($C$14:$G$14)*LN('ASK14'!$E12),$D$14/SUM($C$14:$G$14)*LN(BSSA14!$S12),$E$14/SUM($C$14:$G$14)*LN('CB14'!$Y12),$F$14/SUM($C$14:$G$14)*LN('CY14'!$U12),$G$14/SUM($C$14:$G$14)*LN('I14'!$L12))))))"
NGAW2_GMPE_Spreadsheets_v5.7_041415_ProtectedLocked.xlsm,05c1346e3c422a9e48bf249cd2022b5ad12d2b987df71b383d247f2c83b0c74b,Main,G29,"=IF($B$104=0,IF($AB$52=0,SUM($C$14/SUM($C$14:$G$14)*('ASK14'!$E12*EXP(Main!$C$16*'ASK14'!$F12)),$D$14/SUM($C$14:$G$14)*(BSSA14!$S12*EXP(Main!$C$16*BSSA14!$T12)),$E$14/SUM($C$14:$G$14)*('CB14'!$Y12*EXP(Main!$C$16*'CB14'!$Z12)),$F$14/SUM($C$14:$G$14)*('CY14'!$U12*EXP(Main!$C$16*'CY14'!$V12)),$G$14/SUM($C$14:$G$14)*('I14'!$L12*EXP(Main!$C$16*'I14'!$M12))),SUM($C$14/SUM($C$14:$G$14)*('ASK14'!$E12*EXP(Main!$C$16*'ASK14'!$F12)),$D$14/SUM($C$14:$G$14)*(BSSA14!$S12*EXP(Main!$C$16*BSSA14!$T12)),$E$14/SUM($C$14:$G$14)*('CB14'!$Y12*EXP(Main!$C$16*'CB14'!$Z12)),$F$14/SUM($C$14:$G$14)*('CY14'!$U12*EXP(Main!$C$16*'CY14'!$V12)),$G$14/SUM($C$14:$G$14)*('I14'!$L12*EXP(Main!$C$16*'I14'!$M12)))),IF($B$104=1,IF($AB$52=0,EXP(SUM($C$14/SUM($C$14:$G$14)*(LN('ASK14'!$E12)+($C$16*'ASK14'!$F12)),$D$14/SUM($C$14:$G$14)*(LN(BSSA14!$S12)+($C$16*BSSA14!$T12)),$E$14/SUM($C$14:$G$14)*(LN('CB14'!$Y12)+($C$16*'CB14'!$Z12)),$F$14/SUM($C$14:$G$14)*(LN('CY14'!$U12)+($C$16*'CY14'!$V12)),$G$14/SUM($C$14:$G$14)*(LN('I14'!$L12)+($C$16*'I14'!$M12)))),EXP(SUM($C$14/SUM($C$14:$G$14)*(LN('ASK14'!$E12)+($C$16*'ASK14'!$F12)),$D$14/SUM($C$14:$G$14)*(LN(BSSA14!$S12)+($C$16*BSSA14!$T12)),$E$14/SUM($C$14:$G$14)*(LN('CB14'!$Y12)+($C$16*'CB14'!$Z12)),$F$14/SUM($C$14:$G$14)*(LN('CY14'!$U12)+($C$16*'CY14'!$V12)),$G$14/SUM($C$14:$G$14)*(LN('I14'!$L12)+($C$16*'I14'!$M12)))))))"
NGAW2_GMPE_Spreadsheets_v5.7_041415_ProtectedLocked.xlsm,05c1346e3c422a9e48bf249cd2022b5ad12d2b987df71b383d247f2c83b0c74b,Main,H29,"=IF($B$104=0,IF($AB$52=0,SUM($C$14/SUM($C$14:$G$14)*('ASK14'!$E12*EXP(-Main!$C$16*'ASK14'!$F12)),$D$14/SUM($C$14:$G$14)*(BSSA14!$S12*EXP(-Main!$C$16*BSSA14!$T12)),$E$14/SUM($C$14:$G$14)*('CB14'!$Y12*EXP(-Main!$C$16*'CB14'!$Z12)),$F$14/SUM($C$14:$G$14)*('CY14'!$U12*EXP(-Main!$C$16*'CY14'!$V12)),$G$14/SUM($C$14:$G$14)*('I14'!$L12*EXP(-Main!$C$16*'I14'!$M12))),SUM($C$14/SUM($C$14:$G$14)*('ASK14'!$E12*EXP(-Main!$C$16*'ASK14'!$F12)),$D$14/SUM($C$14:$G$14)*(BSSA14!$S12*EXP(-Main!$C$16*BSSA14!$T12)),$E$14/SUM($C$14:$G$14)*('CB14'!$Y12*EXP(-Main!$C$16*'CB14'!$Z12)),$F$14/SUM($C$14:$G$14)*('CY14'!$U12*EXP(-Main!$C$16*'CY14'!$V12)),$G$14/SUM($C$14:$G$14)*('I14'!$L12*EXP(-Main!$C$16*'I14'!$M12)))),IF($B$104=1,IF($AB$52=0,EXP(SUM($C$14/SUM($C$14:$G$14)*(LN('ASK14'!$E12)-($C$16*'ASK14'!$F12)),$D$14/SUM($C$14:$G$14)*(LN(BSSA14!$S12)-($C$16*BSSA14!$T12)),$E$14/SUM($C$14:$G$14)*(LN('CB14'!$Y12)-($C$16*'CB14'!$Z12)),$F$14/SUM($C$14:$G$14)*(LN('CY14'!$U12)-($C$16*'CY14'!$V12)),$G$14/SUM($C$14:$G$14)*(LN('I14'!$L12)-($C$16*'I14'!$M12)))),EXP(SUM($C$14/SUM($C$14:$G$14)*(LN('ASK14'!$E12)-($C$16*'ASK14'!$F12)),$D$14/SUM($C$14:$G$14)*(LN(BSSA14!$S12)-($C$16*BSSA14!$T12)),$E$14/SUM($C$14:$G$14)*(LN('CB14'!$Y12)-($C$16*'CB14'!$Z12)),$F$14/SUM($C$14:$G$14)*(LN('CY14'!$U12)-($C$16*'CY14'!$V12)),$G$14/SUM($C$14:$G$14)*(LN('I14'!$L12)-($C$16*'I14'!$M12)))))))"
NGAW2_GMPE_Spreadsheets_v5.7_041415_ProtectedLocked.xlsm,05c1346e3c422a9e48bf249cd2022b5ad12d2b987df71b383d247f2c83b0c74b,Main,I29,=($F29*980)/(2*PI()/$E29)^2
NGAW2_GMPE_Spreadsheets_v5.7_041415_ProtectedLocked.xlsm,05c1346e3c422a9e48bf249cd2022b5ad12d2b987df71b383d247f2c83b0c74b,Main,J29,=DSF!$S28*Main!F29
NGAW2_GMPE_Spreadsheets_v5.7_041415_ProtectedLocked.xlsm,05c1346e3c422a9e48bf249cd2022b5ad12d2b987df71b383d247f2c83b0c74b,Main,K29,=DSF!$S28*Main!G29
NGAW2_GMPE_Spreadsheets_v5.7_041415_ProtectedLocked.xlsm,05c1346e3c422a9e48bf249cd2022b5ad12d2b987df71b383d247f2c83b0c74b,Main,L29,=DSF!$S28*Main!H29
NGAW2_GMPE_Spreadsheets_v5.7_041415_ProtectedLocked.xlsm,05c1346e3c422a9e48bf249cd2022b5ad12d2b987df71b383d247f2c83b0c74b,Main,M29,=DSF!$S28*Main!I29
NGAW2_GMPE_Spreadsheets_v5.7_041415_ProtectedLocked.xlsm,05c1346e3c422a9e48bf249cd2022b5ad12d2b987df71b383d247f2c83b0c74b,Main,AB29,"=IF(AND($D$14<>0,$C$30=""! Not Applicable !""),1,0)"
NGAW2_GMPE_Spreadsheets_v5.7_041415_ProtectedLocked.xlsm,05c1346e3c422a9e48bf249cd2022b5ad12d2b987df71b383d247f2c83b0c74b,Main,C30,"=IF($D$14<>0,BSSA14!$B$12,"""")"
NGAW2_GMPE_Spreadsheets_v5.7_041415_ProtectedLocked.xlsm,05c1346e3c422a9e48bf249cd2022b5ad12d2b987df71b383d247f2c83b0c74b,Main,F30,"=IF($B$104=0,IF($AB$52=0,SUM($C$14/SUM($C$14:$G$14)*'ASK14'!$E13,$D$14/SUM($C$14:$G$14)*BSSA14!$S13,$E$14/SUM($C$14:$G$14)*'CB14'!$Y13,$F$14/SUM($C$14:$G$14)*'CY14'!$U13,$G$14/SUM($C$14:$G$14)*'I14'!$L13),SUM($C$14/SUM($C$14:$G$14)*'ASK14'!$E13,$D$14/SUM($C$14:$G$14)*BSSA14!$S13,$E$14/SUM($C$14:$G$14)*'CB14'!$Y13,$F$14/SUM($C$14:$G$14)*'CY14'!$U13,$G$14/SUM($C$14:$G$14)*'I14'!$L13)),IF($B$104=1,IF($AB$52=0,EXP(SUM($C$14/SUM($C$14:$G$14)*LN('ASK14'!$E13),$D$14/SUM($C$14:$G$14)*LN(BSSA14!$S13),$E$14/SUM($C$14:$G$14)*LN('CB14'!$Y13),$F$14/SUM($C$14:$G$14)*LN('CY14'!$U13),$G$14/SUM($C$14:$G$14)*LN('I14'!$L13))),EXP(SUM($C$14/SUM($C$14:$G$14)*LN('ASK14'!$E13),$D$14/SUM($C$14:$G$14)*LN(BSSA14!$S13),$E$14/SUM($C$14:$G$14)*LN('CB14'!$Y13),$F$14/SUM($C$14:$G$14)*LN('CY14'!$U13),$G$14/SUM($C$14:$G$14)*LN('I14'!$L13))))))"
NGAW2_GMPE_Spreadsheets_v5.7_041415_ProtectedLocked.xlsm,05c1346e3c422a9e48bf249cd2022b5ad12d2b987df71b383d247f2c83b0c74b,Main,G30,"=IF($B$104=0,IF($AB$52=0,SUM($C$14/SUM($C$14:$G$14)*('ASK14'!$E13*EXP(Main!$C$16*'ASK14'!$F13)),$D$14/SUM($C$14:$G$14)*(BSSA14!$S13*EXP(Main!$C$16*BSSA14!$T13)),$E$14/SUM($C$14:$G$14)*('CB14'!$Y13*EXP(Main!$C$16*'CB14'!$Z13)),$F$14/SUM($C$14:$G$14)*('CY14'!$U13*EXP(Main!$C$16*'CY14'!$V13)),$G$14/SUM($C$14:$G$14)*('I14'!$L13*EXP(Main!$C$16*'I14'!$M13))),SUM($C$14/SUM($C$14:$G$14)*('ASK14'!$E13*EXP(Main!$C$16*'ASK14'!$F13)),$D$14/SUM($C$14:$G$14)*(BSSA14!$S13*EXP(Main!$C$16*BSSA14!$T13)),$E$14/SUM($C$14:$G$14)*('CB14'!$Y13*EXP(Main!$C$16*'CB14'!$Z13)),$F$14/SUM($C$14:$G$14)*('CY14'!$U13*EXP(Main!$C$16*'CY14'!$V13)),$G$14/SUM($C$14:$G$14)*('I14'!$L13*EXP(Main!$C$16*'I14'!$M13)))),IF($B$104=1,IF($AB$52=0,EXP(SUM($C$14/SUM($C$14:$G$14)*(LN('ASK14'!$E13)+($C$16*'ASK14'!$F13)),$D$14/SUM($C$14:$G$14)*(LN(BSSA14!$S13)+($C$16*BSSA14!$T13)),$E$14/SUM($C$14:$G$14)*(LN('CB14'!$Y13)+($C$16*'CB14'!$Z13)),$F$14/SUM($C$14:$G$14)*(LN('CY14'!$U13)+($C$16*'CY14'!$V13)),$G$14/SUM($C$14:$G$14)*(LN('I14'!$L13)+($C$16*'I14'!$M13)))),EXP(SUM($C$14/SUM($C$14:$G$14)*(LN('ASK14'!$E13)+($C$16*'ASK14'!$F13)),$D$14/SUM($C$14:$G$14)*(LN(BSSA14!$S13)+($C$16*BSSA14!$T13)),$E$14/SUM($C$14:$G$14)*(LN('CB14'!$Y13)+($C$16*'CB14'!$Z13)),$F$14/SUM($C$14:$G$14)*(LN('CY14'!$U13)+($C$16*'CY14'!$V13)),$G$14/SUM($C$14:$G$14)*(LN('I14'!$L13)+($C$16*'I14'!$M13)))))))"
NGAW2_GMPE_Spreadsheets_v5.7_041415_ProtectedLocked.xlsm,05c1346e3c422a9e48bf249cd2022b5ad12d2b987df71b383d247f2c83b0c74b,Main,H30,"=IF($B$104=0,IF($AB$52=0,SUM($C$14/SUM($C$14:$G$14)*('ASK14'!$E13*EXP(-Main!$C$16*'ASK14'!$F13)),$D$14/SUM($C$14:$G$14)*(BSSA14!$S13*EXP(-Main!$C$16*BSSA14!$T13)),$E$14/SUM($C$14:$G$14)*('CB14'!$Y13*EXP(-Main!$C$16*'CB14'!$Z13)),$F$14/SUM($C$14:$G$14)*('CY14'!$U13*EXP(-Main!$C$16*'CY14'!$V13)),$G$14/SUM($C$14:$G$14)*('I14'!$L13*EXP(-Main!$C$16*'I14'!$M13))),SUM($C$14/SUM($C$14:$G$14)*('ASK14'!$E13*EXP(-Main!$C$16*'ASK14'!$F13)),$D$14/SUM($C$14:$G$14)*(BSSA14!$S13*EXP(-Main!$C$16*BSSA14!$T13)),$E$14/SUM($C$14:$G$14)*('CB14'!$Y13*EXP(-Main!$C$16*'CB14'!$Z13)),$F$14/SUM($C$14:$G$14)*('CY14'!$U13*EXP(-Main!$C$16*'CY14'!$V13)),$G$14/SUM($C$14:$G$14)*('I14'!$L13*EXP(-Main!$C$16*'I14'!$M13)))),IF($B$104=1,IF($AB$52=0,EXP(SUM($C$14/SUM($C$14:$G$14)*(LN('ASK14'!$E13)-($C$16*'ASK14'!$F13)),$D$14/SUM($C$14:$G$14)*(LN(BSSA14!$S13)-($C$16*BSSA14!$T13)),$E$14/SUM($C$14:$G$14)*(LN('CB14'!$Y13)-($C$16*'CB14'!$Z13)),$F$14/SUM($C$14:$G$14)*(LN('CY14'!$U13)-($C$16*'CY14'!$V13)),$G$14/SUM($C$14:$G$14)*(LN('I14'!$L13)-($C$16*'I14'!$M13)))),EXP(SUM($C$14/SUM($C$14:$G$14)*(LN('ASK14'!$E13)-($C$16*'ASK14'!$F13)),$D$14/SUM($C$14:$G$14)*(LN(BSSA14!$S13)-($C$16*BSSA14!$T13)),$E$14/SUM($C$14:$G$14)*(LN('CB14'!$Y13)-($C$16*'CB14'!$Z13)),$F$14/SUM($C$14:$G$14)*(LN('CY14'!$U13)-($C$16*'CY14'!$V13)),$G$14/SUM($C$14:$G$14)*(LN('I14'!$L13)-($C$16*'I14'!$M13)))))))"
NGAW2_GMPE_Spreadsheets_v5.7_041415_ProtectedLocked.xlsm,05c1346e3c422a9e48bf249cd2022b5ad12d2b987df71b383d247f2c83b0c74b,Main,I30,=($F30*980)/(2*PI()/$E30)^2
NGAW2_GMPE_Spreadsheets_v5.7_041415_ProtectedLocked.xlsm,05c1346e3c422a9e48bf249cd2022b5ad12d2b987df71b383d247f2c83b0c74b,Main,J30,=DSF!$S29*Main!F30
NGAW2_GMPE_Spreadsheets_v5.7_041415_ProtectedLocked.xlsm,05c1346e3c422a9e48bf249cd2022b5ad12d2b987df71b383d247f2c83b0c74b,Main,K30,=DSF!$S29*Main!G30
NGAW2_GMPE_Spreadsheets_v5.7_041415_ProtectedLocked.xlsm,05c1346e3c422a9e48bf249cd2022b5ad12d2b987df71b383d247f2c83b0c74b,Main,L30,=DSF!$S29*Main!H30
NGAW2_GMPE_Spreadsheets_v5.7_041415_ProtectedLocked.xlsm,05c1346e3c422a9e48bf249cd2022b5ad12d2b987df71b383d247f2c83b0c74b,Main,M30,=DSF!$S29*Main!I30
NGAW2_GMPE_Spreadsheets_v5.7_041415_ProtectedLocked.xlsm,05c1346e3c422a9e48bf249cd2022b5ad12d2b987df71b383d247f2c83b0c74b,Main,AB30,"=IF(AND($D$14<>0,$C$45=""Out of Range! Use 760 m/s""),1,0)"
NGAW2_GMPE_Spreadsheets_v5.7_041415_ProtectedLocked.xlsm,05c1346e3c422a9e48bf249cd2022b5ad12d2b987df71b383d247f2c83b0c74b,Main,F31,"=IF($B$104=0,IF($AB$52=0,SUM($C$14/SUM($C$14:$G$14)*'ASK14'!$E14,$D$14/SUM($C$14:$G$14)*BSSA14!$S14,$E$14/SUM($C$14:$G$14)*'CB14'!$Y14,$F$14/SUM($C$14:$G$14)*'CY14'!$U14,$G$14/SUM($C$14:$G$14)*'I14'!$L14),SUM($C$14/SUM($C$14:$G$14)*'ASK14'!$E14,$D$14/SUM($C$14:$G$14)*BSSA14!$S14,$E$14/SUM($C$14:$G$14)*'CB14'!$Y14,$F$14/SUM($C$14:$G$14)*'CY14'!$U14,$G$14/SUM($C$14:$G$14)*'I14'!$L14)),IF($B$104=1,IF($AB$52=0,EXP(SUM($C$14/SUM($C$14:$G$14)*LN('ASK14'!$E14),$D$14/SUM($C$14:$G$14)*LN(BSSA14!$S14),$E$14/SUM($C$14:$G$14)*LN('CB14'!$Y14),$F$14/SUM($C$14:$G$14)*LN('CY14'!$U14),$G$14/SUM($C$14:$G$14)*LN('I14'!$L14))),EXP(SUM($C$14/SUM($C$14:$G$14)*LN('ASK14'!$E14),$D$14/SUM($C$14:$G$14)*LN(BSSA14!$S14),$E$14/SUM($C$14:$G$14)*LN('CB14'!$Y14),$F$14/SUM($C$14:$G$14)*LN('CY14'!$U14),$G$14/SUM($C$14:$G$14)*LN('I14'!$L14))))))"
NGAW2_GMPE_Spreadsheets_v5.7_041415_ProtectedLocked.xlsm,05c1346e3c422a9e48bf249cd2022b5ad12d2b987df71b383d247f2c83b0c74b,Main,G31,"=IF($B$104=0,IF($AB$52=0,SUM($C$14/SUM($C$14:$G$14)*('ASK14'!$E14*EXP(Main!$C$16*'ASK14'!$F14)),$D$14/SUM($C$14:$G$14)*(BSSA14!$S14*EXP(Main!$C$16*BSSA14!$T14)),$E$14/SUM($C$14:$G$14)*('CB14'!$Y14*EXP(Main!$C$16*'CB14'!$Z14)),$F$14/SUM($C$14:$G$14)*('CY14'!$U14*EXP(Main!$C$16*'CY14'!$V14)),$G$14/SUM($C$14:$G$14)*('I14'!$L14*EXP(Main!$C$16*'I14'!$M14))),SUM($C$14/SUM($C$14:$G$14)*('ASK14'!$E14*EXP(Main!$C$16*'ASK14'!$F14)),$D$14/SUM($C$14:$G$14)*(BSSA14!$S14*EXP(Main!$C$16*BSSA14!$T14)),$E$14/SUM($C$14:$G$14)*('CB14'!$Y14*EXP(Main!$C$16*'CB14'!$Z14)),$F$14/SUM($C$14:$G$14)*('CY14'!$U14*EXP(Main!$C$16*'CY14'!$V14)),$G$14/SUM($C$14:$G$14)*('I14'!$L14*EXP(Main!$C$16*'I14'!$M14)))),IF($B$104=1,IF($AB$52=0,EXP(SUM($C$14/SUM($C$14:$G$14)*(LN('ASK14'!$E14)+($C$16*'ASK14'!$F14)),$D$14/SUM($C$14:$G$14)*(LN(BSSA14!$S14)+($C$16*BSSA14!$T14)),$E$14/SUM($C$14:$G$14)*(LN('CB14'!$Y14)+($C$16*'CB14'!$Z14)),$F$14/SUM($C$14:$G$14)*(LN('CY14'!$U14)+($C$16*'CY14'!$V14)),$G$14/SUM($C$14:$G$14)*(LN('I14'!$L14)+($C$16*'I14'!$M14)))),EXP(SUM($C$14/SUM($C$14:$G$14)*(LN('ASK14'!$E14)+($C$16*'ASK14'!$F14)),$D$14/SUM($C$14:$G$14)*(LN(BSSA14!$S14)+($C$16*BSSA14!$T14)),$E$14/SUM($C$14:$G$14)*(LN('CB14'!$Y14)+($C$16*'CB14'!$Z14)),$F$14/SUM($C$14:$G$14)*(LN('CY14'!$U14)+($C$16*'CY14'!$V14)),$G$14/SUM($C$14:$G$14)*(LN('I14'!$L14)+($C$16*'I14'!$M14)))))))"
NGAW2_GMPE_Spreadsheets_v5.7_041415_ProtectedLocked.xlsm,05c1346e3c422a9e48bf249cd2022b5ad12d2b987df71b383d247f2c83b0c74b,Main,H31,"=IF($B$104=0,IF($AB$52=0,SUM($C$14/SUM($C$14:$G$14)*('ASK14'!$E14*EXP(-Main!$C$16*'ASK14'!$F14)),$D$14/SUM($C$14:$G$14)*(BSSA14!$S14*EXP(-Main!$C$16*BSSA14!$T14)),$E$14/SUM($C$14:$G$14)*('CB14'!$Y14*EXP(-Main!$C$16*'CB14'!$Z14)),$F$14/SUM($C$14:$G$14)*('CY14'!$U14*EXP(-Main!$C$16*'CY14'!$V14)),$G$14/SUM($C$14:$G$14)*('I14'!$L14*EXP(-Main!$C$16*'I14'!$M14))),SUM($C$14/SUM($C$14:$G$14)*('ASK14'!$E14*EXP(-Main!$C$16*'ASK14'!$F14)),$D$14/SUM($C$14:$G$14)*(BSSA14!$S14*EXP(-Main!$C$16*BSSA14!$T14)),$E$14/SUM($C$14:$G$14)*('CB14'!$Y14*EXP(-Main!$C$16*'CB14'!$Z14)),$F$14/SUM($C$14:$G$14)*('CY14'!$U14*EXP(-Main!$C$16*'CY14'!$V14)),$G$14/SUM($C$14:$G$14)*('I14'!$L14*EXP(-Main!$C$16*'I14'!$M14)))),IF($B$104=1,IF($AB$52=0,EXP(SUM($C$14/SUM($C$14:$G$14)*(LN('ASK14'!$E14)-($C$16*'ASK14'!$F14)),$D$14/SUM($C$14:$G$14)*(LN(BSSA14!$S14)-($C$16*BSSA14!$T14)),$E$14/SUM($C$14:$G$14)*(LN('CB14'!$Y14)-($C$16*'CB14'!$Z14)),$F$14/SUM($C$14:$G$14)*(LN('CY14'!$U14)-($C$16*'CY14'!$V14)),$G$14/SUM($C$14:$G$14)*(LN('I14'!$L14)-($C$16*'I14'!$M14)))),EXP(SUM($C$14/SUM($C$14:$G$14)*(LN('ASK14'!$E14)-($C$16*'ASK14'!$F14)),$D$14/SUM($C$14:$G$14)*(LN(BSSA14!$S14)-($C$16*BSSA14!$T14)),$E$14/SUM($C$14:$G$14)*(LN('CB14'!$Y14)-($C$16*'CB14'!$Z14)),$F$14/SUM($C$14:$G$14)*(LN('CY14'!$U14)-($C$16*'CY14'!$V14)),$G$14/SUM($C$14:$G$14)*(LN('I14'!$L14)-($C$16*'I14'!$M14)))))))"
NGAW2_GMPE_Spreadsheets_v5.7_041415_ProtectedLocked.xlsm,05c1346e3c422a9e48bf249cd2022b5ad12d2b987df71b383d247f2c83b0c74b,Main,I31,=($F31*980)/(2*PI()/$E31)^2
NGAW2_GMPE_Spreadsheets_v5.7_041415_ProtectedLocked.xlsm,05c1346e3c422a9e48bf249cd2022b5ad12d2b987df71b383d247f2c83b0c74b,Main,J31,=DSF!$S30*Main!F31
NGAW2_GMPE_Spreadsheets_v5.7_041415_ProtectedLocked.xlsm,05c1346e3c422a9e48bf249cd2022b5ad12d2b987df71b383d247f2c83b0c74b,Main,K31,=DSF!$S30*Main!G31
NGAW2_GMPE_Spreadsheets_v5.7_041415_ProtectedLocked.xlsm,05c1346e3c422a9e48bf249cd2022b5ad12d2b987df71b383d247f2c83b0c74b,Main,L31,=DSF!$S30*Main!H31
NGAW2_GMPE_Spreadsheets_v5.7_041415_ProtectedLocked.xlsm,05c1346e3c422a9e48bf249cd2022b5ad12d2b987df71b383d247f2c83b0c74b,Main,M31,=DSF!$S30*Main!I31
NGAW2_GMPE_Spreadsheets_v5.7_041415_ProtectedLocked.xlsm,05c1346e3c422a9e48bf249cd2022b5ad12d2b987df71b383d247f2c83b0c74b,Main,AB31,"=IF(AND($D$14<>0,$C$63=""Out of Range! Use 760 m/s""),1,0)"
NGAW2_GMPE_Spreadsheets_v5.7_041415_ProtectedLocked.xlsm,05c1346e3c422a9e48bf249cd2022b5ad12d2b987df71b383d247f2c83b0c74b,Main,F32,"=IF($B$104=0,IF($AB$52=0,SUM($C$14/SUM($C$14:$G$14)*'ASK14'!$E15,$D$14/SUM($C$14:$G$14)*BSSA14!$S15,$E$14/SUM($C$14:$G$14)*'CB14'!$Y15,$F$14/SUM($C$14:$G$14)*'CY14'!$U15,$G$14/SUM($C$14:$G$14)*'I14'!$L15),SUM($C$14/SUM($C$14:$G$14)*'ASK14'!$E15,$D$14/SUM($C$14:$G$14)*BSSA14!$S15,$E$14/SUM($C$14:$G$14)*'CB14'!$Y15,$F$14/SUM($C$14:$G$14)*'CY14'!$U15,$G$14/SUM($C$14:$G$14)*'I14'!$L15)),IF($B$104=1,IF($AB$52=0,EXP(SUM($C$14/SUM($C$14:$G$14)*LN('ASK14'!$E15),$D$14/SUM($C$14:$G$14)*LN(BSSA14!$S15),$E$14/SUM($C$14:$G$14)*LN('CB14'!$Y15),$F$14/SUM($C$14:$G$14)*LN('CY14'!$U15),$G$14/SUM($C$14:$G$14)*LN('I14'!$L15))),EXP(SUM($C$14/SUM($C$14:$G$14)*LN('ASK14'!$E15),$D$14/SUM($C$14:$G$14)*LN(BSSA14!$S15),$E$14/SUM($C$14:$G$14)*LN('CB14'!$Y15),$F$14/SUM($C$14:$G$14)*LN('CY14'!$U15),$G$14/SUM($C$14:$G$14)*LN('I14'!$L15))))))"
NGAW2_GMPE_Spreadsheets_v5.7_041415_ProtectedLocked.xlsm,05c1346e3c422a9e48bf249cd2022b5ad12d2b987df71b383d247f2c83b0c74b,Main,G32,"=IF($B$104=0,IF($AB$52=0,SUM($C$14/SUM($C$14:$G$14)*('ASK14'!$E15*EXP(Main!$C$16*'ASK14'!$F15)),$D$14/SUM($C$14:$G$14)*(BSSA14!$S15*EXP(Main!$C$16*BSSA14!$T15)),$E$14/SUM($C$14:$G$14)*('CB14'!$Y15*EXP(Main!$C$16*'CB14'!$Z15)),$F$14/SUM($C$14:$G$14)*('CY14'!$U15*EXP(Main!$C$16*'CY14'!$V15)),$G$14/SUM($C$14:$G$14)*('I14'!$L15*EXP(Main!$C$16*'I14'!$M15))),SUM($C$14/SUM($C$14:$G$14)*('ASK14'!$E15*EXP(Main!$C$16*'ASK14'!$F15)),$D$14/SUM($C$14:$G$14)*(BSSA14!$S15*EXP(Main!$C$16*BSSA14!$T15)),$E$14/SUM($C$14:$G$14)*('CB14'!$Y15*EXP(Main!$C$16*'CB14'!$Z15)),$F$14/SUM($C$14:$G$14)*('CY14'!$U15*EXP(Main!$C$16*'CY14'!$V15)),$G$14/SUM($C$14:$G$14)*('I14'!$L15*EXP(Main!$C$16*'I14'!$M15)))),IF($B$104=1,IF($AB$52=0,EXP(SUM($C$14/SUM($C$14:$G$14)*(LN('ASK14'!$E15)+($C$16*'ASK14'!$F15)),$D$14/SUM($C$14:$G$14)*(LN(BSSA14!$S15)+($C$16*BSSA14!$T15)),$E$14/SUM($C$14:$G$14)*(LN('CB14'!$Y15)+($C$16*'CB14'!$Z15)),$F$14/SUM($C$14:$G$14)*(LN('CY14'!$U15)+($C$16*'CY14'!$V15)),$G$14/SUM($C$14:$G$14)*(LN('I14'!$L15)+($C$16*'I14'!$M15)))),EXP(SUM($C$14/SUM($C$14:$G$14)*(LN('ASK14'!$E15)+($C$16*'ASK14'!$F15)),$D$14/SUM($C$14:$G$14)*(LN(BSSA14!$S15)+($C$16*BSSA14!$T15)),$E$14/SUM($C$14:$G$14)*(LN('CB14'!$Y15)+($C$16*'CB14'!$Z15)),$F$14/SUM($C$14:$G$14)*(LN('CY14'!$U15)+($C$16*'CY14'!$V15)),$G$14/SUM($C$14:$G$14)*(LN('I14'!$L15)+($C$16*'I14'!$M15)))))))"
NGAW2_GMPE_Spreadsheets_v5.7_041415_ProtectedLocked.xlsm,05c1346e3c422a9e48bf249cd2022b5ad12d2b987df71b383d247f2c83b0c74b,Main,H32,"=IF($B$104=0,IF($AB$52=0,SUM($C$14/SUM($C$14:$G$14)*('ASK14'!$E15*EXP(-Main!$C$16*'ASK14'!$F15)),$D$14/SUM($C$14:$G$14)*(BSSA14!$S15*EXP(-Main!$C$16*BSSA14!$T15)),$E$14/SUM($C$14:$G$14)*('CB14'!$Y15*EXP(-Main!$C$16*'CB14'!$Z15)),$F$14/SUM($C$14:$G$14)*('CY14'!$U15*EXP(-Main!$C$16*'CY14'!$V15)),$G$14/SUM($C$14:$G$14)*('I14'!$L15*EXP(-Main!$C$16*'I14'!$M15))),SUM($C$14/SUM($C$14:$G$14)*('ASK14'!$E15*EXP(-Main!$C$16*'ASK14'!$F15)),$D$14/SUM($C$14:$G$14)*(BSSA14!$S15*EXP(-Main!$C$16*BSSA14!$T15)),$E$14/SUM($C$14:$G$14)*('CB14'!$Y15*EXP(-Main!$C$16*'CB14'!$Z15)),$F$14/SUM($C$14:$G$14)*('CY14'!$U15*EXP(-Main!$C$16*'CY14'!$V15)),$G$14/SUM($C$14:$G$14)*('I14'!$L15*EXP(-Main!$C$16*'I14'!$M15)))),IF($B$104=1,IF($AB$52=0,EXP(SUM($C$14/SUM($C$14:$G$14)*(LN('ASK14'!$E15)-($C$16*'ASK14'!$F15)),$D$14/SUM($C$14:$G$14)*(LN(BSSA14!$S15)-($C$16*BSSA14!$T15)),$E$14/SUM($C$14:$G$14)*(LN('CB14'!$Y15)-($C$16*'CB14'!$Z15)),$F$14/SUM($C$14:$G$14)*(LN('CY14'!$U15)-($C$16*'CY14'!$V15)),$G$14/SUM($C$14:$G$14)*(LN('I14'!$L15)-($C$16*'I14'!$M15)))),EXP(SUM($C$14/SUM($C$14:$G$14)*(LN('ASK14'!$E15)-($C$16*'ASK14'!$F15)),$D$14/SUM($C$14:$G$14)*(LN(BSSA14!$S15)-($C$16*BSSA14!$T15)),$E$14/SUM($C$14:$G$14)*(LN('CB14'!$Y15)-($C$16*'CB14'!$Z15)),$F$14/SUM($C$14:$G$14)*(LN('CY14'!$U15)-($C$16*'CY14'!$V15)),$G$14/SUM($C$14:$G$14)*(LN('I14'!$L15)-($C$16*'I14'!$M15)))))))"
NGAW2_GMPE_Spreadsheets_v5.7_041415_ProtectedLocked.xlsm,05c1346e3c422a9e48bf249cd2022b5ad12d2b987df71b383d247f2c83b0c74b,Main,I32,=($F32*980)/(2*PI()/$E32)^2
NGAW2_GMPE_Spreadsheets_v5.7_041415_ProtectedLocked.xlsm,05c1346e3c422a9e48bf249cd2022b5ad12d2b987df71b383d247f2c83b0c74b,Main,J32,=DSF!$S31*Main!F32
NGAW2_GMPE_Spreadsheets_v5.7_041415_ProtectedLocked.xlsm,05c1346e3c422a9e48bf249cd2022b5ad12d2b987df71b383d247f2c83b0c74b,Main,K32,=DSF!$S31*Main!G32
NGAW2_GMPE_Spreadsheets_v5.7_041415_ProtectedLocked.xlsm,05c1346e3c422a9e48bf249cd2022b5ad12d2b987df71b383d247f2c83b0c74b,Main,L32,=DSF!$S31*Main!H32
NGAW2_GMPE_Spreadsheets_v5.7_041415_ProtectedLocked.xlsm,05c1346e3c422a9e48bf249cd2022b5ad12d2b987df71b383d247f2c83b0c74b,Main,M32,=DSF!$S31*Main!I32
NGAW2_GMPE_Spreadsheets_v5.7_041415_ProtectedLocked.xlsm,05c1346e3c422a9e48bf249cd2022b5ad12d2b987df71b383d247f2c83b0c74b,Main,AB32,"=IF(AND($E$14<>0,$C$24=""! Not Applicable !""),1,0)"
NGAW2_GMPE_Spreadsheets_v5.7_041415_ProtectedLocked.xlsm,05c1346e3c422a9e48bf249cd2022b5ad12d2b987df71b383d247f2c83b0c74b,Main,AC32,=SUM(AB32:AB40)
NGAW2_GMPE_Spreadsheets_v5.7_041415_ProtectedLocked.xlsm,05c1346e3c422a9e48bf249cd2022b5ad12d2b987df71b383d247f2c83b0c74b,Main,F33,"=IF($B$104=0,IF($AB$52=0,SUM($C$14/SUM($C$14:$G$14)*'ASK14'!$E16,$D$14/SUM($C$14:$G$14)*BSSA14!$S16,$E$14/SUM($C$14:$G$14)*'CB14'!$Y16,$F$14/SUM($C$14:$G$14)*'CY14'!$U16,$G$14/SUM($C$14:$G$14)*'I14'!$L16),SUM($C$14/SUM($C$14:$G$14)*'ASK14'!$E16,$D$14/SUM($C$14:$G$14)*BSSA14!$S16,$E$14/SUM($C$14:$G$14)*'CB14'!$Y16,$F$14/SUM($C$14:$G$14)*'CY14'!$U16,$G$14/SUM($C$14:$G$14)*'I14'!$L16)),IF($B$104=1,IF($AB$52=0,EXP(SUM($C$14/SUM($C$14:$G$14)*LN('ASK14'!$E16),$D$14/SUM($C$14:$G$14)*LN(BSSA14!$S16),$E$14/SUM($C$14:$G$14)*LN('CB14'!$Y16),$F$14/SUM($C$14:$G$14)*LN('CY14'!$U16),$G$14/SUM($C$14:$G$14)*LN('I14'!$L16))),EXP(SUM($C$14/SUM($C$14:$G$14)*LN('ASK14'!$E16),$D$14/SUM($C$14:$G$14)*LN(BSSA14!$S16),$E$14/SUM($C$14:$G$14)*LN('CB14'!$Y16),$F$14/SUM($C$14:$G$14)*LN('CY14'!$U16),$G$14/SUM($C$14:$G$14)*LN('I14'!$L16))))))"
NGAW2_GMPE_Spreadsheets_v5.7_041415_ProtectedLocked.xlsm,05c1346e3c422a9e48bf249cd2022b5ad12d2b987df71b383d247f2c83b0c74b,Main,G33,"=IF($B$104=0,IF($AB$52=0,SUM($C$14/SUM($C$14:$G$14)*('ASK14'!$E16*EXP(Main!$C$16*'ASK14'!$F16)),$D$14/SUM($C$14:$G$14)*(BSSA14!$S16*EXP(Main!$C$16*BSSA14!$T16)),$E$14/SUM($C$14:$G$14)*('CB14'!$Y16*EXP(Main!$C$16*'CB14'!$Z16)),$F$14/SUM($C$14:$G$14)*('CY14'!$U16*EXP(Main!$C$16*'CY14'!$V16)),$G$14/SUM($C$14:$G$14)*('I14'!$L16*EXP(Main!$C$16*'I14'!$M16))),SUM($C$14/SUM($C$14:$G$14)*('ASK14'!$E16*EXP(Main!$C$16*'ASK14'!$F16)),$D$14/SUM($C$14:$G$14)*(BSSA14!$S16*EXP(Main!$C$16*BSSA14!$T16)),$E$14/SUM($C$14:$G$14)*('CB14'!$Y16*EXP(Main!$C$16*'CB14'!$Z16)),$F$14/SUM($C$14:$G$14)*('CY14'!$U16*EXP(Main!$C$16*'CY14'!$V16)),$G$14/SUM($C$14:$G$14)*('I14'!$L16*EXP(Main!$C$16*'I14'!$M16)))),IF($B$104=1,IF($AB$52=0,EXP(SUM($C$14/SUM($C$14:$G$14)*(LN('ASK14'!$E16)+($C$16*'ASK14'!$F16)),$D$14/SUM($C$14:$G$14)*(LN(BSSA14!$S16)+($C$16*BSSA14!$T16)),$E$14/SUM($C$14:$G$14)*(LN('CB14'!$Y16)+($C$16*'CB14'!$Z16)),$F$14/SUM($C$14:$G$14)*(LN('CY14'!$U16)+($C$16*'CY14'!$V16)),$G$14/SUM($C$14:$G$14)*(LN('I14'!$L16)+($C$16*'I14'!$M16)))),EXP(SUM($C$14/SUM($C$14:$G$14)*(LN('ASK14'!$E16)+($C$16*'ASK14'!$F16)),$D$14/SUM($C$14:$G$14)*(LN(BSSA14!$S16)+($C$16*BSSA14!$T16)),$E$14/SUM($C$14:$G$14)*(LN('CB14'!$Y16)+($C$16*'CB14'!$Z16)),$F$14/SUM($C$14:$G$14)*(LN('CY14'!$U16)+($C$16*'CY14'!$V16)),$G$14/SUM($C$14:$G$14)*(LN('I14'!$L16)+($C$16*'I14'!$M16)))))))"
NGAW2_GMPE_Spreadsheets_v5.7_041415_ProtectedLocked.xlsm,05c1346e3c422a9e48bf249cd2022b5ad12d2b987df71b383d247f2c83b0c74b,Main,H33,"=IF($B$104=0,IF($AB$52=0,SUM($C$14/SUM($C$14:$G$14)*('ASK14'!$E16*EXP(-Main!$C$16*'ASK14'!$F16)),$D$14/SUM($C$14:$G$14)*(BSSA14!$S16*EXP(-Main!$C$16*BSSA14!$T16)),$E$14/SUM($C$14:$G$14)*('CB14'!$Y16*EXP(-Main!$C$16*'CB14'!$Z16)),$F$14/SUM($C$14:$G$14)*('CY14'!$U16*EXP(-Main!$C$16*'CY14'!$V16)),$G$14/SUM($C$14:$G$14)*('I14'!$L16*EXP(-Main!$C$16*'I14'!$M16))),SUM($C$14/SUM($C$14:$G$14)*('ASK14'!$E16*EXP(-Main!$C$16*'ASK14'!$F16)),$D$14/SUM($C$14:$G$14)*(BSSA14!$S16*EXP(-Main!$C$16*BSSA14!$T16)),$E$14/SUM($C$14:$G$14)*('CB14'!$Y16*EXP(-Main!$C$16*'CB14'!$Z16)),$F$14/SUM($C$14:$G$14)*('CY14'!$U16*EXP(-Main!$C$16*'CY14'!$V16)),$G$14/SUM($C$14:$G$14)*('I14'!$L16*EXP(-Main!$C$16*'I14'!$M16)))),IF($B$104=1,IF($AB$52=0,EXP(SUM($C$14/SUM($C$14:$G$14)*(LN('ASK14'!$E16)-($C$16*'ASK14'!$F16)),$D$14/SUM($C$14:$G$14)*(LN(BSSA14!$S16)-($C$16*BSSA14!$T16)),$E$14/SUM($C$14:$G$14)*(LN('CB14'!$Y16)-($C$16*'CB14'!$Z16)),$F$14/SUM($C$14:$G$14)*(LN('CY14'!$U16)-($C$16*'CY14'!$V16)),$G$14/SUM($C$14:$G$14)*(LN('I14'!$L16)-($C$16*'I14'!$M16)))),EXP(SUM($C$14/SUM($C$14:$G$14)*(LN('ASK14'!$E16)-($C$16*'ASK14'!$F16)),$D$14/SUM($C$14:$G$14)*(LN(BSSA14!$S16)-($C$16*BSSA14!$T16)),$E$14/SUM($C$14:$G$14)*(LN('CB14'!$Y16)-($C$16*'CB14'!$Z16)),$F$14/SUM($C$14:$G$14)*(LN('CY14'!$U16)-($C$16*'CY14'!$V16)),$G$14/SUM($C$14:$G$14)*(LN('I14'!$L16)-($C$16*'I14'!$M16)))))))"
NGAW2_GMPE_Spreadsheets_v5.7_041415_ProtectedLocked.xlsm,05c1346e3c422a9e48bf249cd2022b5ad12d2b987df71b383d247f2c83b0c74b,Main,I33,=($F33*980)/(2*PI()/$E33)^2
NGAW2_GMPE_Spreadsheets_v5.7_041415_ProtectedLocked.xlsm,05c1346e3c422a9e48bf249cd2022b5ad12d2b987df71b383d247f2c83b0c74b,Main,J33,=DSF!$S32*Main!F33
NGAW2_GMPE_Spreadsheets_v5.7_041415_ProtectedLocked.xlsm,05c1346e3c422a9e48bf249cd2022b5ad12d2b987df71b383d247f2c83b0c74b,Main,K33,=DSF!$S32*Main!G33
NGAW2_GMPE_Spreadsheets_v5.7_041415_ProtectedLocked.xlsm,05c1346e3c422a9e48bf249cd2022b5ad12d2b987df71b383d247f2c83b0c74b,Main,L33,=DSF!$S32*Main!H33
NGAW2_GMPE_Spreadsheets_v5.7_041415_ProtectedLocked.xlsm,05c1346e3c422a9e48bf249cd2022b5ad12d2b987df71b383d247f2c83b0c74b,Main,M33,=DSF!$S32*Main!I33
NGAW2_GMPE_Spreadsheets_v5.7_041415_ProtectedLocked.xlsm,05c1346e3c422a9e48bf249cd2022b5ad12d2b987df71b383d247f2c83b0c74b,Main,AB33,"=IF(AND($E$14<>0,$C$24=""! Not Applicable !""),1,0)"
NGAW2_GMPE_Spreadsheets_v5.7_041415_ProtectedLocked.xlsm,05c1346e3c422a9e48bf249cd2022b5ad12d2b987df71b383d247f2c83b0c74b,Main,F34,"=IF($B$104=0,IF($AB$52=0,SUM($C$14/SUM($C$14:$G$14)*'ASK14'!$E17,$D$14/SUM($C$14:$G$14)*BSSA14!$S17,$E$14/SUM($C$14:$G$14)*'CB14'!$Y17,$F$14/SUM($C$14:$G$14)*'CY14'!$U17,$G$14/SUM($C$14:$G$14)*'I14'!$L17),SUM($C$14/SUM($C$14:$G$14)*'ASK14'!$E17,$D$14/SUM($C$14:$G$14)*BSSA14!$S17,$E$14/SUM($C$14:$G$14)*'CB14'!$Y17,$F$14/SUM($C$14:$G$14)*'CY14'!$U17,$G$14/SUM($C$14:$G$14)*'I14'!$L17)),IF($B$104=1,IF($AB$52=0,EXP(SUM($C$14/SUM($C$14:$G$14)*LN('ASK14'!$E17),$D$14/SUM($C$14:$G$14)*LN(BSSA14!$S17),$E$14/SUM($C$14:$G$14)*LN('CB14'!$Y17),$F$14/SUM($C$14:$G$14)*LN('CY14'!$U17),$G$14/SUM($C$14:$G$14)*LN('I14'!$L17))),EXP(SUM($C$14/SUM($C$14:$G$14)*LN('ASK14'!$E17),$D$14/SUM($C$14:$G$14)*LN(BSSA14!$S17),$E$14/SUM($C$14:$G$14)*LN('CB14'!$Y17),$F$14/SUM($C$14:$G$14)*LN('CY14'!$U17),$G$14/SUM($C$14:$G$14)*LN('I14'!$L17))))))"
NGAW2_GMPE_Spreadsheets_v5.7_041415_ProtectedLocked.xlsm,05c1346e3c422a9e48bf249cd2022b5ad12d2b987df71b383d247f2c83b0c74b,Main,G34,"=IF($B$104=0,IF($AB$52=0,SUM($C$14/SUM($C$14:$G$14)*('ASK14'!$E17*EXP(Main!$C$16*'ASK14'!$F17)),$D$14/SUM($C$14:$G$14)*(BSSA14!$S17*EXP(Main!$C$16*BSSA14!$T17)),$E$14/SUM($C$14:$G$14)*('CB14'!$Y17*EXP(Main!$C$16*'CB14'!$Z17)),$F$14/SUM($C$14:$G$14)*('CY14'!$U17*EXP(Main!$C$16*'CY14'!$V17)),$G$14/SUM($C$14:$G$14)*('I14'!$L17*EXP(Main!$C$16*'I14'!$M17))),SUM($C$14/SUM($C$14:$G$14)*('ASK14'!$E17*EXP(Main!$C$16*'ASK14'!$F17)),$D$14/SUM($C$14:$G$14)*(BSSA14!$S17*EXP(Main!$C$16*BSSA14!$T17)),$E$14/SUM($C$14:$G$14)*('CB14'!$Y17*EXP(Main!$C$16*'CB14'!$Z17)),$F$14/SUM($C$14:$G$14)*('CY14'!$U17*EXP(Main!$C$16*'CY14'!$V17)),$G$14/SUM($C$14:$G$14)*('I14'!$L17*EXP(Main!$C$16*'I14'!$M17)))),IF($B$104=1,IF($AB$52=0,EXP(SUM($C$14/SUM($C$14:$G$14)*(LN('ASK14'!$E17)+($C$16*'ASK14'!$F17)),$D$14/SUM($C$14:$G$14)*(LN(BSSA14!$S17)+($C$16*BSSA14!$T17)),$E$14/SUM($C$14:$G$14)*(LN('CB14'!$Y17)+($C$16*'CB14'!$Z17)),$F$14/SUM($C$14:$G$14)*(LN('CY14'!$U17)+($C$16*'CY14'!$V17)),$G$14/SUM($C$14:$G$14)*(LN('I14'!$L17)+($C$16*'I14'!$M17)))),EXP(SUM($C$14/SUM($C$14:$G$14)*(LN('ASK14'!$E17)+($C$16*'ASK14'!$F17)),$D$14/SUM($C$14:$G$14)*(LN(BSSA14!$S17)+($C$16*BSSA14!$T17)),$E$14/SUM($C$14:$G$14)*(LN('CB14'!$Y17)+($C$16*'CB14'!$Z17)),$F$14/SUM($C$14:$G$14)*(LN('CY14'!$U17)+($C$16*'CY14'!$V17)),$G$14/SUM($C$14:$G$14)*(LN('I14'!$L17)+($C$16*'I14'!$M17)))))))"
NGAW2_GMPE_Spreadsheets_v5.7_041415_ProtectedLocked.xlsm,05c1346e3c422a9e48bf249cd2022b5ad12d2b987df71b383d247f2c83b0c74b,Main,H34,"=IF($B$104=0,IF($AB$52=0,SUM($C$14/SUM($C$14:$G$14)*('ASK14'!$E17*EXP(-Main!$C$16*'ASK14'!$F17)),$D$14/SUM($C$14:$G$14)*(BSSA14!$S17*EXP(-Main!$C$16*BSSA14!$T17)),$E$14/SUM($C$14:$G$14)*('CB14'!$Y17*EXP(-Main!$C$16*'CB14'!$Z17)),$F$14/SUM($C$14:$G$14)*('CY14'!$U17*EXP(-Main!$C$16*'CY14'!$V17)),$G$14/SUM($C$14:$G$14)*('I14'!$L17*EXP(-Main!$C$16*'I14'!$M17))),SUM($C$14/SUM($C$14:$G$14)*('ASK14'!$E17*EXP(-Main!$C$16*'ASK14'!$F17)),$D$14/SUM($C$14:$G$14)*(BSSA14!$S17*EXP(-Main!$C$16*BSSA14!$T17)),$E$14/SUM($C$14:$G$14)*('CB14'!$Y17*EXP(-Main!$C$16*'CB14'!$Z17)),$F$14/SUM($C$14:$G$14)*('CY14'!$U17*EXP(-Main!$C$16*'CY14'!$V17)),$G$14/SUM($C$14:$G$14)*('I14'!$L17*EXP(-Main!$C$16*'I14'!$M17)))),IF($B$104=1,IF($AB$52=0,EXP(SUM($C$14/SUM($C$14:$G$14)*(LN('ASK14'!$E17)-($C$16*'ASK14'!$F17)),$D$14/SUM($C$14:$G$14)*(LN(BSSA14!$S17)-($C$16*BSSA14!$T17)),$E$14/SUM($C$14:$G$14)*(LN('CB14'!$Y17)-($C$16*'CB14'!$Z17)),$F$14/SUM($C$14:$G$14)*(LN('CY14'!$U17)-($C$16*'CY14'!$V17)),$G$14/SUM($C$14:$G$14)*(LN('I14'!$L17)-($C$16*'I14'!$M17)))),EXP(SUM($C$14/SUM($C$14:$G$14)*(LN('ASK14'!$E17)-($C$16*'ASK14'!$F17)),$D$14/SUM($C$14:$G$14)*(LN(BSSA14!$S17)-($C$16*BSSA14!$T17)),$E$14/SUM($C$14:$G$14)*(LN('CB14'!$Y17)-($C$16*'CB14'!$Z17)),$F$14/SUM($C$14:$G$14)*(LN('CY14'!$U17)-($C$16*'CY14'!$V17)),$G$14/SUM($C$14:$G$14)*(LN('I14'!$L17)-($C$16*'I14'!$M17)))))))"
NGAW2_GMPE_Spreadsheets_v5.7_041415_ProtectedLocked.xlsm,05c1346e3c422a9e48bf249cd2022b5ad12d2b987df71b383d247f2c83b0c74b,Main,I34,=($F34*980)/(2*PI()/$E34)^2
NGAW2_GMPE_Spreadsheets_v5.7_041415_ProtectedLocked.xlsm,05c1346e3c422a9e48bf249cd2022b5ad12d2b987df71b383d247f2c83b0c74b,Main,J34,=DSF!$S33*Main!F34
NGAW2_GMPE_Spreadsheets_v5.7_041415_ProtectedLocked.xlsm,05c1346e3c422a9e48bf249cd2022b5ad12d2b987df71b383d247f2c83b0c74b,Main,K34,=DSF!$S33*Main!G34
NGAW2_GMPE_Spreadsheets_v5.7_041415_ProtectedLocked.xlsm,05c1346e3c422a9e48bf249cd2022b5ad12d2b987df71b383d247f2c83b0c74b,Main,L34,=DSF!$S33*Main!H34
NGAW2_GMPE_Spreadsheets_v5.7_041415_ProtectedLocked.xlsm,05c1346e3c422a9e48bf249cd2022b5ad12d2b987df71b383d247f2c83b0c74b,Main,M34,=DSF!$S33*Main!I34
NGAW2_GMPE_Spreadsheets_v5.7_041415_ProtectedLocked.xlsm,05c1346e3c422a9e48bf249cd2022b5ad12d2b987df71b383d247f2c83b0c74b,Main,AB34,"=IF(AND($E$14<>0,$C$24=""! Not Applicable !""),1,0)"
NGAW2_GMPE_Spreadsheets_v5.7_041415_ProtectedLocked.xlsm,05c1346e3c422a9e48bf249cd2022b5ad12d2b987df71b383d247f2c83b0c74b,Main,F35,"=IF($B$104=0,IF($AB$52=0,SUM($C$14/SUM($C$14:$G$14)*'ASK14'!$E18,$D$14/SUM($C$14:$G$14)*BSSA14!$S18,$E$14/SUM($C$14:$G$14)*'CB14'!$Y18,$F$14/SUM($C$14:$G$14)*'CY14'!$U18,$G$14/SUM($C$14:$G$14)*'I14'!$L18),SUM($C$14/SUM($C$14:$G$14)*'ASK14'!$E18,$D$14/SUM($C$14:$G$14)*BSSA14!$S18,$E$14/SUM($C$14:$G$14)*'CB14'!$Y18,$F$14/SUM($C$14:$G$14)*'CY14'!$U18,$G$14/SUM($C$14:$G$14)*'I14'!$L18)),IF($B$104=1,IF($AB$52=0,EXP(SUM($C$14/SUM($C$14:$G$14)*LN('ASK14'!$E18),$D$14/SUM($C$14:$G$14)*LN(BSSA14!$S18),$E$14/SUM($C$14:$G$14)*LN('CB14'!$Y18),$F$14/SUM($C$14:$G$14)*LN('CY14'!$U18),$G$14/SUM($C$14:$G$14)*LN('I14'!$L18))),EXP(SUM($C$14/SUM($C$14:$G$14)*LN('ASK14'!$E18),$D$14/SUM($C$14:$G$14)*LN(BSSA14!$S18),$E$14/SUM($C$14:$G$14)*LN('CB14'!$Y18),$F$14/SUM($C$14:$G$14)*LN('CY14'!$U18),$G$14/SUM($C$14:$G$14)*LN('I14'!$L18))))))"
NGAW2_GMPE_Spreadsheets_v5.7_041415_ProtectedLocked.xlsm,05c1346e3c422a9e48bf249cd2022b5ad12d2b987df71b383d247f2c83b0c74b,Main,G35,"=IF($B$104=0,IF($AB$52=0,SUM($C$14/SUM($C$14:$G$14)*('ASK14'!$E18*EXP(Main!$C$16*'ASK14'!$F18)),$D$14/SUM($C$14:$G$14)*(BSSA14!$S18*EXP(Main!$C$16*BSSA14!$T18)),$E$14/SUM($C$14:$G$14)*('CB14'!$Y18*EXP(Main!$C$16*'CB14'!$Z18)),$F$14/SUM($C$14:$G$14)*('CY14'!$U18*EXP(Main!$C$16*'CY14'!$V18)),$G$14/SUM($C$14:$G$14)*('I14'!$L18*EXP(Main!$C$16*'I14'!$M18))),SUM($C$14/SUM($C$14:$G$14)*('ASK14'!$E18*EXP(Main!$C$16*'ASK14'!$F18)),$D$14/SUM($C$14:$G$14)*(BSSA14!$S18*EXP(Main!$C$16*BSSA14!$T18)),$E$14/SUM($C$14:$G$14)*('CB14'!$Y18*EXP(Main!$C$16*'CB14'!$Z18)),$F$14/SUM($C$14:$G$14)*('CY14'!$U18*EXP(Main!$C$16*'CY14'!$V18)),$G$14/SUM($C$14:$G$14)*('I14'!$L18*EXP(Main!$C$16*'I14'!$M18)))),IF($B$104=1,IF($AB$52=0,EXP(SUM($C$14/SUM($C$14:$G$14)*(LN('ASK14'!$E18)+($C$16*'ASK14'!$F18)),$D$14/SUM($C$14:$G$14)*(LN(BSSA14!$S18)+($C$16*BSSA14!$T18)),$E$14/SUM($C$14:$G$14)*(LN('CB14'!$Y18)+($C$16*'CB14'!$Z18)),$F$14/SUM($C$14:$G$14)*(LN('CY14'!$U18)+($C$16*'CY14'!$V18)),$G$14/SUM($C$14:$G$14)*(LN('I14'!$L18)+($C$16*'I14'!$M18)))),EXP(SUM($C$14/SUM($C$14:$G$14)*(LN('ASK14'!$E18)+($C$16*'ASK14'!$F18)),$D$14/SUM($C$14:$G$14)*(LN(BSSA14!$S18)+($C$16*BSSA14!$T18)),$E$14/SUM($C$14:$G$14)*(LN('CB14'!$Y18)+($C$16*'CB14'!$Z18)),$F$14/SUM($C$14:$G$14)*(LN('CY14'!$U18)+($C$16*'CY14'!$V18)),$G$14/SUM($C$14:$G$14)*(LN('I14'!$L18)+($C$16*'I14'!$M18)))))))"
NGAW2_GMPE_Spreadsheets_v5.7_041415_ProtectedLocked.xlsm,05c1346e3c422a9e48bf249cd2022b5ad12d2b987df71b383d247f2c83b0c74b,Main,H35,"=IF($B$104=0,IF($AB$52=0,SUM($C$14/SUM($C$14:$G$14)*('ASK14'!$E18*EXP(-Main!$C$16*'ASK14'!$F18)),$D$14/SUM($C$14:$G$14)*(BSSA14!$S18*EXP(-Main!$C$16*BSSA14!$T18)),$E$14/SUM($C$14:$G$14)*('CB14'!$Y18*EXP(-Main!$C$16*'CB14'!$Z18)),$F$14/SUM($C$14:$G$14)*('CY14'!$U18*EXP(-Main!$C$16*'CY14'!$V18)),$G$14/SUM($C$14:$G$14)*('I14'!$L18*EXP(-Main!$C$16*'I14'!$M18))),SUM($C$14/SUM($C$14:$G$14)*('ASK14'!$E18*EXP(-Main!$C$16*'ASK14'!$F18)),$D$14/SUM($C$14:$G$14)*(BSSA14!$S18*EXP(-Main!$C$16*BSSA14!$T18)),$E$14/SUM($C$14:$G$14)*('CB14'!$Y18*EXP(-Main!$C$16*'CB14'!$Z18)),$F$14/SUM($C$14:$G$14)*('CY14'!$U18*EXP(-Main!$C$16*'CY14'!$V18)),$G$14/SUM($C$14:$G$14)*('I14'!$L18*EXP(-Main!$C$16*'I14'!$M18)))),IF($B$104=1,IF($AB$52=0,EXP(SUM($C$14/SUM($C$14:$G$14)*(LN('ASK14'!$E18)-($C$16*'ASK14'!$F18)),$D$14/SUM($C$14:$G$14)*(LN(BSSA14!$S18)-($C$16*BSSA14!$T18)),$E$14/SUM($C$14:$G$14)*(LN('CB14'!$Y18)-($C$16*'CB14'!$Z18)),$F$14/SUM($C$14:$G$14)*(LN('CY14'!$U18)-($C$16*'CY14'!$V18)),$G$14/SUM($C$14:$G$14)*(LN('I14'!$L18)-($C$16*'I14'!$M18)))),EXP(SUM($C$14/SUM($C$14:$G$14)*(LN('ASK14'!$E18)-($C$16*'ASK14'!$F18)),$D$14/SUM($C$14:$G$14)*(LN(BSSA14!$S18)-($C$16*BSSA14!$T18)),$E$14/SUM($C$14:$G$14)*(LN('CB14'!$Y18)-($C$16*'CB14'!$Z18)),$F$14/SUM($C$14:$G$14)*(LN('CY14'!$U18)-($C$16*'CY14'!$V18)),$G$14/SUM($C$14:$G$14)*(LN('I14'!$L18)-($C$16*'I14'!$M18)))))))"
NGAW2_GMPE_Spreadsheets_v5.7_041415_ProtectedLocked.xlsm,05c1346e3c422a9e48bf249cd2022b5ad12d2b987df71b383d247f2c83b0c74b,Main,I35,=($F35*980)/(2*PI()/$E35)^2
NGAW2_GMPE_Spreadsheets_v5.7_041415_ProtectedLocked.xlsm,05c1346e3c422a9e48bf249cd2022b5ad12d2b987df71b383d247f2c83b0c74b,Main,J35,=DSF!$S34*Main!F35
NGAW2_GMPE_Spreadsheets_v5.7_041415_ProtectedLocked.xlsm,05c1346e3c422a9e48bf249cd2022b5ad12d2b987df71b383d247f2c83b0c74b,Main,K35,=DSF!$S34*Main!G35
NGAW2_GMPE_Spreadsheets_v5.7_041415_ProtectedLocked.xlsm,05c1346e3c422a9e48bf249cd2022b5ad12d2b987df71b383d247f2c83b0c74b,Main,L35,=DSF!$S34*Main!H35
NGAW2_GMPE_Spreadsheets_v5.7_041415_ProtectedLocked.xlsm,05c1346e3c422a9e48bf249cd2022b5ad12d2b987df71b383d247f2c83b0c74b,Main,M35,=DSF!$S34*Main!I35
NGAW2_GMPE_Spreadsheets_v5.7_041415_ProtectedLocked.xlsm,05c1346e3c422a9e48bf249cd2022b5ad12d2b987df71b383d247f2c83b0c74b,Main,AB35,"=IF(AND($E$14<>0,$C$27=""! Not Applicable !""),1,0)"
NGAW2_GMPE_Spreadsheets_v5.7_041415_ProtectedLocked.xlsm,05c1346e3c422a9e48bf249cd2022b5ad12d2b987df71b383d247f2c83b0c74b,Main,C36,"=IF(B36<0,""Ry0 can only be zero or positive"","""")"
NGAW2_GMPE_Spreadsheets_v5.7_041415_ProtectedLocked.xlsm,05c1346e3c422a9e48bf249cd2022b5ad12d2b987df71b383d247f2c83b0c74b,Main,F36,"=IF($B$104=0,IF($AB$52=0,SUM($C$14/SUM($C$14:$G$14)*'ASK14'!$E19,$D$14/SUM($C$14:$G$14)*BSSA14!$S19,$E$14/SUM($C$14:$G$14)*'CB14'!$Y19,$F$14/SUM($C$14:$G$14)*'CY14'!$U19,$G$14/SUM($C$14:$G$14)*'I14'!$L19),SUM($C$14/SUM($C$14:$G$14)*'ASK14'!$E19,$D$14/SUM($C$14:$G$14)*BSSA14!$S19,$E$14/SUM($C$14:$G$14)*'CB14'!$Y19,$F$14/SUM($C$14:$G$14)*'CY14'!$U19,$G$14/SUM($C$14:$G$14)*'I14'!$L19)),IF($B$104=1,IF($AB$52=0,EXP(SUM($C$14/SUM($C$14:$G$14)*LN('ASK14'!$E19),$D$14/SUM($C$14:$G$14)*LN(BSSA14!$S19),$E$14/SUM($C$14:$G$14)*LN('CB14'!$Y19),$F$14/SUM($C$14:$G$14)*LN('CY14'!$U19),$G$14/SUM($C$14:$G$14)*LN('I14'!$L19))),EXP(SUM($C$14/SUM($C$14:$G$14)*LN('ASK14'!$E19),$D$14/SUM($C$14:$G$14)*LN(BSSA14!$S19),$E$14/SUM($C$14:$G$14)*LN('CB14'!$Y19),$F$14/SUM($C$14:$G$14)*LN('CY14'!$U19),$G$14/SUM($C$14:$G$14)*LN('I14'!$L19))))))"
NGAW2_GMPE_Spreadsheets_v5.7_041415_ProtectedLocked.xlsm,05c1346e3c422a9e48bf249cd2022b5ad12d2b987df71b383d247f2c83b0c74b,Main,G36,"=IF($B$104=0,IF($AB$52=0,SUM($C$14/SUM($C$14:$G$14)*('ASK14'!$E19*EXP(Main!$C$16*'ASK14'!$F19)),$D$14/SUM($C$14:$G$14)*(BSSA14!$S19*EXP(Main!$C$16*BSSA14!$T19)),$E$14/SUM($C$14:$G$14)*('CB14'!$Y19*EXP(Main!$C$16*'CB14'!$Z19)),$F$14/SUM($C$14:$G$14)*('CY14'!$U19*EXP(Main!$C$16*'CY14'!$V19)),$G$14/SUM($C$14:$G$14)*('I14'!$L19*EXP(Main!$C$16*'I14'!$M19))),SUM($C$14/SUM($C$14:$G$14)*('ASK14'!$E19*EXP(Main!$C$16*'ASK14'!$F19)),$D$14/SUM($C$14:$G$14)*(BSSA14!$S19*EXP(Main!$C$16*BSSA14!$T19)),$E$14/SUM($C$14:$G$14)*('CB14'!$Y19*EXP(Main!$C$16*'CB14'!$Z19)),$F$14/SUM($C$14:$G$14)*('CY14'!$U19*EXP(Main!$C$16*'CY14'!$V19)),$G$14/SUM($C$14:$G$14)*('I14'!$L19*EXP(Main!$C$16*'I14'!$M19)))),IF($B$104=1,IF($AB$52=0,EXP(SUM($C$14/SUM($C$14:$G$14)*(LN('ASK14'!$E19)+($C$16*'ASK14'!$F19)),$D$14/SUM($C$14:$G$14)*(LN(BSSA14!$S19)+($C$16*BSSA14!$T19)),$E$14/SUM($C$14:$G$14)*(LN('CB14'!$Y19)+($C$16*'CB14'!$Z19)),$F$14/SUM($C$14:$G$14)*(LN('CY14'!$U19)+($C$16*'CY14'!$V19)),$G$14/SUM($C$14:$G$14)*(LN('I14'!$L19)+($C$16*'I14'!$M19)))),EXP(SUM($C$14/SUM($C$14:$G$14)*(LN('ASK14'!$E19)+($C$16*'ASK14'!$F19)),$D$14/SUM($C$14:$G$14)*(LN(BSSA14!$S19)+($C$16*BSSA14!$T19)),$E$14/SUM($C$14:$G$14)*(LN('CB14'!$Y19)+($C$16*'CB14'!$Z19)),$F$14/SUM($C$14:$G$14)*(LN('CY14'!$U19)+($C$16*'CY14'!$V19)),$G$14/SUM($C$14:$G$14)*(LN('I14'!$L19)+($C$16*'I14'!$M19)))))))"
NGAW2_GMPE_Spreadsheets_v5.7_041415_ProtectedLocked.xlsm,05c1346e3c422a9e48bf249cd2022b5ad12d2b987df71b383d247f2c83b0c74b,Main,H36,"=IF($B$104=0,IF($AB$52=0,SUM($C$14/SUM($C$14:$G$14)*('ASK14'!$E19*EXP(-Main!$C$16*'ASK14'!$F19)),$D$14/SUM($C$14:$G$14)*(BSSA14!$S19*EXP(-Main!$C$16*BSSA14!$T19)),$E$14/SUM($C$14:$G$14)*('CB14'!$Y19*EXP(-Main!$C$16*'CB14'!$Z19)),$F$14/SUM($C$14:$G$14)*('CY14'!$U19*EXP(-Main!$C$16*'CY14'!$V19)),$G$14/SUM($C$14:$G$14)*('I14'!$L19*EXP(-Main!$C$16*'I14'!$M19))),SUM($C$14/SUM($C$14:$G$14)*('ASK14'!$E19*EXP(-Main!$C$16*'ASK14'!$F19)),$D$14/SUM($C$14:$G$14)*(BSSA14!$S19*EXP(-Main!$C$16*BSSA14!$T19)),$E$14/SUM($C$14:$G$14)*('CB14'!$Y19*EXP(-Main!$C$16*'CB14'!$Z19)),$F$14/SUM($C$14:$G$14)*('CY14'!$U19*EXP(-Main!$C$16*'CY14'!$V19)),$G$14/SUM($C$14:$G$14)*('I14'!$L19*EXP(-Main!$C$16*'I14'!$M19)))),IF($B$104=1,IF($AB$52=0,EXP(SUM($C$14/SUM($C$14:$G$14)*(LN('ASK14'!$E19)-($C$16*'ASK14'!$F19)),$D$14/SUM($C$14:$G$14)*(LN(BSSA14!$S19)-($C$16*BSSA14!$T19)),$E$14/SUM($C$14:$G$14)*(LN('CB14'!$Y19)-($C$16*'CB14'!$Z19)),$F$14/SUM($C$14:$G$14)*(LN('CY14'!$U19)-($C$16*'CY14'!$V19)),$G$14/SUM($C$14:$G$14)*(LN('I14'!$L19)-($C$16*'I14'!$M19)))),EXP(SUM($C$14/SUM($C$14:$G$14)*(LN('ASK14'!$E19)-($C$16*'ASK14'!$F19)),$D$14/SUM($C$14:$G$14)*(LN(BSSA14!$S19)-($C$16*BSSA14!$T19)),$E$14/SUM($C$14:$G$14)*(LN('CB14'!$Y19)-($C$16*'CB14'!$Z19)),$F$14/SUM($C$14:$G$14)*(LN('CY14'!$U19)-($C$16*'CY14'!$V19)),$G$14/SUM($C$14:$G$14)*(LN('I14'!$L19)-($C$16*'I14'!$M19)))))))"
NGAW2_GMPE_Spreadsheets_v5.7_041415_ProtectedLocked.xlsm,05c1346e3c422a9e48bf249cd2022b5ad12d2b987df71b383d247f2c83b0c74b,Main,I36,=($F36*980)/(2*PI()/$E36)^2
NGAW2_GMPE_Spreadsheets_v5.7_041415_ProtectedLocked.xlsm,05c1346e3c422a9e48bf249cd2022b5ad12d2b987df71b383d247f2c83b0c74b,Main,J36,=DSF!$S35*Main!F36
NGAW2_GMPE_Spreadsheets_v5.7_041415_ProtectedLocked.xlsm,05c1346e3c422a9e48bf249cd2022b5ad12d2b987df71b383d247f2c83b0c74b,Main,K36,=DSF!$S35*Main!G36
NGAW2_GMPE_Spreadsheets_v5.7_041415_ProtectedLocked.xlsm,05c1346e3c422a9e48bf249cd2022b5ad12d2b987df71b383d247f2c83b0c74b,Main,L36,=DSF!$S35*Main!H36
NGAW2_GMPE_Spreadsheets_v5.7_041415_ProtectedLocked.xlsm,05c1346e3c422a9e48bf249cd2022b5ad12d2b987df71b383d247f2c83b0c74b,Main,M36,=DSF!$S35*Main!I36
NGAW2_GMPE_Spreadsheets_v5.7_041415_ProtectedLocked.xlsm,05c1346e3c422a9e48bf249cd2022b5ad12d2b987df71b383d247f2c83b0c74b,Main,AB36,"=IF(AND($E$14<>0,$C$39=""Out of Range! Use 760 m/s""),1,0)"
NGAW2_GMPE_Spreadsheets_v5.7_041415_ProtectedLocked.xlsm,05c1346e3c422a9e48bf249cd2022b5ad12d2b987df71b383d247f2c83b0c74b,Main,F37,"=IF($B$104=0,IF($AB$52=0,SUM($C$14/SUM($C$14:$G$14)*'ASK14'!$E20,$D$14/SUM($C$14:$G$14)*BSSA14!$S20,$E$14/SUM($C$14:$G$14)*'CB14'!$Y20,$F$14/SUM($C$14:$G$14)*'CY14'!$U20,$G$14/SUM($C$14:$G$14)*'I14'!$L20),SUM($C$14/SUM($C$14:$G$14)*'ASK14'!$E20,$D$14/SUM($C$14:$G$14)*BSSA14!$S20,$E$14/SUM($C$14:$G$14)*'CB14'!$Y20,$F$14/SUM($C$14:$G$14)*'CY14'!$U20,$G$14/SUM($C$14:$G$14)*'I14'!$L20)),IF($B$104=1,IF($AB$52=0,EXP(SUM($C$14/SUM($C$14:$G$14)*LN('ASK14'!$E20),$D$14/SUM($C$14:$G$14)*LN(BSSA14!$S20),$E$14/SUM($C$14:$G$14)*LN('CB14'!$Y20),$F$14/SUM($C$14:$G$14)*LN('CY14'!$U20),$G$14/SUM($C$14:$G$14)*LN('I14'!$L20))),EXP(SUM($C$14/SUM($C$14:$G$14)*LN('ASK14'!$E20),$D$14/SUM($C$14:$G$14)*LN(BSSA14!$S20),$E$14/SUM($C$14:$G$14)*LN('CB14'!$Y20),$F$14/SUM($C$14:$G$14)*LN('CY14'!$U20),$G$14/SUM($C$14:$G$14)*LN('I14'!$L20))))))"
NGAW2_GMPE_Spreadsheets_v5.7_041415_ProtectedLocked.xlsm,05c1346e3c422a9e48bf249cd2022b5ad12d2b987df71b383d247f2c83b0c74b,Main,G37,"=IF($B$104=0,IF($AB$52=0,SUM($C$14/SUM($C$14:$G$14)*('ASK14'!$E20*EXP(Main!$C$16*'ASK14'!$F20)),$D$14/SUM($C$14:$G$14)*(BSSA14!$S20*EXP(Main!$C$16*BSSA14!$T20)),$E$14/SUM($C$14:$G$14)*('CB14'!$Y20*EXP(Main!$C$16*'CB14'!$Z20)),$F$14/SUM($C$14:$G$14)*('CY14'!$U20*EXP(Main!$C$16*'CY14'!$V20)),$G$14/SUM($C$14:$G$14)*('I14'!$L20*EXP(Main!$C$16*'I14'!$M20))),SUM($C$14/SUM($C$14:$G$14)*('ASK14'!$E20*EXP(Main!$C$16*'ASK14'!$F20)),$D$14/SUM($C$14:$G$14)*(BSSA14!$S20*EXP(Main!$C$16*BSSA14!$T20)),$E$14/SUM($C$14:$G$14)*('CB14'!$Y20*EXP(Main!$C$16*'CB14'!$Z20)),$F$14/SUM($C$14:$G$14)*('CY14'!$U20*EXP(Main!$C$16*'CY14'!$V20)),$G$14/SUM($C$14:$G$14)*('I14'!$L20*EXP(Main!$C$16*'I14'!$M20)))),IF($B$104=1,IF($AB$52=0,EXP(SUM($C$14/SUM($C$14:$G$14)*(LN('ASK14'!$E20)+($C$16*'ASK14'!$F20)),$D$14/SUM($C$14:$G$14)*(LN(BSSA14!$S20)+($C$16*BSSA14!$T20)),$E$14/SUM($C$14:$G$14)*(LN('CB14'!$Y20)+($C$16*'CB14'!$Z20)),$F$14/SUM($C$14:$G$14)*(LN('CY14'!$U20)+($C$16*'CY14'!$V20)),$G$14/SUM($C$14:$G$14)*(LN('I14'!$L20)+($C$16*'I14'!$M20)))),EXP(SUM($C$14/SUM($C$14:$G$14)*(LN('ASK14'!$E20)+($C$16*'ASK14'!$F20)),$D$14/SUM($C$14:$G$14)*(LN(BSSA14!$S20)+($C$16*BSSA14!$T20)),$E$14/SUM($C$14:$G$14)*(LN('CB14'!$Y20)+($C$16*'CB14'!$Z20)),$F$14/SUM($C$14:$G$14)*(LN('CY14'!$U20)+($C$16*'CY14'!$V20)),$G$14/SUM($C$14:$G$14)*(LN('I14'!$L20)+($C$16*'I14'!$M20)))))))"
NGAW2_GMPE_Spreadsheets_v5.7_041415_ProtectedLocked.xlsm,05c1346e3c422a9e48bf249cd2022b5ad12d2b987df71b383d247f2c83b0c74b,Main,H37,"=IF($B$104=0,IF($AB$52=0,SUM($C$14/SUM($C$14:$G$14)*('ASK14'!$E20*EXP(-Main!$C$16*'ASK14'!$F20)),$D$14/SUM($C$14:$G$14)*(BSSA14!$S20*EXP(-Main!$C$16*BSSA14!$T20)),$E$14/SUM($C$14:$G$14)*('CB14'!$Y20*EXP(-Main!$C$16*'CB14'!$Z20)),$F$14/SUM($C$14:$G$14)*('CY14'!$U20*EXP(-Main!$C$16*'CY14'!$V20)),$G$14/SUM($C$14:$G$14)*('I14'!$L20*EXP(-Main!$C$16*'I14'!$M20))),SUM($C$14/SUM($C$14:$G$14)*('ASK14'!$E20*EXP(-Main!$C$16*'ASK14'!$F20)),$D$14/SUM($C$14:$G$14)*(BSSA14!$S20*EXP(-Main!$C$16*BSSA14!$T20)),$E$14/SUM($C$14:$G$14)*('CB14'!$Y20*EXP(-Main!$C$16*'CB14'!$Z20)),$F$14/SUM($C$14:$G$14)*('CY14'!$U20*EXP(-Main!$C$16*'CY14'!$V20)),$G$14/SUM($C$14:$G$14)*('I14'!$L20*EXP(-Main!$C$16*'I14'!$M20)))),IF($B$104=1,IF($AB$52=0,EXP(SUM($C$14/SUM($C$14:$G$14)*(LN('ASK14'!$E20)-($C$16*'ASK14'!$F20)),$D$14/SUM($C$14:$G$14)*(LN(BSSA14!$S20)-($C$16*BSSA14!$T20)),$E$14/SUM($C$14:$G$14)*(LN('CB14'!$Y20)-($C$16*'CB14'!$Z20)),$F$14/SUM($C$14:$G$14)*(LN('CY14'!$U20)-($C$16*'CY14'!$V20)),$G$14/SUM($C$14:$G$14)*(LN('I14'!$L20)-($C$16*'I14'!$M20)))),EXP(SUM($C$14/SUM($C$14:$G$14)*(LN('ASK14'!$E20)-($C$16*'ASK14'!$F20)),$D$14/SUM($C$14:$G$14)*(LN(BSSA14!$S20)-($C$16*BSSA14!$T20)),$E$14/SUM($C$14:$G$14)*(LN('CB14'!$Y20)-($C$16*'CB14'!$Z20)),$F$14/SUM($C$14:$G$14)*(LN('CY14'!$U20)-($C$16*'CY14'!$V20)),$G$14/SUM($C$14:$G$14)*(LN('I14'!$L20)-($C$16*'I14'!$M20)))))))"
NGAW2_GMPE_Spreadsheets_v5.7_041415_ProtectedLocked.xlsm,05c1346e3c422a9e48bf249cd2022b5ad12d2b987df71b383d247f2c83b0c74b,Main,I37,=($F37*980)/(2*PI()/$E37)^2
NGAW2_GMPE_Spreadsheets_v5.7_041415_ProtectedLocked.xlsm,05c1346e3c422a9e48bf249cd2022b5ad12d2b987df71b383d247f2c83b0c74b,Main,J37,=DSF!$S36*Main!F37
NGAW2_GMPE_Spreadsheets_v5.7_041415_ProtectedLocked.xlsm,05c1346e3c422a9e48bf249cd2022b5ad12d2b987df71b383d247f2c83b0c74b,Main,K37,=DSF!$S36*Main!G37
NGAW2_GMPE_Spreadsheets_v5.7_041415_ProtectedLocked.xlsm,05c1346e3c422a9e48bf249cd2022b5ad12d2b987df71b383d247f2c83b0c74b,Main,L37,=DSF!$S36*Main!H37
NGAW2_GMPE_Spreadsheets_v5.7_041415_ProtectedLocked.xlsm,05c1346e3c422a9e48bf249cd2022b5ad12d2b987df71b383d247f2c83b0c74b,Main,M37,=DSF!$S36*Main!I37
NGAW2_GMPE_Spreadsheets_v5.7_041415_ProtectedLocked.xlsm,05c1346e3c422a9e48bf249cd2022b5ad12d2b987df71b383d247f2c83b0c74b,Main,AB37,"=IF(AND($E$14<>0,$C$66=""Out of Range! Use 760 m/s""),1,0)"
NGAW2_GMPE_Spreadsheets_v5.7_041415_ProtectedLocked.xlsm,05c1346e3c422a9e48bf249cd2022b5ad12d2b987df71b383d247f2c83b0c74b,Main,F38,"=IF($B$104=0,IF($AB$52=0,SUM($C$14/SUM($C$14:$G$14)*'ASK14'!$E21,$D$14/SUM($C$14:$G$14)*BSSA14!$S21,$E$14/SUM($C$14:$G$14)*'CB14'!$Y21,$F$14/SUM($C$14:$G$14)*'CY14'!$U21,$G$14/SUM($C$14:$G$14)*'I14'!$L21),SUM($C$14/SUM($C$14:$G$14)*'ASK14'!$E21,$D$14/SUM($C$14:$G$14)*BSSA14!$S21,$E$14/SUM($C$14:$G$14)*'CB14'!$Y21,$F$14/SUM($C$14:$G$14)*'CY14'!$U21,$G$14/SUM($C$14:$G$14)*'I14'!$L21)),IF($B$104=1,IF($AB$52=0,EXP(SUM($C$14/SUM($C$14:$G$14)*LN('ASK14'!$E21),$D$14/SUM($C$14:$G$14)*LN(BSSA14!$S21),$E$14/SUM($C$14:$G$14)*LN('CB14'!$Y21),$F$14/SUM($C$14:$G$14)*LN('CY14'!$U21),$G$14/SUM($C$14:$G$14)*LN('I14'!$L21))),EXP(SUM($C$14/SUM($C$14:$G$14)*LN('ASK14'!$E21),$D$14/SUM($C$14:$G$14)*LN(BSSA14!$S21),$E$14/SUM($C$14:$G$14)*LN('CB14'!$Y21),$F$14/SUM($C$14:$G$14)*LN('CY14'!$U21),$G$14/SUM($C$14:$G$14)*LN('I14'!$L21))))))"
NGAW2_GMPE_Spreadsheets_v5.7_041415_ProtectedLocked.xlsm,05c1346e3c422a9e48bf249cd2022b5ad12d2b987df71b383d247f2c83b0c74b,Main,G38,"=IF($B$104=0,IF($AB$52=0,SUM($C$14/SUM($C$14:$G$14)*('ASK14'!$E21*EXP(Main!$C$16*'ASK14'!$F21)),$D$14/SUM($C$14:$G$14)*(BSSA14!$S21*EXP(Main!$C$16*BSSA14!$T21)),$E$14/SUM($C$14:$G$14)*('CB14'!$Y21*EXP(Main!$C$16*'CB14'!$Z21)),$F$14/SUM($C$14:$G$14)*('CY14'!$U21*EXP(Main!$C$16*'CY14'!$V21)),$G$14/SUM($C$14:$G$14)*('I14'!$L21*EXP(Main!$C$16*'I14'!$M21))),SUM($C$14/SUM($C$14:$G$14)*('ASK14'!$E21*EXP(Main!$C$16*'ASK14'!$F21)),$D$14/SUM($C$14:$G$14)*(BSSA14!$S21*EXP(Main!$C$16*BSSA14!$T21)),$E$14/SUM($C$14:$G$14)*('CB14'!$Y21*EXP(Main!$C$16*'CB14'!$Z21)),$F$14/SUM($C$14:$G$14)*('CY14'!$U21*EXP(Main!$C$16*'CY14'!$V21)),$G$14/SUM($C$14:$G$14)*('I14'!$L21*EXP(Main!$C$16*'I14'!$M21)))),IF($B$104=1,IF($AB$52=0,EXP(SUM($C$14/SUM($C$14:$G$14)*(LN('ASK14'!$E21)+($C$16*'ASK14'!$F21)),$D$14/SUM($C$14:$G$14)*(LN(BSSA14!$S21)+($C$16*BSSA14!$T21)),$E$14/SUM($C$14:$G$14)*(LN('CB14'!$Y21)+($C$16*'CB14'!$Z21)),$F$14/SUM($C$14:$G$14)*(LN('CY14'!$U21)+($C$16*'CY14'!$V21)),$G$14/SUM($C$14:$G$14)*(LN('I14'!$L21)+($C$16*'I14'!$M21)))),EXP(SUM($C$14/SUM($C$14:$G$14)*(LN('ASK14'!$E21)+($C$16*'ASK14'!$F21)),$D$14/SUM($C$14:$G$14)*(LN(BSSA14!$S21)+($C$16*BSSA14!$T21)),$E$14/SUM($C$14:$G$14)*(LN('CB14'!$Y21)+($C$16*'CB14'!$Z21)),$F$14/SUM($C$14:$G$14)*(LN('CY14'!$U21)+($C$16*'CY14'!$V21)),$G$14/SUM($C$14:$G$14)*(LN('I14'!$L21)+($C$16*'I14'!$M21)))))))"
NGAW2_GMPE_Spreadsheets_v5.7_041415_ProtectedLocked.xlsm,05c1346e3c422a9e48bf249cd2022b5ad12d2b987df71b383d247f2c83b0c74b,Main,H38,"=IF($B$104=0,IF($AB$52=0,SUM($C$14/SUM($C$14:$G$14)*('ASK14'!$E21*EXP(-Main!$C$16*'ASK14'!$F21)),$D$14/SUM($C$14:$G$14)*(BSSA14!$S21*EXP(-Main!$C$16*BSSA14!$T21)),$E$14/SUM($C$14:$G$14)*('CB14'!$Y21*EXP(-Main!$C$16*'CB14'!$Z21)),$F$14/SUM($C$14:$G$14)*('CY14'!$U21*EXP(-Main!$C$16*'CY14'!$V21)),$G$14/SUM($C$14:$G$14)*('I14'!$L21*EXP(-Main!$C$16*'I14'!$M21))),SUM($C$14/SUM($C$14:$G$14)*('ASK14'!$E21*EXP(-Main!$C$16*'ASK14'!$F21)),$D$14/SUM($C$14:$G$14)*(BSSA14!$S21*EXP(-Main!$C$16*BSSA14!$T21)),$E$14/SUM($C$14:$G$14)*('CB14'!$Y21*EXP(-Main!$C$16*'CB14'!$Z21)),$F$14/SUM($C$14:$G$14)*('CY14'!$U21*EXP(-Main!$C$16*'CY14'!$V21)),$G$14/SUM($C$14:$G$14)*('I14'!$L21*EXP(-Main!$C$16*'I14'!$M21)))),IF($B$104=1,IF($AB$52=0,EXP(SUM($C$14/SUM($C$14:$G$14)*(LN('ASK14'!$E21)-($C$16*'ASK14'!$F21)),$D$14/SUM($C$14:$G$14)*(LN(BSSA14!$S21)-($C$16*BSSA14!$T21)),$E$14/SUM($C$14:$G$14)*(LN('CB14'!$Y21)-($C$16*'CB14'!$Z21)),$F$14/SUM($C$14:$G$14)*(LN('CY14'!$U21)-($C$16*'CY14'!$V21)),$G$14/SUM($C$14:$G$14)*(LN('I14'!$L21)-($C$16*'I14'!$M21)))),EXP(SUM($C$14/SUM($C$14:$G$14)*(LN('ASK14'!$E21)-($C$16*'ASK14'!$F21)),$D$14/SUM($C$14:$G$14)*(LN(BSSA14!$S21)-($C$16*BSSA14!$T21)),$E$14/SUM($C$14:$G$14)*(LN('CB14'!$Y21)-($C$16*'CB14'!$Z21)),$F$14/SUM($C$14:$G$14)*(LN('CY14'!$U21)-($C$16*'CY14'!$V21)),$G$14/SUM($C$14:$G$14)*(LN('I14'!$L21)-($C$16*'I14'!$M21)))))))"
NGAW2_GMPE_Spreadsheets_v5.7_041415_ProtectedLocked.xlsm,05c1346e3c422a9e48bf249cd2022b5ad12d2b987df71b383d247f2c83b0c74b,Main,I38,=($F38*980)/(2*PI()/$E38)^2
NGAW2_GMPE_Spreadsheets_v5.7_041415_ProtectedLocked.xlsm,05c1346e3c422a9e48bf249cd2022b5ad12d2b987df71b383d247f2c83b0c74b,Main,J38,=DSF!$S37*Main!F38
NGAW2_GMPE_Spreadsheets_v5.7_041415_ProtectedLocked.xlsm,05c1346e3c422a9e48bf249cd2022b5ad12d2b987df71b383d247f2c83b0c74b,Main,K38,=DSF!$S37*Main!G38
NGAW2_GMPE_Spreadsheets_v5.7_041415_ProtectedLocked.xlsm,05c1346e3c422a9e48bf249cd2022b5ad12d2b987df71b383d247f2c83b0c74b,Main,L38,=DSF!$S37*Main!H38
NGAW2_GMPE_Spreadsheets_v5.7_041415_ProtectedLocked.xlsm,05c1346e3c422a9e48bf249cd2022b5ad12d2b987df71b383d247f2c83b0c74b,Main,M38,=DSF!$S37*Main!I38
NGAW2_GMPE_Spreadsheets_v5.7_041415_ProtectedLocked.xlsm,05c1346e3c422a9e48bf249cd2022b5ad12d2b987df71b383d247f2c83b0c74b,Main,AB38,"=IF(AND($E$14<>0,$C$60=""Out of Range! Use 760 m/s""),1,0)"
NGAW2_GMPE_Spreadsheets_v5.7_041415_ProtectedLocked.xlsm,05c1346e3c422a9e48bf249cd2022b5ad12d2b987df71b383d247f2c83b0c74b,Main,F39,"=IF($B$104=0,IF($AB$52=0,SUM($C$14/SUM($C$14:$G$14)*'ASK14'!$E22,$D$14/SUM($C$14:$G$14)*BSSA14!$S22,$E$14/SUM($C$14:$G$14)*'CB14'!$Y22,$F$14/SUM($C$14:$G$14)*'CY14'!$U22,$G$14/SUM($C$14:$G$14)*'I14'!$L22),SUM($C$14/SUM($C$14:$G$14)*'ASK14'!$E22,$D$14/SUM($C$14:$G$14)*BSSA14!$S22,$E$14/SUM($C$14:$G$14)*'CB14'!$Y22,$F$14/SUM($C$14:$G$14)*'CY14'!$U22,$G$14/SUM($C$14:$G$14)*'I14'!$L22)),IF($B$104=1,IF($AB$52=0,EXP(SUM($C$14/SUM($C$14:$G$14)*LN('ASK14'!$E22),$D$14/SUM($C$14:$G$14)*LN(BSSA14!$S22),$E$14/SUM($C$14:$G$14)*LN('CB14'!$Y22),$F$14/SUM($C$14:$G$14)*LN('CY14'!$U22),$G$14/SUM($C$14:$G$14)*LN('I14'!$L22))),EXP(SUM($C$14/SUM($C$14:$G$14)*LN('ASK14'!$E22),$D$14/SUM($C$14:$G$14)*LN(BSSA14!$S22),$E$14/SUM($C$14:$G$14)*LN('CB14'!$Y22),$F$14/SUM($C$14:$G$14)*LN('CY14'!$U22),$G$14/SUM($C$14:$G$14)*LN('I14'!$L22))))))"
NGAW2_GMPE_Spreadsheets_v5.7_041415_ProtectedLocked.xlsm,05c1346e3c422a9e48bf249cd2022b5ad12d2b987df71b383d247f2c83b0c74b,Main,G39,"=IF($B$104=0,IF($AB$52=0,SUM($C$14/SUM($C$14:$G$14)*('ASK14'!$E22*EXP(Main!$C$16*'ASK14'!$F22)),$D$14/SUM($C$14:$G$14)*(BSSA14!$S22*EXP(Main!$C$16*BSSA14!$T22)),$E$14/SUM($C$14:$G$14)*('CB14'!$Y22*EXP(Main!$C$16*'CB14'!$Z22)),$F$14/SUM($C$14:$G$14)*('CY14'!$U22*EXP(Main!$C$16*'CY14'!$V22)),$G$14/SUM($C$14:$G$14)*('I14'!$L22*EXP(Main!$C$16*'I14'!$M22))),SUM($C$14/SUM($C$14:$G$14)*('ASK14'!$E22*EXP(Main!$C$16*'ASK14'!$F22)),$D$14/SUM($C$14:$G$14)*(BSSA14!$S22*EXP(Main!$C$16*BSSA14!$T22)),$E$14/SUM($C$14:$G$14)*('CB14'!$Y22*EXP(Main!$C$16*'CB14'!$Z22)),$F$14/SUM($C$14:$G$14)*('CY14'!$U22*EXP(Main!$C$16*'CY14'!$V22)),$G$14/SUM($C$14:$G$14)*('I14'!$L22*EXP(Main!$C$16*'I14'!$M22)))),IF($B$104=1,IF($AB$52=0,EXP(SUM($C$14/SUM($C$14:$G$14)*(LN('ASK14'!$E22)+($C$16*'ASK14'!$F22)),$D$14/SUM($C$14:$G$14)*(LN(BSSA14!$S22)+($C$16*BSSA14!$T22)),$E$14/SUM($C$14:$G$14)*(LN('CB14'!$Y22)+($C$16*'CB14'!$Z22)),$F$14/SUM($C$14:$G$14)*(LN('CY14'!$U22)+($C$16*'CY14'!$V22)),$G$14/SUM($C$14:$G$14)*(LN('I14'!$L22)+($C$16*'I14'!$M22)))),EXP(SUM($C$14/SUM($C$14:$G$14)*(LN('ASK14'!$E22)+($C$16*'ASK14'!$F22)),$D$14/SUM($C$14:$G$14)*(LN(BSSA14!$S22)+($C$16*BSSA14!$T22)),$E$14/SUM($C$14:$G$14)*(LN('CB14'!$Y22)+($C$16*'CB14'!$Z22)),$F$14/SUM($C$14:$G$14)*(LN('CY14'!$U22)+($C$16*'CY14'!$V22)),$G$14/SUM($C$14:$G$14)*(LN('I14'!$L22)+($C$16*'I14'!$M22)))))))"
NGAW2_GMPE_Spreadsheets_v5.7_041415_ProtectedLocked.xlsm,05c1346e3c422a9e48bf249cd2022b5ad12d2b987df71b383d247f2c83b0c74b,Main,H39,"=IF($B$104=0,IF($AB$52=0,SUM($C$14/SUM($C$14:$G$14)*('ASK14'!$E22*EXP(-Main!$C$16*'ASK14'!$F22)),$D$14/SUM($C$14:$G$14)*(BSSA14!$S22*EXP(-Main!$C$16*BSSA14!$T22)),$E$14/SUM($C$14:$G$14)*('CB14'!$Y22*EXP(-Main!$C$16*'CB14'!$Z22)),$F$14/SUM($C$14:$G$14)*('CY14'!$U22*EXP(-Main!$C$16*'CY14'!$V22)),$G$14/SUM($C$14:$G$14)*('I14'!$L22*EXP(-Main!$C$16*'I14'!$M22))),SUM($C$14/SUM($C$14:$G$14)*('ASK14'!$E22*EXP(-Main!$C$16*'ASK14'!$F22)),$D$14/SUM($C$14:$G$14)*(BSSA14!$S22*EXP(-Main!$C$16*BSSA14!$T22)),$E$14/SUM($C$14:$G$14)*('CB14'!$Y22*EXP(-Main!$C$16*'CB14'!$Z22)),$F$14/SUM($C$14:$G$14)*('CY14'!$U22*EXP(-Main!$C$16*'CY14'!$V22)),$G$14/SUM($C$14:$G$14)*('I14'!$L22*EXP(-Main!$C$16*'I14'!$M22)))),IF($B$104=1,IF($AB$52=0,EXP(SUM($C$14/SUM($C$14:$G$14)*(LN('ASK14'!$E22)-($C$16*'ASK14'!$F22)),$D$14/SUM($C$14:$G$14)*(LN(BSSA14!$S22)-($C$16*BSSA14!$T22)),$E$14/SUM($C$14:$G$14)*(LN('CB14'!$Y22)-($C$16*'CB14'!$Z22)),$F$14/SUM($C$14:$G$14)*(LN('CY14'!$U22)-($C$16*'CY14'!$V22)),$G$14/SUM($C$14:$G$14)*(LN('I14'!$L22)-($C$16*'I14'!$M22)))),EXP(SUM($C$14/SUM($C$14:$G$14)*(LN('ASK14'!$E22)-($C$16*'ASK14'!$F22)),$D$14/SUM($C$14:$G$14)*(LN(BSSA14!$S22)-($C$16*BSSA14!$T22)),$E$14/SUM($C$14:$G$14)*(LN('CB14'!$Y22)-($C$16*'CB14'!$Z22)),$F$14/SUM($C$14:$G$14)*(LN('CY14'!$U22)-($C$16*'CY14'!$V22)),$G$14/SUM($C$14:$G$14)*(LN('I14'!$L22)-($C$16*'I14'!$M22)))))))"
NGAW2_GMPE_Spreadsheets_v5.7_041415_ProtectedLocked.xlsm,05c1346e3c422a9e48bf249cd2022b5ad12d2b987df71b383d247f2c83b0c74b,Main,I39,=($F39*980)/(2*PI()/$E39)^2
NGAW2_GMPE_Spreadsheets_v5.7_041415_ProtectedLocked.xlsm,05c1346e3c422a9e48bf249cd2022b5ad12d2b987df71b383d247f2c83b0c74b,Main,J39,=DSF!$S38*Main!F39
NGAW2_GMPE_Spreadsheets_v5.7_041415_ProtectedLocked.xlsm,05c1346e3c422a9e48bf249cd2022b5ad12d2b987df71b383d247f2c83b0c74b,Main,K39,=DSF!$S38*Main!G39
NGAW2_GMPE_Spreadsheets_v5.7_041415_ProtectedLocked.xlsm,05c1346e3c422a9e48bf249cd2022b5ad12d2b987df71b383d247f2c83b0c74b,Main,L39,=DSF!$S38*Main!H39
NGAW2_GMPE_Spreadsheets_v5.7_041415_ProtectedLocked.xlsm,05c1346e3c422a9e48bf249cd2022b5ad12d2b987df71b383d247f2c83b0c74b,Main,M39,=DSF!$S38*Main!I39
NGAW2_GMPE_Spreadsheets_v5.7_041415_ProtectedLocked.xlsm,05c1346e3c422a9e48bf249cd2022b5ad12d2b987df71b383d247f2c83b0c74b,Main,AB39,"=IF(AND($E$14<>0,$C$57=""Out of Range! Use 760 m/s""),1,0)"
NGAW2_GMPE_Spreadsheets_v5.7_041415_ProtectedLocked.xlsm,05c1346e3c422a9e48bf249cd2022b5ad12d2b987df71b383d247f2c83b0c74b,Main,F40,"=IF($B$104=0,IF($AB$52=0,SUM($C$14/SUM($C$14:$G$14)*'ASK14'!$E23,$D$14/SUM($C$14:$G$14)*BSSA14!$S23,$E$14/SUM($C$14:$G$14)*'CB14'!$Y23,$F$14/SUM($C$14:$G$14)*'CY14'!$U23,$G$14/SUM($C$14:$G$14)*'I14'!$L23),SUM($C$14/SUM($C$14:$G$14)*'ASK14'!$E23,$D$14/SUM($C$14:$G$14)*BSSA14!$S23,$E$14/SUM($C$14:$G$14)*'CB14'!$Y23,$F$14/SUM($C$14:$G$14)*'CY14'!$U23,$G$14/SUM($C$14:$G$14)*'I14'!$L23)),IF($B$104=1,IF($AB$52=0,EXP(SUM($C$14/SUM($C$14:$G$14)*LN('ASK14'!$E23),$D$14/SUM($C$14:$G$14)*LN(BSSA14!$S23),$E$14/SUM($C$14:$G$14)*LN('CB14'!$Y23),$F$14/SUM($C$14:$G$14)*LN('CY14'!$U23),$G$14/SUM($C$14:$G$14)*LN('I14'!$L23))),EXP(SUM($C$14/SUM($C$14:$G$14)*LN('ASK14'!$E23),$D$14/SUM($C$14:$G$14)*LN(BSSA14!$S23),$E$14/SUM($C$14:$G$14)*LN('CB14'!$Y23),$F$14/SUM($C$14:$G$14)*LN('CY14'!$U23),$G$14/SUM($C$14:$G$14)*LN('I14'!$L23))))))"
NGAW2_GMPE_Spreadsheets_v5.7_041415_ProtectedLocked.xlsm,05c1346e3c422a9e48bf249cd2022b5ad12d2b987df71b383d247f2c83b0c74b,Main,G40,"=IF($B$104=0,IF($AB$52=0,SUM($C$14/SUM($C$14:$G$14)*('ASK14'!$E23*EXP(Main!$C$16*'ASK14'!$F23)),$D$14/SUM($C$14:$G$14)*(BSSA14!$S23*EXP(Main!$C$16*BSSA14!$T23)),$E$14/SUM($C$14:$G$14)*('CB14'!$Y23*EXP(Main!$C$16*'CB14'!$Z23)),$F$14/SUM($C$14:$G$14)*('CY14'!$U23*EXP(Main!$C$16*'CY14'!$V23)),$G$14/SUM($C$14:$G$14)*('I14'!$L23*EXP(Main!$C$16*'I14'!$M23))),SUM($C$14/SUM($C$14:$G$14)*('ASK14'!$E23*EXP(Main!$C$16*'ASK14'!$F23)),$D$14/SUM($C$14:$G$14)*(BSSA14!$S23*EXP(Main!$C$16*BSSA14!$T23)),$E$14/SUM($C$14:$G$14)*('CB14'!$Y23*EXP(Main!$C$16*'CB14'!$Z23)),$F$14/SUM($C$14:$G$14)*('CY14'!$U23*EXP(Main!$C$16*'CY14'!$V23)),$G$14/SUM($C$14:$G$14)*('I14'!$L23*EXP(Main!$C$16*'I14'!$M23)))),IF($B$104=1,IF($AB$52=0,EXP(SUM($C$14/SUM($C$14:$G$14)*(LN('ASK14'!$E23)+($C$16*'ASK14'!$F23)),$D$14/SUM($C$14:$G$14)*(LN(BSSA14!$S23)+($C$16*BSSA14!$T23)),$E$14/SUM($C$14:$G$14)*(LN('CB14'!$Y23)+($C$16*'CB14'!$Z23)),$F$14/SUM($C$14:$G$14)*(LN('CY14'!$U23)+($C$16*'CY14'!$V23)),$G$14/SUM($C$14:$G$14)*(LN('I14'!$L23)+($C$16*'I14'!$M23)))),EXP(SUM($C$14/SUM($C$14:$G$14)*(LN('ASK14'!$E23)+($C$16*'ASK14'!$F23)),$D$14/SUM($C$14:$G$14)*(LN(BSSA14!$S23)+($C$16*BSSA14!$T23)),$E$14/SUM($C$14:$G$14)*(LN('CB14'!$Y23)+($C$16*'CB14'!$Z23)),$F$14/SUM($C$14:$G$14)*(LN('CY14'!$U23)+($C$16*'CY14'!$V23)),$G$14/SUM($C$14:$G$14)*(LN('I14'!$L23)+($C$16*'I14'!$M23)))))))"
NGAW2_GMPE_Spreadsheets_v5.7_041415_ProtectedLocked.xlsm,05c1346e3c422a9e48bf249cd2022b5ad12d2b987df71b383d247f2c83b0c74b,Main,H40,"=IF($B$104=0,IF($AB$52=0,SUM($C$14/SUM($C$14:$G$14)*('ASK14'!$E23*EXP(-Main!$C$16*'ASK14'!$F23)),$D$14/SUM($C$14:$G$14)*(BSSA14!$S23*EXP(-Main!$C$16*BSSA14!$T23)),$E$14/SUM($C$14:$G$14)*('CB14'!$Y23*EXP(-Main!$C$16*'CB14'!$Z23)),$F$14/SUM($C$14:$G$14)*('CY14'!$U23*EXP(-Main!$C$16*'CY14'!$V23)),$G$14/SUM($C$14:$G$14)*('I14'!$L23*EXP(-Main!$C$16*'I14'!$M23))),SUM($C$14/SUM($C$14:$G$14)*('ASK14'!$E23*EXP(-Main!$C$16*'ASK14'!$F23)),$D$14/SUM($C$14:$G$14)*(BSSA14!$S23*EXP(-Main!$C$16*BSSA14!$T23)),$E$14/SUM($C$14:$G$14)*('CB14'!$Y23*EXP(-Main!$C$16*'CB14'!$Z23)),$F$14/SUM($C$14:$G$14)*('CY14'!$U23*EXP(-Main!$C$16*'CY14'!$V23)),$G$14/SUM($C$14:$G$14)*('I14'!$L23*EXP(-Main!$C$16*'I14'!$M23)))),IF($B$104=1,IF($AB$52=0,EXP(SUM($C$14/SUM($C$14:$G$14)*(LN('ASK14'!$E23)-($C$16*'ASK14'!$F23)),$D$14/SUM($C$14:$G$14)*(LN(BSSA14!$S23)-($C$16*BSSA14!$T23)),$E$14/SUM($C$14:$G$14)*(LN('CB14'!$Y23)-($C$16*'CB14'!$Z23)),$F$14/SUM($C$14:$G$14)*(LN('CY14'!$U23)-($C$16*'CY14'!$V23)),$G$14/SUM($C$14:$G$14)*(LN('I14'!$L23)-($C$16*'I14'!$M23)))),EXP(SUM($C$14/SUM($C$14:$G$14)*(LN('ASK14'!$E23)-($C$16*'ASK14'!$F23)),$D$14/SUM($C$14:$G$14)*(LN(BSSA14!$S23)-($C$16*BSSA14!$T23)),$E$14/SUM($C$14:$G$14)*(LN('CB14'!$Y23)-($C$16*'CB14'!$Z23)),$F$14/SUM($C$14:$G$14)*(LN('CY14'!$U23)-($C$16*'CY14'!$V23)),$G$14/SUM($C$14:$G$14)*(LN('I14'!$L23)-($C$16*'I14'!$M23)))))))"
NGAW2_GMPE_Spreadsheets_v5.7_041415_ProtectedLocked.xlsm,05c1346e3c422a9e48bf249cd2022b5ad12d2b987df71b383d247f2c83b0c74b,Main,I40,=($F40*980)/(2*PI()/$E40)^2
NGAW2_GMPE_Spreadsheets_v5.7_041415_ProtectedLocked.xlsm,05c1346e3c422a9e48bf249cd2022b5ad12d2b987df71b383d247f2c83b0c74b,Main,J40,=DSF!$S39*Main!F40
NGAW2_GMPE_Spreadsheets_v5.7_041415_ProtectedLocked.xlsm,05c1346e3c422a9e48bf249cd2022b5ad12d2b987df71b383d247f2c83b0c74b,Main,K40,=DSF!$S39*Main!G40
NGAW2_GMPE_Spreadsheets_v5.7_041415_ProtectedLocked.xlsm,05c1346e3c422a9e48bf249cd2022b5ad12d2b987df71b383d247f2c83b0c74b,Main,L40,=DSF!$S39*Main!H40
NGAW2_GMPE_Spreadsheets_v5.7_041415_ProtectedLocked.xlsm,05c1346e3c422a9e48bf249cd2022b5ad12d2b987df71b383d247f2c83b0c74b,Main,M40,=DSF!$S39*Main!I40
NGAW2_GMPE_Spreadsheets_v5.7_041415_ProtectedLocked.xlsm,05c1346e3c422a9e48bf249cd2022b5ad12d2b987df71b383d247f2c83b0c74b,Main,AB40,"=IF(AND($E$14<>0,$C$54=""Out of Range! Use 760 m/s""),1,0)"
NGAW2_GMPE_Spreadsheets_v5.7_041415_ProtectedLocked.xlsm,05c1346e3c422a9e48bf249cd2022b5ad12d2b987df71b383d247f2c83b0c74b,Main,F41,"=IF($B$104=0,IF($AB$52=0,SUM($C$14/SUM($C$14:$G$14)*'ASK14'!$E24,$D$14/SUM($C$14:$G$14)*BSSA14!$S24,$E$14/SUM($C$14:$G$14)*'CB14'!$Y24,$F$14/SUM($C$14:$G$14)*'CY14'!$U24,$G$14/SUM($C$14:$G$14)*'I14'!$L24),SUM($C$14/SUM($C$14:$G$14)*'ASK14'!$E24,$D$14/SUM($C$14:$G$14)*BSSA14!$S24,$E$14/SUM($C$14:$G$14)*'CB14'!$Y24,$F$14/SUM($C$14:$G$14)*'CY14'!$U24,$G$14/SUM($C$14:$G$14)*'I14'!$L24)),IF($B$104=1,IF($AB$52=0,EXP(SUM($C$14/SUM($C$14:$G$14)*LN('ASK14'!$E24),$D$14/SUM($C$14:$G$14)*LN(BSSA14!$S24),$E$14/SUM($C$14:$G$14)*LN('CB14'!$Y24),$F$14/SUM($C$14:$G$14)*LN('CY14'!$U24),$G$14/SUM($C$14:$G$14)*LN('I14'!$L24))),EXP(SUM($C$14/SUM($C$14:$G$14)*LN('ASK14'!$E24),$D$14/SUM($C$14:$G$14)*LN(BSSA14!$S24),$E$14/SUM($C$14:$G$14)*LN('CB14'!$Y24),$F$14/SUM($C$14:$G$14)*LN('CY14'!$U24),$G$14/SUM($C$14:$G$14)*LN('I14'!$L24))))))"
NGAW2_GMPE_Spreadsheets_v5.7_041415_ProtectedLocked.xlsm,05c1346e3c422a9e48bf249cd2022b5ad12d2b987df71b383d247f2c83b0c74b,Main,G41,"=IF($B$104=0,IF($AB$52=0,SUM($C$14/SUM($C$14:$G$14)*('ASK14'!$E24*EXP(Main!$C$16*'ASK14'!$F24)),$D$14/SUM($C$14:$G$14)*(BSSA14!$S24*EXP(Main!$C$16*BSSA14!$T24)),$E$14/SUM($C$14:$G$14)*('CB14'!$Y24*EXP(Main!$C$16*'CB14'!$Z24)),$F$14/SUM($C$14:$G$14)*('CY14'!$U24*EXP(Main!$C$16*'CY14'!$V24)),$G$14/SUM($C$14:$G$14)*('I14'!$L24*EXP(Main!$C$16*'I14'!$M24))),SUM($C$14/SUM($C$14:$G$14)*('ASK14'!$E24*EXP(Main!$C$16*'ASK14'!$F24)),$D$14/SUM($C$14:$G$14)*(BSSA14!$S24*EXP(Main!$C$16*BSSA14!$T24)),$E$14/SUM($C$14:$G$14)*('CB14'!$Y24*EXP(Main!$C$16*'CB14'!$Z24)),$F$14/SUM($C$14:$G$14)*('CY14'!$U24*EXP(Main!$C$16*'CY14'!$V24)),$G$14/SUM($C$14:$G$14)*('I14'!$L24*EXP(Main!$C$16*'I14'!$M24)))),IF($B$104=1,IF($AB$52=0,EXP(SUM($C$14/SUM($C$14:$G$14)*(LN('ASK14'!$E24)+($C$16*'ASK14'!$F24)),$D$14/SUM($C$14:$G$14)*(LN(BSSA14!$S24)+($C$16*BSSA14!$T24)),$E$14/SUM($C$14:$G$14)*(LN('CB14'!$Y24)+($C$16*'CB14'!$Z24)),$F$14/SUM($C$14:$G$14)*(LN('CY14'!$U24)+($C$16*'CY14'!$V24)),$G$14/SUM($C$14:$G$14)*(LN('I14'!$L24)+($C$16*'I14'!$M24)))),EXP(SUM($C$14/SUM($C$14:$G$14)*(LN('ASK14'!$E24)+($C$16*'ASK14'!$F24)),$D$14/SUM($C$14:$G$14)*(LN(BSSA14!$S24)+($C$16*BSSA14!$T24)),$E$14/SUM($C$14:$G$14)*(LN('CB14'!$Y24)+($C$16*'CB14'!$Z24)),$F$14/SUM($C$14:$G$14)*(LN('CY14'!$U24)+($C$16*'CY14'!$V24)),$G$14/SUM($C$14:$G$14)*(LN('I14'!$L24)+($C$16*'I14'!$M24)))))))"
NGAW2_GMPE_Spreadsheets_v5.7_041415_ProtectedLocked.xlsm,05c1346e3c422a9e48bf249cd2022b5ad12d2b987df71b383d247f2c83b0c74b,Main,H41,"=IF($B$104=0,IF($AB$52=0,SUM($C$14/SUM($C$14:$G$14)*('ASK14'!$E24*EXP(-Main!$C$16*'ASK14'!$F24)),$D$14/SUM($C$14:$G$14)*(BSSA14!$S24*EXP(-Main!$C$16*BSSA14!$T24)),$E$14/SUM($C$14:$G$14)*('CB14'!$Y24*EXP(-Main!$C$16*'CB14'!$Z24)),$F$14/SUM($C$14:$G$14)*('CY14'!$U24*EXP(-Main!$C$16*'CY14'!$V24)),$G$14/SUM($C$14:$G$14)*('I14'!$L24*EXP(-Main!$C$16*'I14'!$M24))),SUM($C$14/SUM($C$14:$G$14)*('ASK14'!$E24*EXP(-Main!$C$16*'ASK14'!$F24)),$D$14/SUM($C$14:$G$14)*(BSSA14!$S24*EXP(-Main!$C$16*BSSA14!$T24)),$E$14/SUM($C$14:$G$14)*('CB14'!$Y24*EXP(-Main!$C$16*'CB14'!$Z24)),$F$14/SUM($C$14:$G$14)*('CY14'!$U24*EXP(-Main!$C$16*'CY14'!$V24)),$G$14/SUM($C$14:$G$14)*('I14'!$L24*EXP(-Main!$C$16*'I14'!$M24)))),IF($B$104=1,IF($AB$52=0,EXP(SUM($C$14/SUM($C$14:$G$14)*(LN('ASK14'!$E24)-($C$16*'ASK14'!$F24)),$D$14/SUM($C$14:$G$14)*(LN(BSSA14!$S24)-($C$16*BSSA14!$T24)),$E$14/SUM($C$14:$G$14)*(LN('CB14'!$Y24)-($C$16*'CB14'!$Z24)),$F$14/SUM($C$14:$G$14)*(LN('CY14'!$U24)-($C$16*'CY14'!$V24)),$G$14/SUM($C$14:$G$14)*(LN('I14'!$L24)-($C$16*'I14'!$M24)))),EXP(SUM($C$14/SUM($C$14:$G$14)*(LN('ASK14'!$E24)-($C$16*'ASK14'!$F24)),$D$14/SUM($C$14:$G$14)*(LN(BSSA14!$S24)-($C$16*BSSA14!$T24)),$E$14/SUM($C$14:$G$14)*(LN('CB14'!$Y24)-($C$16*'CB14'!$Z24)),$F$14/SUM($C$14:$G$14)*(LN('CY14'!$U24)-($C$16*'CY14'!$V24)),$G$14/SUM($C$14:$G$14)*(LN('I14'!$L24)-($C$16*'I14'!$M24)))))))"
NGAW2_GMPE_Spreadsheets_v5.7_041415_ProtectedLocked.xlsm,05c1346e3c422a9e48bf249cd2022b5ad12d2b987df71b383d247f2c83b0c74b,Main,I41,=($F41*980)/(2*PI()/$E41)^2
NGAW2_GMPE_Spreadsheets_v5.7_041415_ProtectedLocked.xlsm,05c1346e3c422a9e48bf249cd2022b5ad12d2b987df71b383d247f2c83b0c74b,Main,J41,=DSF!$S40*Main!F41
NGAW2_GMPE_Spreadsheets_v5.7_041415_ProtectedLocked.xlsm,05c1346e3c422a9e48bf249cd2022b5ad12d2b987df71b383d247f2c83b0c74b,Main,K41,=DSF!$S40*Main!G41
NGAW2_GMPE_Spreadsheets_v5.7_041415_ProtectedLocked.xlsm,05c1346e3c422a9e48bf249cd2022b5ad12d2b987df71b383d247f2c83b0c74b,Main,L41,=DSF!$S40*Main!H41
NGAW2_GMPE_Spreadsheets_v5.7_041415_ProtectedLocked.xlsm,05c1346e3c422a9e48bf249cd2022b5ad12d2b987df71b383d247f2c83b0c74b,Main,M41,=DSF!$S40*Main!I41
NGAW2_GMPE_Spreadsheets_v5.7_041415_ProtectedLocked.xlsm,05c1346e3c422a9e48bf249cd2022b5ad12d2b987df71b383d247f2c83b0c74b,Main,AB41,"=IF(AND($F$14<>0,$C$24=""! Not Applicable !""),1,0)"
NGAW2_GMPE_Spreadsheets_v5.7_041415_ProtectedLocked.xlsm,05c1346e3c422a9e48bf249cd2022b5ad12d2b987df71b383d247f2c83b0c74b,Main,AC41,=SUM(AB41:AB47)
NGAW2_GMPE_Spreadsheets_v5.7_041415_ProtectedLocked.xlsm,05c1346e3c422a9e48bf249cd2022b5ad12d2b987df71b383d247f2c83b0c74b,Main,F42,"=IF($B$104=0,IF($AB$52=0,SUM($C$14/SUM($C$14:$G$14)*'ASK14'!$E25,$D$14/SUM($C$14:$G$14)*BSSA14!$S25,$E$14/SUM($C$14:$G$14)*'CB14'!$Y25,$F$14/SUM($C$14:$G$14)*'CY14'!$U25,$G$14/SUM($C$14:$G$14)*'I14'!$L25),SUM($C$14/SUM($C$14:$G$14)*'ASK14'!$E25,$D$14/SUM($C$14:$G$14)*BSSA14!$S25,$E$14/SUM($C$14:$G$14)*'CB14'!$Y25,$F$14/SUM($C$14:$G$14)*'CY14'!$U25,$G$14/SUM($C$14:$G$14)*'I14'!$L25)),IF($B$104=1,IF($AB$52=0,EXP(SUM($C$14/SUM($C$14:$G$14)*LN('ASK14'!$E25),$D$14/SUM($C$14:$G$14)*LN(BSSA14!$S25),$E$14/SUM($C$14:$G$14)*LN('CB14'!$Y25),$F$14/SUM($C$14:$G$14)*LN('CY14'!$U25),$G$14/SUM($C$14:$G$14)*LN('I14'!$L25))),EXP(SUM($C$14/SUM($C$14:$G$14)*LN('ASK14'!$E25),$D$14/SUM($C$14:$G$14)*LN(BSSA14!$S25),$E$14/SUM($C$14:$G$14)*LN('CB14'!$Y25),$F$14/SUM($C$14:$G$14)*LN('CY14'!$U25),$G$14/SUM($C$14:$G$14)*LN('I14'!$L25))))))"
NGAW2_GMPE_Spreadsheets_v5.7_041415_ProtectedLocked.xlsm,05c1346e3c422a9e48bf249cd2022b5ad12d2b987df71b383d247f2c83b0c74b,Main,G42,"=IF($B$104=0,IF($AB$52=0,SUM($C$14/SUM($C$14:$G$14)*('ASK14'!$E25*EXP(Main!$C$16*'ASK14'!$F25)),$D$14/SUM($C$14:$G$14)*(BSSA14!$S25*EXP(Main!$C$16*BSSA14!$T25)),$E$14/SUM($C$14:$G$14)*('CB14'!$Y25*EXP(Main!$C$16*'CB14'!$Z25)),$F$14/SUM($C$14:$G$14)*('CY14'!$U25*EXP(Main!$C$16*'CY14'!$V25)),$G$14/SUM($C$14:$G$14)*('I14'!$L25*EXP(Main!$C$16*'I14'!$M25))),SUM($C$14/SUM($C$14:$G$14)*('ASK14'!$E25*EXP(Main!$C$16*'ASK14'!$F25)),$D$14/SUM($C$14:$G$14)*(BSSA14!$S25*EXP(Main!$C$16*BSSA14!$T25)),$E$14/SUM($C$14:$G$14)*('CB14'!$Y25*EXP(Main!$C$16*'CB14'!$Z25)),$F$14/SUM($C$14:$G$14)*('CY14'!$U25*EXP(Main!$C$16*'CY14'!$V25)),$G$14/SUM($C$14:$G$14)*('I14'!$L25*EXP(Main!$C$16*'I14'!$M25)))),IF($B$104=1,IF($AB$52=0,EXP(SUM($C$14/SUM($C$14:$G$14)*(LN('ASK14'!$E25)+($C$16*'ASK14'!$F25)),$D$14/SUM($C$14:$G$14)*(LN(BSSA14!$S25)+($C$16*BSSA14!$T25)),$E$14/SUM($C$14:$G$14)*(LN('CB14'!$Y25)+($C$16*'CB14'!$Z25)),$F$14/SUM($C$14:$G$14)*(LN('CY14'!$U25)+($C$16*'CY14'!$V25)),$G$14/SUM($C$14:$G$14)*(LN('I14'!$L25)+($C$16*'I14'!$M25)))),EXP(SUM($C$14/SUM($C$14:$G$14)*(LN('ASK14'!$E25)+($C$16*'ASK14'!$F25)),$D$14/SUM($C$14:$G$14)*(LN(BSSA14!$S25)+($C$16*BSSA14!$T25)),$E$14/SUM($C$14:$G$14)*(LN('CB14'!$Y25)+($C$16*'CB14'!$Z25)),$F$14/SUM($C$14:$G$14)*(LN('CY14'!$U25)+($C$16*'CY14'!$V25)),$G$14/SUM($C$14:$G$14)*(LN('I14'!$L25)+($C$16*'I14'!$M25)))))))"
NGAW2_GMPE_Spreadsheets_v5.7_041415_ProtectedLocked.xlsm,05c1346e3c422a9e48bf249cd2022b5ad12d2b987df71b383d247f2c83b0c74b,Main,H42,"=IF($B$104=0,IF($AB$52=0,SUM($C$14/SUM($C$14:$G$14)*('ASK14'!$E25*EXP(-Main!$C$16*'ASK14'!$F25)),$D$14/SUM($C$14:$G$14)*(BSSA14!$S25*EXP(-Main!$C$16*BSSA14!$T25)),$E$14/SUM($C$14:$G$14)*('CB14'!$Y25*EXP(-Main!$C$16*'CB14'!$Z25)),$F$14/SUM($C$14:$G$14)*('CY14'!$U25*EXP(-Main!$C$16*'CY14'!$V25)),$G$14/SUM($C$14:$G$14)*('I14'!$L25*EXP(-Main!$C$16*'I14'!$M25))),SUM($C$14/SUM($C$14:$G$14)*('ASK14'!$E25*EXP(-Main!$C$16*'ASK14'!$F25)),$D$14/SUM($C$14:$G$14)*(BSSA14!$S25*EXP(-Main!$C$16*BSSA14!$T25)),$E$14/SUM($C$14:$G$14)*('CB14'!$Y25*EXP(-Main!$C$16*'CB14'!$Z25)),$F$14/SUM($C$14:$G$14)*('CY14'!$U25*EXP(-Main!$C$16*'CY14'!$V25)),$G$14/SUM($C$14:$G$14)*('I14'!$L25*EXP(-Main!$C$16*'I14'!$M25)))),IF($B$104=1,IF($AB$52=0,EXP(SUM($C$14/SUM($C$14:$G$14)*(LN('ASK14'!$E25)-($C$16*'ASK14'!$F25)),$D$14/SUM($C$14:$G$14)*(LN(BSSA14!$S25)-($C$16*BSSA14!$T25)),$E$14/SUM($C$14:$G$14)*(LN('CB14'!$Y25)-($C$16*'CB14'!$Z25)),$F$14/SUM($C$14:$G$14)*(LN('CY14'!$U25)-($C$16*'CY14'!$V25)),$G$14/SUM($C$14:$G$14)*(LN('I14'!$L25)-($C$16*'I14'!$M25)))),EXP(SUM($C$14/SUM($C$14:$G$14)*(LN('ASK14'!$E25)-($C$16*'ASK14'!$F25)),$D$14/SUM($C$14:$G$14)*(LN(BSSA14!$S25)-($C$16*BSSA14!$T25)),$E$14/SUM($C$14:$G$14)*(LN('CB14'!$Y25)-($C$16*'CB14'!$Z25)),$F$14/SUM($C$14:$G$14)*(LN('CY14'!$U25)-($C$16*'CY14'!$V25)),$G$14/SUM($C$14:$G$14)*(LN('I14'!$L25)-($C$16*'I14'!$M25)))))))"
NGAW2_GMPE_Spreadsheets_v5.7_041415_ProtectedLocked.xlsm,05c1346e3c422a9e48bf249cd2022b5ad12d2b987df71b383d247f2c83b0c74b,Main,I42,=($F42*980)/(2*PI()/$E42)^2
NGAW2_GMPE_Spreadsheets_v5.7_041415_ProtectedLocked.xlsm,05c1346e3c422a9e48bf249cd2022b5ad12d2b987df71b383d247f2c83b0c74b,Main,J42,=DSF!$S41*Main!F42
NGAW2_GMPE_Spreadsheets_v5.7_041415_ProtectedLocked.xlsm,05c1346e3c422a9e48bf249cd2022b5ad12d2b987df71b383d247f2c83b0c74b,Main,K42,=DSF!$S41*Main!G42
NGAW2_GMPE_Spreadsheets_v5.7_041415_ProtectedLocked.xlsm,05c1346e3c422a9e48bf249cd2022b5ad12d2b987df71b383d247f2c83b0c74b,Main,L42,=DSF!$S41*Main!H42
NGAW2_GMPE_Spreadsheets_v5.7_041415_ProtectedLocked.xlsm,05c1346e3c422a9e48bf249cd2022b5ad12d2b987df71b383d247f2c83b0c74b,Main,M42,=DSF!$S41*Main!I42
NGAW2_GMPE_Spreadsheets_v5.7_041415_ProtectedLocked.xlsm,05c1346e3c422a9e48bf249cd2022b5ad12d2b987df71b383d247f2c83b0c74b,Main,AB42,"=IF(AND($F$14<>0,$C$24=""! Not Applicable !""),1,0)"
NGAW2_GMPE_Spreadsheets_v5.7_041415_ProtectedLocked.xlsm,05c1346e3c422a9e48bf249cd2022b5ad12d2b987df71b383d247f2c83b0c74b,Main,F43,"=IF($B$104=0,IF($AB$52=0,SUM($C$14/SUM($C$14:$G$14)*'ASK14'!$E26,$D$14/SUM($C$14:$G$14)*BSSA14!$S26,$E$14/SUM($C$14:$G$14)*'CB14'!$Y26,$F$14/SUM($C$14:$G$14)*'CY14'!$U26,$G$14/SUM($C$14:$G$14)*'I14'!$L26),SUM($C$14/SUM($C$14:$G$14)*'ASK14'!$E26,$D$14/SUM($C$14:$G$14)*BSSA14!$S26,$E$14/SUM($C$14:$G$14)*'CB14'!$Y26,$F$14/SUM($C$14:$G$14)*'CY14'!$U26,$G$14/SUM($C$14:$G$14)*'I14'!$L26)),IF($B$104=1,IF($AB$52=0,EXP(SUM($C$14/SUM($C$14:$G$14)*LN('ASK14'!$E26),$D$14/SUM($C$14:$G$14)*LN(BSSA14!$S26),$E$14/SUM($C$14:$G$14)*LN('CB14'!$Y26),$F$14/SUM($C$14:$G$14)*LN('CY14'!$U26),$G$14/SUM($C$14:$G$14)*LN('I14'!$L26))),EXP(SUM($C$14/SUM($C$14:$G$14)*LN('ASK14'!$E26),$D$14/SUM($C$14:$G$14)*LN(BSSA14!$S26),$E$14/SUM($C$14:$G$14)*LN('CB14'!$Y26),$F$14/SUM($C$14:$G$14)*LN('CY14'!$U26),$G$14/SUM($C$14:$G$14)*LN('I14'!$L26))))))"
NGAW2_GMPE_Spreadsheets_v5.7_041415_ProtectedLocked.xlsm,05c1346e3c422a9e48bf249cd2022b5ad12d2b987df71b383d247f2c83b0c74b,Main,G43,"=IF($B$104=0,IF($AB$52=0,SUM($C$14/SUM($C$14:$G$14)*('ASK14'!$E26*EXP(Main!$C$16*'ASK14'!$F26)),$D$14/SUM($C$14:$G$14)*(BSSA14!$S26*EXP(Main!$C$16*BSSA14!$T26)),$E$14/SUM($C$14:$G$14)*('CB14'!$Y26*EXP(Main!$C$16*'CB14'!$Z26)),$F$14/SUM($C$14:$G$14)*('CY14'!$U26*EXP(Main!$C$16*'CY14'!$V26)),$G$14/SUM($C$14:$G$14)*('I14'!$L26*EXP(Main!$C$16*'I14'!$M26))),SUM($C$14/SUM($C$14:$G$14)*('ASK14'!$E26*EXP(Main!$C$16*'ASK14'!$F26)),$D$14/SUM($C$14:$G$14)*(BSSA14!$S26*EXP(Main!$C$16*BSSA14!$T26)),$E$14/SUM($C$14:$G$14)*('CB14'!$Y26*EXP(Main!$C$16*'CB14'!$Z26)),$F$14/SUM($C$14:$G$14)*('CY14'!$U26*EXP(Main!$C$16*'CY14'!$V26)),$G$14/SUM($C$14:$G$14)*('I14'!$L26*EXP(Main!$C$16*'I14'!$M26)))),IF($B$104=1,IF($AB$52=0,EXP(SUM($C$14/SUM($C$14:$G$14)*(LN('ASK14'!$E26)+($C$16*'ASK14'!$F26)),$D$14/SUM($C$14:$G$14)*(LN(BSSA14!$S26)+($C$16*BSSA14!$T26)),$E$14/SUM($C$14:$G$14)*(LN('CB14'!$Y26)+($C$16*'CB14'!$Z26)),$F$14/SUM($C$14:$G$14)*(LN('CY14'!$U26)+($C$16*'CY14'!$V26)),$G$14/SUM($C$14:$G$14)*(LN('I14'!$L26)+($C$16*'I14'!$M26)))),EXP(SUM($C$14/SUM($C$14:$G$14)*(LN('ASK14'!$E26)+($C$16*'ASK14'!$F26)),$D$14/SUM($C$14:$G$14)*(LN(BSSA14!$S26)+($C$16*BSSA14!$T26)),$E$14/SUM($C$14:$G$14)*(LN('CB14'!$Y26)+($C$16*'CB14'!$Z26)),$F$14/SUM($C$14:$G$14)*(LN('CY14'!$U26)+($C$16*'CY14'!$V26)),$G$14/SUM($C$14:$G$14)*(LN('I14'!$L26)+($C$16*'I14'!$M26)))))))"
NGAW2_GMPE_Spreadsheets_v5.7_041415_ProtectedLocked.xlsm,05c1346e3c422a9e48bf249cd2022b5ad12d2b987df71b383d247f2c83b0c74b,Main,H43,"=IF($B$104=0,IF($AB$52=0,SUM($C$14/SUM($C$14:$G$14)*('ASK14'!$E26*EXP(-Main!$C$16*'ASK14'!$F26)),$D$14/SUM($C$14:$G$14)*(BSSA14!$S26*EXP(-Main!$C$16*BSSA14!$T26)),$E$14/SUM($C$14:$G$14)*('CB14'!$Y26*EXP(-Main!$C$16*'CB14'!$Z26)),$F$14/SUM($C$14:$G$14)*('CY14'!$U26*EXP(-Main!$C$16*'CY14'!$V26)),$G$14/SUM($C$14:$G$14)*('I14'!$L26*EXP(-Main!$C$16*'I14'!$M26))),SUM($C$14/SUM($C$14:$G$14)*('ASK14'!$E26*EXP(-Main!$C$16*'ASK14'!$F26)),$D$14/SUM($C$14:$G$14)*(BSSA14!$S26*EXP(-Main!$C$16*BSSA14!$T26)),$E$14/SUM($C$14:$G$14)*('CB14'!$Y26*EXP(-Main!$C$16*'CB14'!$Z26)),$F$14/SUM($C$14:$G$14)*('CY14'!$U26*EXP(-Main!$C$16*'CY14'!$V26)),$G$14/SUM($C$14:$G$14)*('I14'!$L26*EXP(-Main!$C$16*'I14'!$M26)))),IF($B$104=1,IF($AB$52=0,EXP(SUM($C$14/SUM($C$14:$G$14)*(LN('ASK14'!$E26)-($C$16*'ASK14'!$F26)),$D$14/SUM($C$14:$G$14)*(LN(BSSA14!$S26)-($C$16*BSSA14!$T26)),$E$14/SUM($C$14:$G$14)*(LN('CB14'!$Y26)-($C$16*'CB14'!$Z26)),$F$14/SUM($C$14:$G$14)*(LN('CY14'!$U26)-($C$16*'CY14'!$V26)),$G$14/SUM($C$14:$G$14)*(LN('I14'!$L26)-($C$16*'I14'!$M26)))),EXP(SUM($C$14/SUM($C$14:$G$14)*(LN('ASK14'!$E26)-($C$16*'ASK14'!$F26)),$D$14/SUM($C$14:$G$14)*(LN(BSSA14!$S26)-($C$16*BSSA14!$T26)),$E$14/SUM($C$14:$G$14)*(LN('CB14'!$Y26)-($C$16*'CB14'!$Z26)),$F$14/SUM($C$14:$G$14)*(LN('CY14'!$U26)-($C$16*'CY14'!$V26)),$G$14/SUM($C$14:$G$14)*(LN('I14'!$L26)-($C$16*'I14'!$M26)))))))"
NGAW2_GMPE_Spreadsheets_v5.7_041415_ProtectedLocked.xlsm,05c1346e3c422a9e48bf249cd2022b5ad12d2b987df71b383d247f2c83b0c74b,Main,I43,=($F43*980)/(2*PI()/$E43)^2
NGAW2_GMPE_Spreadsheets_v5.7_041415_ProtectedLocked.xlsm,05c1346e3c422a9e48bf249cd2022b5ad12d2b987df71b383d247f2c83b0c74b,Main,J43,=DSF!$S42*Main!F43
NGAW2_GMPE_Spreadsheets_v5.7_041415_ProtectedLocked.xlsm,05c1346e3c422a9e48bf249cd2022b5ad12d2b987df71b383d247f2c83b0c74b,Main,K43,=DSF!$S42*Main!G43
NGAW2_GMPE_Spreadsheets_v5.7_041415_ProtectedLocked.xlsm,05c1346e3c422a9e48bf249cd2022b5ad12d2b987df71b383d247f2c83b0c74b,Main,L43,=DSF!$S42*Main!H43
NGAW2_GMPE_Spreadsheets_v5.7_041415_ProtectedLocked.xlsm,05c1346e3c422a9e48bf249cd2022b5ad12d2b987df71b383d247f2c83b0c74b,Main,M43,=DSF!$S42*Main!I43
NGAW2_GMPE_Spreadsheets_v5.7_041415_ProtectedLocked.xlsm,05c1346e3c422a9e48bf249cd2022b5ad12d2b987df71b383d247f2c83b0c74b,Main,AB43,"=IF(AND($F$14<>0,$C$24=""! Not Applicable !""),1,0)"
NGAW2_GMPE_Spreadsheets_v5.7_041415_ProtectedLocked.xlsm,05c1346e3c422a9e48bf249cd2022b5ad12d2b987df71b383d247f2c83b0c74b,Main,AB44,"=IF(AND($F$14<>0,$C$27=""! Not Applicable !""),1,0)"
NGAW2_GMPE_Spreadsheets_v5.7_041415_ProtectedLocked.xlsm,05c1346e3c422a9e48bf249cd2022b5ad12d2b987df71b383d247f2c83b0c74b,Main,C45,"=IF(AND($B$45=1,$B$48=1),""Choose 1 for either of Frv or Fnm"","""")"
NGAW2_GMPE_Spreadsheets_v5.7_041415_ProtectedLocked.xlsm,05c1346e3c422a9e48bf249cd2022b5ad12d2b987df71b383d247f2c83b0c74b,Main,F45,"=IF($B$104=0,IF($AB$52=0,SUM($C$14/SUM($C$14:$G$14)*'ASK14'!$E28,$D$14/SUM($C$14:$G$14)*BSSA14!$S28,$E$14/SUM($C$14:$G$14)*'CB14'!$Y28,$F$14/SUM($C$14:$G$14)*'CY14'!$U28,$G$14/SUM($C$14:$G$14)*'I14'!$L28),SUM($C$14/SUM($C$14:$G$14)*'ASK14'!$E28,$D$14/SUM($C$14:$G$14)*BSSA14!$S28,$E$14/SUM($C$14:$G$14)*'CB14'!$Y28,$F$14/SUM($C$14:$G$14)*'CY14'!$U28,$G$14/SUM($C$14:$G$14)*'I14'!$L28)),IF($B$104=1,IF($AB$52=0,EXP(SUM($C$14/SUM($C$14:$G$14)*LN('ASK14'!$E28),$D$14/SUM($C$14:$G$14)*LN(BSSA14!$S28),$E$14/SUM($C$14:$G$14)*LN('CB14'!$Y28),$F$14/SUM($C$14:$G$14)*LN('CY14'!$U28),$G$14/SUM($C$14:$G$14)*LN('I14'!$L28))),EXP(SUM($C$14/SUM($C$14:$G$14)*LN('ASK14'!$E28),$D$14/SUM($C$14:$G$14)*LN(BSSA14!$S28),$E$14/SUM($C$14:$G$14)*LN('CB14'!$Y28),$F$14/SUM($C$14:$G$14)*LN('CY14'!$U28),$G$14/SUM($C$14:$G$14)*LN('I14'!$L28))))))"
NGAW2_GMPE_Spreadsheets_v5.7_041415_ProtectedLocked.xlsm,05c1346e3c422a9e48bf249cd2022b5ad12d2b987df71b383d247f2c83b0c74b,Main,G45,"=IF($B$104=0,IF($AB$52=0,SUM($C$14/SUM($C$14:$G$14)*('ASK14'!$E28*EXP(Main!$C$16*'ASK14'!$F28)),$D$14/SUM($C$14:$G$14)*(BSSA14!$S28*EXP(Main!$C$16*BSSA14!$T28)),$E$14/SUM($C$14:$G$14)*('CB14'!$Y28*EXP(Main!$C$16*'CB14'!$Z28)),$F$14/SUM($C$14:$G$14)*('CY14'!$U28*EXP(Main!$C$16*'CY14'!$V28)),$G$14/SUM($C$14:$G$14)*('I14'!$L28*EXP(Main!$C$16*'I14'!$M28))),SUM($C$14/SUM($C$14:$G$14)*('ASK14'!$E28*EXP(Main!$C$16*'ASK14'!$F28)),$D$14/SUM($C$14:$G$14)*(BSSA14!$S28*EXP(Main!$C$16*BSSA14!$T28)),$E$14/SUM($C$14:$G$14)*('CB14'!$Y28*EXP(Main!$C$16*'CB14'!$Z28)),$F$14/SUM($C$14:$G$14)*('CY14'!$U28*EXP(Main!$C$16*'CY14'!$V28)),$G$14/SUM($C$14:$G$14)*('I14'!$L28*EXP(Main!$C$16*'I14'!$M28)))),IF($B$104=1,IF($AB$52=0,EXP(SUM($C$14/SUM($C$14:$G$14)*(LN('ASK14'!$E28)+($C$16*'ASK14'!$F28)),$D$14/SUM($C$14:$G$14)*(LN(BSSA14!$S28)+($C$16*BSSA14!$T28)),$E$14/SUM($C$14:$G$14)*(LN('CB14'!$Y28)+($C$16*'CB14'!$Z28)),$F$14/SUM($C$14:$G$14)*(LN('CY14'!$U28)+($C$16*'CY14'!$V28)),$G$14/SUM($C$14:$G$14)*(LN('I14'!$L28)+($C$16*'I14'!$M28)))),EXP(SUM($C$14/SUM($C$14:$G$14)*(LN('ASK14'!$E28)+($C$16*'ASK14'!$F28)),$D$14/SUM($C$14:$G$14)*(LN(BSSA14!$S28)+($C$16*BSSA14!$T28)),$E$14/SUM($C$14:$G$14)*(LN('CB14'!$Y28)+($C$16*'CB14'!$Z28)),$F$14/SUM($C$14:$G$14)*(LN('CY14'!$U28)+($C$16*'CY14'!$V28)),$G$14/SUM($C$14:$G$14)*(LN('I14'!$L28)+($C$16*'I14'!$M28)))))))"
NGAW2_GMPE_Spreadsheets_v5.7_041415_ProtectedLocked.xlsm,05c1346e3c422a9e48bf249cd2022b5ad12d2b987df71b383d247f2c83b0c74b,Main,H45,"=IF($B$104=0,IF($AB$52=0,SUM($C$14/SUM($C$14:$G$14)*('ASK14'!$E28*EXP(-Main!$C$16*'ASK14'!$F28)),$D$14/SUM($C$14:$G$14)*(BSSA14!$S28*EXP(-Main!$C$16*BSSA14!$T28)),$E$14/SUM($C$14:$G$14)*('CB14'!$Y28*EXP(-Main!$C$16*'CB14'!$Z28)),$F$14/SUM($C$14:$G$14)*('CY14'!$U28*EXP(-Main!$C$16*'CY14'!$V28)),$G$14/SUM($C$14:$G$14)*('I14'!$L28*EXP(-Main!$C$16*'I14'!$M28))),SUM($C$14/SUM($C$14:$G$14)*('ASK14'!$E28*EXP(-Main!$C$16*'ASK14'!$F28)),$D$14/SUM($C$14:$G$14)*(BSSA14!$S28*EXP(-Main!$C$16*BSSA14!$T28)),$E$14/SUM($C$14:$G$14)*('CB14'!$Y28*EXP(-Main!$C$16*'CB14'!$Z28)),$F$14/SUM($C$14:$G$14)*('CY14'!$U28*EXP(-Main!$C$16*'CY14'!$V28)),$G$14/SUM($C$14:$G$14)*('I14'!$L28*EXP(-Main!$C$16*'I14'!$M28)))),IF($B$104=1,IF($AB$52=0,EXP(SUM($C$14/SUM($C$14:$G$14)*(LN('ASK14'!$E28)-($C$16*'ASK14'!$F28)),$D$14/SUM($C$14:$G$14)*(LN(BSSA14!$S28)-($C$16*BSSA14!$T28)),$E$14/SUM($C$14:$G$14)*(LN('CB14'!$Y28)-($C$16*'CB14'!$Z28)),$F$14/SUM($C$14:$G$14)*(LN('CY14'!$U28)-($C$16*'CY14'!$V28)),$G$14/SUM($C$14:$G$14)*(LN('I14'!$L28)-($C$16*'I14'!$M28)))),EXP(SUM($C$14/SUM($C$14:$G$14)*(LN('ASK14'!$E28)-($C$16*'ASK14'!$F28)),$D$14/SUM($C$14:$G$14)*(LN(BSSA14!$S28)-($C$16*BSSA14!$T28)),$E$14/SUM($C$14:$G$14)*(LN('CB14'!$Y28)-($C$16*'CB14'!$Z28)),$F$14/SUM($C$14:$G$14)*(LN('CY14'!$U28)-($C$16*'CY14'!$V28)),$G$14/SUM($C$14:$G$14)*(LN('I14'!$L28)-($C$16*'I14'!$M28)))))))"
NGAW2_GMPE_Spreadsheets_v5.7_041415_ProtectedLocked.xlsm,05c1346e3c422a9e48bf249cd2022b5ad12d2b987df71b383d247f2c83b0c74b,Main,I45,=($F45*980)/(2*PI()/$E$23)^2
NGAW2_GMPE_Spreadsheets_v5.7_041415_ProtectedLocked.xlsm,05c1346e3c422a9e48bf249cd2022b5ad12d2b987df71b383d247f2c83b0c74b,Main,J45,=J23
NGAW2_GMPE_Spreadsheets_v5.7_041415_ProtectedLocked.xlsm,05c1346e3c422a9e48bf249cd2022b5ad12d2b987df71b383d247f2c83b0c74b,Main,K45,=K23
NGAW2_GMPE_Spreadsheets_v5.7_041415_ProtectedLocked.xlsm,05c1346e3c422a9e48bf249cd2022b5ad12d2b987df71b383d247f2c83b0c74b,Main,L45,=L23
NGAW2_GMPE_Spreadsheets_v5.7_041415_ProtectedLocked.xlsm,05c1346e3c422a9e48bf249cd2022b5ad12d2b987df71b383d247f2c83b0c74b,Main,M45,=M23
NGAW2_GMPE_Spreadsheets_v5.7_041415_ProtectedLocked.xlsm,05c1346e3c422a9e48bf249cd2022b5ad12d2b987df71b383d247f2c83b0c74b,Main,AB45,"=IF(AND($F$14<>0,$C$39=""Out of Range! Use 760 m/s""),1,0)"
NGAW2_GMPE_Spreadsheets_v5.7_041415_ProtectedLocked.xlsm,05c1346e3c422a9e48bf249cd2022b5ad12d2b987df71b383d247f2c83b0c74b,Main,F46,"=IF($B$104=0,IF($AB$52=0,SUM($C$14/SUM($C$14:$G$14)*'ASK14'!$E29,$D$14/SUM($C$14:$G$14)*BSSA14!$S29,$E$14/SUM($C$14:$G$14)*'CB14'!$Y29,$F$14/SUM($C$14:$G$14)*'CY14'!$U29),SUM($C$14/SUM($C$14:$G$14)*'ASK14'!$E29,$D$14/SUM($C$14:$G$14)*BSSA14!$S29,$E$14/SUM($C$14:$G$14)*'CB14'!$Y29,$F$14/SUM($C$14:$G$14)*'CY14'!$U29)),IF($B$104=1,IF($AB$52=0,EXP(SUM($C$14/SUM($C$14:$G$14)*LN('ASK14'!$E29),$D$14/SUM($C$14:$G$14)*LN(BSSA14!$S29),$E$14/SUM($C$14:$G$14)*LN('CB14'!$Y29),$F$14/SUM($C$14:$G$14)*LN('CY14'!$U29))),EXP(SUM($C$14/SUM($C$14:$G$14)*LN('ASK14'!$E29),$D$14/SUM($C$14:$G$14)*LN(BSSA14!$S29),$E$14/SUM($C$14:$G$14)*LN('CB14'!$Y29),$F$14/SUM($C$14:$G$14)*LN('CY14'!$U29))))))"
NGAW2_GMPE_Spreadsheets_v5.7_041415_ProtectedLocked.xlsm,05c1346e3c422a9e48bf249cd2022b5ad12d2b987df71b383d247f2c83b0c74b,Main,G46,"=IF($B$104=0,IF($AB$52=0,SUM($C$14/SUM($C$14:$G$14)*('ASK14'!$E29*EXP(Main!$C$16*'ASK14'!$F29)),$D$14/SUM($C$14:$G$14)*(BSSA14!$S29*EXP(Main!$C$16*BSSA14!$T29)),$E$14/SUM($C$14:$G$14)*('CB14'!$Y29*EXP(Main!$C$16*'CB14'!$Z29)),$F$14/SUM($C$14:$G$14)*('CY14'!$U29*EXP(Main!$C$16*'CY14'!$V29))),SUM($C$14/SUM($C$14:$G$14)*('ASK14'!$E29*EXP(Main!$C$16*'ASK14'!$F29)),$D$14/SUM($C$14:$G$14)*(BSSA14!$S29*EXP(Main!$C$16*BSSA14!$T29)),$E$14/SUM($C$14:$G$14)*('CB14'!$Y29*EXP(Main!$C$16*'CB14'!$Z29)),$F$14/SUM($C$14:$G$14)*('CY14'!$U29*EXP(Main!$C$16*'CY14'!$V29)))),IF($B$104=1,IF($AB$52=0,EXP(SUM($C$14/SUM($C$14:$G$14)*(LN('ASK14'!$E29)+($C$16*'ASK14'!$F29)),$D$14/SUM($C$14:$G$14)*(LN(BSSA14!$S29)+($C$16*BSSA14!$T29)),$E$14/SUM($C$14:$G$14)*(LN('CB14'!$Y29)+($C$16*'CB14'!$Z29)),$F$14/SUM($C$14:$G$14)*(LN('CY14'!$U29)+($C$16*'CY14'!$V29)))),EXP(SUM($C$14/SUM($C$14:$G$14)*(LN('ASK14'!$E29)+($C$16*'ASK14'!$F29)),$D$14/SUM($C$14:$G$14)*(LN(BSSA14!$S29)+($C$16*BSSA14!$T29)),$E$14/SUM($C$14:$G$14)*(LN('CB14'!$Y29)+($C$16*'CB14'!$Z29)),$F$14/SUM($C$14:$G$14)*(LN('CY14'!$U29)+($C$16*'CY14'!$V29)))))))"
NGAW2_GMPE_Spreadsheets_v5.7_041415_ProtectedLocked.xlsm,05c1346e3c422a9e48bf249cd2022b5ad12d2b987df71b383d247f2c83b0c74b,Main,H46,"=IF($B$104=0,IF($AB$52=0,SUM($C$14/SUM($C$14:$G$14)*('ASK14'!$E29*EXP(-Main!$C$16*'ASK14'!$F29)),$D$14/SUM($C$14:$G$14)*(BSSA14!$S29*EXP(-Main!$C$16*BSSA14!$T29)),$E$14/SUM($C$14:$G$14)*('CB14'!$Y29*EXP(-Main!$C$16*'CB14'!$Z29)),$F$14/SUM($C$14:$G$14)*('CY14'!$U29*EXP(-Main!$C$16*'CY14'!$V29))),SUM($C$14/SUM($C$14:$G$14)*('ASK14'!$E29*EXP(-Main!$C$16*'ASK14'!$F29)),$D$14/SUM($C$14:$G$14)*(BSSA14!$S29*EXP(-Main!$C$16*BSSA14!$T29)),$E$14/SUM($C$14:$G$14)*('CB14'!$Y29*EXP(-Main!$C$16*'CB14'!$Z29)),$F$14/SUM($C$14:$G$14)*('CY14'!$U29*EXP(-Main!$C$16*'CY14'!$V29)))),IF($B$104=1,IF($AB$52=0,EXP(SUM($C$14/SUM($C$14:$G$14)*(LN('ASK14'!$E29)-($C$16*'ASK14'!$F29)),$D$14/SUM($C$14:$G$14)*(LN(BSSA14!$S29)-($C$16*BSSA14!$T29)),$E$14/SUM($C$14:$G$14)*(LN('CB14'!$Y29)-($C$16*'CB14'!$Z29)),$F$14/SUM($C$14:$G$14)*(LN('CY14'!$U29)-($C$16*'CY14'!$V29)))),EXP(SUM($C$14/SUM($C$14:$G$14)*(LN('ASK14'!$E29)-($C$16*'ASK14'!$F29)),$D$14/SUM($C$14:$G$14)*(LN(BSSA14!$S29)-($C$16*BSSA14!$T29)),$E$14/SUM($C$14:$G$14)*(LN('CB14'!$Y29)-($C$16*'CB14'!$Z29)),$F$14/SUM($C$14:$G$14)*(LN('CY14'!$U29)-($C$16*'CY14'!$V29)))))))"
NGAW2_GMPE_Spreadsheets_v5.7_041415_ProtectedLocked.xlsm,05c1346e3c422a9e48bf249cd2022b5ad12d2b987df71b383d247f2c83b0c74b,Main,I46,=($F46*980)/(2*PI()/$E$23)^2
NGAW2_GMPE_Spreadsheets_v5.7_041415_ProtectedLocked.xlsm,05c1346e3c422a9e48bf249cd2022b5ad12d2b987df71b383d247f2c83b0c74b,Main,AB46,"=IF(AND($F$14<>0,$C$63=""Out of Range! Use 760 m/s""),1,0)"
NGAW2_GMPE_Spreadsheets_v5.7_041415_ProtectedLocked.xlsm,05c1346e3c422a9e48bf249cd2022b5ad12d2b987df71b383d247f2c83b0c74b,Main,AB47,"=IF(AND($F$14<>0,$C$57=""Out of Range! Use 760 m/s""),1,0)"
NGAW2_GMPE_Spreadsheets_v5.7_041415_ProtectedLocked.xlsm,05c1346e3c422a9e48bf249cd2022b5ad12d2b987df71b383d247f2c83b0c74b,Main,AB48,"=IF(AND($G$14<>0,$C$24=""! Not Applicable !""),1,0)"
NGAW2_GMPE_Spreadsheets_v5.7_041415_ProtectedLocked.xlsm,05c1346e3c422a9e48bf249cd2022b5ad12d2b987df71b383d247f2c83b0c74b,Main,AC48,=SUM(AB48:AB50)
NGAW2_GMPE_Spreadsheets_v5.7_041415_ProtectedLocked.xlsm,05c1346e3c422a9e48bf249cd2022b5ad12d2b987df71b383d247f2c83b0c74b,Main,AB49,"=IF(AND($G$14<>0,$C$27=""! Not Applicable !""),1,0)"
NGAW2_GMPE_Spreadsheets_v5.7_041415_ProtectedLocked.xlsm,05c1346e3c422a9e48bf249cd2022b5ad12d2b987df71b383d247f2c83b0c74b,Main,AB50,"=IF(AND($G$14<>0,$C$39=""Out of Range! Use 760 m/s""),1,0)"
NGAW2_GMPE_Spreadsheets_v5.7_041415_ProtectedLocked.xlsm,05c1346e3c422a9e48bf249cd2022b5ad12d2b987df71b383d247f2c83b0c74b,Main,AB52,=SUM(AB23:AB50)
NGAW2_GMPE_Spreadsheets_v5.7_041415_ProtectedLocked.xlsm,05c1346e3c422a9e48bf249cd2022b5ad12d2b987df71b383d247f2c83b0c74b,Main,C60,"=IF($C$14<>0,'ASK14'!$B$21,IF($D$14<>0,BSSA14!$B$15,IF($E$14<>0,'CB14'!$B$18,IF($F$14<>0,'CY14'!$B$18,IF($G$14<>0,'I14'!$B$12,"""")))))"
NGAW2_GMPE_Spreadsheets_v5.7_041415_ProtectedLocked.xlsm,05c1346e3c422a9e48bf249cd2022b5ad12d2b987df71b383d247f2c83b0c74b,Main,Y61,"=VLOOKUP(B72,Y57:Z58,2)"
NGAW2_GMPE_Spreadsheets_v5.7_041415_ProtectedLocked.xlsm,05c1346e3c422a9e48bf249cd2022b5ad12d2b987df71b383d247f2c83b0c74b,Main,Z61,=B72
NGAW2_GMPE_Spreadsheets_v5.7_041415_ProtectedLocked.xlsm,05c1346e3c422a9e48bf249cd2022b5ad12d2b987df71b383d247f2c83b0c74b,Main,C63,"=IF($C$14<>0,'ASK14'!$B$6,IF($D$14<>0,BSSA14!$B$6,IF($E$14<>0,'CB14'!$B$6,IF($F$14<>0,'CY14'!$B$6,IF($G$14<>0,'I14'!$B$6,"""")))))"
NGAW2_GMPE_Spreadsheets_v5.7_041415_ProtectedLocked.xlsm,05c1346e3c422a9e48bf249cd2022b5ad12d2b987df71b383d247f2c83b0c74b,Main,C66,"=IF($C$14<>0,'ASK14'!$B$6,IF($D$14<>0,BSSA14!$B$6,IF($E$14<>0,'CB14'!$B$6,IF($F$14<>0,'CY14'!$B$6,IF($G$14<>0,'I14'!$B$6,"""")))))"
NGAW2_GMPE_Spreadsheets_v5.7_041415_ProtectedLocked.xlsm,05c1346e3c422a9e48bf249cd2022b5ad12d2b987df71b383d247f2c83b0c74b,Main,Y67,"=VLOOKUP(B75,Y63:Z64,2)"
NGAW2_GMPE_Spreadsheets_v5.7_041415_ProtectedLocked.xlsm,05c1346e3c422a9e48bf249cd2022b5ad12d2b987df71b383d247f2c83b0c74b,Main,Z67,=B75
NGAW2_GMPE_Spreadsheets_v5.7_041415_ProtectedLocked.xlsm,05c1346e3c422a9e48bf249cd2022b5ad12d2b987df71b383d247f2c83b0c74b,Main,H75,=  Viscous damping ratio (%) See Sanaz et al. (2012) PEER Report
NGAW2_GMPE_Spreadsheets_v5.7_041415_ProtectedLocked.xlsm,05c1346e3c422a9e48bf249cd2022b5ad12d2b987df71b383d247f2c83b0c74b,Main,H76,=  Pseudo-absolute acceleration response spectrum (g)
NGAW2_GMPE_Spreadsheets_v5.7_041415_ProtectedLocked.xlsm,05c1346e3c422a9e48bf249cd2022b5ad12d2b987df71b383d247f2c83b0c74b,Main,H77,=  Peak ground acceleration (g)
NGAW2_GMPE_Spreadsheets_v5.7_041415_ProtectedLocked.xlsm,05c1346e3c422a9e48bf249cd2022b5ad12d2b987df71b383d247f2c83b0c74b,Main,C78,"=IF(B78=""TWA"",""Taiwan specific for ASK14"",""Choose region from the list"")"
NGAW2_GMPE_Spreadsheets_v5.7_041415_ProtectedLocked.xlsm,05c1346e3c422a9e48bf249cd2022b5ad12d2b987df71b383d247f2c83b0c74b,Main,H78,=  Peak ground velocity (cm/s)
NGAW2_GMPE_Spreadsheets_v5.7_041415_ProtectedLocked.xlsm,05c1346e3c422a9e48bf249cd2022b5ad12d2b987df71b383d247f2c83b0c74b,Main,H79,=  Relative displacement response spectrum (cm)
NGAW2_GMPE_Spreadsheets_v5.7_041415_ProtectedLocked.xlsm,05c1346e3c422a9e48bf249cd2022b5ad12d2b987df71b383d247f2c83b0c74b,Main,H80,=  Moment magnitude
NGAW2_GMPE_Spreadsheets_v5.7_041415_ProtectedLocked.xlsm,05c1346e3c422a9e48bf249cd2022b5ad12d2b987df71b383d247f2c83b0c74b,Main,Y80,"=VLOOKUP($B$78,$Y$69:$Z$77,2)"
NGAW2_GMPE_Spreadsheets_v5.7_041415_ProtectedLocked.xlsm,05c1346e3c422a9e48bf249cd2022b5ad12d2b987df71b383d247f2c83b0c74b,Main,Z80,=$B$78
NGAW2_GMPE_Spreadsheets_v5.7_041415_ProtectedLocked.xlsm,05c1346e3c422a9e48bf249cd2022b5ad12d2b987df71b383d247f2c83b0c74b,Main,H81,"=  Closest distance to coseismic rupture (km), used in ASK13, CB13 and CY13. See Figures a, b and c for illustation"
NGAW2_GMPE_Spreadsheets_v5.7_041415_ProtectedLocked.xlsm,05c1346e3c422a9e48bf249cd2022b5ad12d2b987df71b383d247f2c83b0c74b,Main,H82,"=  Closest distance to surface projection of coseismic rupture (km). See Figures a, b and c for illustation"
NGAW2_GMPE_Spreadsheets_v5.7_041415_ProtectedLocked.xlsm,05c1346e3c422a9e48bf249cd2022b5ad12d2b987df71b383d247f2c83b0c74b,Main,H83,"=  Horizontal distance from top of rupture measured perpendicular to fault strike (km). See Figures a, b and c for illustation"
NGAW2_GMPE_Spreadsheets_v5.7_041415_ProtectedLocked.xlsm,05c1346e3c422a9e48bf249cd2022b5ad12d2b987df71b383d247f2c83b0c74b,Main,H84,"=  The horizontal distance off the end of the rupture measured parallel to 
strike (km)"
NGAW2_GMPE_Spreadsheets_v5.7_041415_ProtectedLocked.xlsm,05c1346e3c422a9e48bf249cd2022b5ad12d2b987df71b383d247f2c83b0c74b,Main,H85,= The average shear-wave velocity (m/s) over a subsurface depth of 30 m
NGAW2_GMPE_Spreadsheets_v5.7_041415_ProtectedLocked.xlsm,05c1346e3c422a9e48bf249cd2022b5ad12d2b987df71b383d247f2c83b0c74b,Main,B86,"=IF(D$14<>0,BSSA14!$A$38,IF($E$14<>0,'CB14'!$A$56,""See Comment ->""))"
NGAW2_GMPE_Spreadsheets_v5.7_041415_ProtectedLocked.xlsm,05c1346e3c422a9e48bf249cd2022b5ad12d2b987df71b383d247f2c83b0c74b,Main,C86,"=IF(B86=""See Comment ->"",""Applied in the macro"","""")"
NGAW2_GMPE_Spreadsheets_v5.7_041415_ProtectedLocked.xlsm,05c1346e3c422a9e48bf249cd2022b5ad12d2b987df71b383d247f2c83b0c74b,Main,H86,=  Unspecified-mechanism factor:  1 for unspecified; 0 otherwise
NGAW2_GMPE_Spreadsheets_v5.7_041415_ProtectedLocked.xlsm,05c1346e3c422a9e48bf249cd2022b5ad12d2b987df71b383d247f2c83b0c74b,Main,Y86,=$C$11
NGAW2_GMPE_Spreadsheets_v5.7_041415_ProtectedLocked.xlsm,05c1346e3c422a9e48bf249cd2022b5ad12d2b987df71b383d247f2c83b0c74b,Main,Z86,"=VLOOKUP($C$11,Y82:Z83,2)"
NGAW2_GMPE_Spreadsheets_v5.7_041415_ProtectedLocked.xlsm,05c1346e3c422a9e48bf249cd2022b5ad12d2b987df71b383d247f2c83b0c74b,Main,H87,"=  Reverse-faulting factor:  0 for strike slip, normal, normal-oblique; 1 for reverse, reverse-oblique and thrust"
NGAW2_GMPE_Spreadsheets_v5.7_041415_ProtectedLocked.xlsm,05c1346e3c422a9e48bf249cd2022b5ad12d2b987df71b383d247f2c83b0c74b,Main,H88,"=  Normal-faulting factor:  0 for strike slip, reverse, reverse-oblique, thrust and normal-oblique; 1 for normal"
NGAW2_GMPE_Spreadsheets_v5.7_041415_ProtectedLocked.xlsm,05c1346e3c422a9e48bf249cd2022b5ad12d2b987df71b383d247f2c83b0c74b,Main,H89,=  Hanging-wall factor:  1 for site on down-dip side of top of rupture; 0 otherwise
NGAW2_GMPE_Spreadsheets_v5.7_041415_ProtectedLocked.xlsm,05c1346e3c422a9e48bf249cd2022b5ad12d2b987df71b383d247f2c83b0c74b,Main,H90,=  Average dip of rupture plane (degrees)
NGAW2_GMPE_Spreadsheets_v5.7_041415_ProtectedLocked.xlsm,05c1346e3c422a9e48bf249cd2022b5ad12d2b987df71b383d247f2c83b0c74b,Main,H91,=  Depth to top of coseismic rupture (km)
NGAW2_GMPE_Spreadsheets_v5.7_041415_ProtectedLocked.xlsm,05c1346e3c422a9e48bf249cd2022b5ad12d2b987df71b383d247f2c83b0c74b,Main,B92,"=IF(AND($B$42=0,$B$45=0,$B$48=0),1,0)"
NGAW2_GMPE_Spreadsheets_v5.7_041415_ProtectedLocked.xlsm,05c1346e3c422a9e48bf249cd2022b5ad12d2b987df71b383d247f2c83b0c74b,Main,H92,=  Hypocentral depth from the earthquake
NGAW2_GMPE_Spreadsheets_v5.7_041415_ProtectedLocked.xlsm,05c1346e3c422a9e48bf249cd2022b5ad12d2b987df71b383d247f2c83b0c74b,Main,H93,= Depth to Vs=1 km/sec
NGAW2_GMPE_Spreadsheets_v5.7_041415_ProtectedLocked.xlsm,05c1346e3c422a9e48bf249cd2022b5ad12d2b987df71b383d247f2c83b0c74b,Main,H94,= Depth to Vs=2.5 km/sec
NGAW2_GMPE_Spreadsheets_v5.7_041415_ProtectedLocked.xlsm,05c1346e3c422a9e48bf249cd2022b5ad12d2b987df71b383d247f2c83b0c74b,Main,B95,"=IF($B$72=""inferred"",0,1)"
NGAW2_GMPE_Spreadsheets_v5.7_041415_ProtectedLocked.xlsm,05c1346e3c422a9e48bf249cd2022b5ad12d2b987df71b383d247f2c83b0c74b,Main,C95,=$B$72
NGAW2_GMPE_Spreadsheets_v5.7_041415_ProtectedLocked.xlsm,05c1346e3c422a9e48bf249cd2022b5ad12d2b987df71b383d247f2c83b0c74b,Main,H95,=  Fault rupture width (km)
NGAW2_GMPE_Spreadsheets_v5.7_041415_ProtectedLocked.xlsm,05c1346e3c422a9e48bf249cd2022b5ad12d2b987df71b383d247f2c83b0c74b,Main,H96,"=  1 for measured, 0 for inferred Vs30"
NGAW2_GMPE_Spreadsheets_v5.7_041415_ProtectedLocked.xlsm,05c1346e3c422a9e48bf249cd2022b5ad12d2b987df71b383d247f2c83b0c74b,Main,H97,=   0 for mainshock; 1 for aftershock
NGAW2_GMPE_Spreadsheets_v5.7_041415_ProtectedLocked.xlsm,05c1346e3c422a9e48bf249cd2022b5ad12d2b987df71b383d247f2c83b0c74b,Main,B98,"=IF($B$75=""yes"",1,0)"
NGAW2_GMPE_Spreadsheets_v5.7_041415_ProtectedLocked.xlsm,05c1346e3c422a9e48bf249cd2022b5ad12d2b987df71b383d247f2c83b0c74b,Main,H98,"= Specific regions considered in the models, Click on Region to see codes"
NGAW2_GMPE_Spreadsheets_v5.7_041415_ProtectedLocked.xlsm,05c1346e3c422a9e48bf249cd2022b5ad12d2b987df71b383d247f2c83b0c74b,Main,H99,"=  Directivity term, direct point parameter; uses 0 for median predictions"
NGAW2_GMPE_Spreadsheets_v5.7_041415_ProtectedLocked.xlsm,05c1346e3c422a9e48bf249cd2022b5ad12d2b987df71b383d247f2c83b0c74b,Main,H100,"= Peak ground acceleration on rock (g), this specific cell is updated in the cell for BSSA14 and CB14, for others it is taken account for in the macros"
NGAW2_GMPE_Spreadsheets_v5.7_041415_ProtectedLocked.xlsm,05c1346e3c422a9e48bf249cd2022b5ad12d2b987df71b383d247f2c83b0c74b,Main,B101,"=IF(OR($B$78=""California"",$B$78=""Global"",$B$78=""New Zealand"",$B$78=""Taiwan""),0,IF($B$78=""Japan"",1,IF($B$78=""China"",3,IF($B$78=""TWA"",2,IF($B$78=""Italy"",4,IF($B$78=""Turkey"",5,NA))))))"
NGAW2_GMPE_Spreadsheets_v5.7_041415_ProtectedLocked.xlsm,05c1346e3c422a9e48bf249cd2022b5ad12d2b987df71b383d247f2c83b0c74b,Main,C101,=$B$78
NGAW2_GMPE_Spreadsheets_v5.7_041415_ProtectedLocked.xlsm,05c1346e3c422a9e48bf249cd2022b5ad12d2b987df71b383d247f2c83b0c74b,Main,H101,= The depth to the bottom of the seismogenic crust
NGAW2_GMPE_Spreadsheets_v5.7_041415_ProtectedLocked.xlsm,05c1346e3c422a9e48bf249cd2022b5ad12d2b987df71b383d247f2c83b0c74b,Main,H102,= The depth to the bottom of the rupture plane
NGAW2_GMPE_Spreadsheets_v5.7_041415_ProtectedLocked.xlsm,05c1346e3c422a9e48bf249cd2022b5ad12d2b987df71b383d247f2c83b0c74b,Main,Y102,"=VLOOKUP($C$17,Y89:Z99,2)"
NGAW2_GMPE_Spreadsheets_v5.7_041415_ProtectedLocked.xlsm,05c1346e3c422a9e48bf249cd2022b5ad12d2b987df71b383d247f2c83b0c74b,Main,Z102,=$C$17
NGAW2_GMPE_Spreadsheets_v5.7_041415_ProtectedLocked.xlsm,05c1346e3c422a9e48bf249cd2022b5ad12d2b987df71b383d247f2c83b0c74b,Main,H103,"=  1 for strike slip, automatically updated in the cell"
NGAW2_GMPE_Spreadsheets_v5.7_041415_ProtectedLocked.xlsm,05c1346e3c422a9e48bf249cd2022b5ad12d2b987df71b383d247f2c83b0c74b,Main,B104,"=IF($C$11=$Y$86,$Z$86,2)"
NGAW2_GMPE_Spreadsheets_v5.7_041415_ProtectedLocked.xlsm,05c1346e3c422a9e48bf249cd2022b5ad12d2b987df71b383d247f2c83b0c74b,Main,C104,=$D$11
NGAW2_GMPE_Spreadsheets_v5.7_041415_ProtectedLocked.xlsm,05c1346e3c422a9e48bf249cd2022b5ad12d2b987df71b383d247f2c83b0c74b,Main,C109,=$B$69
NGAW2_GMPE_Spreadsheets_v5.7_041415_ProtectedLocked.xlsm,05c1346e3c422a9e48bf249cd2022b5ad12d2b987df71b383d247f2c83b0c74b,Main,F109,"=MIN(SQRT(10^(($B$24-4.07)/0.98)), ($B$89-$F$115)/SIN($B$54*PI()/180))"
NGAW2_GMPE_Spreadsheets_v5.7_041415_ProtectedLocked.xlsm,05c1346e3c422a9e48bf249cd2022b5ad12d2b987df71b383d247f2c83b0c74b,Main,C110,=$B$63
NGAW2_GMPE_Spreadsheets_v5.7_041415_ProtectedLocked.xlsm,05c1346e3c422a9e48bf249cd2022b5ad12d2b987df71b383d247f2c83b0c74b,Main,D110,"=ASK14_Z1($B$39,$B$101,$B$63)"
NGAW2_GMPE_Spreadsheets_v5.7_041415_ProtectedLocked.xlsm,05c1346e3c422a9e48bf249cd2022b5ad12d2b987df71b383d247f2c83b0c74b,Main,G110,"=IF($B$101=1,EXP((-5.23/2)*LN(($B$39^2+412^2)/(1360^2+412^2)))/1000,EXP((-7.15/4)*LN(($B$39^4+571^4)/(1360^4+571^4)))/1000)"
NGAW2_GMPE_Spreadsheets_v5.7_041415_ProtectedLocked.xlsm,05c1346e3c422a9e48bf249cd2022b5ad12d2b987df71b383d247f2c83b0c74b,Main,C111,=BSSA14!$A$41
NGAW2_GMPE_Spreadsheets_v5.7_041415_ProtectedLocked.xlsm,05c1346e3c422a9e48bf249cd2022b5ad12d2b987df71b383d247f2c83b0c74b,Main,E111,"=IF($C$111=0,0,$C$111)"
NGAW2_GMPE_Spreadsheets_v5.7_041415_ProtectedLocked.xlsm,05c1346e3c422a9e48bf249cd2022b5ad12d2b987df71b383d247f2c83b0c74b,Main,C112,=$B$66
NGAW2_GMPE_Spreadsheets_v5.7_041415_ProtectedLocked.xlsm,05c1346e3c422a9e48bf249cd2022b5ad12d2b987df71b383d247f2c83b0c74b,Main,F112,"=IF($B$101=1,EXP(5.359-1.102*LN(1100)),EXP(7.089-1.144*LN(1100)))"
NGAW2_GMPE_Spreadsheets_v5.7_041415_ProtectedLocked.xlsm,05c1346e3c422a9e48bf249cd2022b5ad12d2b987df71b383d247f2c83b0c74b,Main,C113,=$B$66
NGAW2_GMPE_Spreadsheets_v5.7_041415_ProtectedLocked.xlsm,05c1346e3c422a9e48bf249cd2022b5ad12d2b987df71b383d247f2c83b0c74b,Main,F113,"=IF($B$101=1,EXP(5.359-1.102*LN($B$39)),EXP(7.089-1.144*LN($B$39)))"
NGAW2_GMPE_Spreadsheets_v5.7_041415_ProtectedLocked.xlsm,05c1346e3c422a9e48bf249cd2022b5ad12d2b987df71b383d247f2c83b0c74b,Main,C114,=$B$60
NGAW2_GMPE_Spreadsheets_v5.7_041415_ProtectedLocked.xlsm,05c1346e3c422a9e48bf249cd2022b5ad12d2b987df71b383d247f2c83b0c74b,Main,F114,"=IF($F$115 + EXP(MIN(IF($B$24<6.75,-4.317+0.984*$B$24,2.325)+IF($B$54<40,0.0445*($B$54-40),0),LN(0.9*('CB14'!$A$74-$F$115))))>20,""NA"",MAX($F$115 + EXP(MIN(IF($B$24<6.75,-4.317+0.984*$B$24,2.325)+IF($B$54<40,0.0445*($B$54-40),0),LN(0.9*('CB14'!$A$74-$F$115)))),5))"
NGAW2_GMPE_Spreadsheets_v5.7_041415_ProtectedLocked.xlsm,05c1346e3c422a9e48bf249cd2022b5ad12d2b987df71b383d247f2c83b0c74b,Main,C115,=$B$57
NGAW2_GMPE_Spreadsheets_v5.7_041415_ProtectedLocked.xlsm,05c1346e3c422a9e48bf249cd2022b5ad12d2b987df71b383d247f2c83b0c74b,Main,F115,"=IF($B$45*MAX(2.704-1.226*MAX($B$24-5.849,0),0)^2 + (1-$B$45)*MAX(2.673-1.136*MAX($B$24-4.97,0),0)^2>20,""NA"",$B$45*MAX(2.704-1.226*MAX($B$24-5.849,0),0)^2 + (1-$B$45)*MAX(2.673-1.136*MAX($B$24-4.97,0),0)^2)"
NGAW2_GMPE_Spreadsheets_v5.7_041415_ProtectedLocked.xlsm,05c1346e3c422a9e48bf249cd2022b5ad12d2b987df71b383d247f2c83b0c74b,Main,G115,"=IF($B$45=1,MAX(2.704-1.226*MAX($B$24-5.849,0),0)^2,MAX(2.673-1.136*MAX($B$24-4.97,0),0)^2)"
NGAW2_GMPE_Spreadsheets_v5.7_041415_ProtectedLocked.xlsm,05c1346e3c422a9e48bf249cd2022b5ad12d2b987df71b383d247f2c83b0c74b,Main,F116,=$F$115+$F$109*SIN($B$54*PI()/180)
NGAW2_GMPE_Spreadsheets_v5.7_041415_ProtectedLocked.xlsm,05c1346e3c422a9e48bf249cd2022b5ad12d2b987df71b383d247f2c83b0c74b,ASK14,A6,=Main!$B$24
NGAW2_GMPE_Spreadsheets_v5.7_041415_ProtectedLocked.xlsm,05c1346e3c422a9e48bf249cd2022b5ad12d2b987df71b383d247f2c83b0c74b,ASK14,B6,"=IF(OR($A$6<3,$A$6>8.5),""! Not Applicable !"","""")"
NGAW2_GMPE_Spreadsheets_v5.7_041415_ProtectedLocked.xlsm,05c1346e3c422a9e48bf249cd2022b5ad12d2b987df71b383d247f2c83b0c74b,ASK14,E6,"=ASK_14($A$6,$A$9,$A$12,$A$15,$A$24,$A$27,$A$30,$A$51,$A$36,$A$45,$A$33,$A$21,$A$48, $A$42,$A$18,$A$54,$D6)"
NGAW2_GMPE_Spreadsheets_v5.7_041415_ProtectedLocked.xlsm,05c1346e3c422a9e48bf249cd2022b5ad12d2b987df71b383d247f2c83b0c74b,ASK14,F6,"=ASK14_stdev($A$6,$A$9,$A$12,$A$15,$A$24,$A$27,$A$30,$A$51,$A$36,$A$45,$A$33,$A$21,$A$48,$A$42,$A$18,$A$54,D6)"
NGAW2_GMPE_Spreadsheets_v5.7_041415_ProtectedLocked.xlsm,05c1346e3c422a9e48bf249cd2022b5ad12d2b987df71b383d247f2c83b0c74b,ASK14,E7,"=ASK_14($A$6,$A$9,$A$12,$A$15,$A$24,$A$27,$A$30,$A$51,$A$36,$A$45,$A$33,$A$21,$A$48, $A$42,$A$18,$A$54,$D7)"
NGAW2_GMPE_Spreadsheets_v5.7_041415_ProtectedLocked.xlsm,05c1346e3c422a9e48bf249cd2022b5ad12d2b987df71b383d247f2c83b0c74b,ASK14,F7,"=ASK14_stdev($A$6,$A$9,$A$12,$A$15,$A$24,$A$27,$A$30,$A$51,$A$36,$A$45,$A$33,$A$21,$A$48,$A$42,$A$18,$A$54,D7)"
NGAW2_GMPE_Spreadsheets_v5.7_041415_ProtectedLocked.xlsm,05c1346e3c422a9e48bf249cd2022b5ad12d2b987df71b383d247f2c83b0c74b,ASK14,E8,"=ASK_14($A$6,$A$9,$A$12,$A$15,$A$24,$A$27,$A$30,$A$51,$A$36,$A$45,$A$33,$A$21,$A$48, $A$42,$A$18,$A$54,$D8)"
NGAW2_GMPE_Spreadsheets_v5.7_041415_ProtectedLocked.xlsm,05c1346e3c422a9e48bf249cd2022b5ad12d2b987df71b383d247f2c83b0c74b,ASK14,F8,"=ASK14_stdev($A$6,$A$9,$A$12,$A$15,$A$24,$A$27,$A$30,$A$51,$A$36,$A$45,$A$33,$A$21,$A$48,$A$42,$A$18,$A$54,D8)"
NGAW2_GMPE_Spreadsheets_v5.7_041415_ProtectedLocked.xlsm,05c1346e3c422a9e48bf249cd2022b5ad12d2b987df71b383d247f2c83b0c74b,ASK14,A9,=Main!$B$27
NGAW2_GMPE_Spreadsheets_v5.7_041415_ProtectedLocked.xlsm,05c1346e3c422a9e48bf249cd2022b5ad12d2b987df71b383d247f2c83b0c74b,ASK14,B9,"=IF(AND($A$9>=0, $A$9<=300),"""",""! Not Applicable !"")"
NGAW2_GMPE_Spreadsheets_v5.7_041415_ProtectedLocked.xlsm,05c1346e3c422a9e48bf249cd2022b5ad12d2b987df71b383d247f2c83b0c74b,ASK14,E9,"=ASK_14($A$6,$A$9,$A$12,$A$15,$A$24,$A$27,$A$30,$A$51,$A$36,$A$45,$A$33,$A$21,$A$48, $A$42,$A$18,$A$54,$D9)"
NGAW2_GMPE_Spreadsheets_v5.7_041415_ProtectedLocked.xlsm,05c1346e3c422a9e48bf249cd2022b5ad12d2b987df71b383d247f2c83b0c74b,ASK14,F9,"=ASK14_stdev($A$6,$A$9,$A$12,$A$15,$A$24,$A$27,$A$30,$A$51,$A$36,$A$45,$A$33,$A$21,$A$48,$A$42,$A$18,$A$54,D9)"
NGAW2_GMPE_Spreadsheets_v5.7_041415_ProtectedLocked.xlsm,05c1346e3c422a9e48bf249cd2022b5ad12d2b987df71b383d247f2c83b0c74b,ASK14,E10,"=ASK_14($A$6,$A$9,$A$12,$A$15,$A$24,$A$27,$A$30,$A$51,$A$36,$A$45,$A$33,$A$21,$A$48, $A$42,$A$18,$A$54,$D10)"
NGAW2_GMPE_Spreadsheets_v5.7_041415_ProtectedLocked.xlsm,05c1346e3c422a9e48bf249cd2022b5ad12d2b987df71b383d247f2c83b0c74b,ASK14,F10,"=ASK14_stdev($A$6,$A$9,$A$12,$A$15,$A$24,$A$27,$A$30,$A$51,$A$36,$A$45,$A$33,$A$21,$A$48,$A$42,$A$18,$A$54,D10)"
NGAW2_GMPE_Spreadsheets_v5.7_041415_ProtectedLocked.xlsm,05c1346e3c422a9e48bf249cd2022b5ad12d2b987df71b383d247f2c83b0c74b,ASK14,E11,"=ASK_14($A$6,$A$9,$A$12,$A$15,$A$24,$A$27,$A$30,$A$51,$A$36,$A$45,$A$33,$A$21,$A$48, $A$42,$A$18,$A$54,$D11)"
NGAW2_GMPE_Spreadsheets_v5.7_041415_ProtectedLocked.xlsm,05c1346e3c422a9e48bf249cd2022b5ad12d2b987df71b383d247f2c83b0c74b,ASK14,F11,"=ASK14_stdev($A$6,$A$9,$A$12,$A$15,$A$24,$A$27,$A$30,$A$51,$A$36,$A$45,$A$33,$A$21,$A$48,$A$42,$A$18,$A$54,D11)"
NGAW2_GMPE_Spreadsheets_v5.7_041415_ProtectedLocked.xlsm,05c1346e3c422a9e48bf249cd2022b5ad12d2b987df71b383d247f2c83b0c74b,ASK14,A12,=Main!$B$30
NGAW2_GMPE_Spreadsheets_v5.7_041415_ProtectedLocked.xlsm,05c1346e3c422a9e48bf249cd2022b5ad12d2b987df71b383d247f2c83b0c74b,ASK14,E12,"=ASK_14($A$6,$A$9,$A$12,$A$15,$A$24,$A$27,$A$30,$A$51,$A$36,$A$45,$A$33,$A$21,$A$48, $A$42,$A$18,$A$54,$D12)"
NGAW2_GMPE_Spreadsheets_v5.7_041415_ProtectedLocked.xlsm,05c1346e3c422a9e48bf249cd2022b5ad12d2b987df71b383d247f2c83b0c74b,ASK14,F12,"=ASK14_stdev($A$6,$A$9,$A$12,$A$15,$A$24,$A$27,$A$30,$A$51,$A$36,$A$45,$A$33,$A$21,$A$48,$A$42,$A$18,$A$54,D12)"
NGAW2_GMPE_Spreadsheets_v5.7_041415_ProtectedLocked.xlsm,05c1346e3c422a9e48bf249cd2022b5ad12d2b987df71b383d247f2c83b0c74b,ASK14,E13,"=ASK_14($A$6,$A$9,$A$12,$A$15,$A$24,$A$27,$A$30,$A$51,$A$36,$A$45,$A$33,$A$21,$A$48, $A$42,$A$18,$A$54,$D13)"
NGAW2_GMPE_Spreadsheets_v5.7_041415_ProtectedLocked.xlsm,05c1346e3c422a9e48bf249cd2022b5ad12d2b987df71b383d247f2c83b0c74b,ASK14,F13,"=ASK14_stdev($A$6,$A$9,$A$12,$A$15,$A$24,$A$27,$A$30,$A$51,$A$36,$A$45,$A$33,$A$21,$A$48,$A$42,$A$18,$A$54,D13)"
NGAW2_GMPE_Spreadsheets_v5.7_041415_ProtectedLocked.xlsm,05c1346e3c422a9e48bf249cd2022b5ad12d2b987df71b383d247f2c83b0c74b,ASK14,E14,"=ASK_14($A$6,$A$9,$A$12,$A$15,$A$24,$A$27,$A$30,$A$51,$A$36,$A$45,$A$33,$A$21,$A$48, $A$42,$A$18,$A$54,$D14)"
NGAW2_GMPE_Spreadsheets_v5.7_041415_ProtectedLocked.xlsm,05c1346e3c422a9e48bf249cd2022b5ad12d2b987df71b383d247f2c83b0c74b,ASK14,F14,"=ASK14_stdev($A$6,$A$9,$A$12,$A$15,$A$24,$A$27,$A$30,$A$51,$A$36,$A$45,$A$33,$A$21,$A$48,$A$42,$A$18,$A$54,D14)"
NGAW2_GMPE_Spreadsheets_v5.7_041415_ProtectedLocked.xlsm,05c1346e3c422a9e48bf249cd2022b5ad12d2b987df71b383d247f2c83b0c74b,ASK14,A15,=Main!$B$33
NGAW2_GMPE_Spreadsheets_v5.7_041415_ProtectedLocked.xlsm,05c1346e3c422a9e48bf249cd2022b5ad12d2b987df71b383d247f2c83b0c74b,ASK14,E15,"=ASK_14($A$6,$A$9,$A$12,$A$15,$A$24,$A$27,$A$30,$A$51,$A$36,$A$45,$A$33,$A$21,$A$48, $A$42,$A$18,$A$54,$D15)"
NGAW2_GMPE_Spreadsheets_v5.7_041415_ProtectedLocked.xlsm,05c1346e3c422a9e48bf249cd2022b5ad12d2b987df71b383d247f2c83b0c74b,ASK14,F15,"=ASK14_stdev($A$6,$A$9,$A$12,$A$15,$A$24,$A$27,$A$30,$A$51,$A$36,$A$45,$A$33,$A$21,$A$48,$A$42,$A$18,$A$54,D15)"
NGAW2_GMPE_Spreadsheets_v5.7_041415_ProtectedLocked.xlsm,05c1346e3c422a9e48bf249cd2022b5ad12d2b987df71b383d247f2c83b0c74b,ASK14,E16,"=ASK_14($A$6,$A$9,$A$12,$A$15,$A$24,$A$27,$A$30,$A$51,$A$36,$A$45,$A$33,$A$21,$A$48, $A$42,$A$18,$A$54,$D16)"
NGAW2_GMPE_Spreadsheets_v5.7_041415_ProtectedLocked.xlsm,05c1346e3c422a9e48bf249cd2022b5ad12d2b987df71b383d247f2c83b0c74b,ASK14,F16,"=ASK14_stdev($A$6,$A$9,$A$12,$A$15,$A$24,$A$27,$A$30,$A$51,$A$36,$A$45,$A$33,$A$21,$A$48,$A$42,$A$18,$A$54,D16)"
NGAW2_GMPE_Spreadsheets_v5.7_041415_ProtectedLocked.xlsm,05c1346e3c422a9e48bf249cd2022b5ad12d2b987df71b383d247f2c83b0c74b,ASK14,E17,"=ASK_14($A$6,$A$9,$A$12,$A$15,$A$24,$A$27,$A$30,$A$51,$A$36,$A$45,$A$33,$A$21,$A$48, $A$42,$A$18,$A$54,$D17)"
NGAW2_GMPE_Spreadsheets_v5.7_041415_ProtectedLocked.xlsm,05c1346e3c422a9e48bf249cd2022b5ad12d2b987df71b383d247f2c83b0c74b,ASK14,F17,"=ASK14_stdev($A$6,$A$9,$A$12,$A$15,$A$24,$A$27,$A$30,$A$51,$A$36,$A$45,$A$33,$A$21,$A$48,$A$42,$A$18,$A$54,D17)"
NGAW2_GMPE_Spreadsheets_v5.7_041415_ProtectedLocked.xlsm,05c1346e3c422a9e48bf249cd2022b5ad12d2b987df71b383d247f2c83b0c74b,ASK14,A18,=Main!$B$36
NGAW2_GMPE_Spreadsheets_v5.7_041415_ProtectedLocked.xlsm,05c1346e3c422a9e48bf249cd2022b5ad12d2b987df71b383d247f2c83b0c74b,ASK14,E18,"=ASK_14($A$6,$A$9,$A$12,$A$15,$A$24,$A$27,$A$30,$A$51,$A$36,$A$45,$A$33,$A$21,$A$48, $A$42,$A$18,$A$54,$D18)"
NGAW2_GMPE_Spreadsheets_v5.7_041415_ProtectedLocked.xlsm,05c1346e3c422a9e48bf249cd2022b5ad12d2b987df71b383d247f2c83b0c74b,ASK14,F18,"=ASK14_stdev($A$6,$A$9,$A$12,$A$15,$A$24,$A$27,$A$30,$A$51,$A$36,$A$45,$A$33,$A$21,$A$48,$A$42,$A$18,$A$54,D18)"
NGAW2_GMPE_Spreadsheets_v5.7_041415_ProtectedLocked.xlsm,05c1346e3c422a9e48bf249cd2022b5ad12d2b987df71b383d247f2c83b0c74b,ASK14,E19,"=ASK_14($A$6,$A$9,$A$12,$A$15,$A$24,$A$27,$A$30,$A$51,$A$36,$A$45,$A$33,$A$21,$A$48, $A$42,$A$18,$A$54,$D19)"
NGAW2_GMPE_Spreadsheets_v5.7_041415_ProtectedLocked.xlsm,05c1346e3c422a9e48bf249cd2022b5ad12d2b987df71b383d247f2c83b0c74b,ASK14,F19,"=ASK14_stdev($A$6,$A$9,$A$12,$A$15,$A$24,$A$27,$A$30,$A$51,$A$36,$A$45,$A$33,$A$21,$A$48,$A$42,$A$18,$A$54,D19)"
NGAW2_GMPE_Spreadsheets_v5.7_041415_ProtectedLocked.xlsm,05c1346e3c422a9e48bf249cd2022b5ad12d2b987df71b383d247f2c83b0c74b,ASK14,E20,"=ASK_14($A$6,$A$9,$A$12,$A$15,$A$24,$A$27,$A$30,$A$51,$A$36,$A$45,$A$33,$A$21,$A$48, $A$42,$A$18,$A$54,$D20)"
NGAW2_GMPE_Spreadsheets_v5.7_041415_ProtectedLocked.xlsm,05c1346e3c422a9e48bf249cd2022b5ad12d2b987df71b383d247f2c83b0c74b,ASK14,F20,"=ASK14_stdev($A$6,$A$9,$A$12,$A$15,$A$24,$A$27,$A$30,$A$51,$A$36,$A$45,$A$33,$A$21,$A$48,$A$42,$A$18,$A$54,D20)"
NGAW2_GMPE_Spreadsheets_v5.7_041415_ProtectedLocked.xlsm,05c1346e3c422a9e48bf249cd2022b5ad12d2b987df71b383d247f2c83b0c74b,ASK14,A21,=Main!$B$39
NGAW2_GMPE_Spreadsheets_v5.7_041415_ProtectedLocked.xlsm,05c1346e3c422a9e48bf249cd2022b5ad12d2b987df71b383d247f2c83b0c74b,ASK14,B21,"=IF($A$21<180,""! Not Applicable !"",IF($A$21>1000,""Out of Range! Use 760 m/s"",""""))"
NGAW2_GMPE_Spreadsheets_v5.7_041415_ProtectedLocked.xlsm,05c1346e3c422a9e48bf249cd2022b5ad12d2b987df71b383d247f2c83b0c74b,ASK14,E21,"=ASK_14($A$6,$A$9,$A$12,$A$15,$A$24,$A$27,$A$30,$A$51,$A$36,$A$45,$A$33,$A$21,$A$48, $A$42,$A$18,$A$54,$D21)"
NGAW2_GMPE_Spreadsheets_v5.7_041415_ProtectedLocked.xlsm,05c1346e3c422a9e48bf249cd2022b5ad12d2b987df71b383d247f2c83b0c74b,ASK14,F21,"=ASK14_stdev($A$6,$A$9,$A$12,$A$15,$A$24,$A$27,$A$30,$A$51,$A$36,$A$45,$A$33,$A$21,$A$48,$A$42,$A$18,$A$54,D21)"
NGAW2_GMPE_Spreadsheets_v5.7_041415_ProtectedLocked.xlsm,05c1346e3c422a9e48bf249cd2022b5ad12d2b987df71b383d247f2c83b0c74b,ASK14,E22,"=ASK_14($A$6,$A$9,$A$12,$A$15,$A$24,$A$27,$A$30,$A$51,$A$36,$A$45,$A$33,$A$21,$A$48, $A$42,$A$18,$A$54,$D22)"
NGAW2_GMPE_Spreadsheets_v5.7_041415_ProtectedLocked.xlsm,05c1346e3c422a9e48bf249cd2022b5ad12d2b987df71b383d247f2c83b0c74b,ASK14,F22,"=ASK14_stdev($A$6,$A$9,$A$12,$A$15,$A$24,$A$27,$A$30,$A$51,$A$36,$A$45,$A$33,$A$21,$A$48,$A$42,$A$18,$A$54,D22)"
NGAW2_GMPE_Spreadsheets_v5.7_041415_ProtectedLocked.xlsm,05c1346e3c422a9e48bf249cd2022b5ad12d2b987df71b383d247f2c83b0c74b,ASK14,E23,"=ASK_14($A$6,$A$9,$A$12,$A$15,$A$24,$A$27,$A$30,$A$51,$A$36,$A$45,$A$33,$A$21,$A$48, $A$42,$A$18,$A$54,$D23)"
NGAW2_GMPE_Spreadsheets_v5.7_041415_ProtectedLocked.xlsm,05c1346e3c422a9e48bf249cd2022b5ad12d2b987df71b383d247f2c83b0c74b,ASK14,F23,"=ASK14_stdev($A$6,$A$9,$A$12,$A$15,$A$24,$A$27,$A$30,$A$51,$A$36,$A$45,$A$33,$A$21,$A$48,$A$42,$A$18,$A$54,D23)"
NGAW2_GMPE_Spreadsheets_v5.7_041415_ProtectedLocked.xlsm,05c1346e3c422a9e48bf249cd2022b5ad12d2b987df71b383d247f2c83b0c74b,ASK14,A24,=Main!$B$45
NGAW2_GMPE_Spreadsheets_v5.7_041415_ProtectedLocked.xlsm,05c1346e3c422a9e48bf249cd2022b5ad12d2b987df71b383d247f2c83b0c74b,ASK14,E24,"=ASK_14($A$6,$A$9,$A$12,$A$15,$A$24,$A$27,$A$30,$A$51,$A$36,$A$45,$A$33,$A$21,$A$48, $A$42,$A$18,$A$54,$D24)"
NGAW2_GMPE_Spreadsheets_v5.7_041415_ProtectedLocked.xlsm,05c1346e3c422a9e48bf249cd2022b5ad12d2b987df71b383d247f2c83b0c74b,ASK14,F24,"=ASK14_stdev($A$6,$A$9,$A$12,$A$15,$A$24,$A$27,$A$30,$A$51,$A$36,$A$45,$A$33,$A$21,$A$48,$A$42,$A$18,$A$54,D24)"
NGAW2_GMPE_Spreadsheets_v5.7_041415_ProtectedLocked.xlsm,05c1346e3c422a9e48bf249cd2022b5ad12d2b987df71b383d247f2c83b0c74b,ASK14,E25,"=ASK_14($A$6,$A$9,$A$12,$A$15,$A$24,$A$27,$A$30,$A$51,$A$36,$A$45,$A$33,$A$21,$A$48, $A$42,$A$18,$A$54,$D25)"
NGAW2_GMPE_Spreadsheets_v5.7_041415_ProtectedLocked.xlsm,05c1346e3c422a9e48bf249cd2022b5ad12d2b987df71b383d247f2c83b0c74b,ASK14,F25,"=ASK14_stdev($A$6,$A$9,$A$12,$A$15,$A$24,$A$27,$A$30,$A$51,$A$36,$A$45,$A$33,$A$21,$A$48,$A$42,$A$18,$A$54,D25)"
NGAW2_GMPE_Spreadsheets_v5.7_041415_ProtectedLocked.xlsm,05c1346e3c422a9e48bf249cd2022b5ad12d2b987df71b383d247f2c83b0c74b,ASK14,E26,"=ASK_14($A$6,$A$9,$A$12,$A$15,$A$24,$A$27,$A$30,$A$51,$A$36,$A$45,$A$33,$A$21,$A$48, $A$42,$A$18,$A$54,$D26)"
NGAW2_GMPE_Spreadsheets_v5.7_041415_ProtectedLocked.xlsm,05c1346e3c422a9e48bf249cd2022b5ad12d2b987df71b383d247f2c83b0c74b,ASK14,F26,"=ASK14_stdev($A$6,$A$9,$A$12,$A$15,$A$24,$A$27,$A$30,$A$51,$A$36,$A$45,$A$33,$A$21,$A$48,$A$42,$A$18,$A$54,D26)"
NGAW2_GMPE_Spreadsheets_v5.7_041415_ProtectedLocked.xlsm,05c1346e3c422a9e48bf249cd2022b5ad12d2b987df71b383d247f2c83b0c74b,ASK14,A27,=Main!$B$48
NGAW2_GMPE_Spreadsheets_v5.7_041415_ProtectedLocked.xlsm,05c1346e3c422a9e48bf249cd2022b5ad12d2b987df71b383d247f2c83b0c74b,ASK14,E28,"=ASK_14($A$6,$A$9,$A$12,$A$15,$A$24,$A$27,$A$30,$A$51,$A$36,$A$45,$A$33,$A$21,$A$48,$A$42,$A$18,$A$54,D28)"
NGAW2_GMPE_Spreadsheets_v5.7_041415_ProtectedLocked.xlsm,05c1346e3c422a9e48bf249cd2022b5ad12d2b987df71b383d247f2c83b0c74b,ASK14,F28,"=ASK14_stdev($A$6,$A$9,$A$12,$A$15,$A$24,$A$27,$A$30,$A$51,$A$36,$A$45,$A$33,$A$21,$A$48,$A$42,$A$18,$A$54,D28)"
NGAW2_GMPE_Spreadsheets_v5.7_041415_ProtectedLocked.xlsm,05c1346e3c422a9e48bf249cd2022b5ad12d2b987df71b383d247f2c83b0c74b,ASK14,E29,"=ASK_14($A$6,$A$9,$A$12,$A$15,$A$24,$A$27,$A$30,$A$51,$A$36,$A$45,$A$33,$A$21,$A$48,$A$42,$A$18,$A$54,D29)"
NGAW2_GMPE_Spreadsheets_v5.7_041415_ProtectedLocked.xlsm,05c1346e3c422a9e48bf249cd2022b5ad12d2b987df71b383d247f2c83b0c74b,ASK14,F29,"=ASK14_stdev($A$6,$A$9,$A$12,$A$15,$A$24,$A$27,$A$30,$A$51,$A$36,$A$45,$A$33,$A$21,$A$48,$A$42,$A$18,$A$54,D29)"
NGAW2_GMPE_Spreadsheets_v5.7_041415_ProtectedLocked.xlsm,05c1346e3c422a9e48bf249cd2022b5ad12d2b987df71b383d247f2c83b0c74b,ASK14,A30,=Main!$B$51
NGAW2_GMPE_Spreadsheets_v5.7_041415_ProtectedLocked.xlsm,05c1346e3c422a9e48bf249cd2022b5ad12d2b987df71b383d247f2c83b0c74b,ASK14,A33,=Main!$B$54
NGAW2_GMPE_Spreadsheets_v5.7_041415_ProtectedLocked.xlsm,05c1346e3c422a9e48bf249cd2022b5ad12d2b987df71b383d247f2c83b0c74b,ASK14,B33,"=IF($A$21<180,""! Not Applicable !"", IF(AND($A$21>=180, $A$21<=1000),"""",""! Not Applicable !""))"
NGAW2_GMPE_Spreadsheets_v5.7_041415_ProtectedLocked.xlsm,05c1346e3c422a9e48bf249cd2022b5ad12d2b987df71b383d247f2c83b0c74b,ASK14,A36,=Main!$B$57
NGAW2_GMPE_Spreadsheets_v5.7_041415_ProtectedLocked.xlsm,05c1346e3c422a9e48bf249cd2022b5ad12d2b987df71b383d247f2c83b0c74b,ASK14,A39,=Main!$B$63
NGAW2_GMPE_Spreadsheets_v5.7_041415_ProtectedLocked.xlsm,05c1346e3c422a9e48bf249cd2022b5ad12d2b987df71b383d247f2c83b0c74b,ASK14,A42,"=ASK14_Z1($A$21,$A$54,$A$39)"
NGAW2_GMPE_Spreadsheets_v5.7_041415_ProtectedLocked.xlsm,05c1346e3c422a9e48bf249cd2022b5ad12d2b987df71b383d247f2c83b0c74b,ASK14,A45,=Main!$B$69
NGAW2_GMPE_Spreadsheets_v5.7_041415_ProtectedLocked.xlsm,05c1346e3c422a9e48bf249cd2022b5ad12d2b987df71b383d247f2c83b0c74b,ASK14,A48,=Main!$B$95
NGAW2_GMPE_Spreadsheets_v5.7_041415_ProtectedLocked.xlsm,05c1346e3c422a9e48bf249cd2022b5ad12d2b987df71b383d247f2c83b0c74b,ASK14,A51,=Main!$B$98
NGAW2_GMPE_Spreadsheets_v5.7_041415_ProtectedLocked.xlsm,05c1346e3c422a9e48bf249cd2022b5ad12d2b987df71b383d247f2c83b0c74b,ASK14,A54,=Main!$B$101
NGAW2_GMPE_Spreadsheets_v5.7_041415_ProtectedLocked.xlsm,05c1346e3c422a9e48bf249cd2022b5ad12d2b987df71b383d247f2c83b0c74b,ASK14,A59,"=ASK14_Z1($A$21,$A$54,$A$39)"
NGAW2_GMPE_Spreadsheets_v5.7_041415_ProtectedLocked.xlsm,05c1346e3c422a9e48bf249cd2022b5ad12d2b987df71b383d247f2c83b0c74b,BSSA14,A6,=Main!$B$24
NGAW2_GMPE_Spreadsheets_v5.7_041415_ProtectedLocked.xlsm,05c1346e3c422a9e48bf249cd2022b5ad12d2b987df71b383d247f2c83b0c74b,BSSA14,B6,"=IF(AND($A$21=1,$A$6<3),""! Not Applicable !"",IF(AND($A$21=1,$A$6>8.5),""! Not Applicable !"",IF(AND($A$33=1,$A$6<3),""! Not Applicable !"",IF(AND($A$33=1,$A$6>8.5),""! Not Applicable !"",IF(AND($A$24=1,$A$6<3),""! Not Applicable !"",IF(AND($A$24=1,$A$6>7),""! Not Applicable !"",""""))))))"
NGAW2_GMPE_Spreadsheets_v5.7_041415_ProtectedLocked.xlsm,05c1346e3c422a9e48bf249cd2022b5ad12d2b987df71b383d247f2c83b0c74b,BSSA14,E6,"=IF($A$6<=BSSA14_Coeffs!$I5,(BSSA14_Coeffs!$B5*$A$18+BSSA14_Coeffs!$C5*$A$33+BSSA14_Coeffs!$D5*$A$24+BSSA14_Coeffs!$E5*$A$21+BSSA14_Coeffs!$F5*($A$6-BSSA14_Coeffs!$I5)+BSSA14_Coeffs!$G5*($A$6-BSSA14_Coeffs!I5)^2),(BSSA14_Coeffs!$B5*$A$18+BSSA14_Coeffs!$C5*$A$33+BSSA14_Coeffs!$D5*$A$24+BSSA14_Coeffs!$E5*$A$21+BSSA14_Coeffs!$H5*($A$6-BSSA14_Coeffs!$I5)))"
NGAW2_GMPE_Spreadsheets_v5.7_041415_ProtectedLocked.xlsm,05c1346e3c422a9e48bf249cd2022b5ad12d2b987df71b383d247f2c83b0c74b,BSSA14,F6,"=IF($A$30=0,((BSSA14_Coeffs!$J5+BSSA14_Coeffs!$K5*($A$6-BSSA14_Coeffs!$M5))*LN(SQRT(BSSA14!$A$12^2+(BSSA14_Coeffs!$O5^2))/BSSA14_Coeffs!$N5)+(BSSA14_Coeffs!$L5+BSSA14_Coeffs!$P5)*(SQRT(BSSA14!$A$12^2+(BSSA14_Coeffs!$O5^2))-BSSA14_Coeffs!$N5)),IF($A$30=1,((BSSA14_Coeffs!$J5+BSSA14_Coeffs!$K5*($A$6-BSSA14_Coeffs!$M5))*LN(SQRT(BSSA14!$A$12^2+(BSSA14_Coeffs!$O5^2))/BSSA14_Coeffs!$N5)+(BSSA14_Coeffs!$L5+BSSA14_Coeffs!$Q5)*(SQRT(BSSA14!$A$12^2+(BSSA14_Coeffs!$O5^2))-BSSA14_Coeffs!$N5)),IF($A$30=3,((BSSA14_Coeffs!$J5+BSSA14_Coeffs!$K5*($A$6-BSSA14_Coeffs!$M5))*LN(SQRT(BSSA14!$A$12^2+(BSSA14_Coeffs!$O5^2))/BSSA14_Coeffs!$N5)+(BSSA14_Coeffs!$L5+BSSA14_Coeffs!$R5)*(SQRT(BSSA14!$A$12^2+(BSSA14_Coeffs!$O5^2))-BSSA14_Coeffs!$N5)), ((BSSA14_Coeffs!$J5+BSSA14_Coeffs!$K5*($A$6-BSSA14_Coeffs!$M5))*LN(SQRT(BSSA14!$A$12^2+(BSSA14_Coeffs!$O5^2))/BSSA14_Coeffs!$N5)+(BSSA14_Coeffs!$L5+BSSA14_Coeffs!$P5)*(SQRT(BSSA14!$A$12^2+(BSSA14_Coeffs!$O5^2))-BSSA14_Coeffs!$N5)))))"
NGAW2_GMPE_Spreadsheets_v5.7_041415_ProtectedLocked.xlsm,05c1346e3c422a9e48bf249cd2022b5ad12d2b987df71b383d247f2c83b0c74b,BSSA14,G6,"=IF($A$15<= BSSA14_Coeffs!$T5, BSSA14_Coeffs!$S5 * LN(BSSA14!$A$15/ 760),  BSSA14_Coeffs!$S5* LN(BSSA14_Coeffs!$T5/ 760))"
NGAW2_GMPE_Spreadsheets_v5.7_041415_ProtectedLocked.xlsm,05c1346e3c422a9e48bf249cd2022b5ad12d2b987df71b383d247f2c83b0c74b,BSSA14,H6,"=BSSA14_Coeffs!$V5 + (BSSA14_Coeffs!$X5 * ((EXP(BSSA14_Coeffs!$Y5* (MIN($A$15,760) - 360))) - EXP(BSSA14_Coeffs!$Y5* (760 - 360)))) * LN((BSSA14!$A$38 + BSSA14_Coeffs!$W5) / BSSA14_Coeffs!$W5)"
NGAW2_GMPE_Spreadsheets_v5.7_041415_ProtectedLocked.xlsm,05c1346e3c422a9e48bf249cd2022b5ad12d2b987df71b383d247f2c83b0c74b,BSSA14,I6,"=IF($A$27=999,0,$A$27-(IF($A$30 = 0, (EXP(-7.15 / 4 * LN(($A$15 ^ 4 + 570.94 ^ 4) / (1360 ^ 4 + 570.94 ^ 4))) / 1000), IF($A$30 = 2, (EXP(-5.23 / 2 * LN(($A$15 ^ 2 + 412.39 ^ 2) / (1360 ^ 2 + 412.39 ^ 2))) / 1000), (EXP(-7.15 / 4 * LN(($A$15 ^ 4 + 570.94 ^ 4) / (1360 ^ 4 + 570.94 ^ 4))) / 1000)))))"
NGAW2_GMPE_Spreadsheets_v5.7_041415_ProtectedLocked.xlsm,05c1346e3c422a9e48bf249cd2022b5ad12d2b987df71b383d247f2c83b0c74b,BSSA14,J6,"=IF($D6 < 0.65, 0, IF(AND($D6 >= 0.65,$I6 <= (BSSA14_Coeffs!$AA5/ BSSA14_Coeffs!$Z5)), BSSA14_Coeffs!$Z5* BSSA14!$I6, IF(AND($D6>= 0.65,$I6 > (BSSA14_Coeffs!$AA5 /BSSA14_Coeffs!$Z5)), BSSA14_Coeffs!$AA5)))"
NGAW2_GMPE_Spreadsheets_v5.7_041415_ProtectedLocked.xlsm,05c1346e3c422a9e48bf249cd2022b5ad12d2b987df71b383d247f2c83b0c74b,BSSA14,K6,"=SUM(G6:H6,J6)"
NGAW2_GMPE_Spreadsheets_v5.7_041415_ProtectedLocked.xlsm,05c1346e3c422a9e48bf249cd2022b5ad12d2b987df71b383d247f2c83b0c74b,BSSA14,L6,"=EXP(SUM($E6,$F6,$K6,I6))"
NGAW2_GMPE_Spreadsheets_v5.7_041415_ProtectedLocked.xlsm,05c1346e3c422a9e48bf249cd2022b5ad12d2b987df71b383d247f2c83b0c74b,BSSA14,M6,"=IF($A$6<=4.5,BSSA14_Coeffs!$AJ5,IF(AND($A$6>4.5,$A$6<5.5),BSSA14_Coeffs!$AJ5+(BSSA14_Coeffs!$AK5-BSSA14_Coeffs!$AJ5)*(BSSA14!$A$6-4.5),BSSA14_Coeffs!$AK5))"
NGAW2_GMPE_Spreadsheets_v5.7_041415_ProtectedLocked.xlsm,05c1346e3c422a9e48bf249cd2022b5ad12d2b987df71b383d247f2c83b0c74b,BSSA14,N6,"=IF($A$6<=4.5,BSSA14_Coeffs!$AH5,IF(AND($A$6>4.5,$A$6<5.5),BSSA14_Coeffs!$AH5+(BSSA14_Coeffs!$AI5-BSSA14_Coeffs!$AH5)*(BSSA14!$A$6-4.5),BSSA14_Coeffs!$AI5))"
NGAW2_GMPE_Spreadsheets_v5.7_041415_ProtectedLocked.xlsm,05c1346e3c422a9e48bf249cd2022b5ad12d2b987df71b383d247f2c83b0c74b,BSSA14,O6,"=IF($A$12<=BSSA14_Coeffs!$AB5,BSSA14!$N6,IF(AND($A$12>BSSA14_Coeffs!$AB5,$A$12<=BSSA14_Coeffs!$AC5),$N6+BSSA14_Coeffs!$AD5*(LN($A$12/BSSA14_Coeffs!$AB5)/(LN(BSSA14_Coeffs!$AC5/BSSA14_Coeffs!$AB5))),$N6+BSSA14_Coeffs!$AD5))"
NGAW2_GMPE_Spreadsheets_v5.7_041415_ProtectedLocked.xlsm,05c1346e3c422a9e48bf249cd2022b5ad12d2b987df71b383d247f2c83b0c74b,BSSA14,P6,"=IF($A$15>=BSSA14_Coeffs!$AG5,$O6,IF(AND($A$15>=BSSA14_Coeffs!$AF5,$A$15<=BSSA14_Coeffs!$AG5),$O6-BSSA14_Coeffs!$AE5*(LN(BSSA14_Coeffs!$AG5/$A$15)/LN(BSSA14_Coeffs!$AG5/BSSA14_Coeffs!$AF5)),$O6-BSSA14_Coeffs!$AE5))"
NGAW2_GMPE_Spreadsheets_v5.7_041415_ProtectedLocked.xlsm,05c1346e3c422a9e48bf249cd2022b5ad12d2b987df71b383d247f2c83b0c74b,BSSA14,Q6,=SQRT($M6^2+$N6^2)
NGAW2_GMPE_Spreadsheets_v5.7_041415_ProtectedLocked.xlsm,05c1346e3c422a9e48bf249cd2022b5ad12d2b987df71b383d247f2c83b0c74b,BSSA14,R6,=SQRT($M6^2+$P6^2)
NGAW2_GMPE_Spreadsheets_v5.7_041415_ProtectedLocked.xlsm,05c1346e3c422a9e48bf249cd2022b5ad12d2b987df71b383d247f2c83b0c74b,BSSA14,S6,"=BSSA_14($A$6,$A$12,$A$18,$A$21,$A$24,$A$15,$A$30,$A$27,$A$38,$D6)"
NGAW2_GMPE_Spreadsheets_v5.7_041415_ProtectedLocked.xlsm,05c1346e3c422a9e48bf249cd2022b5ad12d2b987df71b383d247f2c83b0c74b,BSSA14,T6,"=BSSA14_stdev($A$6,$A$12,$A$15,D6)"
NGAW2_GMPE_Spreadsheets_v5.7_041415_ProtectedLocked.xlsm,05c1346e3c422a9e48bf249cd2022b5ad12d2b987df71b383d247f2c83b0c74b,BSSA14,E7,"=IF($A$6<=BSSA14_Coeffs!$I6,(BSSA14_Coeffs!$B6*$A$18+BSSA14_Coeffs!$C6*$A$33+BSSA14_Coeffs!$D6*$A$24+BSSA14_Coeffs!$E6*$A$21+BSSA14_Coeffs!$F6*($A$6-BSSA14_Coeffs!$I6)+BSSA14_Coeffs!$G6*($A$6-BSSA14_Coeffs!I6)^2),(BSSA14_Coeffs!$B6*$A$18+BSSA14_Coeffs!$C6*$A$33+BSSA14_Coeffs!$D6*$A$24+BSSA14_Coeffs!$E6*$A$21+BSSA14_Coeffs!$H6*($A$6-BSSA14_Coeffs!$I6)))"
NGAW2_GMPE_Spreadsheets_v5.7_041415_ProtectedLocked.xlsm,05c1346e3c422a9e48bf249cd2022b5ad12d2b987df71b383d247f2c83b0c74b,BSSA14,F7,"=IF($A$30=0,((BSSA14_Coeffs!$J6+BSSA14_Coeffs!$K6*($A$6-BSSA14_Coeffs!$M6))*LN(SQRT(BSSA14!$A$12^2+(BSSA14_Coeffs!$O6^2))/BSSA14_Coeffs!$N6)+(BSSA14_Coeffs!$L6+BSSA14_Coeffs!$P6)*(SQRT(BSSA14!$A$12^2+(BSSA14_Coeffs!$O6^2))-BSSA14_Coeffs!$N6)),IF($A$30=1,((BSSA14_Coeffs!$J6+BSSA14_Coeffs!$K6*($A$6-BSSA14_Coeffs!$M6))*LN(SQRT(BSSA14!$A$12^2+(BSSA14_Coeffs!$O6^2))/BSSA14_Coeffs!$N6)+(BSSA14_Coeffs!$L6+BSSA14_Coeffs!$Q6)*(SQRT(BSSA14!$A$12^2+(BSSA14_Coeffs!$O6^2))-BSSA14_Coeffs!$N6)),IF($A$30=3,((BSSA14_Coeffs!$J6+BSSA14_Coeffs!$K6*($A$6-BSSA14_Coeffs!$M6))*LN(SQRT(BSSA14!$A$12^2+(BSSA14_Coeffs!$O6^2))/BSSA14_Coeffs!$N6)+(BSSA14_Coeffs!$L6+BSSA14_Coeffs!$R6)*(SQRT(BSSA14!$A$12^2+(BSSA14_Coeffs!$O6^2))-BSSA14_Coeffs!$N6)), ((BSSA14_Coeffs!$J6+BSSA14_Coeffs!$K6*($A$6-BSSA14_Coeffs!$M6))*LN(SQRT(BSSA14!$A$12^2+(BSSA14_Coeffs!$O6^2))/BSSA14_Coeffs!$N6)+(BSSA14_Coeffs!$L6+BSSA14_Coeffs!$P6)*(SQRT(BSSA14!$A$12^2+(BSSA14_Coeffs!$O6^2))-BSSA14_Coeffs!$N6)))))"
NGAW2_GMPE_Spreadsheets_v5.7_041415_ProtectedLocked.xlsm,05c1346e3c422a9e48bf249cd2022b5ad12d2b987df71b383d247f2c83b0c74b,BSSA14,G7,"=IF($A$15<= BSSA14_Coeffs!$T6, BSSA14_Coeffs!$S6 * LN(BSSA14!$A$15/ 760),  BSSA14_Coeffs!$S6* LN(BSSA14_Coeffs!$T6/ 760))"
NGAW2_GMPE_Spreadsheets_v5.7_041415_ProtectedLocked.xlsm,05c1346e3c422a9e48bf249cd2022b5ad12d2b987df71b383d247f2c83b0c74b,BSSA14,H7,"=BSSA14_Coeffs!$V6 + (BSSA14_Coeffs!$X6 * ((EXP(BSSA14_Coeffs!$Y6* (MIN($A$15,760) - 360))) - EXP(BSSA14_Coeffs!$Y6* (760 - 360)))) * LN((BSSA14!$A$38 + BSSA14_Coeffs!$W6) / BSSA14_Coeffs!$W6)"
NGAW2_GMPE_Spreadsheets_v5.7_041415_ProtectedLocked.xlsm,05c1346e3c422a9e48bf249cd2022b5ad12d2b987df71b383d247f2c83b0c74b,BSSA14,I7,"=IF($A$27=999,0,$A$27-(IF($A$30 = 0, (EXP(-7.15 / 4 * LN(($A$15 ^ 4 + 570.94 ^ 4) / (1360 ^ 4 + 570.94 ^ 4))) / 1000), IF($A$30 = 2, (EXP(-5.23 / 2 * LN(($A$15 ^ 2 + 412.39 ^ 2) / (1360 ^ 2 + 412.39 ^ 2))) / 1000), (EXP(-7.15 / 4 * LN(($A$15 ^ 4 + 570.94 ^ 4) / (1360 ^ 4 + 570.94 ^ 4))) / 1000)))))"
NGAW2_GMPE_Spreadsheets_v5.7_041415_ProtectedLocked.xlsm,05c1346e3c422a9e48bf249cd2022b5ad12d2b987df71b383d247f2c83b0c74b,BSSA14,J7,"=IF($D7 < 0.65, 0, IF(AND($D7 >= 0.65,$I7 <= (BSSA14_Coeffs!$AA6/ BSSA14_Coeffs!$Z6)), BSSA14_Coeffs!$Z6* BSSA14!$I7, IF(AND($D7>= 0.65,$I7 > (BSSA14_Coeffs!$AA6 /BSSA14_Coeffs!$Z6)), BSSA14_Coeffs!$AA6)))"
NGAW2_GMPE_Spreadsheets_v5.7_041415_ProtectedLocked.xlsm,05c1346e3c422a9e48bf249cd2022b5ad12d2b987df71b383d247f2c83b0c74b,BSSA14,K7,"=SUM(G7:H7,J7)"
NGAW2_GMPE_Spreadsheets_v5.7_041415_ProtectedLocked.xlsm,05c1346e3c422a9e48bf249cd2022b5ad12d2b987df71b383d247f2c83b0c74b,BSSA14,L7,"=EXP(SUM($E7,$F7,$K7,I7))"
NGAW2_GMPE_Spreadsheets_v5.7_041415_ProtectedLocked.xlsm,05c1346e3c422a9e48bf249cd2022b5ad12d2b987df71b383d247f2c83b0c74b,BSSA14,M7,"=IF($A$6<=4.5,BSSA14_Coeffs!$AJ6,IF(AND($A$6>4.5,$A$6<5.5),BSSA14_Coeffs!$AJ6+(BSSA14_Coeffs!$AK6-BSSA14_Coeffs!$AJ6)*(BSSA14!$A$6-4.5),BSSA14_Coeffs!$AK6))"
NGAW2_GMPE_Spreadsheets_v5.7_041415_ProtectedLocked.xlsm,05c1346e3c422a9e48bf249cd2022b5ad12d2b987df71b383d247f2c83b0c74b,BSSA14,N7,"=IF($A$6<=4.5,BSSA14_Coeffs!$AH6,IF(AND($A$6>4.5,$A$6<5.5),BSSA14_Coeffs!$AH6+(BSSA14_Coeffs!$AI6-BSSA14_Coeffs!$AH6)*(BSSA14!$A$6-4.5),BSSA14_Coeffs!$AI6))"
NGAW2_GMPE_Spreadsheets_v5.7_041415_ProtectedLocked.xlsm,05c1346e3c422a9e48bf249cd2022b5ad12d2b987df71b383d247f2c83b0c74b,BSSA14,O7,"=IF($A$12<=BSSA14_Coeffs!$AB6,BSSA14!$N7,IF(AND($A$12>BSSA14_Coeffs!$AB6,$A$12<=BSSA14_Coeffs!$AC6),$N7+BSSA14_Coeffs!$AD6*(LN($A$12/BSSA14_Coeffs!$AB6)/(LN(BSSA14_Coeffs!$AC6/BSSA14_Coeffs!$AB6))),$N7+BSSA14_Coeffs!$AD6))"
NGAW2_GMPE_Spreadsheets_v5.7_041415_ProtectedLocked.xlsm,05c1346e3c422a9e48bf249cd2022b5ad12d2b987df71b383d247f2c83b0c74b,BSSA14,P7,"=IF($A$15>=BSSA14_Coeffs!$AG6,$O7,IF(AND($A$15>=BSSA14_Coeffs!$AF6,$A$15<=BSSA14_Coeffs!$AG6),$O7-BSSA14_Coeffs!$AE6*(LN(BSSA14_Coeffs!$AG6/$A$15)/LN(BSSA14_Coeffs!$AG6/BSSA14_Coeffs!$AF6)),$O7-BSSA14_Coeffs!$AE6))"
NGAW2_GMPE_Spreadsheets_v5.7_041415_ProtectedLocked.xlsm,05c1346e3c422a9e48bf249cd2022b5ad12d2b987df71b383d247f2c83b0c74b,BSSA14,Q7,=SQRT($M7^2+$N7^2)
NGAW2_GMPE_Spreadsheets_v5.7_041415_ProtectedLocked.xlsm,05c1346e3c422a9e48bf249cd2022b5ad12d2b987df71b383d247f2c83b0c74b,BSSA14,R7,=SQRT($M7^2+$P7^2)
NGAW2_GMPE_Spreadsheets_v5.7_041415_ProtectedLocked.xlsm,05c1346e3c422a9e48bf249cd2022b5ad12d2b987df71b383d247f2c83b0c74b,BSSA14,S7,"=BSSA_14($A$6,$A$12,$A$18,$A$21,$A$24,$A$15,$A$30,$A$27,$A$38,$D7)"
NGAW2_GMPE_Spreadsheets_v5.7_041415_ProtectedLocked.xlsm,05c1346e3c422a9e48bf249cd2022b5ad12d2b987df71b383d247f2c83b0c74b,BSSA14,T7,"=BSSA14_stdev($A$6,$A$12,$A$15,D7)"
NGAW2_GMPE_Spreadsheets_v5.7_041415_ProtectedLocked.xlsm,05c1346e3c422a9e48bf249cd2022b5ad12d2b987df71b383d247f2c83b0c74b,BSSA14,E8,"=IF($A$6<=BSSA14_Coeffs!$I7,(BSSA14_Coeffs!$B7*$A$18+BSSA14_Coeffs!$C7*$A$33+BSSA14_Coeffs!$D7*$A$24+BSSA14_Coeffs!$E7*$A$21+BSSA14_Coeffs!$F7*($A$6-BSSA14_Coeffs!$I7)+BSSA14_Coeffs!$G7*($A$6-BSSA14_Coeffs!I7)^2),(BSSA14_Coeffs!$B7*$A$18+BSSA14_Coeffs!$C7*$A$33+BSSA14_Coeffs!$D7*$A$24+BSSA14_Coeffs!$E7*$A$21+BSSA14_Coeffs!$H7*($A$6-BSSA14_Coeffs!$I7)))"
NGAW2_GMPE_Spreadsheets_v5.7_041415_ProtectedLocked.xlsm,05c1346e3c422a9e48bf249cd2022b5ad12d2b987df71b383d247f2c83b0c74b,BSSA14,F8,"=IF($A$30=0,((BSSA14_Coeffs!$J7+BSSA14_Coeffs!$K7*($A$6-BSSA14_Coeffs!$M7))*LN(SQRT(BSSA14!$A$12^2+(BSSA14_Coeffs!$O7^2))/BSSA14_Coeffs!$N7)+(BSSA14_Coeffs!$L7+BSSA14_Coeffs!$P7)*(SQRT(BSSA14!$A$12^2+(BSSA14_Coeffs!$O7^2))-BSSA14_Coeffs!$N7)),IF($A$30=1,((BSSA14_Coeffs!$J7+BSSA14_Coeffs!$K7*($A$6-BSSA14_Coeffs!$M7))*LN(SQRT(BSSA14!$A$12^2+(BSSA14_Coeffs!$O7^2))/BSSA14_Coeffs!$N7)+(BSSA14_Coeffs!$L7+BSSA14_Coeffs!$Q7)*(SQRT(BSSA14!$A$12^2+(BSSA14_Coeffs!$O7^2))-BSSA14_Coeffs!$N7)),IF($A$30=3,((BSSA14_Coeffs!$J7+BSSA14_Coeffs!$K7*($A$6-BSSA14_Coeffs!$M7))*LN(SQRT(BSSA14!$A$12^2+(BSSA14_Coeffs!$O7^2))/BSSA14_Coeffs!$N7)+(BSSA14_Coeffs!$L7+BSSA14_Coeffs!$R7)*(SQRT(BSSA14!$A$12^2+(BSSA14_Coeffs!$O7^2))-BSSA14_Coeffs!$N7)), ((BSSA14_Coeffs!$J7+BSSA14_Coeffs!$K7*($A$6-BSSA14_Coeffs!$M7))*LN(SQRT(BSSA14!$A$12^2+(BSSA14_Coeffs!$O7^2))/BSSA14_Coeffs!$N7)+(BSSA14_Coeffs!$L7+BSSA14_Coeffs!$P7)*(SQRT(BSSA14!$A$12^2+(BSSA14_Coeffs!$O7^2))-BSSA14_Coeffs!$N7)))))"
NGAW2_GMPE_Spreadsheets_v5.7_041415_ProtectedLocked.xlsm,05c1346e3c422a9e48bf249cd2022b5ad12d2b987df71b383d247f2c83b0c74b,BSSA14,G8,"=IF($A$15<= BSSA14_Coeffs!$T7, BSSA14_Coeffs!$S7 * LN(BSSA14!$A$15/ 760),  BSSA14_Coeffs!$S7* LN(BSSA14_Coeffs!$T7/ 760))"
NGAW2_GMPE_Spreadsheets_v5.7_041415_ProtectedLocked.xlsm,05c1346e3c422a9e48bf249cd2022b5ad12d2b987df71b383d247f2c83b0c74b,BSSA14,H8,"=BSSA14_Coeffs!$V7 + (BSSA14_Coeffs!$X7 * ((EXP(BSSA14_Coeffs!$Y7* (MIN($A$15,760) - 360))) - EXP(BSSA14_Coeffs!$Y7* (760 - 360)))) * LN((BSSA14!$A$38 + BSSA14_Coeffs!$W7) / BSSA14_Coeffs!$W7)"
NGAW2_GMPE_Spreadsheets_v5.7_041415_ProtectedLocked.xlsm,05c1346e3c422a9e48bf249cd2022b5ad12d2b987df71b383d247f2c83b0c74b,BSSA14,I8,"=IF($A$27=999,0,$A$27-(IF($A$30 = 0, (EXP(-7.15 / 4 * LN(($A$15 ^ 4 + 570.94 ^ 4) / (1360 ^ 4 + 570.94 ^ 4))) / 1000), IF($A$30 = 2, (EXP(-5.23 / 2 * LN(($A$15 ^ 2 + 412.39 ^ 2) / (1360 ^ 2 + 412.39 ^ 2))) / 1000), (EXP(-7.15 / 4 * LN(($A$15 ^ 4 + 570.94 ^ 4) / (1360 ^ 4 + 570.94 ^ 4))) / 1000)))))"
NGAW2_GMPE_Spreadsheets_v5.7_041415_ProtectedLocked.xlsm,05c1346e3c422a9e48bf249cd2022b5ad12d2b987df71b383d247f2c83b0c74b,BSSA14,J8,"=IF($D8 < 0.65, 0, IF(AND($D8 >= 0.65,$I8 <= (BSSA14_Coeffs!$AA7/ BSSA14_Coeffs!$Z7)), BSSA14_Coeffs!$Z7* BSSA14!$I8, IF(AND($D8>= 0.65,$I8 > (BSSA14_Coeffs!$AA7 /BSSA14_Coeffs!$Z7)), BSSA14_Coeffs!$AA7)))"
NGAW2_GMPE_Spreadsheets_v5.7_041415_ProtectedLocked.xlsm,05c1346e3c422a9e48bf249cd2022b5ad12d2b987df71b383d247f2c83b0c74b,BSSA14,K8,"=SUM(G8:H8,J8)"
NGAW2_GMPE_Spreadsheets_v5.7_041415_ProtectedLocked.xlsm,05c1346e3c422a9e48bf249cd2022b5ad12d2b987df71b383d247f2c83b0c74b,BSSA14,L8,"=EXP(SUM($E8,$F8,$K8,I8))"
NGAW2_GMPE_Spreadsheets_v5.7_041415_ProtectedLocked.xlsm,05c1346e3c422a9e48bf249cd2022b5ad12d2b987df71b383d247f2c83b0c74b,BSSA14,M8,"=IF($A$6<=4.5,BSSA14_Coeffs!$AJ7,IF(AND($A$6>4.5,$A$6<5.5),BSSA14_Coeffs!$AJ7+(BSSA14_Coeffs!$AK7-BSSA14_Coeffs!$AJ7)*(BSSA14!$A$6-4.5),BSSA14_Coeffs!$AK7))"
NGAW2_GMPE_Spreadsheets_v5.7_041415_ProtectedLocked.xlsm,05c1346e3c422a9e48bf249cd2022b5ad12d2b987df71b383d247f2c83b0c74b,BSSA14,N8,"=IF($A$6<=4.5,BSSA14_Coeffs!$AH7,IF(AND($A$6>4.5,$A$6<5.5),BSSA14_Coeffs!$AH7+(BSSA14_Coeffs!$AI7-BSSA14_Coeffs!$AH7)*(BSSA14!$A$6-4.5),BSSA14_Coeffs!$AI7))"
NGAW2_GMPE_Spreadsheets_v5.7_041415_ProtectedLocked.xlsm,05c1346e3c422a9e48bf249cd2022b5ad12d2b987df71b383d247f2c83b0c74b,BSSA14,O8,"=IF($A$12<=BSSA14_Coeffs!$AB7,BSSA14!$N8,IF(AND($A$12>BSSA14_Coeffs!$AB7,$A$12<=BSSA14_Coeffs!$AC7),$N8+BSSA14_Coeffs!$AD7*(LN($A$12/BSSA14_Coeffs!$AB7)/(LN(BSSA14_Coeffs!$AC7/BSSA14_Coeffs!$AB7))),$N8+BSSA14_Coeffs!$AD7))"
NGAW2_GMPE_Spreadsheets_v5.7_041415_ProtectedLocked.xlsm,05c1346e3c422a9e48bf249cd2022b5ad12d2b987df71b383d247f2c83b0c74b,BSSA14,P8,"=IF($A$15>=BSSA14_Coeffs!$AG7,$O8,IF(AND($A$15>=BSSA14_Coeffs!$AF7,$A$15<=BSSA14_Coeffs!$AG7),$O8-BSSA14_Coeffs!$AE7*(LN(BSSA14_Coeffs!$AG7/$A$15)/LN(BSSA14_Coeffs!$AG7/BSSA14_Coeffs!$AF7)),$O8-BSSA14_Coeffs!$AE7))"
NGAW2_GMPE_Spreadsheets_v5.7_041415_ProtectedLocked.xlsm,05c1346e3c422a9e48bf249cd2022b5ad12d2b987df71b383d247f2c83b0c74b,BSSA14,Q8,=SQRT($M8^2+$N8^2)
NGAW2_GMPE_Spreadsheets_v5.7_041415_ProtectedLocked.xlsm,05c1346e3c422a9e48bf249cd2022b5ad12d2b987df71b383d247f2c83b0c74b,BSSA14,R8,=SQRT($M8^2+$P8^2)
NGAW2_GMPE_Spreadsheets_v5.7_041415_ProtectedLocked.xlsm,05c1346e3c422a9e48bf249cd2022b5ad12d2b987df71b383d247f2c83b0c74b,BSSA14,S8,"=BSSA_14($A$6,$A$12,$A$18,$A$21,$A$24,$A$15,$A$30,$A$27,$A$38,$D8)"
NGAW2_GMPE_Spreadsheets_v5.7_041415_ProtectedLocked.xlsm,05c1346e3c422a9e48bf249cd2022b5ad12d2b987df71b383d247f2c83b0c74b,BSSA14,T8,"=BSSA14_stdev($A$6,$A$12,$A$15,D8)"
NGAW2_GMPE_Spreadsheets_v5.7_041415_ProtectedLocked.xlsm,05c1346e3c422a9e48bf249cd2022b5ad12d2b987df71b383d247f2c83b0c74b,BSSA14,A9,=Main!$B$27
NGAW2_GMPE_Spreadsheets_v5.7_041415_ProtectedLocked.xlsm,05c1346e3c422a9e48bf249cd2022b5ad12d2b987df71b383d247f2c83b0c74b,BSSA14,E9,"=IF($A$6<=BSSA14_Coeffs!$I8,(BSSA14_Coeffs!$B8*$A$18+BSSA14_Coeffs!$C8*$A$33+BSSA14_Coeffs!$D8*$A$24+BSSA14_Coeffs!$E8*$A$21+BSSA14_Coeffs!$F8*($A$6-BSSA14_Coeffs!$I8)+BSSA14_Coeffs!$G8*($A$6-BSSA14_Coeffs!I8)^2),(BSSA14_Coeffs!$B8*$A$18+BSSA14_Coeffs!$C8*$A$33+BSSA14_Coeffs!$D8*$A$24+BSSA14_Coeffs!$E8*$A$21+BSSA14_Coeffs!$H8*($A$6-BSSA14_Coeffs!$I8)))"
NGAW2_GMPE_Spreadsheets_v5.7_041415_ProtectedLocked.xlsm,05c1346e3c422a9e48bf249cd2022b5ad12d2b987df71b383d247f2c83b0c74b,BSSA14,F9,"=IF($A$30=0,((BSSA14_Coeffs!$J8+BSSA14_Coeffs!$K8*($A$6-BSSA14_Coeffs!$M8))*LN(SQRT(BSSA14!$A$12^2+(BSSA14_Coeffs!$O8^2))/BSSA14_Coeffs!$N8)+(BSSA14_Coeffs!$L8+BSSA14_Coeffs!$P8)*(SQRT(BSSA14!$A$12^2+(BSSA14_Coeffs!$O8^2))-BSSA14_Coeffs!$N8)),IF($A$30=1,((BSSA14_Coeffs!$J8+BSSA14_Coeffs!$K8*($A$6-BSSA14_Coeffs!$M8))*LN(SQRT(BSSA14!$A$12^2+(BSSA14_Coeffs!$O8^2))/BSSA14_Coeffs!$N8)+(BSSA14_Coeffs!$L8+BSSA14_Coeffs!$Q8)*(SQRT(BSSA14!$A$12^2+(BSSA14_Coeffs!$O8^2))-BSSA14_Coeffs!$N8)),IF($A$30=3,((BSSA14_Coeffs!$J8+BSSA14_Coeffs!$K8*($A$6-BSSA14_Coeffs!$M8))*LN(SQRT(BSSA14!$A$12^2+(BSSA14_Coeffs!$O8^2))/BSSA14_Coeffs!$N8)+(BSSA14_Coeffs!$L8+BSSA14_Coeffs!$R8)*(SQRT(BSSA14!$A$12^2+(BSSA14_Coeffs!$O8^2))-BSSA14_Coeffs!$N8)), ((BSSA14_Coeffs!$J8+BSSA14_Coeffs!$K8*($A$6-BSSA14_Coeffs!$M8))*LN(SQRT(BSSA14!$A$12^2+(BSSA14_Coeffs!$O8^2))/BSSA14_Coeffs!$N8)+(BSSA14_Coeffs!$L8+BSSA14_Coeffs!$P8)*(SQRT(BSSA14!$A$12^2+(BSSA14_Coeffs!$O8^2))-BSSA14_Coeffs!$N8)))))"
NGAW2_GMPE_Spreadsheets_v5.7_041415_ProtectedLocked.xlsm,05c1346e3c422a9e48bf249cd2022b5ad12d2b987df71b383d247f2c83b0c74b,BSSA14,G9,"=IF($A$15<= BSSA14_Coeffs!$T8, BSSA14_Coeffs!$S8 * LN(BSSA14!$A$15/ 760),  BSSA14_Coeffs!$S8* LN(BSSA14_Coeffs!$T8/ 760))"
NGAW2_GMPE_Spreadsheets_v5.7_041415_ProtectedLocked.xlsm,05c1346e3c422a9e48bf249cd2022b5ad12d2b987df71b383d247f2c83b0c74b,BSSA14,H9,"=BSSA14_Coeffs!$V8 + (BSSA14_Coeffs!$X8 * ((EXP(BSSA14_Coeffs!$Y8* (MIN($A$15,760) - 360))) - EXP(BSSA14_Coeffs!$Y8* (760 - 360)))) * LN((BSSA14!$A$38 + BSSA14_Coeffs!$W8) / BSSA14_Coeffs!$W8)"
NGAW2_GMPE_Spreadsheets_v5.7_041415_ProtectedLocked.xlsm,05c1346e3c422a9e48bf249cd2022b5ad12d2b987df71b383d247f2c83b0c74b,BSSA14,I9,"=IF($A$27=999,0,$A$27-(IF($A$30 = 0, (EXP(-7.15 / 4 * LN(($A$15 ^ 4 + 570.94 ^ 4) / (1360 ^ 4 + 570.94 ^ 4))) / 1000), IF($A$30 = 2, (EXP(-5.23 / 2 * LN(($A$15 ^ 2 + 412.39 ^ 2) / (1360 ^ 2 + 412.39 ^ 2))) / 1000), (EXP(-7.15 / 4 * LN(($A$15 ^ 4 + 570.94 ^ 4) / (1360 ^ 4 + 570.94 ^ 4))) / 1000)))))"
NGAW2_GMPE_Spreadsheets_v5.7_041415_ProtectedLocked.xlsm,05c1346e3c422a9e48bf249cd2022b5ad12d2b987df71b383d247f2c83b0c74b,BSSA14,J9,"=IF($D9 < 0.65, 0, IF(AND($D9 >= 0.65,$I9 <= (BSSA14_Coeffs!$AA8/ BSSA14_Coeffs!$Z8)), BSSA14_Coeffs!$Z8* BSSA14!$I9, IF(AND($D9>= 0.65,$I9 > (BSSA14_Coeffs!$AA8 /BSSA14_Coeffs!$Z8)), BSSA14_Coeffs!$AA8)))"
NGAW2_GMPE_Spreadsheets_v5.7_041415_ProtectedLocked.xlsm,05c1346e3c422a9e48bf249cd2022b5ad12d2b987df71b383d247f2c83b0c74b,BSSA14,K9,"=SUM(G9:H9,J9)"
NGAW2_GMPE_Spreadsheets_v5.7_041415_ProtectedLocked.xlsm,05c1346e3c422a9e48bf249cd2022b5ad12d2b987df71b383d247f2c83b0c74b,BSSA14,L9,"=EXP(SUM($E9,$F9,$K9,I9))"
NGAW2_GMPE_Spreadsheets_v5.7_041415_ProtectedLocked.xlsm,05c1346e3c422a9e48bf249cd2022b5ad12d2b987df71b383d247f2c83b0c74b,BSSA14,M9,"=IF($A$6<=4.5,BSSA14_Coeffs!$AJ8,IF(AND($A$6>4.5,$A$6<5.5),BSSA14_Coeffs!$AJ8+(BSSA14_Coeffs!$AK8-BSSA14_Coeffs!$AJ8)*(BSSA14!$A$6-4.5),BSSA14_Coeffs!$AK8))"
NGAW2_GMPE_Spreadsheets_v5.7_041415_ProtectedLocked.xlsm,05c1346e3c422a9e48bf249cd2022b5ad12d2b987df71b383d247f2c83b0c74b,BSSA14,N9,"=IF($A$6<=4.5,BSSA14_Coeffs!$AH8,IF(AND($A$6>4.5,$A$6<5.5),BSSA14_Coeffs!$AH8+(BSSA14_Coeffs!$AI8-BSSA14_Coeffs!$AH8)*(BSSA14!$A$6-4.5),BSSA14_Coeffs!$AI8))"
NGAW2_GMPE_Spreadsheets_v5.7_041415_ProtectedLocked.xlsm,05c1346e3c422a9e48bf249cd2022b5ad12d2b987df71b383d247f2c83b0c74b,BSSA14,O9,"=IF($A$12<=BSSA14_Coeffs!$AB8,BSSA14!$N9,IF(AND($A$12>BSSA14_Coeffs!$AB8,$A$12<=BSSA14_Coeffs!$AC8),$N9+BSSA14_Coeffs!$AD8*(LN($A$12/BSSA14_Coeffs!$AB8)/(LN(BSSA14_Coeffs!$AC8/BSSA14_Coeffs!$AB8))),$N9+BSSA14_Coeffs!$AD8))"
NGAW2_GMPE_Spreadsheets_v5.7_041415_ProtectedLocked.xlsm,05c1346e3c422a9e48bf249cd2022b5ad12d2b987df71b383d247f2c83b0c74b,BSSA14,P9,"=IF($A$15>=BSSA14_Coeffs!$AG8,$O9,IF(AND($A$15>=BSSA14_Coeffs!$AF8,$A$15<=BSSA14_Coeffs!$AG8),$O9-BSSA14_Coeffs!$AE8*(LN(BSSA14_Coeffs!$AG8/$A$15)/LN(BSSA14_Coeffs!$AG8/BSSA14_Coeffs!$AF8)),$O9-BSSA14_Coeffs!$AE8))"
NGAW2_GMPE_Spreadsheets_v5.7_041415_ProtectedLocked.xlsm,05c1346e3c422a9e48bf249cd2022b5ad12d2b987df71b383d247f2c83b0c74b,BSSA14,Q9,=SQRT($M9^2+$N9^2)
NGAW2_GMPE_Spreadsheets_v5.7_041415_ProtectedLocked.xlsm,05c1346e3c422a9e48bf249cd2022b5ad12d2b987df71b383d247f2c83b0c74b,BSSA14,R9,=SQRT($M9^2+$P9^2)
NGAW2_GMPE_Spreadsheets_v5.7_041415_ProtectedLocked.xlsm,05c1346e3c422a9e48bf249cd2022b5ad12d2b987df71b383d247f2c83b0c74b,BSSA14,S9,"=BSSA_14($A$6,$A$12,$A$18,$A$21,$A$24,$A$15,$A$30,$A$27,$A$38,$D9)"
NGAW2_GMPE_Spreadsheets_v5.7_041415_ProtectedLocked.xlsm,05c1346e3c422a9e48bf249cd2022b5ad12d2b987df71b383d247f2c83b0c74b,BSSA14,T9,"=BSSA14_stdev($A$6,$A$12,$A$15,D9)"
NGAW2_GMPE_Spreadsheets_v5.7_041415_ProtectedLocked.xlsm,05c1346e3c422a9e48bf249cd2022b5ad12d2b987df71b383d247f2c83b0c74b,BSSA14,E10,"=IF($A$6<=BSSA14_Coeffs!$I9,(BSSA14_Coeffs!$B9*$A$18+BSSA14_Coeffs!$C9*$A$33+BSSA14_Coeffs!$D9*$A$24+BSSA14_Coeffs!$E9*$A$21+BSSA14_Coeffs!$F9*($A$6-BSSA14_Coeffs!$I9)+BSSA14_Coeffs!$G9*($A$6-BSSA14_Coeffs!I9)^2),(BSSA14_Coeffs!$B9*$A$18+BSSA14_Coeffs!$C9*$A$33+BSSA14_Coeffs!$D9*$A$24+BSSA14_Coeffs!$E9*$A$21+BSSA14_Coeffs!$H9*($A$6-BSSA14_Coeffs!$I9)))"
NGAW2_GMPE_Spreadsheets_v5.7_041415_ProtectedLocked.xlsm,05c1346e3c422a9e48bf249cd2022b5ad12d2b987df71b383d247f2c83b0c74b,BSSA14,F10,"=IF($A$30=0,((BSSA14_Coeffs!$J9+BSSA14_Coeffs!$K9*($A$6-BSSA14_Coeffs!$M9))*LN(SQRT(BSSA14!$A$12^2+(BSSA14_Coeffs!$O9^2))/BSSA14_Coeffs!$N9)+(BSSA14_Coeffs!$L9+BSSA14_Coeffs!$P9)*(SQRT(BSSA14!$A$12^2+(BSSA14_Coeffs!$O9^2))-BSSA14_Coeffs!$N9)),IF($A$30=1,((BSSA14_Coeffs!$J9+BSSA14_Coeffs!$K9*($A$6-BSSA14_Coeffs!$M9))*LN(SQRT(BSSA14!$A$12^2+(BSSA14_Coeffs!$O9^2))/BSSA14_Coeffs!$N9)+(BSSA14_Coeffs!$L9+BSSA14_Coeffs!$Q9)*(SQRT(BSSA14!$A$12^2+(BSSA14_Coeffs!$O9^2))-BSSA14_Coeffs!$N9)),IF($A$30=3,((BSSA14_Coeffs!$J9+BSSA14_Coeffs!$K9*($A$6-BSSA14_Coeffs!$M9))*LN(SQRT(BSSA14!$A$12^2+(BSSA14_Coeffs!$O9^2))/BSSA14_Coeffs!$N9)+(BSSA14_Coeffs!$L9+BSSA14_Coeffs!$R9)*(SQRT(BSSA14!$A$12^2+(BSSA14_Coeffs!$O9^2))-BSSA14_Coeffs!$N9)), ((BSSA14_Coeffs!$J9+BSSA14_Coeffs!$K9*($A$6-BSSA14_Coeffs!$M9))*LN(SQRT(BSSA14!$A$12^2+(BSSA14_Coeffs!$O9^2))/BSSA14_Coeffs!$N9)+(BSSA14_Coeffs!$L9+BSSA14_Coeffs!$P9)*(SQRT(BSSA14!$A$12^2+(BSSA14_Coeffs!$O9^2))-BSSA14_Coeffs!$N9)))))"
NGAW2_GMPE_Spreadsheets_v5.7_041415_ProtectedLocked.xlsm,05c1346e3c422a9e48bf249cd2022b5ad12d2b987df71b383d247f2c83b0c74b,BSSA14,G10,"=IF($A$15<= BSSA14_Coeffs!$T9, BSSA14_Coeffs!$S9 * LN(BSSA14!$A$15/ 760),  BSSA14_Coeffs!$S9* LN(BSSA14_Coeffs!$T9/ 760))"
NGAW2_GMPE_Spreadsheets_v5.7_041415_ProtectedLocked.xlsm,05c1346e3c422a9e48bf249cd2022b5ad12d2b987df71b383d247f2c83b0c74b,BSSA14,H10,"=BSSA14_Coeffs!$V9 + (BSSA14_Coeffs!$X9 * ((EXP(BSSA14_Coeffs!$Y9* (MIN($A$15,760) - 360))) - EXP(BSSA14_Coeffs!$Y9* (760 - 360)))) * LN((BSSA14!$A$38 + BSSA14_Coeffs!$W9) / BSSA14_Coeffs!$W9)"
NGAW2_GMPE_Spreadsheets_v5.7_041415_ProtectedLocked.xlsm,05c1346e3c422a9e48bf249cd2022b5ad12d2b987df71b383d247f2c83b0c74b,BSSA14,I10,"=IF($A$27=999,0,$A$27-(IF($A$30 = 0, (EXP(-7.15 / 4 * LN(($A$15 ^ 4 + 570.94 ^ 4) / (1360 ^ 4 + 570.94 ^ 4))) / 1000), IF($A$30 = 2, (EXP(-5.23 / 2 * LN(($A$15 ^ 2 + 412.39 ^ 2) / (1360 ^ 2 + 412.39 ^ 2))) / 1000), (EXP(-7.15 / 4 * LN(($A$15 ^ 4 + 570.94 ^ 4) / (1360 ^ 4 + 570.94 ^ 4))) / 1000)))))"
NGAW2_GMPE_Spreadsheets_v5.7_041415_ProtectedLocked.xlsm,05c1346e3c422a9e48bf249cd2022b5ad12d2b987df71b383d247f2c83b0c74b,BSSA14,J10,"=IF($D10 < 0.65, 0, IF(AND($D10 >= 0.65,$I10 <= (BSSA14_Coeffs!$AA9/ BSSA14_Coeffs!$Z9)), BSSA14_Coeffs!$Z9* BSSA14!$I10, IF(AND($D10>= 0.65,$I10 > (BSSA14_Coeffs!$AA9 /BSSA14_Coeffs!$Z9)), BSSA14_Coeffs!$AA9)))"
NGAW2_GMPE_Spreadsheets_v5.7_041415_ProtectedLocked.xlsm,05c1346e3c422a9e48bf249cd2022b5ad12d2b987df71b383d247f2c83b0c74b,BSSA14,K10,"=SUM(G10:H10,J10)"
NGAW2_GMPE_Spreadsheets_v5.7_041415_ProtectedLocked.xlsm,05c1346e3c422a9e48bf249cd2022b5ad12d2b987df71b383d247f2c83b0c74b,BSSA14,L10,"=EXP(SUM($E10,$F10,$K10,I10))"
NGAW2_GMPE_Spreadsheets_v5.7_041415_ProtectedLocked.xlsm,05c1346e3c422a9e48bf249cd2022b5ad12d2b987df71b383d247f2c83b0c74b,BSSA14,M10,"=IF($A$6<=4.5,BSSA14_Coeffs!$AJ9,IF(AND($A$6>4.5,$A$6<5.5),BSSA14_Coeffs!$AJ9+(BSSA14_Coeffs!$AK9-BSSA14_Coeffs!$AJ9)*(BSSA14!$A$6-4.5),BSSA14_Coeffs!$AK9))"
NGAW2_GMPE_Spreadsheets_v5.7_041415_ProtectedLocked.xlsm,05c1346e3c422a9e48bf249cd2022b5ad12d2b987df71b383d247f2c83b0c74b,BSSA14,N10,"=IF($A$6<=4.5,BSSA14_Coeffs!$AH9,IF(AND($A$6>4.5,$A$6<5.5),BSSA14_Coeffs!$AH9+(BSSA14_Coeffs!$AI9-BSSA14_Coeffs!$AH9)*(BSSA14!$A$6-4.5),BSSA14_Coeffs!$AI9))"
NGAW2_GMPE_Spreadsheets_v5.7_041415_ProtectedLocked.xlsm,05c1346e3c422a9e48bf249cd2022b5ad12d2b987df71b383d247f2c83b0c74b,BSSA14,O10,"=IF($A$12<=BSSA14_Coeffs!$AB9,BSSA14!$N10,IF(AND($A$12>BSSA14_Coeffs!$AB9,$A$12<=BSSA14_Coeffs!$AC9),$N10+BSSA14_Coeffs!$AD9*(LN($A$12/BSSA14_Coeffs!$AB9)/(LN(BSSA14_Coeffs!$AC9/BSSA14_Coeffs!$AB9))),$N10+BSSA14_Coeffs!$AD9))"
NGAW2_GMPE_Spreadsheets_v5.7_041415_ProtectedLocked.xlsm,05c1346e3c422a9e48bf249cd2022b5ad12d2b987df71b383d247f2c83b0c74b,BSSA14,P10,"=IF($A$15>=BSSA14_Coeffs!$AG9,$O10,IF(AND($A$15>=BSSA14_Coeffs!$AF9,$A$15<=BSSA14_Coeffs!$AG9),$O10-BSSA14_Coeffs!$AE9*(LN(BSSA14_Coeffs!$AG9/$A$15)/LN(BSSA14_Coeffs!$AG9/BSSA14_Coeffs!$AF9)),$O10-BSSA14_Coeffs!$AE9))"
NGAW2_GMPE_Spreadsheets_v5.7_041415_ProtectedLocked.xlsm,05c1346e3c422a9e48bf249cd2022b5ad12d2b987df71b383d247f2c83b0c74b,BSSA14,Q10,=SQRT($M10^2+$N10^2)
NGAW2_GMPE_Spreadsheets_v5.7_041415_ProtectedLocked.xlsm,05c1346e3c422a9e48bf249cd2022b5ad12d2b987df71b383d247f2c83b0c74b,BSSA14,R10,=SQRT($M10^2+$P10^2)
NGAW2_GMPE_Spreadsheets_v5.7_041415_ProtectedLocked.xlsm,05c1346e3c422a9e48bf249cd2022b5ad12d2b987df71b383d247f2c83b0c74b,BSSA14,S10,"=BSSA_14($A$6,$A$12,$A$18,$A$21,$A$24,$A$15,$A$30,$A$27,$A$38,$D10)"
NGAW2_GMPE_Spreadsheets_v5.7_041415_ProtectedLocked.xlsm,05c1346e3c422a9e48bf249cd2022b5ad12d2b987df71b383d247f2c83b0c74b,BSSA14,T10,"=BSSA14_stdev($A$6,$A$12,$A$15,D10)"
NGAW2_GMPE_Spreadsheets_v5.7_041415_ProtectedLocked.xlsm,05c1346e3c422a9e48bf249cd2022b5ad12d2b987df71b383d247f2c83b0c74b,BSSA14,E11,"=IF($A$6<=BSSA14_Coeffs!$I10,(BSSA14_Coeffs!$B10*$A$18+BSSA14_Coeffs!$C10*$A$33+BSSA14_Coeffs!$D10*$A$24+BSSA14_Coeffs!$E10*$A$21+BSSA14_Coeffs!$F10*($A$6-BSSA14_Coeffs!$I10)+BSSA14_Coeffs!$G10*($A$6-BSSA14_Coeffs!I10)^2),(BSSA14_Coeffs!$B10*$A$18+BSSA14_Coeffs!$C10*$A$33+BSSA14_Coeffs!$D10*$A$24+BSSA14_Coeffs!$E10*$A$21+BSSA14_Coeffs!$H10*($A$6-BSSA14_Coeffs!$I10)))"
NGAW2_GMPE_Spreadsheets_v5.7_041415_ProtectedLocked.xlsm,05c1346e3c422a9e48bf249cd2022b5ad12d2b987df71b383d247f2c83b0c74b,BSSA14,F11,"=IF($A$30=0,((BSSA14_Coeffs!$J10+BSSA14_Coeffs!$K10*($A$6-BSSA14_Coeffs!$M10))*LN(SQRT(BSSA14!$A$12^2+(BSSA14_Coeffs!$O10^2))/BSSA14_Coeffs!$N10)+(BSSA14_Coeffs!$L10+BSSA14_Coeffs!$P10)*(SQRT(BSSA14!$A$12^2+(BSSA14_Coeffs!$O10^2))-BSSA14_Coeffs!$N10)),IF($A$30=1,((BSSA14_Coeffs!$J10+BSSA14_Coeffs!$K10*($A$6-BSSA14_Coeffs!$M10))*LN(SQRT(BSSA14!$A$12^2+(BSSA14_Coeffs!$O10^2))/BSSA14_Coeffs!$N10)+(BSSA14_Coeffs!$L10+BSSA14_Coeffs!$Q10)*(SQRT(BSSA14!$A$12^2+(BSSA14_Coeffs!$O10^2))-BSSA14_Coeffs!$N10)),IF($A$30=3,((BSSA14_Coeffs!$J10+BSSA14_Coeffs!$K10*($A$6-BSSA14_Coeffs!$M10))*LN(SQRT(BSSA14!$A$12^2+(BSSA14_Coeffs!$O10^2))/BSSA14_Coeffs!$N10)+(BSSA14_Coeffs!$L10+BSSA14_Coeffs!$R10)*(SQRT(BSSA14!$A$12^2+(BSSA14_Coeffs!$O10^2))-BSSA14_Coeffs!$N10)), ((BSSA14_Coeffs!$J10+BSSA14_Coeffs!$K10*($A$6-BSSA14_Coeffs!$M10))*LN(SQRT(BSSA14!$A$12^2+(BSSA14_Coeffs!$O10^2))/BSSA14_Coeffs!$N10)+(BSSA14_Coeffs!$L10+BSSA14_Coeffs!$P10)*(SQRT(BSSA14!$A$12^2+(BSSA14_Coeffs!$O10^2))-BSSA14_Coeffs!$N10)))))"
NGAW2_GMPE_Spreadsheets_v5.7_041415_ProtectedLocked.xlsm,05c1346e3c422a9e48bf249cd2022b5ad12d2b987df71b383d247f2c83b0c74b,BSSA14,G11,"=IF($A$15<= BSSA14_Coeffs!$T10, BSSA14_Coeffs!$S10 * LN(BSSA14!$A$15/ 760),  BSSA14_Coeffs!$S10* LN(BSSA14_Coeffs!$T10/ 760))"
NGAW2_GMPE_Spreadsheets_v5.7_041415_ProtectedLocked.xlsm,05c1346e3c422a9e48bf249cd2022b5ad12d2b987df71b383d247f2c83b0c74b,BSSA14,H11,"=BSSA14_Coeffs!$V10 + (BSSA14_Coeffs!$X10 * ((EXP(BSSA14_Coeffs!$Y10* (MIN($A$15,760) - 360))) - EXP(BSSA14_Coeffs!$Y10* (760 - 360)))) * LN((BSSA14!$A$38 + BSSA14_Coeffs!$W10) / BSSA14_Coeffs!$W10)"
NGAW2_GMPE_Spreadsheets_v5.7_041415_ProtectedLocked.xlsm,05c1346e3c422a9e48bf249cd2022b5ad12d2b987df71b383d247f2c83b0c74b,BSSA14,I11,"=IF($A$27=999,0,$A$27-(IF($A$30 = 0, (EXP(-7.15 / 4 * LN(($A$15 ^ 4 + 570.94 ^ 4) / (1360 ^ 4 + 570.94 ^ 4))) / 1000), IF($A$30 = 2, (EXP(-5.23 / 2 * LN(($A$15 ^ 2 + 412.39 ^ 2) / (1360 ^ 2 + 412.39 ^ 2))) / 1000), (EXP(-7.15 / 4 * LN(($A$15 ^ 4 + 570.94 ^ 4) / (1360 ^ 4 + 570.94 ^ 4))) / 1000)))))"
NGAW2_GMPE_Spreadsheets_v5.7_041415_ProtectedLocked.xlsm,05c1346e3c422a9e48bf249cd2022b5ad12d2b987df71b383d247f2c83b0c74b,BSSA14,J11,"=IF($D11 < 0.65, 0, IF(AND($D11 >= 0.65,$I11 <= (BSSA14_Coeffs!$AA10/ BSSA14_Coeffs!$Z10)), BSSA14_Coeffs!$Z10* BSSA14!$I11, IF(AND($D11>= 0.65,$I11 > (BSSA14_Coeffs!$AA10 /BSSA14_Coeffs!$Z10)), BSSA14_Coeffs!$AA10)))"
NGAW2_GMPE_Spreadsheets_v5.7_041415_ProtectedLocked.xlsm,05c1346e3c422a9e48bf249cd2022b5ad12d2b987df71b383d247f2c83b0c74b,BSSA14,K11,"=SUM(G11:H11,J11)"
NGAW2_GMPE_Spreadsheets_v5.7_041415_ProtectedLocked.xlsm,05c1346e3c422a9e48bf249cd2022b5ad12d2b987df71b383d247f2c83b0c74b,BSSA14,L11,"=EXP(SUM($E11,$F11,$K11,I11))"
NGAW2_GMPE_Spreadsheets_v5.7_041415_ProtectedLocked.xlsm,05c1346e3c422a9e48bf249cd2022b5ad12d2b987df71b383d247f2c83b0c74b,BSSA14,M11,"=IF($A$6<=4.5,BSSA14_Coeffs!$AJ10,IF(AND($A$6>4.5,$A$6<5.5),BSSA14_Coeffs!$AJ10+(BSSA14_Coeffs!$AK10-BSSA14_Coeffs!$AJ10)*(BSSA14!$A$6-4.5),BSSA14_Coeffs!$AK10))"
NGAW2_GMPE_Spreadsheets_v5.7_041415_ProtectedLocked.xlsm,05c1346e3c422a9e48bf249cd2022b5ad12d2b987df71b383d247f2c83b0c74b,BSSA14,N11,"=IF($A$6<=4.5,BSSA14_Coeffs!$AH10,IF(AND($A$6>4.5,$A$6<5.5),BSSA14_Coeffs!$AH10+(BSSA14_Coeffs!$AI10-BSSA14_Coeffs!$AH10)*(BSSA14!$A$6-4.5),BSSA14_Coeffs!$AI10))"
NGAW2_GMPE_Spreadsheets_v5.7_041415_ProtectedLocked.xlsm,05c1346e3c422a9e48bf249cd2022b5ad12d2b987df71b383d247f2c83b0c74b,BSSA14,O11,"=IF($A$12<=BSSA14_Coeffs!$AB10,BSSA14!$N11,IF(AND($A$12>BSSA14_Coeffs!$AB10,$A$12<=BSSA14_Coeffs!$AC10),$N11+BSSA14_Coeffs!$AD10*(LN($A$12/BSSA14_Coeffs!$AB10)/(LN(BSSA14_Coeffs!$AC10/BSSA14_Coeffs!$AB10))),$N11+BSSA14_Coeffs!$AD10))"
NGAW2_GMPE_Spreadsheets_v5.7_041415_ProtectedLocked.xlsm,05c1346e3c422a9e48bf249cd2022b5ad12d2b987df71b383d247f2c83b0c74b,BSSA14,P11,"=IF($A$15>=BSSA14_Coeffs!$AG10,$O11,IF(AND($A$15>=BSSA14_Coeffs!$AF10,$A$15<=BSSA14_Coeffs!$AG10),$O11-BSSA14_Coeffs!$AE10*(LN(BSSA14_Coeffs!$AG10/$A$15)/LN(BSSA14_Coeffs!$AG10/BSSA14_Coeffs!$AF10)),$O11-BSSA14_Coeffs!$AE10))"
NGAW2_GMPE_Spreadsheets_v5.7_041415_ProtectedLocked.xlsm,05c1346e3c422a9e48bf249cd2022b5ad12d2b987df71b383d247f2c83b0c74b,BSSA14,Q11,=SQRT($M11^2+$N11^2)
NGAW2_GMPE_Spreadsheets_v5.7_041415_ProtectedLocked.xlsm,05c1346e3c422a9e48bf249cd2022b5ad12d2b987df71b383d247f2c83b0c74b,BSSA14,R11,=SQRT($M11^2+$P11^2)
NGAW2_GMPE_Spreadsheets_v5.7_041415_ProtectedLocked.xlsm,05c1346e3c422a9e48bf249cd2022b5ad12d2b987df71b383d247f2c83b0c74b,BSSA14,S11,"=BSSA_14($A$6,$A$12,$A$18,$A$21,$A$24,$A$15,$A$30,$A$27,$A$38,$D11)"
NGAW2_GMPE_Spreadsheets_v5.7_041415_ProtectedLocked.xlsm,05c1346e3c422a9e48bf249cd2022b5ad12d2b987df71b383d247f2c83b0c74b,BSSA14,T11,"=BSSA14_stdev($A$6,$A$12,$A$15,D11)"
NGAW2_GMPE_Spreadsheets_v5.7_041415_ProtectedLocked.xlsm,05c1346e3c422a9e48bf249cd2022b5ad12d2b987df71b383d247f2c83b0c74b,BSSA14,A12,=Main!$B$30
NGAW2_GMPE_Spreadsheets_v5.7_041415_ProtectedLocked.xlsm,05c1346e3c422a9e48bf249cd2022b5ad12d2b987df71b383d247f2c83b0c74b,BSSA14,B12,"=IF(AND($A$12>=0, $A$12<=400),"""",""! Not Applicable !"")"
NGAW2_GMPE_Spreadsheets_v5.7_041415_ProtectedLocked.xlsm,05c1346e3c422a9e48bf249cd2022b5ad12d2b987df71b383d247f2c83b0c74b,BSSA14,E12,"=IF($A$6<=BSSA14_Coeffs!$I11,(BSSA14_Coeffs!$B11*$A$18+BSSA14_Coeffs!$C11*$A$33+BSSA14_Coeffs!$D11*$A$24+BSSA14_Coeffs!$E11*$A$21+BSSA14_Coeffs!$F11*($A$6-BSSA14_Coeffs!$I11)+BSSA14_Coeffs!$G11*($A$6-BSSA14_Coeffs!I11)^2),(BSSA14_Coeffs!$B11*$A$18+BSSA14_Coeffs!$C11*$A$33+BSSA14_Coeffs!$D11*$A$24+BSSA14_Coeffs!$E11*$A$21+BSSA14_Coeffs!$H11*($A$6-BSSA14_Coeffs!$I11)))"
NGAW2_GMPE_Spreadsheets_v5.7_041415_ProtectedLocked.xlsm,05c1346e3c422a9e48bf249cd2022b5ad12d2b987df71b383d247f2c83b0c74b,BSSA14,F12,"=IF($A$30=0,((BSSA14_Coeffs!$J11+BSSA14_Coeffs!$K11*($A$6-BSSA14_Coeffs!$M11))*LN(SQRT(BSSA14!$A$12^2+(BSSA14_Coeffs!$O11^2))/BSSA14_Coeffs!$N11)+(BSSA14_Coeffs!$L11+BSSA14_Coeffs!$P11)*(SQRT(BSSA14!$A$12^2+(BSSA14_Coeffs!$O11^2))-BSSA14_Coeffs!$N11)),IF($A$30=1,((BSSA14_Coeffs!$J11+BSSA14_Coeffs!$K11*($A$6-BSSA14_Coeffs!$M11))*LN(SQRT(BSSA14!$A$12^2+(BSSA14_Coeffs!$O11^2))/BSSA14_Coeffs!$N11)+(BSSA14_Coeffs!$L11+BSSA14_Coeffs!$Q11)*(SQRT(BSSA14!$A$12^2+(BSSA14_Coeffs!$O11^2))-BSSA14_Coeffs!$N11)),IF($A$30=3,((BSSA14_Coeffs!$J11+BSSA14_Coeffs!$K11*($A$6-BSSA14_Coeffs!$M11))*LN(SQRT(BSSA14!$A$12^2+(BSSA14_Coeffs!$O11^2))/BSSA14_Coeffs!$N11)+(BSSA14_Coeffs!$L11+BSSA14_Coeffs!$R11)*(SQRT(BSSA14!$A$12^2+(BSSA14_Coeffs!$O11^2))-BSSA14_Coeffs!$N11)), ((BSSA14_Coeffs!$J11+BSSA14_Coeffs!$K11*($A$6-BSSA14_Coeffs!$M11))*LN(SQRT(BSSA14!$A$12^2+(BSSA14_Coeffs!$O11^2))/BSSA14_Coeffs!$N11)+(BSSA14_Coeffs!$L11+BSSA14_Coeffs!$P11)*(SQRT(BSSA14!$A$12^2+(BSSA14_Coeffs!$O11^2))-BSSA14_Coeffs!$N11)))))"
NGAW2_GMPE_Spreadsheets_v5.7_041415_ProtectedLocked.xlsm,05c1346e3c422a9e48bf249cd2022b5ad12d2b987df71b383d247f2c83b0c74b,BSSA14,G12,"=IF($A$15<= BSSA14_Coeffs!$T11, BSSA14_Coeffs!$S11 * LN(BSSA14!$A$15/ 760),  BSSA14_Coeffs!$S11* LN(BSSA14_Coeffs!$T11/ 760))"
NGAW2_GMPE_Spreadsheets_v5.7_041415_ProtectedLocked.xlsm,05c1346e3c422a9e48bf249cd2022b5ad12d2b987df71b383d247f2c83b0c74b,BSSA14,H12,"=BSSA14_Coeffs!$V11 + (BSSA14_Coeffs!$X11 * ((EXP(BSSA14_Coeffs!$Y11* (MIN($A$15,760) - 360))) - EXP(BSSA14_Coeffs!$Y11* (760 - 360)))) * LN((BSSA14!$A$38 + BSSA14_Coeffs!$W11) / BSSA14_Coeffs!$W11)"
NGAW2_GMPE_Spreadsheets_v5.7_041415_ProtectedLocked.xlsm,05c1346e3c422a9e48bf249cd2022b5ad12d2b987df71b383d247f2c83b0c74b,BSSA14,I12,"=IF($A$27=999,0,$A$27-(IF($A$30 = 0, (EXP(-7.15 / 4 * LN(($A$15 ^ 4 + 570.94 ^ 4) / (1360 ^ 4 + 570.94 ^ 4))) / 1000), IF($A$30 = 2, (EXP(-5.23 / 2 * LN(($A$15 ^ 2 + 412.39 ^ 2) / (1360 ^ 2 + 412.39 ^ 2))) / 1000), (EXP(-7.15 / 4 * LN(($A$15 ^ 4 + 570.94 ^ 4) / (1360 ^ 4 + 570.94 ^ 4))) / 1000)))))"
NGAW2_GMPE_Spreadsheets_v5.7_041415_ProtectedLocked.xlsm,05c1346e3c422a9e48bf249cd2022b5ad12d2b987df71b383d247f2c83b0c74b,BSSA14,J12,"=IF($D12 < 0.65, 0, IF(AND($D12 >= 0.65,$I12 <= (BSSA14_Coeffs!$AA11/ BSSA14_Coeffs!$Z11)), BSSA14_Coeffs!$Z11* BSSA14!$I12, IF(AND($D12>= 0.65,$I12 > (BSSA14_Coeffs!$AA11 /BSSA14_Coeffs!$Z11)), BSSA14_Coeffs!$AA11)))"
NGAW2_GMPE_Spreadsheets_v5.7_041415_ProtectedLocked.xlsm,05c1346e3c422a9e48bf249cd2022b5ad12d2b987df71b383d247f2c83b0c74b,BSSA14,K12,"=SUM(G12:H12,J12)"
NGAW2_GMPE_Spreadsheets_v5.7_041415_ProtectedLocked.xlsm,05c1346e3c422a9e48bf249cd2022b5ad12d2b987df71b383d247f2c83b0c74b,BSSA14,L12,"=EXP(SUM($E12,$F12,$K12,I12))"
NGAW2_GMPE_Spreadsheets_v5.7_041415_ProtectedLocked.xlsm,05c1346e3c422a9e48bf249cd2022b5ad12d2b987df71b383d247f2c83b0c74b,BSSA14,M12,"=IF($A$6<=4.5,BSSA14_Coeffs!$AJ11,IF(AND($A$6>4.5,$A$6<5.5),BSSA14_Coeffs!$AJ11+(BSSA14_Coeffs!$AK11-BSSA14_Coeffs!$AJ11)*(BSSA14!$A$6-4.5),BSSA14_Coeffs!$AK11))"
NGAW2_GMPE_Spreadsheets_v5.7_041415_ProtectedLocked.xlsm,05c1346e3c422a9e48bf249cd2022b5ad12d2b987df71b383d247f2c83b0c74b,BSSA14,N12,"=IF($A$6<=4.5,BSSA14_Coeffs!$AH11,IF(AND($A$6>4.5,$A$6<5.5),BSSA14_Coeffs!$AH11+(BSSA14_Coeffs!$AI11-BSSA14_Coeffs!$AH11)*(BSSA14!$A$6-4.5),BSSA14_Coeffs!$AI11))"
NGAW2_GMPE_Spreadsheets_v5.7_041415_ProtectedLocked.xlsm,05c1346e3c422a9e48bf249cd2022b5ad12d2b987df71b383d247f2c83b0c74b,BSSA14,O12,"=IF($A$12<=BSSA14_Coeffs!$AB11,BSSA14!$N12,IF(AND($A$12>BSSA14_Coeffs!$AB11,$A$12<=BSSA14_Coeffs!$AC11),$N12+BSSA14_Coeffs!$AD11*(LN($A$12/BSSA14_Coeffs!$AB11)/(LN(BSSA14_Coeffs!$AC11/BSSA14_Coeffs!$AB11))),$N12+BSSA14_Coeffs!$AD11))"
NGAW2_GMPE_Spreadsheets_v5.7_041415_ProtectedLocked.xlsm,05c1346e3c422a9e48bf249cd2022b5ad12d2b987df71b383d247f2c83b0c74b,BSSA14,P12,"=IF($A$15>=BSSA14_Coeffs!$AG11,$O12,IF(AND($A$15>=BSSA14_Coeffs!$AF11,$A$15<=BSSA14_Coeffs!$AG11),$O12-BSSA14_Coeffs!$AE11*(LN(BSSA14_Coeffs!$AG11/$A$15)/LN(BSSA14_Coeffs!$AG11/BSSA14_Coeffs!$AF11)),$O12-BSSA14_Coeffs!$AE11))"
NGAW2_GMPE_Spreadsheets_v5.7_041415_ProtectedLocked.xlsm,05c1346e3c422a9e48bf249cd2022b5ad12d2b987df71b383d247f2c83b0c74b,BSSA14,Q12,=SQRT($M12^2+$N12^2)
NGAW2_GMPE_Spreadsheets_v5.7_041415_ProtectedLocked.xlsm,05c1346e3c422a9e48bf249cd2022b5ad12d2b987df71b383d247f2c83b0c74b,BSSA14,R12,=SQRT($M12^2+$P12^2)
NGAW2_GMPE_Spreadsheets_v5.7_041415_ProtectedLocked.xlsm,05c1346e3c422a9e48bf249cd2022b5ad12d2b987df71b383d247f2c83b0c74b,BSSA14,S12,"=BSSA_14($A$6,$A$12,$A$18,$A$21,$A$24,$A$15,$A$30,$A$27,$A$38,$D12)"
NGAW2_GMPE_Spreadsheets_v5.7_041415_ProtectedLocked.xlsm,05c1346e3c422a9e48bf249cd2022b5ad12d2b987df71b383d247f2c83b0c74b,BSSA14,T12,"=BSSA14_stdev($A$6,$A$12,$A$15,D12)"
NGAW2_GMPE_Spreadsheets_v5.7_041415_ProtectedLocked.xlsm,05c1346e3c422a9e48bf249cd2022b5ad12d2b987df71b383d247f2c83b0c74b,BSSA14,E13,"=IF($A$6<=BSSA14_Coeffs!$I12,(BSSA14_Coeffs!$B12*$A$18+BSSA14_Coeffs!$C12*$A$33+BSSA14_Coeffs!$D12*$A$24+BSSA14_Coeffs!$E12*$A$21+BSSA14_Coeffs!$F12*($A$6-BSSA14_Coeffs!$I12)+BSSA14_Coeffs!$G12*($A$6-BSSA14_Coeffs!I12)^2),(BSSA14_Coeffs!$B12*$A$18+BSSA14_Coeffs!$C12*$A$33+BSSA14_Coeffs!$D12*$A$24+BSSA14_Coeffs!$E12*$A$21+BSSA14_Coeffs!$H12*($A$6-BSSA14_Coeffs!$I12)))"
NGAW2_GMPE_Spreadsheets_v5.7_041415_ProtectedLocked.xlsm,05c1346e3c422a9e48bf249cd2022b5ad12d2b987df71b383d247f2c83b0c74b,BSSA14,F13,"=IF($A$30=0,((BSSA14_Coeffs!$J12+BSSA14_Coeffs!$K12*($A$6-BSSA14_Coeffs!$M12))*LN(SQRT(BSSA14!$A$12^2+(BSSA14_Coeffs!$O12^2))/BSSA14_Coeffs!$N12)+(BSSA14_Coeffs!$L12+BSSA14_Coeffs!$P12)*(SQRT(BSSA14!$A$12^2+(BSSA14_Coeffs!$O12^2))-BSSA14_Coeffs!$N12)),IF($A$30=1,((BSSA14_Coeffs!$J12+BSSA14_Coeffs!$K12*($A$6-BSSA14_Coeffs!$M12))*LN(SQRT(BSSA14!$A$12^2+(BSSA14_Coeffs!$O12^2))/BSSA14_Coeffs!$N12)+(BSSA14_Coeffs!$L12+BSSA14_Coeffs!$Q12)*(SQRT(BSSA14!$A$12^2+(BSSA14_Coeffs!$O12^2))-BSSA14_Coeffs!$N12)),IF($A$30=3,((BSSA14_Coeffs!$J12+BSSA14_Coeffs!$K12*($A$6-BSSA14_Coeffs!$M12))*LN(SQRT(BSSA14!$A$12^2+(BSSA14_Coeffs!$O12^2))/BSSA14_Coeffs!$N12)+(BSSA14_Coeffs!$L12+BSSA14_Coeffs!$R12)*(SQRT(BSSA14!$A$12^2+(BSSA14_Coeffs!$O12^2))-BSSA14_Coeffs!$N12)), ((BSSA14_Coeffs!$J12+BSSA14_Coeffs!$K12*($A$6-BSSA14_Coeffs!$M12))*LN(SQRT(BSSA14!$A$12^2+(BSSA14_Coeffs!$O12^2))/BSSA14_Coeffs!$N12)+(BSSA14_Coeffs!$L12+BSSA14_Coeffs!$P12)*(SQRT(BSSA14!$A$12^2+(BSSA14_Coeffs!$O12^2))-BSSA14_Coeffs!$N12)))))"
NGAW2_GMPE_Spreadsheets_v5.7_041415_ProtectedLocked.xlsm,05c1346e3c422a9e48bf249cd2022b5ad12d2b987df71b383d247f2c83b0c74b,BSSA14,G13,"=IF($A$15<= BSSA14_Coeffs!$T12, BSSA14_Coeffs!$S12 * LN(BSSA14!$A$15/ 760),  BSSA14_Coeffs!$S12* LN(BSSA14_Coeffs!$T12/ 760))"
NGAW2_GMPE_Spreadsheets_v5.7_041415_ProtectedLocked.xlsm,05c1346e3c422a9e48bf249cd2022b5ad12d2b987df71b383d247f2c83b0c74b,BSSA14,H13,"=BSSA14_Coeffs!$V12 + (BSSA14_Coeffs!$X12 * ((EXP(BSSA14_Coeffs!$Y12* (MIN($A$15,760) - 360))) - EXP(BSSA14_Coeffs!$Y12* (760 - 360)))) * LN((BSSA14!$A$38 + BSSA14_Coeffs!$W12) / BSSA14_Coeffs!$W12)"
NGAW2_GMPE_Spreadsheets_v5.7_041415_ProtectedLocked.xlsm,05c1346e3c422a9e48bf249cd2022b5ad12d2b987df71b383d247f2c83b0c74b,BSSA14,I13,"=IF($A$27=999,0,$A$27-(IF($A$30 = 0, (EXP(-7.15 / 4 * LN(($A$15 ^ 4 + 570.94 ^ 4) / (1360 ^ 4 + 570.94 ^ 4))) / 1000), IF($A$30 = 2, (EXP(-5.23 / 2 * LN(($A$15 ^ 2 + 412.39 ^ 2) / (1360 ^ 2 + 412.39 ^ 2))) / 1000), (EXP(-7.15 / 4 * LN(($A$15 ^ 4 + 570.94 ^ 4) / (1360 ^ 4 + 570.94 ^ 4))) / 1000)))))"
NGAW2_GMPE_Spreadsheets_v5.7_041415_ProtectedLocked.xlsm,05c1346e3c422a9e48bf249cd2022b5ad12d2b987df71b383d247f2c83b0c74b,BSSA14,J13,"=IF($D13 < 0.65, 0, IF(AND($D13 >= 0.65,$I13 <= (BSSA14_Coeffs!$AA12/ BSSA14_Coeffs!$Z12)), BSSA14_Coeffs!$Z12* BSSA14!$I13, IF(AND($D13>= 0.65,$I13 > (BSSA14_Coeffs!$AA12 /BSSA14_Coeffs!$Z12)), BSSA14_Coeffs!$AA12)))"
NGAW2_GMPE_Spreadsheets_v5.7_041415_ProtectedLocked.xlsm,05c1346e3c422a9e48bf249cd2022b5ad12d2b987df71b383d247f2c83b0c74b,BSSA14,K13,"=SUM(G13:H13,J13)"
NGAW2_GMPE_Spreadsheets_v5.7_041415_ProtectedLocked.xlsm,05c1346e3c422a9e48bf249cd2022b5ad12d2b987df71b383d247f2c83b0c74b,BSSA14,L13,"=EXP(SUM($E13,$F13,$K13,I13))"
NGAW2_GMPE_Spreadsheets_v5.7_041415_ProtectedLocked.xlsm,05c1346e3c422a9e48bf249cd2022b5ad12d2b987df71b383d247f2c83b0c74b,BSSA14,M13,"=IF($A$6<=4.5,BSSA14_Coeffs!$AJ12,IF(AND($A$6>4.5,$A$6<5.5),BSSA14_Coeffs!$AJ12+(BSSA14_Coeffs!$AK12-BSSA14_Coeffs!$AJ12)*(BSSA14!$A$6-4.5),BSSA14_Coeffs!$AK12))"
NGAW2_GMPE_Spreadsheets_v5.7_041415_ProtectedLocked.xlsm,05c1346e3c422a9e48bf249cd2022b5ad12d2b987df71b383d247f2c83b0c74b,BSSA14,N13,"=IF($A$6<=4.5,BSSA14_Coeffs!$AH12,IF(AND($A$6>4.5,$A$6<5.5),BSSA14_Coeffs!$AH12+(BSSA14_Coeffs!$AI12-BSSA14_Coeffs!$AH12)*(BSSA14!$A$6-4.5),BSSA14_Coeffs!$AI12))"
NGAW2_GMPE_Spreadsheets_v5.7_041415_ProtectedLocked.xlsm,05c1346e3c422a9e48bf249cd2022b5ad12d2b987df71b383d247f2c83b0c74b,BSSA14,O13,"=IF($A$12<=BSSA14_Coeffs!$AB12,BSSA14!$N13,IF(AND($A$12>BSSA14_Coeffs!$AB12,$A$12<=BSSA14_Coeffs!$AC12),$N13+BSSA14_Coeffs!$AD12*(LN($A$12/BSSA14_Coeffs!$AB12)/(LN(BSSA14_Coeffs!$AC12/BSSA14_Coeffs!$AB12))),$N13+BSSA14_Coeffs!$AD12))"
NGAW2_GMPE_Spreadsheets_v5.7_041415_ProtectedLocked.xlsm,05c1346e3c422a9e48bf249cd2022b5ad12d2b987df71b383d247f2c83b0c74b,BSSA14,P13,"=IF($A$15>=BSSA14_Coeffs!$AG12,$O13,IF(AND($A$15>=BSSA14_Coeffs!$AF12,$A$15<=BSSA14_Coeffs!$AG12),$O13-BSSA14_Coeffs!$AE12*(LN(BSSA14_Coeffs!$AG12/$A$15)/LN(BSSA14_Coeffs!$AG12/BSSA14_Coeffs!$AF12)),$O13-BSSA14_Coeffs!$AE12))"
NGAW2_GMPE_Spreadsheets_v5.7_041415_ProtectedLocked.xlsm,05c1346e3c422a9e48bf249cd2022b5ad12d2b987df71b383d247f2c83b0c74b,BSSA14,Q13,=SQRT($M13^2+$N13^2)
NGAW2_GMPE_Spreadsheets_v5.7_041415_ProtectedLocked.xlsm,05c1346e3c422a9e48bf249cd2022b5ad12d2b987df71b383d247f2c83b0c74b,BSSA14,R13,=SQRT($M13^2+$P13^2)
NGAW2_GMPE_Spreadsheets_v5.7_041415_ProtectedLocked.xlsm,05c1346e3c422a9e48bf249cd2022b5ad12d2b987df71b383d247f2c83b0c74b,BSSA14,S13,"=BSSA_14($A$6,$A$12,$A$18,$A$21,$A$24,$A$15,$A$30,$A$27,$A$38,$D13)"
NGAW2_GMPE_Spreadsheets_v5.7_041415_ProtectedLocked.xlsm,05c1346e3c422a9e48bf249cd2022b5ad12d2b987df71b383d247f2c83b0c74b,BSSA14,T13,"=BSSA14_stdev($A$6,$A$12,$A$15,D13)"
NGAW2_GMPE_Spreadsheets_v5.7_041415_ProtectedLocked.xlsm,05c1346e3c422a9e48bf249cd2022b5ad12d2b987df71b383d247f2c83b0c74b,BSSA14,E14,"=IF($A$6<=BSSA14_Coeffs!$I13,(BSSA14_Coeffs!$B13*$A$18+BSSA14_Coeffs!$C13*$A$33+BSSA14_Coeffs!$D13*$A$24+BSSA14_Coeffs!$E13*$A$21+BSSA14_Coeffs!$F13*($A$6-BSSA14_Coeffs!$I13)+BSSA14_Coeffs!$G13*($A$6-BSSA14_Coeffs!I13)^2),(BSSA14_Coeffs!$B13*$A$18+BSSA14_Coeffs!$C13*$A$33+BSSA14_Coeffs!$D13*$A$24+BSSA14_Coeffs!$E13*$A$21+BSSA14_Coeffs!$H13*($A$6-BSSA14_Coeffs!$I13)))"
NGAW2_GMPE_Spreadsheets_v5.7_041415_ProtectedLocked.xlsm,05c1346e3c422a9e48bf249cd2022b5ad12d2b987df71b383d247f2c83b0c74b,BSSA14,F14,"=IF($A$30=0,((BSSA14_Coeffs!$J13+BSSA14_Coeffs!$K13*($A$6-BSSA14_Coeffs!$M13))*LN(SQRT(BSSA14!$A$12^2+(BSSA14_Coeffs!$O13^2))/BSSA14_Coeffs!$N13)+(BSSA14_Coeffs!$L13+BSSA14_Coeffs!$P13)*(SQRT(BSSA14!$A$12^2+(BSSA14_Coeffs!$O13^2))-BSSA14_Coeffs!$N13)),IF($A$30=1,((BSSA14_Coeffs!$J13+BSSA14_Coeffs!$K13*($A$6-BSSA14_Coeffs!$M13))*LN(SQRT(BSSA14!$A$12^2+(BSSA14_Coeffs!$O13^2))/BSSA14_Coeffs!$N13)+(BSSA14_Coeffs!$L13+BSSA14_Coeffs!$Q13)*(SQRT(BSSA14!$A$12^2+(BSSA14_Coeffs!$O13^2))-BSSA14_Coeffs!$N13)),IF($A$30=3,((BSSA14_Coeffs!$J13+BSSA14_Coeffs!$K13*($A$6-BSSA14_Coeffs!$M13))*LN(SQRT(BSSA14!$A$12^2+(BSSA14_Coeffs!$O13^2))/BSSA14_Coeffs!$N13)+(BSSA14_Coeffs!$L13+BSSA14_Coeffs!$R13)*(SQRT(BSSA14!$A$12^2+(BSSA14_Coeffs!$O13^2))-BSSA14_Coeffs!$N13)), ((BSSA14_Coeffs!$J13+BSSA14_Coeffs!$K13*($A$6-BSSA14_Coeffs!$M13))*LN(SQRT(BSSA14!$A$12^2+(BSSA14_Coeffs!$O13^2))/BSSA14_Coeffs!$N13)+(BSSA14_Coeffs!$L13+BSSA14_Coeffs!$P13)*(SQRT(BSSA14!$A$12^2+(BSSA14_Coeffs!$O13^2))-BSSA14_Coeffs!$N13)))))"
NGAW2_GMPE_Spreadsheets_v5.7_041415_ProtectedLocked.xlsm,05c1346e3c422a9e48bf249cd2022b5ad12d2b987df71b383d247f2c83b0c74b,BSSA14,G14,"=IF($A$15<= BSSA14_Coeffs!$T13, BSSA14_Coeffs!$S13 * LN(BSSA14!$A$15/ 760),  BSSA14_Coeffs!$S13* LN(BSSA14_Coeffs!$T13/ 760))"
NGAW2_GMPE_Spreadsheets_v5.7_041415_ProtectedLocked.xlsm,05c1346e3c422a9e48bf249cd2022b5ad12d2b987df71b383d247f2c83b0c74b,BSSA14,H14,"=BSSA14_Coeffs!$V13 + (BSSA14_Coeffs!$X13 * ((EXP(BSSA14_Coeffs!$Y13* (MIN($A$15,760) - 360))) - EXP(BSSA14_Coeffs!$Y13* (760 - 360)))) * LN((BSSA14!$A$38 + BSSA14_Coeffs!$W13) / BSSA14_Coeffs!$W13)"
NGAW2_GMPE_Spreadsheets_v5.7_041415_ProtectedLocked.xlsm,05c1346e3c422a9e48bf249cd2022b5ad12d2b987df71b383d247f2c83b0c74b,BSSA14,I14,"=IF($A$27=999,0,$A$27-(IF($A$30 = 0, (EXP(-7.15 / 4 * LN(($A$15 ^ 4 + 570.94 ^ 4) / (1360 ^ 4 + 570.94 ^ 4))) / 1000), IF($A$30 = 2, (EXP(-5.23 / 2 * LN(($A$15 ^ 2 + 412.39 ^ 2) / (1360 ^ 2 + 412.39 ^ 2))) / 1000), (EXP(-7.15 / 4 * LN(($A$15 ^ 4 + 570.94 ^ 4) / (1360 ^ 4 + 570.94 ^ 4))) / 1000)))))"
NGAW2_GMPE_Spreadsheets_v5.7_041415_ProtectedLocked.xlsm,05c1346e3c422a9e48bf249cd2022b5ad12d2b987df71b383d247f2c83b0c74b,BSSA14,J14,"=IF($D14 < 0.65, 0, IF(AND($D14 >= 0.65,$I14 <= (BSSA14_Coeffs!$AA13/ BSSA14_Coeffs!$Z13)), BSSA14_Coeffs!$Z13* BSSA14!$I14, IF(AND($D14>= 0.65,$I14 > (BSSA14_Coeffs!$AA13 /BSSA14_Coeffs!$Z13)), BSSA14_Coeffs!$AA13)))"
NGAW2_GMPE_Spreadsheets_v5.7_041415_ProtectedLocked.xlsm,05c1346e3c422a9e48bf249cd2022b5ad12d2b987df71b383d247f2c83b0c74b,BSSA14,K14,"=SUM(G14:H14,J14)"
NGAW2_GMPE_Spreadsheets_v5.7_041415_ProtectedLocked.xlsm,05c1346e3c422a9e48bf249cd2022b5ad12d2b987df71b383d247f2c83b0c74b,BSSA14,L14,"=EXP(SUM($E14,$F14,$K14,I14))"
NGAW2_GMPE_Spreadsheets_v5.7_041415_ProtectedLocked.xlsm,05c1346e3c422a9e48bf249cd2022b5ad12d2b987df71b383d247f2c83b0c74b,BSSA14,M14,"=IF($A$6<=4.5,BSSA14_Coeffs!$AJ13,IF(AND($A$6>4.5,$A$6<5.5),BSSA14_Coeffs!$AJ13+(BSSA14_Coeffs!$AK13-BSSA14_Coeffs!$AJ13)*(BSSA14!$A$6-4.5),BSSA14_Coeffs!$AK13))"
NGAW2_GMPE_Spreadsheets_v5.7_041415_ProtectedLocked.xlsm,05c1346e3c422a9e48bf249cd2022b5ad12d2b987df71b383d247f2c83b0c74b,BSSA14,N14,"=IF($A$6<=4.5,BSSA14_Coeffs!$AH13,IF(AND($A$6>4.5,$A$6<5.5),BSSA14_Coeffs!$AH13+(BSSA14_Coeffs!$AI13-BSSA14_Coeffs!$AH13)*(BSSA14!$A$6-4.5),BSSA14_Coeffs!$AI13))"
NGAW2_GMPE_Spreadsheets_v5.7_041415_ProtectedLocked.xlsm,05c1346e3c422a9e48bf249cd2022b5ad12d2b987df71b383d247f2c83b0c74b,BSSA14,O14,"=IF($A$12<=BSSA14_Coeffs!$AB13,BSSA14!$N14,IF(AND($A$12>BSSA14_Coeffs!$AB13,$A$12<=BSSA14_Coeffs!$AC13),$N14+BSSA14_Coeffs!$AD13*(LN($A$12/BSSA14_Coeffs!$AB13)/(LN(BSSA14_Coeffs!$AC13/BSSA14_Coeffs!$AB13))),$N14+BSSA14_Coeffs!$AD13))"
NGAW2_GMPE_Spreadsheets_v5.7_041415_ProtectedLocked.xlsm,05c1346e3c422a9e48bf249cd2022b5ad12d2b987df71b383d247f2c83b0c74b,BSSA14,P14,"=IF($A$15>=BSSA14_Coeffs!$AG13,$O14,IF(AND($A$15>=BSSA14_Coeffs!$AF13,$A$15<=BSSA14_Coeffs!$AG13),$O14-BSSA14_Coeffs!$AE13*(LN(BSSA14_Coeffs!$AG13/$A$15)/LN(BSSA14_Coeffs!$AG13/BSSA14_Coeffs!$AF13)),$O14-BSSA14_Coeffs!$AE13))"
NGAW2_GMPE_Spreadsheets_v5.7_041415_ProtectedLocked.xlsm,05c1346e3c422a9e48bf249cd2022b5ad12d2b987df71b383d247f2c83b0c74b,BSSA14,Q14,=SQRT($M14^2+$N14^2)
NGAW2_GMPE_Spreadsheets_v5.7_041415_ProtectedLocked.xlsm,05c1346e3c422a9e48bf249cd2022b5ad12d2b987df71b383d247f2c83b0c74b,BSSA14,R14,=SQRT($M14^2+$P14^2)
NGAW2_GMPE_Spreadsheets_v5.7_041415_ProtectedLocked.xlsm,05c1346e3c422a9e48bf249cd2022b5ad12d2b987df71b383d247f2c83b0c74b,BSSA14,S14,"=BSSA_14($A$6,$A$12,$A$18,$A$21,$A$24,$A$15,$A$30,$A$27,$A$38,$D14)"
NGAW2_GMPE_Spreadsheets_v5.7_041415_ProtectedLocked.xlsm,05c1346e3c422a9e48bf249cd2022b5ad12d2b987df71b383d247f2c83b0c74b,BSSA14,T14,"=BSSA14_stdev($A$6,$A$12,$A$15,D14)"
NGAW2_GMPE_Spreadsheets_v5.7_041415_ProtectedLocked.xlsm,05c1346e3c422a9e48bf249cd2022b5ad12d2b987df71b383d247f2c83b0c74b,BSSA14,A15,=Main!$B$39
NGAW2_GMPE_Spreadsheets_v5.7_041415_ProtectedLocked.xlsm,05c1346e3c422a9e48bf249cd2022b5ad12d2b987df71b383d247f2c83b0c74b,BSSA14,B15,"=IF($A$15<150,""! Not Applicable !"", IF(AND(A15>=150, A15<=1500),"""",""! Not Applicable !""))"
NGAW2_GMPE_Spreadsheets_v5.7_041415_ProtectedLocked.xlsm,05c1346e3c422a9e48bf249cd2022b5ad12d2b987df71b383d247f2c83b0c74b,BSSA14,E15,"=IF($A$6<=BSSA14_Coeffs!$I14,(BSSA14_Coeffs!$B14*$A$18+BSSA14_Coeffs!$C14*$A$33+BSSA14_Coeffs!$D14*$A$24+BSSA14_Coeffs!$E14*$A$21+BSSA14_Coeffs!$F14*($A$6-BSSA14_Coeffs!$I14)+BSSA14_Coeffs!$G14*($A$6-BSSA14_Coeffs!I14)^2),(BSSA14_Coeffs!$B14*$A$18+BSSA14_Coeffs!$C14*$A$33+BSSA14_Coeffs!$D14*$A$24+BSSA14_Coeffs!$E14*$A$21+BSSA14_Coeffs!$H14*($A$6-BSSA14_Coeffs!$I14)))"
NGAW2_GMPE_Spreadsheets_v5.7_041415_ProtectedLocked.xlsm,05c1346e3c422a9e48bf249cd2022b5ad12d2b987df71b383d247f2c83b0c74b,BSSA14,F15,"=IF($A$30=0,((BSSA14_Coeffs!$J14+BSSA14_Coeffs!$K14*($A$6-BSSA14_Coeffs!$M14))*LN(SQRT(BSSA14!$A$12^2+(BSSA14_Coeffs!$O14^2))/BSSA14_Coeffs!$N14)+(BSSA14_Coeffs!$L14+BSSA14_Coeffs!$P14)*(SQRT(BSSA14!$A$12^2+(BSSA14_Coeffs!$O14^2))-BSSA14_Coeffs!$N14)),IF($A$30=1,((BSSA14_Coeffs!$J14+BSSA14_Coeffs!$K14*($A$6-BSSA14_Coeffs!$M14))*LN(SQRT(BSSA14!$A$12^2+(BSSA14_Coeffs!$O14^2))/BSSA14_Coeffs!$N14)+(BSSA14_Coeffs!$L14+BSSA14_Coeffs!$Q14)*(SQRT(BSSA14!$A$12^2+(BSSA14_Coeffs!$O14^2))-BSSA14_Coeffs!$N14)),IF($A$30=3,((BSSA14_Coeffs!$J14+BSSA14_Coeffs!$K14*($A$6-BSSA14_Coeffs!$M14))*LN(SQRT(BSSA14!$A$12^2+(BSSA14_Coeffs!$O14^2))/BSSA14_Coeffs!$N14)+(BSSA14_Coeffs!$L14+BSSA14_Coeffs!$R14)*(SQRT(BSSA14!$A$12^2+(BSSA14_Coeffs!$O14^2))-BSSA14_Coeffs!$N14)), ((BSSA14_Coeffs!$J14+BSSA14_Coeffs!$K14*($A$6-BSSA14_Coeffs!$M14))*LN(SQRT(BSSA14!$A$12^2+(BSSA14_Coeffs!$O14^2))/BSSA14_Coeffs!$N14)+(BSSA14_Coeffs!$L14+BSSA14_Coeffs!$P14)*(SQRT(BSSA14!$A$12^2+(BSSA14_Coeffs!$O14^2))-BSSA14_Coeffs!$N14)))))"
NGAW2_GMPE_Spreadsheets_v5.7_041415_ProtectedLocked.xlsm,05c1346e3c422a9e48bf249cd2022b5ad12d2b987df71b383d247f2c83b0c74b,BSSA14,G15,"=IF($A$15<= BSSA14_Coeffs!$T14, BSSA14_Coeffs!$S14 * LN(BSSA14!$A$15/ 760),  BSSA14_Coeffs!$S14* LN(BSSA14_Coeffs!$T14/ 760))"
NGAW2_GMPE_Spreadsheets_v5.7_041415_ProtectedLocked.xlsm,05c1346e3c422a9e48bf249cd2022b5ad12d2b987df71b383d247f2c83b0c74b,BSSA14,H15,"=BSSA14_Coeffs!$V14 + (BSSA14_Coeffs!$X14 * ((EXP(BSSA14_Coeffs!$Y14* (MIN($A$15,760) - 360))) - EXP(BSSA14_Coeffs!$Y14* (760 - 360)))) * LN((BSSA14!$A$38 + BSSA14_Coeffs!$W14) / BSSA14_Coeffs!$W14)"
NGAW2_GMPE_Spreadsheets_v5.7_041415_ProtectedLocked.xlsm,05c1346e3c422a9e48bf249cd2022b5ad12d2b987df71b383d247f2c83b0c74b,BSSA14,I15,"=IF($A$27=999,0,$A$27-(IF($A$30 = 0, (EXP(-7.15 / 4 * LN(($A$15 ^ 4 + 570.94 ^ 4) / (1360 ^ 4 + 570.94 ^ 4))) / 1000), IF($A$30 = 2, (EXP(-5.23 / 2 * LN(($A$15 ^ 2 + 412.39 ^ 2) / (1360 ^ 2 + 412.39 ^ 2))) / 1000), (EXP(-7.15 / 4 * LN(($A$15 ^ 4 + 570.94 ^ 4) / (1360 ^ 4 + 570.94 ^ 4))) / 1000)))))"
NGAW2_GMPE_Spreadsheets_v5.7_041415_ProtectedLocked.xlsm,05c1346e3c422a9e48bf249cd2022b5ad12d2b987df71b383d247f2c83b0c74b,BSSA14,J15,"=IF($D15 < 0.65, 0, IF(AND($D15 >= 0.65,$I15 <= (BSSA14_Coeffs!$AA14/ BSSA14_Coeffs!$Z14)), BSSA14_Coeffs!$Z14* BSSA14!$I15, IF(AND($D15>= 0.65,$I15 > (BSSA14_Coeffs!$AA14 /BSSA14_Coeffs!$Z14)), BSSA14_Coeffs!$AA14)))"
NGAW2_GMPE_Spreadsheets_v5.7_041415_ProtectedLocked.xlsm,05c1346e3c422a9e48bf249cd2022b5ad12d2b987df71b383d247f2c83b0c74b,BSSA14,K15,"=SUM(G15:H15,J15)"
NGAW2_GMPE_Spreadsheets_v5.7_041415_ProtectedLocked.xlsm,05c1346e3c422a9e48bf249cd2022b5ad12d2b987df71b383d247f2c83b0c74b,BSSA14,L15,"=EXP(SUM($E15,$F15,$K15,I15))"
NGAW2_GMPE_Spreadsheets_v5.7_041415_ProtectedLocked.xlsm,05c1346e3c422a9e48bf249cd2022b5ad12d2b987df71b383d247f2c83b0c74b,BSSA14,M15,"=IF($A$6<=4.5,BSSA14_Coeffs!$AJ14,IF(AND($A$6>4.5,$A$6<5.5),BSSA14_Coeffs!$AJ14+(BSSA14_Coeffs!$AK14-BSSA14_Coeffs!$AJ14)*(BSSA14!$A$6-4.5),BSSA14_Coeffs!$AK14))"
NGAW2_GMPE_Spreadsheets_v5.7_041415_ProtectedLocked.xlsm,05c1346e3c422a9e48bf249cd2022b5ad12d2b987df71b383d247f2c83b0c74b,BSSA14,N15,"=IF($A$6<=4.5,BSSA14_Coeffs!$AH14,IF(AND($A$6>4.5,$A$6<5.5),BSSA14_Coeffs!$AH14+(BSSA14_Coeffs!$AI14-BSSA14_Coeffs!$AH14)*(BSSA14!$A$6-4.5),BSSA14_Coeffs!$AI14))"
NGAW2_GMPE_Spreadsheets_v5.7_041415_ProtectedLocked.xlsm,05c1346e3c422a9e48bf249cd2022b5ad12d2b987df71b383d247f2c83b0c74b,BSSA14,O15,"=IF($A$12<=BSSA14_Coeffs!$AB14,BSSA14!$N15,IF(AND($A$12>BSSA14_Coeffs!$AB14,$A$12<=BSSA14_Coeffs!$AC14),$N15+BSSA14_Coeffs!$AD14*(LN($A$12/BSSA14_Coeffs!$AB14)/(LN(BSSA14_Coeffs!$AC14/BSSA14_Coeffs!$AB14))),$N15+BSSA14_Coeffs!$AD14))"
NGAW2_GMPE_Spreadsheets_v5.7_041415_ProtectedLocked.xlsm,05c1346e3c422a9e48bf249cd2022b5ad12d2b987df71b383d247f2c83b0c74b,BSSA14,P15,"=IF($A$15>=BSSA14_Coeffs!$AG14,$O15,IF(AND($A$15>=BSSA14_Coeffs!$AF14,$A$15<=BSSA14_Coeffs!$AG14),$O15-BSSA14_Coeffs!$AE14*(LN(BSSA14_Coeffs!$AG14/$A$15)/LN(BSSA14_Coeffs!$AG14/BSSA14_Coeffs!$AF14)),$O15-BSSA14_Coeffs!$AE14))"
NGAW2_GMPE_Spreadsheets_v5.7_041415_ProtectedLocked.xlsm,05c1346e3c422a9e48bf249cd2022b5ad12d2b987df71b383d247f2c83b0c74b,BSSA14,Q15,=SQRT($M15^2+$N15^2)
NGAW2_GMPE_Spreadsheets_v5.7_041415_ProtectedLocked.xlsm,05c1346e3c422a9e48bf249cd2022b5ad12d2b987df71b383d247f2c83b0c74b,BSSA14,R15,=SQRT($M15^2+$P15^2)
NGAW2_GMPE_Spreadsheets_v5.7_041415_ProtectedLocked.xlsm,05c1346e3c422a9e48bf249cd2022b5ad12d2b987df71b383d247f2c83b0c74b,BSSA14,S15,"=BSSA_14($A$6,$A$12,$A$18,$A$21,$A$24,$A$15,$A$30,$A$27,$A$38,$D15)"
NGAW2_GMPE_Spreadsheets_v5.7_041415_ProtectedLocked.xlsm,05c1346e3c422a9e48bf249cd2022b5ad12d2b987df71b383d247f2c83b0c74b,BSSA14,T15,"=BSSA14_stdev($A$6,$A$12,$A$15,D15)"
NGAW2_GMPE_Spreadsheets_v5.7_041415_ProtectedLocked.xlsm,05c1346e3c422a9e48bf249cd2022b5ad12d2b987df71b383d247f2c83b0c74b,BSSA14,E16,"=IF($A$6<=BSSA14_Coeffs!$I15,(BSSA14_Coeffs!$B15*$A$18+BSSA14_Coeffs!$C15*$A$33+BSSA14_Coeffs!$D15*$A$24+BSSA14_Coeffs!$E15*$A$21+BSSA14_Coeffs!$F15*($A$6-BSSA14_Coeffs!$I15)+BSSA14_Coeffs!$G15*($A$6-BSSA14_Coeffs!I15)^2),(BSSA14_Coeffs!$B15*$A$18+BSSA14_Coeffs!$C15*$A$33+BSSA14_Coeffs!$D15*$A$24+BSSA14_Coeffs!$E15*$A$21+BSSA14_Coeffs!$H15*($A$6-BSSA14_Coeffs!$I15)))"
NGAW2_GMPE_Spreadsheets_v5.7_041415_ProtectedLocked.xlsm,05c1346e3c422a9e48bf249cd2022b5ad12d2b987df71b383d247f2c83b0c74b,BSSA14,F16,"=IF($A$30=0,((BSSA14_Coeffs!$J15+BSSA14_Coeffs!$K15*($A$6-BSSA14_Coeffs!$M15))*LN(SQRT(BSSA14!$A$12^2+(BSSA14_Coeffs!$O15^2))/BSSA14_Coeffs!$N15)+(BSSA14_Coeffs!$L15+BSSA14_Coeffs!$P15)*(SQRT(BSSA14!$A$12^2+(BSSA14_Coeffs!$O15^2))-BSSA14_Coeffs!$N15)),IF($A$30=1,((BSSA14_Coeffs!$J15+BSSA14_Coeffs!$K15*($A$6-BSSA14_Coeffs!$M15))*LN(SQRT(BSSA14!$A$12^2+(BSSA14_Coeffs!$O15^2))/BSSA14_Coeffs!$N15)+(BSSA14_Coeffs!$L15+BSSA14_Coeffs!$Q15)*(SQRT(BSSA14!$A$12^2+(BSSA14_Coeffs!$O15^2))-BSSA14_Coeffs!$N15)),IF($A$30=3,((BSSA14_Coeffs!$J15+BSSA14_Coeffs!$K15*($A$6-BSSA14_Coeffs!$M15))*LN(SQRT(BSSA14!$A$12^2+(BSSA14_Coeffs!$O15^2))/BSSA14_Coeffs!$N15)+(BSSA14_Coeffs!$L15+BSSA14_Coeffs!$R15)*(SQRT(BSSA14!$A$12^2+(BSSA14_Coeffs!$O15^2))-BSSA14_Coeffs!$N15)), ((BSSA14_Coeffs!$J15+BSSA14_Coeffs!$K15*($A$6-BSSA14_Coeffs!$M15))*LN(SQRT(BSSA14!$A$12^2+(BSSA14_Coeffs!$O15^2))/BSSA14_Coeffs!$N15)+(BSSA14_Coeffs!$L15+BSSA14_Coeffs!$P15)*(SQRT(BSSA14!$A$12^2+(BSSA14_Coeffs!$O15^2))-BSSA14_Coeffs!$N15)))))"
NGAW2_GMPE_Spreadsheets_v5.7_041415_ProtectedLocked.xlsm,05c1346e3c422a9e48bf249cd2022b5ad12d2b987df71b383d247f2c83b0c74b,BSSA14,G16,"=IF($A$15<= BSSA14_Coeffs!$T15, BSSA14_Coeffs!$S15 * LN(BSSA14!$A$15/ 760),  BSSA14_Coeffs!$S15* LN(BSSA14_Coeffs!$T15/ 760))"
NGAW2_GMPE_Spreadsheets_v5.7_041415_ProtectedLocked.xlsm,05c1346e3c422a9e48bf249cd2022b5ad12d2b987df71b383d247f2c83b0c74b,BSSA14,H16,"=BSSA14_Coeffs!$V15 + (BSSA14_Coeffs!$X15 * ((EXP(BSSA14_Coeffs!$Y15* (MIN($A$15,760) - 360))) - EXP(BSSA14_Coeffs!$Y15* (760 - 360)))) * LN((BSSA14!$A$38 + BSSA14_Coeffs!$W15) / BSSA14_Coeffs!$W15)"
NGAW2_GMPE_Spreadsheets_v5.7_041415_ProtectedLocked.xlsm,05c1346e3c422a9e48bf249cd2022b5ad12d2b987df71b383d247f2c83b0c74b,BSSA14,I16,"=IF($A$27=999,0,$A$27-(IF($A$30 = 0, (EXP(-7.15 / 4 * LN(($A$15 ^ 4 + 570.94 ^ 4) / (1360 ^ 4 + 570.94 ^ 4))) / 1000), IF($A$30 = 2, (EXP(-5.23 / 2 * LN(($A$15 ^ 2 + 412.39 ^ 2) / (1360 ^ 2 + 412.39 ^ 2))) / 1000), (EXP(-7.15 / 4 * LN(($A$15 ^ 4 + 570.94 ^ 4) / (1360 ^ 4 + 570.94 ^ 4))) / 1000)))))"
NGAW2_GMPE_Spreadsheets_v5.7_041415_ProtectedLocked.xlsm,05c1346e3c422a9e48bf249cd2022b5ad12d2b987df71b383d247f2c83b0c74b,BSSA14,J16,"=IF($D16 < 0.65, 0, IF(AND($D16 >= 0.65,$I16 <= (BSSA14_Coeffs!$AA15/ BSSA14_Coeffs!$Z15)), BSSA14_Coeffs!$Z15* BSSA14!$I16, IF(AND($D16>= 0.65,$I16 > (BSSA14_Coeffs!$AA15 /BSSA14_Coeffs!$Z15)), BSSA14_Coeffs!$AA15)))"
NGAW2_GMPE_Spreadsheets_v5.7_041415_ProtectedLocked.xlsm,05c1346e3c422a9e48bf249cd2022b5ad12d2b987df71b383d247f2c83b0c74b,BSSA14,K16,"=SUM(G16:H16,J16)"
NGAW2_GMPE_Spreadsheets_v5.7_041415_ProtectedLocked.xlsm,05c1346e3c422a9e48bf249cd2022b5ad12d2b987df71b383d247f2c83b0c74b,BSSA14,L16,"=EXP(SUM($E16,$F16,$K16,I16))"
NGAW2_GMPE_Spreadsheets_v5.7_041415_ProtectedLocked.xlsm,05c1346e3c422a9e48bf249cd2022b5ad12d2b987df71b383d247f2c83b0c74b,BSSA14,M16,"=IF($A$6<=4.5,BSSA14_Coeffs!$AJ15,IF(AND($A$6>4.5,$A$6<5.5),BSSA14_Coeffs!$AJ15+(BSSA14_Coeffs!$AK15-BSSA14_Coeffs!$AJ15)*(BSSA14!$A$6-4.5),BSSA14_Coeffs!$AK15))"
NGAW2_GMPE_Spreadsheets_v5.7_041415_ProtectedLocked.xlsm,05c1346e3c422a9e48bf249cd2022b5ad12d2b987df71b383d247f2c83b0c74b,BSSA14,N16,"=IF($A$6<=4.5,BSSA14_Coeffs!$AH15,IF(AND($A$6>4.5,$A$6<5.5),BSSA14_Coeffs!$AH15+(BSSA14_Coeffs!$AI15-BSSA14_Coeffs!$AH15)*(BSSA14!$A$6-4.5),BSSA14_Coeffs!$AI15))"
NGAW2_GMPE_Spreadsheets_v5.7_041415_ProtectedLocked.xlsm,05c1346e3c422a9e48bf249cd2022b5ad12d2b987df71b383d247f2c83b0c74b,BSSA14,O16,"=IF($A$12<=BSSA14_Coeffs!$AB15,BSSA14!$N16,IF(AND($A$12>BSSA14_Coeffs!$AB15,$A$12<=BSSA14_Coeffs!$AC15),$N16+BSSA14_Coeffs!$AD15*(LN($A$12/BSSA14_Coeffs!$AB15)/(LN(BSSA14_Coeffs!$AC15/BSSA14_Coeffs!$AB15))),$N16+BSSA14_Coeffs!$AD15))"
NGAW2_GMPE_Spreadsheets_v5.7_041415_ProtectedLocked.xlsm,05c1346e3c422a9e48bf249cd2022b5ad12d2b987df71b383d247f2c83b0c74b,BSSA14,P16,"=IF($A$15>=BSSA14_Coeffs!$AG15,$O16,IF(AND($A$15>=BSSA14_Coeffs!$AF15,$A$15<=BSSA14_Coeffs!$AG15),$O16-BSSA14_Coeffs!$AE15*(LN(BSSA14_Coeffs!$AG15/$A$15)/LN(BSSA14_Coeffs!$AG15/BSSA14_Coeffs!$AF15)),$O16-BSSA14_Coeffs!$AE15))"
NGAW2_GMPE_Spreadsheets_v5.7_041415_ProtectedLocked.xlsm,05c1346e3c422a9e48bf249cd2022b5ad12d2b987df71b383d247f2c83b0c74b,BSSA14,Q16,=SQRT($M16^2+$N16^2)
NGAW2_GMPE_Spreadsheets_v5.7_041415_ProtectedLocked.xlsm,05c1346e3c422a9e48bf249cd2022b5ad12d2b987df71b383d247f2c83b0c74b,BSSA14,R16,=SQRT($M16^2+$P16^2)
NGAW2_GMPE_Spreadsheets_v5.7_041415_ProtectedLocked.xlsm,05c1346e3c422a9e48bf249cd2022b5ad12d2b987df71b383d247f2c83b0c74b,BSSA14,S16,"=BSSA_14($A$6,$A$12,$A$18,$A$21,$A$24,$A$15,$A$30,$A$27,$A$38,$D16)"
NGAW2_GMPE_Spreadsheets_v5.7_041415_ProtectedLocked.xlsm,05c1346e3c422a9e48bf249cd2022b5ad12d2b987df71b383d247f2c83b0c74b,BSSA14,T16,"=BSSA14_stdev($A$6,$A$12,$A$15,D16)"
NGAW2_GMPE_Spreadsheets_v5.7_041415_ProtectedLocked.xlsm,05c1346e3c422a9e48bf249cd2022b5ad12d2b987df71b383d247f2c83b0c74b,BSSA14,E17,"=IF($A$6<=BSSA14_Coeffs!$I16,(BSSA14_Coeffs!$B16*$A$18+BSSA14_Coeffs!$C16*$A$33+BSSA14_Coeffs!$D16*$A$24+BSSA14_Coeffs!$E16*$A$21+BSSA14_Coeffs!$F16*($A$6-BSSA14_Coeffs!$I16)+BSSA14_Coeffs!$G16*($A$6-BSSA14_Coeffs!I16)^2),(BSSA14_Coeffs!$B16*$A$18+BSSA14_Coeffs!$C16*$A$33+BSSA14_Coeffs!$D16*$A$24+BSSA14_Coeffs!$E16*$A$21+BSSA14_Coeffs!$H16*($A$6-BSSA14_Coeffs!$I16)))"
NGAW2_GMPE_Spreadsheets_v5.7_041415_ProtectedLocked.xlsm,05c1346e3c422a9e48bf249cd2022b5ad12d2b987df71b383d247f2c83b0c74b,BSSA14,F17,"=IF($A$30=0,((BSSA14_Coeffs!$J16+BSSA14_Coeffs!$K16*($A$6-BSSA14_Coeffs!$M16))*LN(SQRT(BSSA14!$A$12^2+(BSSA14_Coeffs!$O16^2))/BSSA14_Coeffs!$N16)+(BSSA14_Coeffs!$L16+BSSA14_Coeffs!$P16)*(SQRT(BSSA14!$A$12^2+(BSSA14_Coeffs!$O16^2))-BSSA14_Coeffs!$N16)),IF($A$30=1,((BSSA14_Coeffs!$J16+BSSA14_Coeffs!$K16*($A$6-BSSA14_Coeffs!$M16))*LN(SQRT(BSSA14!$A$12^2+(BSSA14_Coeffs!$O16^2))/BSSA14_Coeffs!$N16)+(BSSA14_Coeffs!$L16+BSSA14_Coeffs!$Q16)*(SQRT(BSSA14!$A$12^2+(BSSA14_Coeffs!$O16^2))-BSSA14_Coeffs!$N16)),IF($A$30=3,((BSSA14_Coeffs!$J16+BSSA14_Coeffs!$K16*($A$6-BSSA14_Coeffs!$M16))*LN(SQRT(BSSA14!$A$12^2+(BSSA14_Coeffs!$O16^2))/BSSA14_Coeffs!$N16)+(BSSA14_Coeffs!$L16+BSSA14_Coeffs!$R16)*(SQRT(BSSA14!$A$12^2+(BSSA14_Coeffs!$O16^2))-BSSA14_Coeffs!$N16)), ((BSSA14_Coeffs!$J16+BSSA14_Coeffs!$K16*($A$6-BSSA14_Coeffs!$M16))*LN(SQRT(BSSA14!$A$12^2+(BSSA14_Coeffs!$O16^2))/BSSA14_Coeffs!$N16)+(BSSA14_Coeffs!$L16+BSSA14_Coeffs!$P16)*(SQRT(BSSA14!$A$12^2+(BSSA14_Coeffs!$O16^2))-BSSA14_Coeffs!$N16)))))"
NGAW2_GMPE_Spreadsheets_v5.7_041415_ProtectedLocked.xlsm,05c1346e3c422a9e48bf249cd2022b5ad12d2b987df71b383d247f2c83b0c74b,BSSA14,G17,"=IF($A$15<= BSSA14_Coeffs!$T16, BSSA14_Coeffs!$S16 * LN(BSSA14!$A$15/ 760),  BSSA14_Coeffs!$S16* LN(BSSA14_Coeffs!$T16/ 760))"
NGAW2_GMPE_Spreadsheets_v5.7_041415_ProtectedLocked.xlsm,05c1346e3c422a9e48bf249cd2022b5ad12d2b987df71b383d247f2c83b0c74b,BSSA14,H17,"=BSSA14_Coeffs!$V16 + (BSSA14_Coeffs!$X16 * ((EXP(BSSA14_Coeffs!$Y16* (MIN($A$15,760) - 360))) - EXP(BSSA14_Coeffs!$Y16* (760 - 360)))) * LN((BSSA14!$A$38 + BSSA14_Coeffs!$W16) / BSSA14_Coeffs!$W16)"
NGAW2_GMPE_Spreadsheets_v5.7_041415_ProtectedLocked.xlsm,05c1346e3c422a9e48bf249cd2022b5ad12d2b987df71b383d247f2c83b0c74b,BSSA14,I17,"=IF($A$27=999,0,$A$27-(IF($A$30 = 0, (EXP(-7.15 / 4 * LN(($A$15 ^ 4 + 570.94 ^ 4) / (1360 ^ 4 + 570.94 ^ 4))) / 1000), IF($A$30 = 2, (EXP(-5.23 / 2 * LN(($A$15 ^ 2 + 412.39 ^ 2) / (1360 ^ 2 + 412.39 ^ 2))) / 1000), (EXP(-7.15 / 4 * LN(($A$15 ^ 4 + 570.94 ^ 4) / (1360 ^ 4 + 570.94 ^ 4))) / 1000)))))"
NGAW2_GMPE_Spreadsheets_v5.7_041415_ProtectedLocked.xlsm,05c1346e3c422a9e48bf249cd2022b5ad12d2b987df71b383d247f2c83b0c74b,BSSA14,J17,"=IF($D17 < 0.65, 0, IF(AND($D17 >= 0.65,$I17 <= (BSSA14_Coeffs!$AA16/ BSSA14_Coeffs!$Z16)), BSSA14_Coeffs!$Z16* BSSA14!$I17, IF(AND($D17>= 0.65,$I17 > (BSSA14_Coeffs!$AA16 /BSSA14_Coeffs!$Z16)), BSSA14_Coeffs!$AA16)))"
NGAW2_GMPE_Spreadsheets_v5.7_041415_ProtectedLocked.xlsm,05c1346e3c422a9e48bf249cd2022b5ad12d2b987df71b383d247f2c83b0c74b,BSSA14,K17,"=SUM(G17:H17,J17)"
NGAW2_GMPE_Spreadsheets_v5.7_041415_ProtectedLocked.xlsm,05c1346e3c422a9e48bf249cd2022b5ad12d2b987df71b383d247f2c83b0c74b,BSSA14,L17,"=EXP(SUM($E17,$F17,$K17,I17))"
NGAW2_GMPE_Spreadsheets_v5.7_041415_ProtectedLocked.xlsm,05c1346e3c422a9e48bf249cd2022b5ad12d2b987df71b383d247f2c83b0c74b,BSSA14,M17,"=IF($A$6<=4.5,BSSA14_Coeffs!$AJ16,IF(AND($A$6>4.5,$A$6<5.5),BSSA14_Coeffs!$AJ16+(BSSA14_Coeffs!$AK16-BSSA14_Coeffs!$AJ16)*(BSSA14!$A$6-4.5),BSSA14_Coeffs!$AK16))"
NGAW2_GMPE_Spreadsheets_v5.7_041415_ProtectedLocked.xlsm,05c1346e3c422a9e48bf249cd2022b5ad12d2b987df71b383d247f2c83b0c74b,BSSA14,N17,"=IF($A$6<=4.5,BSSA14_Coeffs!$AH16,IF(AND($A$6>4.5,$A$6<5.5),BSSA14_Coeffs!$AH16+(BSSA14_Coeffs!$AI16-BSSA14_Coeffs!$AH16)*(BSSA14!$A$6-4.5),BSSA14_Coeffs!$AI16))"
NGAW2_GMPE_Spreadsheets_v5.7_041415_ProtectedLocked.xlsm,05c1346e3c422a9e48bf249cd2022b5ad12d2b987df71b383d247f2c83b0c74b,BSSA14,O17,"=IF($A$12<=BSSA14_Coeffs!$AB16,BSSA14!$N17,IF(AND($A$12>BSSA14_Coeffs!$AB16,$A$12<=BSSA14_Coeffs!$AC16),$N17+BSSA14_Coeffs!$AD16*(LN($A$12/BSSA14_Coeffs!$AB16)/(LN(BSSA14_Coeffs!$AC16/BSSA14_Coeffs!$AB16))),$N17+BSSA14_Coeffs!$AD16))"
NGAW2_GMPE_Spreadsheets_v5.7_041415_ProtectedLocked.xlsm,05c1346e3c422a9e48bf249cd2022b5ad12d2b987df71b383d247f2c83b0c74b,BSSA14,P17,"=IF($A$15>=BSSA14_Coeffs!$AG16,$O17,IF(AND($A$15>=BSSA14_Coeffs!$AF16,$A$15<=BSSA14_Coeffs!$AG16),$O17-BSSA14_Coeffs!$AE16*(LN(BSSA14_Coeffs!$AG16/$A$15)/LN(BSSA14_Coeffs!$AG16/BSSA14_Coeffs!$AF16)),$O17-BSSA14_Coeffs!$AE16))"
NGAW2_GMPE_Spreadsheets_v5.7_041415_ProtectedLocked.xlsm,05c1346e3c422a9e48bf249cd2022b5ad12d2b987df71b383d247f2c83b0c74b,BSSA14,Q17,=SQRT($M17^2+$N17^2)
NGAW2_GMPE_Spreadsheets_v5.7_041415_ProtectedLocked.xlsm,05c1346e3c422a9e48bf249cd2022b5ad12d2b987df71b383d247f2c83b0c74b,BSSA14,R17,=SQRT($M17^2+$P17^2)
NGAW2_GMPE_Spreadsheets_v5.7_041415_ProtectedLocked.xlsm,05c1346e3c422a9e48bf249cd2022b5ad12d2b987df71b383d247f2c83b0c74b,BSSA14,S17,"=BSSA_14($A$6,$A$12,$A$18,$A$21,$A$24,$A$15,$A$30,$A$27,$A$38,$D17)"
NGAW2_GMPE_Spreadsheets_v5.7_041415_ProtectedLocked.xlsm,05c1346e3c422a9e48bf249cd2022b5ad12d2b987df71b383d247f2c83b0c74b,BSSA14,T17,"=BSSA14_stdev($A$6,$A$12,$A$15,D17)"
NGAW2_GMPE_Spreadsheets_v5.7_041415_ProtectedLocked.xlsm,05c1346e3c422a9e48bf249cd2022b5ad12d2b987df71b383d247f2c83b0c74b,BSSA14,A18,=Main!$B$42
NGAW2_GMPE_Spreadsheets_v5.7_041415_ProtectedLocked.xlsm,05c1346e3c422a9e48bf249cd2022b5ad12d2b987df71b383d247f2c83b0c74b,BSSA14,E18,"=IF($A$6<=BSSA14_Coeffs!$I17,(BSSA14_Coeffs!$B17*$A$18+BSSA14_Coeffs!$C17*$A$33+BSSA14_Coeffs!$D17*$A$24+BSSA14_Coeffs!$E17*$A$21+BSSA14_Coeffs!$F17*($A$6-BSSA14_Coeffs!$I17)+BSSA14_Coeffs!$G17*($A$6-BSSA14_Coeffs!I17)^2),(BSSA14_Coeffs!$B17*$A$18+BSSA14_Coeffs!$C17*$A$33+BSSA14_Coeffs!$D17*$A$24+BSSA14_Coeffs!$E17*$A$21+BSSA14_Coeffs!$H17*($A$6-BSSA14_Coeffs!$I17)))"
NGAW2_GMPE_Spreadsheets_v5.7_041415_ProtectedLocked.xlsm,05c1346e3c422a9e48bf249cd2022b5ad12d2b987df71b383d247f2c83b0c74b,BSSA14,F18,"=IF($A$30=0,((BSSA14_Coeffs!$J17+BSSA14_Coeffs!$K17*($A$6-BSSA14_Coeffs!$M17))*LN(SQRT(BSSA14!$A$12^2+(BSSA14_Coeffs!$O17^2))/BSSA14_Coeffs!$N17)+(BSSA14_Coeffs!$L17+BSSA14_Coeffs!$P17)*(SQRT(BSSA14!$A$12^2+(BSSA14_Coeffs!$O17^2))-BSSA14_Coeffs!$N17)),IF($A$30=1,((BSSA14_Coeffs!$J17+BSSA14_Coeffs!$K17*($A$6-BSSA14_Coeffs!$M17))*LN(SQRT(BSSA14!$A$12^2+(BSSA14_Coeffs!$O17^2))/BSSA14_Coeffs!$N17)+(BSSA14_Coeffs!$L17+BSSA14_Coeffs!$Q17)*(SQRT(BSSA14!$A$12^2+(BSSA14_Coeffs!$O17^2))-BSSA14_Coeffs!$N17)),IF($A$30=3,((BSSA14_Coeffs!$J17+BSSA14_Coeffs!$K17*($A$6-BSSA14_Coeffs!$M17))*LN(SQRT(BSSA14!$A$12^2+(BSSA14_Coeffs!$O17^2))/BSSA14_Coeffs!$N17)+(BSSA14_Coeffs!$L17+BSSA14_Coeffs!$R17)*(SQRT(BSSA14!$A$12^2+(BSSA14_Coeffs!$O17^2))-BSSA14_Coeffs!$N17)), ((BSSA14_Coeffs!$J17+BSSA14_Coeffs!$K17*($A$6-BSSA14_Coeffs!$M17))*LN(SQRT(BSSA14!$A$12^2+(BSSA14_Coeffs!$O17^2))/BSSA14_Coeffs!$N17)+(BSSA14_Coeffs!$L17+BSSA14_Coeffs!$P17)*(SQRT(BSSA14!$A$12^2+(BSSA14_Coeffs!$O17^2))-BSSA14_Coeffs!$N17)))))"
NGAW2_GMPE_Spreadsheets_v5.7_041415_ProtectedLocked.xlsm,05c1346e3c422a9e48bf249cd2022b5ad12d2b987df71b383d247f2c83b0c74b,BSSA14,G18,"=IF($A$15<= BSSA14_Coeffs!$T17, BSSA14_Coeffs!$S17 * LN(BSSA14!$A$15/ 760),  BSSA14_Coeffs!$S17* LN(BSSA14_Coeffs!$T17/ 760))"
NGAW2_GMPE_Spreadsheets_v5.7_041415_ProtectedLocked.xlsm,05c1346e3c422a9e48bf249cd2022b5ad12d2b987df71b383d247f2c83b0c74b,BSSA14,H18,"=BSSA14_Coeffs!$V17 + (BSSA14_Coeffs!$X17 * ((EXP(BSSA14_Coeffs!$Y17* (MIN($A$15,760) - 360))) - EXP(BSSA14_Coeffs!$Y17* (760 - 360)))) * LN((BSSA14!$A$38 + BSSA14_Coeffs!$W17) / BSSA14_Coeffs!$W17)"
NGAW2_GMPE_Spreadsheets_v5.7_041415_ProtectedLocked.xlsm,05c1346e3c422a9e48bf249cd2022b5ad12d2b987df71b383d247f2c83b0c74b,BSSA14,I18,"=IF($A$27=999,0,$A$27-(IF($A$30 = 0, (EXP(-7.15 / 4 * LN(($A$15 ^ 4 + 570.94 ^ 4) / (1360 ^ 4 + 570.94 ^ 4))) / 1000), IF($A$30 = 2, (EXP(-5.23 / 2 * LN(($A$15 ^ 2 + 412.39 ^ 2) / (1360 ^ 2 + 412.39 ^ 2))) / 1000), (EXP(-7.15 / 4 * LN(($A$15 ^ 4 + 570.94 ^ 4) / (1360 ^ 4 + 570.94 ^ 4))) / 1000)))))"
NGAW2_GMPE_Spreadsheets_v5.7_041415_ProtectedLocked.xlsm,05c1346e3c422a9e48bf249cd2022b5ad12d2b987df71b383d247f2c83b0c74b,BSSA14,J18,"=IF($D18 < 0.65, 0, IF(AND($D18 >= 0.65,$I18 <= (BSSA14_Coeffs!$AA17/ BSSA14_Coeffs!$Z17)), BSSA14_Coeffs!$Z17* BSSA14!$I18, IF(AND($D18>= 0.65,$I18 > (BSSA14_Coeffs!$AA17 /BSSA14_Coeffs!$Z17)), BSSA14_Coeffs!$AA17)))"
NGAW2_GMPE_Spreadsheets_v5.7_041415_ProtectedLocked.xlsm,05c1346e3c422a9e48bf249cd2022b5ad12d2b987df71b383d247f2c83b0c74b,BSSA14,K18,"=SUM(G18:H18,J18)"
NGAW2_GMPE_Spreadsheets_v5.7_041415_ProtectedLocked.xlsm,05c1346e3c422a9e48bf249cd2022b5ad12d2b987df71b383d247f2c83b0c74b,BSSA14,L18,"=EXP(SUM($E18,$F18,$K18,I18))"
NGAW2_GMPE_Spreadsheets_v5.7_041415_ProtectedLocked.xlsm,05c1346e3c422a9e48bf249cd2022b5ad12d2b987df71b383d247f2c83b0c74b,BSSA14,M18,"=IF($A$6<=4.5,BSSA14_Coeffs!$AJ17,IF(AND($A$6>4.5,$A$6<5.5),BSSA14_Coeffs!$AJ17+(BSSA14_Coeffs!$AK17-BSSA14_Coeffs!$AJ17)*(BSSA14!$A$6-4.5),BSSA14_Coeffs!$AK17))"
NGAW2_GMPE_Spreadsheets_v5.7_041415_ProtectedLocked.xlsm,05c1346e3c422a9e48bf249cd2022b5ad12d2b987df71b383d247f2c83b0c74b,BSSA14,N18,"=IF($A$6<=4.5,BSSA14_Coeffs!$AH17,IF(AND($A$6>4.5,$A$6<5.5),BSSA14_Coeffs!$AH17+(BSSA14_Coeffs!$AI17-BSSA14_Coeffs!$AH17)*(BSSA14!$A$6-4.5),BSSA14_Coeffs!$AI17))"
NGAW2_GMPE_Spreadsheets_v5.7_041415_ProtectedLocked.xlsm,05c1346e3c422a9e48bf249cd2022b5ad12d2b987df71b383d247f2c83b0c74b,BSSA14,O18,"=IF($A$12<=BSSA14_Coeffs!$AB17,BSSA14!$N18,IF(AND($A$12>BSSA14_Coeffs!$AB17,$A$12<=BSSA14_Coeffs!$AC17),$N18+BSSA14_Coeffs!$AD17*(LN($A$12/BSSA14_Coeffs!$AB17)/(LN(BSSA14_Coeffs!$AC17/BSSA14_Coeffs!$AB17))),$N18+BSSA14_Coeffs!$AD17))"
NGAW2_GMPE_Spreadsheets_v5.7_041415_ProtectedLocked.xlsm,05c1346e3c422a9e48bf249cd2022b5ad12d2b987df71b383d247f2c83b0c74b,BSSA14,P18,"=IF($A$15>=BSSA14_Coeffs!$AG17,$O18,IF(AND($A$15>=BSSA14_Coeffs!$AF17,$A$15<=BSSA14_Coeffs!$AG17),$O18-BSSA14_Coeffs!$AE17*(LN(BSSA14_Coeffs!$AG17/$A$15)/LN(BSSA14_Coeffs!$AG17/BSSA14_Coeffs!$AF17)),$O18-BSSA14_Coeffs!$AE17))"
NGAW2_GMPE_Spreadsheets_v5.7_041415_ProtectedLocked.xlsm,05c1346e3c422a9e48bf249cd2022b5ad12d2b987df71b383d247f2c83b0c74b,BSSA14,Q18,=SQRT($M18^2+$N18^2)
NGAW2_GMPE_Spreadsheets_v5.7_041415_ProtectedLocked.xlsm,05c1346e3c422a9e48bf249cd2022b5ad12d2b987df71b383d247f2c83b0c74b,BSSA14,R18,=SQRT($M18^2+$P18^2)
NGAW2_GMPE_Spreadsheets_v5.7_041415_ProtectedLocked.xlsm,05c1346e3c422a9e48bf249cd2022b5ad12d2b987df71b383d247f2c83b0c74b,BSSA14,S18,"=BSSA_14($A$6,$A$12,$A$18,$A$21,$A$24,$A$15,$A$30,$A$27,$A$38,$D18)"
NGAW2_GMPE_Spreadsheets_v5.7_041415_ProtectedLocked.xlsm,05c1346e3c422a9e48bf249cd2022b5ad12d2b987df71b383d247f2c83b0c74b,BSSA14,T18,"=BSSA14_stdev($A$6,$A$12,$A$15,D18)"
NGAW2_GMPE_Spreadsheets_v5.7_041415_ProtectedLocked.xlsm,05c1346e3c422a9e48bf249cd2022b5ad12d2b987df71b383d247f2c83b0c74b,BSSA14,E19,"=IF($A$6<=BSSA14_Coeffs!$I18,(BSSA14_Coeffs!$B18*$A$18+BSSA14_Coeffs!$C18*$A$33+BSSA14_Coeffs!$D18*$A$24+BSSA14_Coeffs!$E18*$A$21+BSSA14_Coeffs!$F18*($A$6-BSSA14_Coeffs!$I18)+BSSA14_Coeffs!$G18*($A$6-BSSA14_Coeffs!I18)^2),(BSSA14_Coeffs!$B18*$A$18+BSSA14_Coeffs!$C18*$A$33+BSSA14_Coeffs!$D18*$A$24+BSSA14_Coeffs!$E18*$A$21+BSSA14_Coeffs!$H18*($A$6-BSSA14_Coeffs!$I18)))"
NGAW2_GMPE_Spreadsheets_v5.7_041415_ProtectedLocked.xlsm,05c1346e3c422a9e48bf249cd2022b5ad12d2b987df71b383d247f2c83b0c74b,BSSA14,F19,"=IF($A$30=0,((BSSA14_Coeffs!$J18+BSSA14_Coeffs!$K18*($A$6-BSSA14_Coeffs!$M18))*LN(SQRT(BSSA14!$A$12^2+(BSSA14_Coeffs!$O18^2))/BSSA14_Coeffs!$N18)+(BSSA14_Coeffs!$L18+BSSA14_Coeffs!$P18)*(SQRT(BSSA14!$A$12^2+(BSSA14_Coeffs!$O18^2))-BSSA14_Coeffs!$N18)),IF($A$30=1,((BSSA14_Coeffs!$J18+BSSA14_Coeffs!$K18*($A$6-BSSA14_Coeffs!$M18))*LN(SQRT(BSSA14!$A$12^2+(BSSA14_Coeffs!$O18^2))/BSSA14_Coeffs!$N18)+(BSSA14_Coeffs!$L18+BSSA14_Coeffs!$Q18)*(SQRT(BSSA14!$A$12^2+(BSSA14_Coeffs!$O18^2))-BSSA14_Coeffs!$N18)),IF($A$30=3,((BSSA14_Coeffs!$J18+BSSA14_Coeffs!$K18*($A$6-BSSA14_Coeffs!$M18))*LN(SQRT(BSSA14!$A$12^2+(BSSA14_Coeffs!$O18^2))/BSSA14_Coeffs!$N18)+(BSSA14_Coeffs!$L18+BSSA14_Coeffs!$R18)*(SQRT(BSSA14!$A$12^2+(BSSA14_Coeffs!$O18^2))-BSSA14_Coeffs!$N18)), ((BSSA14_Coeffs!$J18+BSSA14_Coeffs!$K18*($A$6-BSSA14_Coeffs!$M18))*LN(SQRT(BSSA14!$A$12^2+(BSSA14_Coeffs!$O18^2))/BSSA14_Coeffs!$N18)+(BSSA14_Coeffs!$L18+BSSA14_Coeffs!$P18)*(SQRT(BSSA14!$A$12^2+(BSSA14_Coeffs!$O18^2))-BSSA14_Coeffs!$N18)))))"
NGAW2_GMPE_Spreadsheets_v5.7_041415_ProtectedLocked.xlsm,05c1346e3c422a9e48bf249cd2022b5ad12d2b987df71b383d247f2c83b0c74b,BSSA14,G19,"=IF($A$15<= BSSA14_Coeffs!$T18, BSSA14_Coeffs!$S18 * LN(BSSA14!$A$15/ 760),  BSSA14_Coeffs!$S18* LN(BSSA14_Coeffs!$T18/ 760))"
NGAW2_GMPE_Spreadsheets_v5.7_041415_ProtectedLocked.xlsm,05c1346e3c422a9e48bf249cd2022b5ad12d2b987df71b383d247f2c83b0c74b,BSSA14,H19,"=BSSA14_Coeffs!$V18 + (BSSA14_Coeffs!$X18 * ((EXP(BSSA14_Coeffs!$Y18* (MIN($A$15,760) - 360))) - EXP(BSSA14_Coeffs!$Y18* (760 - 360)))) * LN((BSSA14!$A$38 + BSSA14_Coeffs!$W18) / BSSA14_Coeffs!$W18)"
NGAW2_GMPE_Spreadsheets_v5.7_041415_ProtectedLocked.xlsm,05c1346e3c422a9e48bf249cd2022b5ad12d2b987df71b383d247f2c83b0c74b,BSSA14,I19,"=IF($A$27=999,0,$A$27-(IF($A$30 = 0, (EXP(-7.15 / 4 * LN(($A$15 ^ 4 + 570.94 ^ 4) / (1360 ^ 4 + 570.94 ^ 4))) / 1000), IF($A$30 = 2, (EXP(-5.23 / 2 * LN(($A$15 ^ 2 + 412.39 ^ 2) / (1360 ^ 2 + 412.39 ^ 2))) / 1000), (EXP(-7.15 / 4 * LN(($A$15 ^ 4 + 570.94 ^ 4) / (1360 ^ 4 + 570.94 ^ 4))) / 1000)))))"
NGAW2_GMPE_Spreadsheets_v5.7_041415_ProtectedLocked.xlsm,05c1346e3c422a9e48bf249cd2022b5ad12d2b987df71b383d247f2c83b0c74b,BSSA14,J19,"=IF($D19 < 0.65, 0, IF(AND($D19 >= 0.65,$I19 <= (BSSA14_Coeffs!$AA18/ BSSA14_Coeffs!$Z18)), BSSA14_Coeffs!$Z18* BSSA14!$I19, IF(AND($D19>= 0.65,$I19 > (BSSA14_Coeffs!$AA18 /BSSA14_Coeffs!$Z18)), BSSA14_Coeffs!$AA18)))"
NGAW2_GMPE_Spreadsheets_v5.7_041415_ProtectedLocked.xlsm,05c1346e3c422a9e48bf249cd2022b5ad12d2b987df71b383d247f2c83b0c74b,BSSA14,K19,"=SUM(G19:H19,J19)"
NGAW2_GMPE_Spreadsheets_v5.7_041415_ProtectedLocked.xlsm,05c1346e3c422a9e48bf249cd2022b5ad12d2b987df71b383d247f2c83b0c74b,BSSA14,L19,"=EXP(SUM($E19,$F19,$K19,I19))"
NGAW2_GMPE_Spreadsheets_v5.7_041415_ProtectedLocked.xlsm,05c1346e3c422a9e48bf249cd2022b5ad12d2b987df71b383d247f2c83b0c74b,BSSA14,M19,"=IF($A$6<=4.5,BSSA14_Coeffs!$AJ18,IF(AND($A$6>4.5,$A$6<5.5),BSSA14_Coeffs!$AJ18+(BSSA14_Coeffs!$AK18-BSSA14_Coeffs!$AJ18)*(BSSA14!$A$6-4.5),BSSA14_Coeffs!$AK18))"
NGAW2_GMPE_Spreadsheets_v5.7_041415_ProtectedLocked.xlsm,05c1346e3c422a9e48bf249cd2022b5ad12d2b987df71b383d247f2c83b0c74b,BSSA14,N19,"=IF($A$6<=4.5,BSSA14_Coeffs!$AH18,IF(AND($A$6>4.5,$A$6<5.5),BSSA14_Coeffs!$AH18+(BSSA14_Coeffs!$AI18-BSSA14_Coeffs!$AH18)*(BSSA14!$A$6-4.5),BSSA14_Coeffs!$AI18))"
NGAW2_GMPE_Spreadsheets_v5.7_041415_ProtectedLocked.xlsm,05c1346e3c422a9e48bf249cd2022b5ad12d2b987df71b383d247f2c83b0c74b,BSSA14,O19,"=IF($A$12<=BSSA14_Coeffs!$AB18,BSSA14!$N19,IF(AND($A$12>BSSA14_Coeffs!$AB18,$A$12<=BSSA14_Coeffs!$AC18),$N19+BSSA14_Coeffs!$AD18*(LN($A$12/BSSA14_Coeffs!$AB18)/(LN(BSSA14_Coeffs!$AC18/BSSA14_Coeffs!$AB18))),$N19+BSSA14_Coeffs!$AD18))"
NGAW2_GMPE_Spreadsheets_v5.7_041415_ProtectedLocked.xlsm,05c1346e3c422a9e48bf249cd2022b5ad12d2b987df71b383d247f2c83b0c74b,BSSA14,P19,"=IF($A$15>=BSSA14_Coeffs!$AG18,$O19,IF(AND($A$15>=BSSA14_Coeffs!$AF18,$A$15<=BSSA14_Coeffs!$AG18),$O19-BSSA14_Coeffs!$AE18*(LN(BSSA14_Coeffs!$AG18/$A$15)/LN(BSSA14_Coeffs!$AG18/BSSA14_Coeffs!$AF18)),$O19-BSSA14_Coeffs!$AE18))"
NGAW2_GMPE_Spreadsheets_v5.7_041415_ProtectedLocked.xlsm,05c1346e3c422a9e48bf249cd2022b5ad12d2b987df71b383d247f2c83b0c74b,BSSA14,Q19,=SQRT($M19^2+$N19^2)
NGAW2_GMPE_Spreadsheets_v5.7_041415_ProtectedLocked.xlsm,05c1346e3c422a9e48bf249cd2022b5ad12d2b987df71b383d247f2c83b0c74b,BSSA14,R19,=SQRT($M19^2+$P19^2)
NGAW2_GMPE_Spreadsheets_v5.7_041415_ProtectedLocked.xlsm,05c1346e3c422a9e48bf249cd2022b5ad12d2b987df71b383d247f2c83b0c74b,BSSA14,S19,"=BSSA_14($A$6,$A$12,$A$18,$A$21,$A$24,$A$15,$A$30,$A$27,$A$38,$D19)"
NGAW2_GMPE_Spreadsheets_v5.7_041415_ProtectedLocked.xlsm,05c1346e3c422a9e48bf249cd2022b5ad12d2b987df71b383d247f2c83b0c74b,BSSA14,T19,"=BSSA14_stdev($A$6,$A$12,$A$15,D19)"
NGAW2_GMPE_Spreadsheets_v5.7_041415_ProtectedLocked.xlsm,05c1346e3c422a9e48bf249cd2022b5ad12d2b987df71b383d247f2c83b0c74b,BSSA14,E20,"=IF($A$6<=BSSA14_Coeffs!$I19,(BSSA14_Coeffs!$B19*$A$18+BSSA14_Coeffs!$C19*$A$33+BSSA14_Coeffs!$D19*$A$24+BSSA14_Coeffs!$E19*$A$21+BSSA14_Coeffs!$F19*($A$6-BSSA14_Coeffs!$I19)+BSSA14_Coeffs!$G19*($A$6-BSSA14_Coeffs!I19)^2),(BSSA14_Coeffs!$B19*$A$18+BSSA14_Coeffs!$C19*$A$33+BSSA14_Coeffs!$D19*$A$24+BSSA14_Coeffs!$E19*$A$21+BSSA14_Coeffs!$H19*($A$6-BSSA14_Coeffs!$I19)))"
NGAW2_GMPE_Spreadsheets_v5.7_041415_ProtectedLocked.xlsm,05c1346e3c422a9e48bf249cd2022b5ad12d2b987df71b383d247f2c83b0c74b,BSSA14,F20,"=IF($A$30=0,((BSSA14_Coeffs!$J19+BSSA14_Coeffs!$K19*($A$6-BSSA14_Coeffs!$M19))*LN(SQRT(BSSA14!$A$12^2+(BSSA14_Coeffs!$O19^2))/BSSA14_Coeffs!$N19)+(BSSA14_Coeffs!$L19+BSSA14_Coeffs!$P19)*(SQRT(BSSA14!$A$12^2+(BSSA14_Coeffs!$O19^2))-BSSA14_Coeffs!$N19)),IF($A$30=1,((BSSA14_Coeffs!$J19+BSSA14_Coeffs!$K19*($A$6-BSSA14_Coeffs!$M19))*LN(SQRT(BSSA14!$A$12^2+(BSSA14_Coeffs!$O19^2))/BSSA14_Coeffs!$N19)+(BSSA14_Coeffs!$L19+BSSA14_Coeffs!$Q19)*(SQRT(BSSA14!$A$12^2+(BSSA14_Coeffs!$O19^2))-BSSA14_Coeffs!$N19)),IF($A$30=3,((BSSA14_Coeffs!$J19+BSSA14_Coeffs!$K19*($A$6-BSSA14_Coeffs!$M19))*LN(SQRT(BSSA14!$A$12^2+(BSSA14_Coeffs!$O19^2))/BSSA14_Coeffs!$N19)+(BSSA14_Coeffs!$L19+BSSA14_Coeffs!$R19)*(SQRT(BSSA14!$A$12^2+(BSSA14_Coeffs!$O19^2))-BSSA14_Coeffs!$N19)), ((BSSA14_Coeffs!$J19+BSSA14_Coeffs!$K19*($A$6-BSSA14_Coeffs!$M19))*LN(SQRT(BSSA14!$A$12^2+(BSSA14_Coeffs!$O19^2))/BSSA14_Coeffs!$N19)+(BSSA14_Coeffs!$L19+BSSA14_Coeffs!$P19)*(SQRT(BSSA14!$A$12^2+(BSSA14_Coeffs!$O19^2))-BSSA14_Coeffs!$N19)))))"
NGAW2_GMPE_Spreadsheets_v5.7_041415_ProtectedLocked.xlsm,05c1346e3c422a9e48bf249cd2022b5ad12d2b987df71b383d247f2c83b0c74b,BSSA14,G20,"=IF($A$15<= BSSA14_Coeffs!$T19, BSSA14_Coeffs!$S19 * LN(BSSA14!$A$15/ 760),  BSSA14_Coeffs!$S19* LN(BSSA14_Coeffs!$T19/ 760))"
NGAW2_GMPE_Spreadsheets_v5.7_041415_ProtectedLocked.xlsm,05c1346e3c422a9e48bf249cd2022b5ad12d2b987df71b383d247f2c83b0c74b,BSSA14,H20,"=BSSA14_Coeffs!$V19 + (BSSA14_Coeffs!$X19 * ((EXP(BSSA14_Coeffs!$Y19* (MIN($A$15,760) - 360))) - EXP(BSSA14_Coeffs!$Y19* (760 - 360)))) * LN((BSSA14!$A$38 + BSSA14_Coeffs!$W19) / BSSA14_Coeffs!$W19)"
NGAW2_GMPE_Spreadsheets_v5.7_041415_ProtectedLocked.xlsm,05c1346e3c422a9e48bf249cd2022b5ad12d2b987df71b383d247f2c83b0c74b,BSSA14,I20,"=IF($A$27=999,0,$A$27-(IF($A$30 = 0, (EXP(-7.15 / 4 * LN(($A$15 ^ 4 + 570.94 ^ 4) / (1360 ^ 4 + 570.94 ^ 4))) / 1000), IF($A$30 = 2, (EXP(-5.23 / 2 * LN(($A$15 ^ 2 + 412.39 ^ 2) / (1360 ^ 2 + 412.39 ^ 2))) / 1000), (EXP(-7.15 / 4 * LN(($A$15 ^ 4 + 570.94 ^ 4) / (1360 ^ 4 + 570.94 ^ 4))) / 1000)))))"
NGAW2_GMPE_Spreadsheets_v5.7_041415_ProtectedLocked.xlsm,05c1346e3c422a9e48bf249cd2022b5ad12d2b987df71b383d247f2c83b0c74b,BSSA14,J20,"=IF($D20 < 0.65, 0, IF(AND($D20 >= 0.65,$I20 <= (BSSA14_Coeffs!$AA19/ BSSA14_Coeffs!$Z19)), BSSA14_Coeffs!$Z19* BSSA14!$I20, IF(AND($D20>= 0.65,$I20 > (BSSA14_Coeffs!$AA19 /BSSA14_Coeffs!$Z19)), BSSA14_Coeffs!$AA19)))"
NGAW2_GMPE_Spreadsheets_v5.7_041415_ProtectedLocked.xlsm,05c1346e3c422a9e48bf249cd2022b5ad12d2b987df71b383d247f2c83b0c74b,BSSA14,K20,"=SUM(G20:H20,J20)"
NGAW2_GMPE_Spreadsheets_v5.7_041415_ProtectedLocked.xlsm,05c1346e3c422a9e48bf249cd2022b5ad12d2b987df71b383d247f2c83b0c74b,BSSA14,L20,"=EXP(SUM($E20,$F20,$K20,I20))"
NGAW2_GMPE_Spreadsheets_v5.7_041415_ProtectedLocked.xlsm,05c1346e3c422a9e48bf249cd2022b5ad12d2b987df71b383d247f2c83b0c74b,BSSA14,M20,"=IF($A$6<=4.5,BSSA14_Coeffs!$AJ19,IF(AND($A$6>4.5,$A$6<5.5),BSSA14_Coeffs!$AJ19+(BSSA14_Coeffs!$AK19-BSSA14_Coeffs!$AJ19)*(BSSA14!$A$6-4.5),BSSA14_Coeffs!$AK19))"
NGAW2_GMPE_Spreadsheets_v5.7_041415_ProtectedLocked.xlsm,05c1346e3c422a9e48bf249cd2022b5ad12d2b987df71b383d247f2c83b0c74b,BSSA14,N20,"=IF($A$6<=4.5,BSSA14_Coeffs!$AH19,IF(AND($A$6>4.5,$A$6<5.5),BSSA14_Coeffs!$AH19+(BSSA14_Coeffs!$AI19-BSSA14_Coeffs!$AH19)*(BSSA14!$A$6-4.5),BSSA14_Coeffs!$AI19))"
NGAW2_GMPE_Spreadsheets_v5.7_041415_ProtectedLocked.xlsm,05c1346e3c422a9e48bf249cd2022b5ad12d2b987df71b383d247f2c83b0c74b,BSSA14,O20,"=IF($A$12<=BSSA14_Coeffs!$AB19,BSSA14!$N20,IF(AND($A$12>BSSA14_Coeffs!$AB19,$A$12<=BSSA14_Coeffs!$AC19),$N20+BSSA14_Coeffs!$AD19*(LN($A$12/BSSA14_Coeffs!$AB19)/(LN(BSSA14_Coeffs!$AC19/BSSA14_Coeffs!$AB19))),$N20+BSSA14_Coeffs!$AD19))"
NGAW2_GMPE_Spreadsheets_v5.7_041415_ProtectedLocked.xlsm,05c1346e3c422a9e48bf249cd2022b5ad12d2b987df71b383d247f2c83b0c74b,BSSA14,P20,"=IF($A$15>=BSSA14_Coeffs!$AG19,$O20,IF(AND($A$15>=BSSA14_Coeffs!$AF19,$A$15<=BSSA14_Coeffs!$AG19),$O20-BSSA14_Coeffs!$AE19*(LN(BSSA14_Coeffs!$AG19/$A$15)/LN(BSSA14_Coeffs!$AG19/BSSA14_Coeffs!$AF19)),$O20-BSSA14_Coeffs!$AE19))"
NGAW2_GMPE_Spreadsheets_v5.7_041415_ProtectedLocked.xlsm,05c1346e3c422a9e48bf249cd2022b5ad12d2b987df71b383d247f2c83b0c74b,BSSA14,Q20,=SQRT($M20^2+$N20^2)
NGAW2_GMPE_Spreadsheets_v5.7_041415_ProtectedLocked.xlsm,05c1346e3c422a9e48bf249cd2022b5ad12d2b987df71b383d247f2c83b0c74b,BSSA14,R20,=SQRT($M20^2+$P20^2)
NGAW2_GMPE_Spreadsheets_v5.7_041415_ProtectedLocked.xlsm,05c1346e3c422a9e48bf249cd2022b5ad12d2b987df71b383d247f2c83b0c74b,BSSA14,S20,"=BSSA_14($A$6,$A$12,$A$18,$A$21,$A$24,$A$15,$A$30,$A$27,$A$38,$D20)"
NGAW2_GMPE_Spreadsheets_v5.7_041415_ProtectedLocked.xlsm,05c1346e3c422a9e48bf249cd2022b5ad12d2b987df71b383d247f2c83b0c74b,BSSA14,T20,"=BSSA14_stdev($A$6,$A$12,$A$15,D20)"
NGAW2_GMPE_Spreadsheets_v5.7_041415_ProtectedLocked.xlsm,05c1346e3c422a9e48bf249cd2022b5ad12d2b987df71b383d247f2c83b0c74b,BSSA14,A21,=Main!$B$45
NGAW2_GMPE_Spreadsheets_v5.7_041415_ProtectedLocked.xlsm,05c1346e3c422a9e48bf249cd2022b5ad12d2b987df71b383d247f2c83b0c74b,BSSA14,E21,"=IF($A$6<=BSSA14_Coeffs!$I20,(BSSA14_Coeffs!$B20*$A$18+BSSA14_Coeffs!$C20*$A$33+BSSA14_Coeffs!$D20*$A$24+BSSA14_Coeffs!$E20*$A$21+BSSA14_Coeffs!$F20*($A$6-BSSA14_Coeffs!$I20)+BSSA14_Coeffs!$G20*($A$6-BSSA14_Coeffs!I20)^2),(BSSA14_Coeffs!$B20*$A$18+BSSA14_Coeffs!$C20*$A$33+BSSA14_Coeffs!$D20*$A$24+BSSA14_Coeffs!$E20*$A$21+BSSA14_Coeffs!$H20*($A$6-BSSA14_Coeffs!$I20)))"
NGAW2_GMPE_Spreadsheets_v5.7_041415_ProtectedLocked.xlsm,05c1346e3c422a9e48bf249cd2022b5ad12d2b987df71b383d247f2c83b0c74b,BSSA14,F21,"=IF($A$30=0,((BSSA14_Coeffs!$J20+BSSA14_Coeffs!$K20*($A$6-BSSA14_Coeffs!$M20))*LN(SQRT(BSSA14!$A$12^2+(BSSA14_Coeffs!$O20^2))/BSSA14_Coeffs!$N20)+(BSSA14_Coeffs!$L20+BSSA14_Coeffs!$P20)*(SQRT(BSSA14!$A$12^2+(BSSA14_Coeffs!$O20^2))-BSSA14_Coeffs!$N20)),IF($A$30=1,((BSSA14_Coeffs!$J20+BSSA14_Coeffs!$K20*($A$6-BSSA14_Coeffs!$M20))*LN(SQRT(BSSA14!$A$12^2+(BSSA14_Coeffs!$O20^2))/BSSA14_Coeffs!$N20)+(BSSA14_Coeffs!$L20+BSSA14_Coeffs!$Q20)*(SQRT(BSSA14!$A$12^2+(BSSA14_Coeffs!$O20^2))-BSSA14_Coeffs!$N20)),IF($A$30=3,((BSSA14_Coeffs!$J20+BSSA14_Coeffs!$K20*($A$6-BSSA14_Coeffs!$M20))*LN(SQRT(BSSA14!$A$12^2+(BSSA14_Coeffs!$O20^2))/BSSA14_Coeffs!$N20)+(BSSA14_Coeffs!$L20+BSSA14_Coeffs!$R20)*(SQRT(BSSA14!$A$12^2+(BSSA14_Coeffs!$O20^2))-BSSA14_Coeffs!$N20)), ((BSSA14_Coeffs!$J20+BSSA14_Coeffs!$K20*($A$6-BSSA14_Coeffs!$M20))*LN(SQRT(BSSA14!$A$12^2+(BSSA14_Coeffs!$O20^2))/BSSA14_Coeffs!$N20)+(BSSA14_Coeffs!$L20+BSSA14_Coeffs!$P20)*(SQRT(BSSA14!$A$12^2+(BSSA14_Coeffs!$O20^2))-BSSA14_Coeffs!$N20)))))"
NGAW2_GMPE_Spreadsheets_v5.7_041415_ProtectedLocked.xlsm,05c1346e3c422a9e48bf249cd2022b5ad12d2b987df71b383d247f2c83b0c74b,BSSA14,G21,"=IF($A$15<= BSSA14_Coeffs!$T20, BSSA14_Coeffs!$S20 * LN(BSSA14!$A$15/ 760),  BSSA14_Coeffs!$S20* LN(BSSA14_Coeffs!$T20/ 760))"
NGAW2_GMPE_Spreadsheets_v5.7_041415_ProtectedLocked.xlsm,05c1346e3c422a9e48bf249cd2022b5ad12d2b987df71b383d247f2c83b0c74b,BSSA14,H21,"=BSSA14_Coeffs!$V20 + (BSSA14_Coeffs!$X20 * ((EXP(BSSA14_Coeffs!$Y20* (MIN($A$15,760) - 360))) - EXP(BSSA14_Coeffs!$Y20* (760 - 360)))) * LN((BSSA14!$A$38 + BSSA14_Coeffs!$W20) / BSSA14_Coeffs!$W20)"
NGAW2_GMPE_Spreadsheets_v5.7_041415_ProtectedLocked.xlsm,05c1346e3c422a9e48bf249cd2022b5ad12d2b987df71b383d247f2c83b0c74b,BSSA14,I21,"=IF($A$27=999,0,$A$27-(IF($A$30 = 0, (EXP(-7.15 / 4 * LN(($A$15 ^ 4 + 570.94 ^ 4) / (1360 ^ 4 + 570.94 ^ 4))) / 1000), IF($A$30 = 2, (EXP(-5.23 / 2 * LN(($A$15 ^ 2 + 412.39 ^ 2) / (1360 ^ 2 + 412.39 ^ 2))) / 1000), (EXP(-7.15 / 4 * LN(($A$15 ^ 4 + 570.94 ^ 4) / (1360 ^ 4 + 570.94 ^ 4))) / 1000)))))"
NGAW2_GMPE_Spreadsheets_v5.7_041415_ProtectedLocked.xlsm,05c1346e3c422a9e48bf249cd2022b5ad12d2b987df71b383d247f2c83b0c74b,BSSA14,J21,"=IF($D21 < 0.65, 0, IF(AND($D21 >= 0.65,$I21 <= (BSSA14_Coeffs!$AA20/ BSSA14_Coeffs!$Z20)), BSSA14_Coeffs!$Z20* BSSA14!$I21, IF(AND($D21>= 0.65,$I21 > (BSSA14_Coeffs!$AA20 /BSSA14_Coeffs!$Z20)), BSSA14_Coeffs!$AA20)))"
NGAW2_GMPE_Spreadsheets_v5.7_041415_ProtectedLocked.xlsm,05c1346e3c422a9e48bf249cd2022b5ad12d2b987df71b383d247f2c83b0c74b,BSSA14,K21,"=SUM(G21:H21,J21)"
NGAW2_GMPE_Spreadsheets_v5.7_041415_ProtectedLocked.xlsm,05c1346e3c422a9e48bf249cd2022b5ad12d2b987df71b383d247f2c83b0c74b,BSSA14,L21,"=EXP(SUM($E21,$F21,$K21,I21))"
NGAW2_GMPE_Spreadsheets_v5.7_041415_ProtectedLocked.xlsm,05c1346e3c422a9e48bf249cd2022b5ad12d2b987df71b383d247f2c83b0c74b,BSSA14,M21,"=IF($A$6<=4.5,BSSA14_Coeffs!$AJ20,IF(AND($A$6>4.5,$A$6<5.5),BSSA14_Coeffs!$AJ20+(BSSA14_Coeffs!$AK20-BSSA14_Coeffs!$AJ20)*(BSSA14!$A$6-4.5),BSSA14_Coeffs!$AK20))"
NGAW2_GMPE_Spreadsheets_v5.7_041415_ProtectedLocked.xlsm,05c1346e3c422a9e48bf249cd2022b5ad12d2b987df71b383d247f2c83b0c74b,BSSA14,N21,"=IF($A$6<=4.5,BSSA14_Coeffs!$AH20,IF(AND($A$6>4.5,$A$6<5.5),BSSA14_Coeffs!$AH20+(BSSA14_Coeffs!$AI20-BSSA14_Coeffs!$AH20)*(BSSA14!$A$6-4.5),BSSA14_Coeffs!$AI20))"
NGAW2_GMPE_Spreadsheets_v5.7_041415_ProtectedLocked.xlsm,05c1346e3c422a9e48bf249cd2022b5ad12d2b987df71b383d247f2c83b0c74b,BSSA14,O21,"=IF($A$12<=BSSA14_Coeffs!$AB20,BSSA14!$N21,IF(AND($A$12>BSSA14_Coeffs!$AB20,$A$12<=BSSA14_Coeffs!$AC20),$N21+BSSA14_Coeffs!$AD20*(LN($A$12/BSSA14_Coeffs!$AB20)/(LN(BSSA14_Coeffs!$AC20/BSSA14_Coeffs!$AB20))),$N21+BSSA14_Coeffs!$AD20))"
NGAW2_GMPE_Spreadsheets_v5.7_041415_ProtectedLocked.xlsm,05c1346e3c422a9e48bf249cd2022b5ad12d2b987df71b383d247f2c83b0c74b,BSSA14,P21,"=IF($A$15>=BSSA14_Coeffs!$AG20,$O21,IF(AND($A$15>=BSSA14_Coeffs!$AF20,$A$15<=BSSA14_Coeffs!$AG20),$O21-BSSA14_Coeffs!$AE20*(LN(BSSA14_Coeffs!$AG20/$A$15)/LN(BSSA14_Coeffs!$AG20/BSSA14_Coeffs!$AF20)),$O21-BSSA14_Coeffs!$AE20))"
NGAW2_GMPE_Spreadsheets_v5.7_041415_ProtectedLocked.xlsm,05c1346e3c422a9e48bf249cd2022b5ad12d2b987df71b383d247f2c83b0c74b,BSSA14,Q21,=SQRT($M21^2+$N21^2)
NGAW2_GMPE_Spreadsheets_v5.7_041415_ProtectedLocked.xlsm,05c1346e3c422a9e48bf249cd2022b5ad12d2b987df71b383d247f2c83b0c74b,BSSA14,R21,=SQRT($M21^2+$P21^2)
NGAW2_GMPE_Spreadsheets_v5.7_041415_ProtectedLocked.xlsm,05c1346e3c422a9e48bf249cd2022b5ad12d2b987df71b383d247f2c83b0c74b,BSSA14,S21,"=BSSA_14($A$6,$A$12,$A$18,$A$21,$A$24,$A$15,$A$30,$A$27,$A$38,$D21)"
NGAW2_GMPE_Spreadsheets_v5.7_041415_ProtectedLocked.xlsm,05c1346e3c422a9e48bf249cd2022b5ad12d2b987df71b383d247f2c83b0c74b,BSSA14,T21,"=BSSA14_stdev($A$6,$A$12,$A$15,D21)"
NGAW2_GMPE_Spreadsheets_v5.7_041415_ProtectedLocked.xlsm,05c1346e3c422a9e48bf249cd2022b5ad12d2b987df71b383d247f2c83b0c74b,BSSA14,E22,"=IF($A$6<=BSSA14_Coeffs!$I21,(BSSA14_Coeffs!$B21*$A$18+BSSA14_Coeffs!$C21*$A$33+BSSA14_Coeffs!$D21*$A$24+BSSA14_Coeffs!$E21*$A$21+BSSA14_Coeffs!$F21*($A$6-BSSA14_Coeffs!$I21)+BSSA14_Coeffs!$G21*($A$6-BSSA14_Coeffs!I21)^2),(BSSA14_Coeffs!$B21*$A$18+BSSA14_Coeffs!$C21*$A$33+BSSA14_Coeffs!$D21*$A$24+BSSA14_Coeffs!$E21*$A$21+BSSA14_Coeffs!$H21*($A$6-BSSA14_Coeffs!$I21)))"
NGAW2_GMPE_Spreadsheets_v5.7_041415_ProtectedLocked.xlsm,05c1346e3c422a9e48bf249cd2022b5ad12d2b987df71b383d247f2c83b0c74b,BSSA14,F22,"=IF($A$30=0,((BSSA14_Coeffs!$J21+BSSA14_Coeffs!$K21*($A$6-BSSA14_Coeffs!$M21))*LN(SQRT(BSSA14!$A$12^2+(BSSA14_Coeffs!$O21^2))/BSSA14_Coeffs!$N21)+(BSSA14_Coeffs!$L21+BSSA14_Coeffs!$P21)*(SQRT(BSSA14!$A$12^2+(BSSA14_Coeffs!$O21^2))-BSSA14_Coeffs!$N21)),IF($A$30=1,((BSSA14_Coeffs!$J21+BSSA14_Coeffs!$K21*($A$6-BSSA14_Coeffs!$M21))*LN(SQRT(BSSA14!$A$12^2+(BSSA14_Coeffs!$O21^2))/BSSA14_Coeffs!$N21)+(BSSA14_Coeffs!$L21+BSSA14_Coeffs!$Q21)*(SQRT(BSSA14!$A$12^2+(BSSA14_Coeffs!$O21^2))-BSSA14_Coeffs!$N21)),IF($A$30=3,((BSSA14_Coeffs!$J21+BSSA14_Coeffs!$K21*($A$6-BSSA14_Coeffs!$M21))*LN(SQRT(BSSA14!$A$12^2+(BSSA14_Coeffs!$O21^2))/BSSA14_Coeffs!$N21)+(BSSA14_Coeffs!$L21+BSSA14_Coeffs!$R21)*(SQRT(BSSA14!$A$12^2+(BSSA14_Coeffs!$O21^2))-BSSA14_Coeffs!$N21)), ((BSSA14_Coeffs!$J21+BSSA14_Coeffs!$K21*($A$6-BSSA14_Coeffs!$M21))*LN(SQRT(BSSA14!$A$12^2+(BSSA14_Coeffs!$O21^2))/BSSA14_Coeffs!$N21)+(BSSA14_Coeffs!$L21+BSSA14_Coeffs!$P21)*(SQRT(BSSA14!$A$12^2+(BSSA14_Coeffs!$O21^2))-BSSA14_Coeffs!$N21)))))"
NGAW2_GMPE_Spreadsheets_v5.7_041415_ProtectedLocked.xlsm,05c1346e3c422a9e48bf249cd2022b5ad12d2b987df71b383d247f2c83b0c74b,BSSA14,G22,"=IF($A$15<= BSSA14_Coeffs!$T21, BSSA14_Coeffs!$S21 * LN(BSSA14!$A$15/ 760),  BSSA14_Coeffs!$S21* LN(BSSA14_Coeffs!$T21/ 760))"
NGAW2_GMPE_Spreadsheets_v5.7_041415_ProtectedLocked.xlsm,05c1346e3c422a9e48bf249cd2022b5ad12d2b987df71b383d247f2c83b0c74b,BSSA14,H22,"=BSSA14_Coeffs!$V21 + (BSSA14_Coeffs!$X21 * ((EXP(BSSA14_Coeffs!$Y21* (MIN($A$15,760) - 360))) - EXP(BSSA14_Coeffs!$Y21* (760 - 360)))) * LN((BSSA14!$A$38 + BSSA14_Coeffs!$W21) / BSSA14_Coeffs!$W21)"
NGAW2_GMPE_Spreadsheets_v5.7_041415_ProtectedLocked.xlsm,05c1346e3c422a9e48bf249cd2022b5ad12d2b987df71b383d247f2c83b0c74b,BSSA14,I22,"=IF($A$27=999,0,$A$27-(IF($A$30 = 0, (EXP(-7.15 / 4 * LN(($A$15 ^ 4 + 570.94 ^ 4) / (1360 ^ 4 + 570.94 ^ 4))) / 1000), IF($A$30 = 2, (EXP(-5.23 / 2 * LN(($A$15 ^ 2 + 412.39 ^ 2) / (1360 ^ 2 + 412.39 ^ 2))) / 1000), (EXP(-7.15 / 4 * LN(($A$15 ^ 4 + 570.94 ^ 4) / (1360 ^ 4 + 570.94 ^ 4))) / 1000)))))"
NGAW2_GMPE_Spreadsheets_v5.7_041415_ProtectedLocked.xlsm,05c1346e3c422a9e48bf249cd2022b5ad12d2b987df71b383d247f2c83b0c74b,BSSA14,J22,"=IF($D22 < 0.65, 0, IF(AND($D22 >= 0.65,$I22 <= (BSSA14_Coeffs!$AA21/ BSSA14_Coeffs!$Z21)), BSSA14_Coeffs!$Z21* BSSA14!$I22, IF(AND($D22>= 0.65,$I22 > (BSSA14_Coeffs!$AA21 /BSSA14_Coeffs!$Z21)), BSSA14_Coeffs!$AA21)))"
NGAW2_GMPE_Spreadsheets_v5.7_041415_ProtectedLocked.xlsm,05c1346e3c422a9e48bf249cd2022b5ad12d2b987df71b383d247f2c83b0c74b,BSSA14,K22,"=SUM(G22:H22,J22)"
NGAW2_GMPE_Spreadsheets_v5.7_041415_ProtectedLocked.xlsm,05c1346e3c422a9e48bf249cd2022b5ad12d2b987df71b383d247f2c83b0c74b,BSSA14,L22,"=EXP(SUM($E22,$F22,$K22,I22))"
NGAW2_GMPE_Spreadsheets_v5.7_041415_ProtectedLocked.xlsm,05c1346e3c422a9e48bf249cd2022b5ad12d2b987df71b383d247f2c83b0c74b,BSSA14,M22,"=IF($A$6<=4.5,BSSA14_Coeffs!$AJ21,IF(AND($A$6>4.5,$A$6<5.5),BSSA14_Coeffs!$AJ21+(BSSA14_Coeffs!$AK21-BSSA14_Coeffs!$AJ21)*(BSSA14!$A$6-4.5),BSSA14_Coeffs!$AK21))"
NGAW2_GMPE_Spreadsheets_v5.7_041415_ProtectedLocked.xlsm,05c1346e3c422a9e48bf249cd2022b5ad12d2b987df71b383d247f2c83b0c74b,BSSA14,N22,"=IF($A$6<=4.5,BSSA14_Coeffs!$AH21,IF(AND($A$6>4.5,$A$6<5.5),BSSA14_Coeffs!$AH21+(BSSA14_Coeffs!$AI21-BSSA14_Coeffs!$AH21)*(BSSA14!$A$6-4.5),BSSA14_Coeffs!$AI21))"
NGAW2_GMPE_Spreadsheets_v5.7_041415_ProtectedLocked.xlsm,05c1346e3c422a9e48bf249cd2022b5ad12d2b987df71b383d247f2c83b0c74b,BSSA14,O22,"=IF($A$12<=BSSA14_Coeffs!$AB21,BSSA14!$N22,IF(AND($A$12>BSSA14_Coeffs!$AB21,$A$12<=BSSA14_Coeffs!$AC21),$N22+BSSA14_Coeffs!$AD21*(LN($A$12/BSSA14_Coeffs!$AB21)/(LN(BSSA14_Coeffs!$AC21/BSSA14_Coeffs!$AB21))),$N22+BSSA14_Coeffs!$AD21))"
NGAW2_GMPE_Spreadsheets_v5.7_041415_ProtectedLocked.xlsm,05c1346e3c422a9e48bf249cd2022b5ad12d2b987df71b383d247f2c83b0c74b,BSSA14,P22,"=IF($A$15>=BSSA14_Coeffs!$AG21,$O22,IF(AND($A$15>=BSSA14_Coeffs!$AF21,$A$15<=BSSA14_Coeffs!$AG21),$O22-BSSA14_Coeffs!$AE21*(LN(BSSA14_Coeffs!$AG21/$A$15)/LN(BSSA14_Coeffs!$AG21/BSSA14_Coeffs!$AF21)),$O22-BSSA14_Coeffs!$AE21))"
NGAW2_GMPE_Spreadsheets_v5.7_041415_ProtectedLocked.xlsm,05c1346e3c422a9e48bf249cd2022b5ad12d2b987df71b383d247f2c83b0c74b,BSSA14,Q22,=SQRT($M22^2+$N22^2)
NGAW2_GMPE_Spreadsheets_v5.7_041415_ProtectedLocked.xlsm,05c1346e3c422a9e48bf249cd2022b5ad12d2b987df71b383d247f2c83b0c74b,BSSA14,R22,=SQRT($M22^2+$P22^2)
NGAW2_GMPE_Spreadsheets_v5.7_041415_ProtectedLocked.xlsm,05c1346e3c422a9e48bf249cd2022b5ad12d2b987df71b383d247f2c83b0c74b,BSSA14,S22,"=BSSA_14($A$6,$A$12,$A$18,$A$21,$A$24,$A$15,$A$30,$A$27,$A$38,$D22)"
NGAW2_GMPE_Spreadsheets_v5.7_041415_ProtectedLocked.xlsm,05c1346e3c422a9e48bf249cd2022b5ad12d2b987df71b383d247f2c83b0c74b,BSSA14,T22,"=BSSA14_stdev($A$6,$A$12,$A$15,D22)"
NGAW2_GMPE_Spreadsheets_v5.7_041415_ProtectedLocked.xlsm,05c1346e3c422a9e48bf249cd2022b5ad12d2b987df71b383d247f2c83b0c74b,BSSA14,E23,"=IF($A$6<=BSSA14_Coeffs!$I22,(BSSA14_Coeffs!$B22*$A$18+BSSA14_Coeffs!$C22*$A$33+BSSA14_Coeffs!$D22*$A$24+BSSA14_Coeffs!$E22*$A$21+BSSA14_Coeffs!$F22*($A$6-BSSA14_Coeffs!$I22)+BSSA14_Coeffs!$G22*($A$6-BSSA14_Coeffs!I22)^2),(BSSA14_Coeffs!$B22*$A$18+BSSA14_Coeffs!$C22*$A$33+BSSA14_Coeffs!$D22*$A$24+BSSA14_Coeffs!$E22*$A$21+BSSA14_Coeffs!$H22*($A$6-BSSA14_Coeffs!$I22)))"
NGAW2_GMPE_Spreadsheets_v5.7_041415_ProtectedLocked.xlsm,05c1346e3c422a9e48bf249cd2022b5ad12d2b987df71b383d247f2c83b0c74b,BSSA14,F23,"=IF($A$30=0,((BSSA14_Coeffs!$J22+BSSA14_Coeffs!$K22*($A$6-BSSA14_Coeffs!$M22))*LN(SQRT(BSSA14!$A$12^2+(BSSA14_Coeffs!$O22^2))/BSSA14_Coeffs!$N22)+(BSSA14_Coeffs!$L22+BSSA14_Coeffs!$P22)*(SQRT(BSSA14!$A$12^2+(BSSA14_Coeffs!$O22^2))-BSSA14_Coeffs!$N22)),IF($A$30=1,((BSSA14_Coeffs!$J22+BSSA14_Coeffs!$K22*($A$6-BSSA14_Coeffs!$M22))*LN(SQRT(BSSA14!$A$12^2+(BSSA14_Coeffs!$O22^2))/BSSA14_Coeffs!$N22)+(BSSA14_Coeffs!$L22+BSSA14_Coeffs!$Q22)*(SQRT(BSSA14!$A$12^2+(BSSA14_Coeffs!$O22^2))-BSSA14_Coeffs!$N22)),IF($A$30=3,((BSSA14_Coeffs!$J22+BSSA14_Coeffs!$K22*($A$6-BSSA14_Coeffs!$M22))*LN(SQRT(BSSA14!$A$12^2+(BSSA14_Coeffs!$O22^2))/BSSA14_Coeffs!$N22)+(BSSA14_Coeffs!$L22+BSSA14_Coeffs!$R22)*(SQRT(BSSA14!$A$12^2+(BSSA14_Coeffs!$O22^2))-BSSA14_Coeffs!$N22)), ((BSSA14_Coeffs!$J22+BSSA14_Coeffs!$K22*($A$6-BSSA14_Coeffs!$M22))*LN(SQRT(BSSA14!$A$12^2+(BSSA14_Coeffs!$O22^2))/BSSA14_Coeffs!$N22)+(BSSA14_Coeffs!$L22+BSSA14_Coeffs!$P22)*(SQRT(BSSA14!$A$12^2+(BSSA14_Coeffs!$O22^2))-BSSA14_Coeffs!$N22)))))"
NGAW2_GMPE_Spreadsheets_v5.7_041415_ProtectedLocked.xlsm,05c1346e3c422a9e48bf249cd2022b5ad12d2b987df71b383d247f2c83b0c74b,BSSA14,G23,"=IF($A$15<= BSSA14_Coeffs!$T22, BSSA14_Coeffs!$S22 * LN(BSSA14!$A$15/ 760),  BSSA14_Coeffs!$S22* LN(BSSA14_Coeffs!$T22/ 760))"
NGAW2_GMPE_Spreadsheets_v5.7_041415_ProtectedLocked.xlsm,05c1346e3c422a9e48bf249cd2022b5ad12d2b987df71b383d247f2c83b0c74b,BSSA14,H23,"=BSSA14_Coeffs!$V22 + (BSSA14_Coeffs!$X22 * ((EXP(BSSA14_Coeffs!$Y22* (MIN($A$15,760) - 360))) - EXP(BSSA14_Coeffs!$Y22* (760 - 360)))) * LN((BSSA14!$A$38 + BSSA14_Coeffs!$W22) / BSSA14_Coeffs!$W22)"
NGAW2_GMPE_Spreadsheets_v5.7_041415_ProtectedLocked.xlsm,05c1346e3c422a9e48bf249cd2022b5ad12d2b987df71b383d247f2c83b0c74b,BSSA14,I23,"=IF($A$27=999,0,$A$27-(IF($A$30 = 0, (EXP(-7.15 / 4 * LN(($A$15 ^ 4 + 570.94 ^ 4) / (1360 ^ 4 + 570.94 ^ 4))) / 1000), IF($A$30 = 2, (EXP(-5.23 / 2 * LN(($A$15 ^ 2 + 412.39 ^ 2) / (1360 ^ 2 + 412.39 ^ 2))) / 1000), (EXP(-7.15 / 4 * LN(($A$15 ^ 4 + 570.94 ^ 4) / (1360 ^ 4 + 570.94 ^ 4))) / 1000)))))"
NGAW2_GMPE_Spreadsheets_v5.7_041415_ProtectedLocked.xlsm,05c1346e3c422a9e48bf249cd2022b5ad12d2b987df71b383d247f2c83b0c74b,BSSA14,J23,"=IF($D23 < 0.65, 0, IF(AND($D23 >= 0.65,$I23 <= (BSSA14_Coeffs!$AA22/ BSSA14_Coeffs!$Z22)), BSSA14_Coeffs!$Z22* BSSA14!$I23, IF(AND($D23>= 0.65,$I23 > (BSSA14_Coeffs!$AA22 /BSSA14_Coeffs!$Z22)), BSSA14_Coeffs!$AA22)))"
NGAW2_GMPE_Spreadsheets_v5.7_041415_ProtectedLocked.xlsm,05c1346e3c422a9e48bf249cd2022b5ad12d2b987df71b383d247f2c83b0c74b,BSSA14,K23,"=SUM(G23:H23,J23)"
NGAW2_GMPE_Spreadsheets_v5.7_041415_ProtectedLocked.xlsm,05c1346e3c422a9e48bf249cd2022b5ad12d2b987df71b383d247f2c83b0c74b,BSSA14,L23,"=EXP(SUM($E23,$F23,$K23,I23))"
NGAW2_GMPE_Spreadsheets_v5.7_041415_ProtectedLocked.xlsm,05c1346e3c422a9e48bf249cd2022b5ad12d2b987df71b383d247f2c83b0c74b,BSSA14,M23,"=IF($A$6<=4.5,BSSA14_Coeffs!$AJ22,IF(AND($A$6>4.5,$A$6<5.5),BSSA14_Coeffs!$AJ22+(BSSA14_Coeffs!$AK22-BSSA14_Coeffs!$AJ22)*(BSSA14!$A$6-4.5),BSSA14_Coeffs!$AK22))"
NGAW2_GMPE_Spreadsheets_v5.7_041415_ProtectedLocked.xlsm,05c1346e3c422a9e48bf249cd2022b5ad12d2b987df71b383d247f2c83b0c74b,BSSA14,N23,"=IF($A$6<=4.5,BSSA14_Coeffs!$AH22,IF(AND($A$6>4.5,$A$6<5.5),BSSA14_Coeffs!$AH22+(BSSA14_Coeffs!$AI22-BSSA14_Coeffs!$AH22)*(BSSA14!$A$6-4.5),BSSA14_Coeffs!$AI22))"
NGAW2_GMPE_Spreadsheets_v5.7_041415_ProtectedLocked.xlsm,05c1346e3c422a9e48bf249cd2022b5ad12d2b987df71b383d247f2c83b0c74b,BSSA14,O23,"=IF($A$12<=BSSA14_Coeffs!$AB22,BSSA14!$N23,IF(AND($A$12>BSSA14_Coeffs!$AB22,$A$12<=BSSA14_Coeffs!$AC22),$N23+BSSA14_Coeffs!$AD22*(LN($A$12/BSSA14_Coeffs!$AB22)/(LN(BSSA14_Coeffs!$AC22/BSSA14_Coeffs!$AB22))),$N23+BSSA14_Coeffs!$AD22))"
NGAW2_GMPE_Spreadsheets_v5.7_041415_ProtectedLocked.xlsm,05c1346e3c422a9e48bf249cd2022b5ad12d2b987df71b383d247f2c83b0c74b,BSSA14,P23,"=IF($A$15>=BSSA14_Coeffs!$AG22,$O23,IF(AND($A$15>=BSSA14_Coeffs!$AF22,$A$15<=BSSA14_Coeffs!$AG22),$O23-BSSA14_Coeffs!$AE22*(LN(BSSA14_Coeffs!$AG22/$A$15)/LN(BSSA14_Coeffs!$AG22/BSSA14_Coeffs!$AF22)),$O23-BSSA14_Coeffs!$AE22))"
NGAW2_GMPE_Spreadsheets_v5.7_041415_ProtectedLocked.xlsm,05c1346e3c422a9e48bf249cd2022b5ad12d2b987df71b383d247f2c83b0c74b,BSSA14,Q23,=SQRT($M23^2+$N23^2)
NGAW2_GMPE_Spreadsheets_v5.7_041415_ProtectedLocked.xlsm,05c1346e3c422a9e48bf249cd2022b5ad12d2b987df71b383d247f2c83b0c74b,BSSA14,R23,=SQRT($M23^2+$P23^2)
NGAW2_GMPE_Spreadsheets_v5.7_041415_ProtectedLocked.xlsm,05c1346e3c422a9e48bf249cd2022b5ad12d2b987df71b383d247f2c83b0c74b,BSSA14,S23,"=BSSA_14($A$6,$A$12,$A$18,$A$21,$A$24,$A$15,$A$30,$A$27,$A$38,$D23)"
NGAW2_GMPE_Spreadsheets_v5.7_041415_ProtectedLocked.xlsm,05c1346e3c422a9e48bf249cd2022b5ad12d2b987df71b383d247f2c83b0c74b,BSSA14,T23,"=BSSA14_stdev($A$6,$A$12,$A$15,D23)"
NGAW2_GMPE_Spreadsheets_v5.7_041415_ProtectedLocked.xlsm,05c1346e3c422a9e48bf249cd2022b5ad12d2b987df71b383d247f2c83b0c74b,BSSA14,A24,=Main!$B$48
NGAW2_GMPE_Spreadsheets_v5.7_041415_ProtectedLocked.xlsm,05c1346e3c422a9e48bf249cd2022b5ad12d2b987df71b383d247f2c83b0c74b,BSSA14,E24,"=IF($A$6<=BSSA14_Coeffs!$I23,(BSSA14_Coeffs!$B23*$A$18+BSSA14_Coeffs!$C23*$A$33+BSSA14_Coeffs!$D23*$A$24+BSSA14_Coeffs!$E23*$A$21+BSSA14_Coeffs!$F23*($A$6-BSSA14_Coeffs!$I23)+BSSA14_Coeffs!$G23*($A$6-BSSA14_Coeffs!I23)^2),(BSSA14_Coeffs!$B23*$A$18+BSSA14_Coeffs!$C23*$A$33+BSSA14_Coeffs!$D23*$A$24+BSSA14_Coeffs!$E23*$A$21+BSSA14_Coeffs!$H23*($A$6-BSSA14_Coeffs!$I23)))"
NGAW2_GMPE_Spreadsheets_v5.7_041415_ProtectedLocked.xlsm,05c1346e3c422a9e48bf249cd2022b5ad12d2b987df71b383d247f2c83b0c74b,BSSA14,F24,"=IF($A$30=0,((BSSA14_Coeffs!$J23+BSSA14_Coeffs!$K23*($A$6-BSSA14_Coeffs!$M23))*LN(SQRT(BSSA14!$A$12^2+(BSSA14_Coeffs!$O23^2))/BSSA14_Coeffs!$N23)+(BSSA14_Coeffs!$L23+BSSA14_Coeffs!$P23)*(SQRT(BSSA14!$A$12^2+(BSSA14_Coeffs!$O23^2))-BSSA14_Coeffs!$N23)),IF($A$30=1,((BSSA14_Coeffs!$J23+BSSA14_Coeffs!$K23*($A$6-BSSA14_Coeffs!$M23))*LN(SQRT(BSSA14!$A$12^2+(BSSA14_Coeffs!$O23^2))/BSSA14_Coeffs!$N23)+(BSSA14_Coeffs!$L23+BSSA14_Coeffs!$Q23)*(SQRT(BSSA14!$A$12^2+(BSSA14_Coeffs!$O23^2))-BSSA14_Coeffs!$N23)),IF($A$30=3,((BSSA14_Coeffs!$J23+BSSA14_Coeffs!$K23*($A$6-BSSA14_Coeffs!$M23))*LN(SQRT(BSSA14!$A$12^2+(BSSA14_Coeffs!$O23^2))/BSSA14_Coeffs!$N23)+(BSSA14_Coeffs!$L23+BSSA14_Coeffs!$R23)*(SQRT(BSSA14!$A$12^2+(BSSA14_Coeffs!$O23^2))-BSSA14_Coeffs!$N23)), ((BSSA14_Coeffs!$J23+BSSA14_Coeffs!$K23*($A$6-BSSA14_Coeffs!$M23))*LN(SQRT(BSSA14!$A$12^2+(BSSA14_Coeffs!$O23^2))/BSSA14_Coeffs!$N23)+(BSSA14_Coeffs!$L23+BSSA14_Coeffs!$P23)*(SQRT(BSSA14!$A$12^2+(BSSA14_Coeffs!$O23^2))-BSSA14_Coeffs!$N23)))))"
NGAW2_GMPE_Spreadsheets_v5.7_041415_ProtectedLocked.xlsm,05c1346e3c422a9e48bf249cd2022b5ad12d2b987df71b383d247f2c83b0c74b,BSSA14,G24,"=IF($A$15<= BSSA14_Coeffs!$T23, BSSA14_Coeffs!$S23 * LN(BSSA14!$A$15/ 760),  BSSA14_Coeffs!$S23* LN(BSSA14_Coeffs!$T23/ 760))"
NGAW2_GMPE_Spreadsheets_v5.7_041415_ProtectedLocked.xlsm,05c1346e3c422a9e48bf249cd2022b5ad12d2b987df71b383d247f2c83b0c74b,BSSA14,H24,"=BSSA14_Coeffs!$V23 + (BSSA14_Coeffs!$X23 * ((EXP(BSSA14_Coeffs!$Y23* (MIN($A$15,760) - 360))) - EXP(BSSA14_Coeffs!$Y23* (760 - 360)))) * LN((BSSA14!$A$38 + BSSA14_Coeffs!$W23) / BSSA14_Coeffs!$W23)"
NGAW2_GMPE_Spreadsheets_v5.7_041415_ProtectedLocked.xlsm,05c1346e3c422a9e48bf249cd2022b5ad12d2b987df71b383d247f2c83b0c74b,BSSA14,I24,"=IF($A$27=999,0,$A$27-(IF($A$30 = 0, (EXP(-7.15 / 4 * LN(($A$15 ^ 4 + 570.94 ^ 4) / (1360 ^ 4 + 570.94 ^ 4))) / 1000), IF($A$30 = 2, (EXP(-5.23 / 2 * LN(($A$15 ^ 2 + 412.39 ^ 2) / (1360 ^ 2 + 412.39 ^ 2))) / 1000), (EXP(-7.15 / 4 * LN(($A$15 ^ 4 + 570.94 ^ 4) / (1360 ^ 4 + 570.94 ^ 4))) / 1000)))))"
NGAW2_GMPE_Spreadsheets_v5.7_041415_ProtectedLocked.xlsm,05c1346e3c422a9e48bf249cd2022b5ad12d2b987df71b383d247f2c83b0c74b,BSSA14,J24,"=IF($D24 < 0.65, 0, IF(AND($D24 >= 0.65,$I24 <= (BSSA14_Coeffs!$AA23/ BSSA14_Coeffs!$Z23)), BSSA14_Coeffs!$Z23* BSSA14!$I24, IF(AND($D24>= 0.65,$I24 > (BSSA14_Coeffs!$AA23 /BSSA14_Coeffs!$Z23)), BSSA14_Coeffs!$AA23)))"
NGAW2_GMPE_Spreadsheets_v5.7_041415_ProtectedLocked.xlsm,05c1346e3c422a9e48bf249cd2022b5ad12d2b987df71b383d247f2c83b0c74b,BSSA14,K24,"=SUM(G24:H24,J24)"
NGAW2_GMPE_Spreadsheets_v5.7_041415_ProtectedLocked.xlsm,05c1346e3c422a9e48bf249cd2022b5ad12d2b987df71b383d247f2c83b0c74b,BSSA14,L24,"=EXP(SUM($E24,$F24,$K24,I24))"
NGAW2_GMPE_Spreadsheets_v5.7_041415_ProtectedLocked.xlsm,05c1346e3c422a9e48bf249cd2022b5ad12d2b987df71b383d247f2c83b0c74b,BSSA14,M24,"=IF($A$6<=4.5,BSSA14_Coeffs!$AJ23,IF(AND($A$6>4.5,$A$6<5.5),BSSA14_Coeffs!$AJ23+(BSSA14_Coeffs!$AK23-BSSA14_Coeffs!$AJ23)*(BSSA14!$A$6-4.5),BSSA14_Coeffs!$AK23))"
NGAW2_GMPE_Spreadsheets_v5.7_041415_ProtectedLocked.xlsm,05c1346e3c422a9e48bf249cd2022b5ad12d2b987df71b383d247f2c83b0c74b,BSSA14,N24,"=IF($A$6<=4.5,BSSA14_Coeffs!$AH23,IF(AND($A$6>4.5,$A$6<5.5),BSSA14_Coeffs!$AH23+(BSSA14_Coeffs!$AI23-BSSA14_Coeffs!$AH23)*(BSSA14!$A$6-4.5),BSSA14_Coeffs!$AI23))"
NGAW2_GMPE_Spreadsheets_v5.7_041415_ProtectedLocked.xlsm,05c1346e3c422a9e48bf249cd2022b5ad12d2b987df71b383d247f2c83b0c74b,BSSA14,O24,"=IF($A$12<=BSSA14_Coeffs!$AB23,BSSA14!$N24,IF(AND($A$12>BSSA14_Coeffs!$AB23,$A$12<=BSSA14_Coeffs!$AC23),$N24+BSSA14_Coeffs!$AD23*(LN($A$12/BSSA14_Coeffs!$AB23)/(LN(BSSA14_Coeffs!$AC23/BSSA14_Coeffs!$AB23))),$N24+BSSA14_Coeffs!$AD23))"
NGAW2_GMPE_Spreadsheets_v5.7_041415_ProtectedLocked.xlsm,05c1346e3c422a9e48bf249cd2022b5ad12d2b987df71b383d247f2c83b0c74b,BSSA14,P24,"=IF($A$15>=BSSA14_Coeffs!$AG23,$O24,IF(AND($A$15>=BSSA14_Coeffs!$AF23,$A$15<=BSSA14_Coeffs!$AG23),$O24-BSSA14_Coeffs!$AE23*(LN(BSSA14_Coeffs!$AG23/$A$15)/LN(BSSA14_Coeffs!$AG23/BSSA14_Coeffs!$AF23)),$O24-BSSA14_Coeffs!$AE23))"
NGAW2_GMPE_Spreadsheets_v5.7_041415_ProtectedLocked.xlsm,05c1346e3c422a9e48bf249cd2022b5ad12d2b987df71b383d247f2c83b0c74b,BSSA14,Q24,=SQRT($M24^2+$N24^2)
NGAW2_GMPE_Spreadsheets_v5.7_041415_ProtectedLocked.xlsm,05c1346e3c422a9e48bf249cd2022b5ad12d2b987df71b383d247f2c83b0c74b,BSSA14,R24,=SQRT($M24^2+$P24^2)
NGAW2_GMPE_Spreadsheets_v5.7_041415_ProtectedLocked.xlsm,05c1346e3c422a9e48bf249cd2022b5ad12d2b987df71b383d247f2c83b0c74b,BSSA14,S24,"=BSSA_14($A$6,$A$12,$A$18,$A$21,$A$24,$A$15,$A$30,$A$27,$A$38,$D24)"
NGAW2_GMPE_Spreadsheets_v5.7_041415_ProtectedLocked.xlsm,05c1346e3c422a9e48bf249cd2022b5ad12d2b987df71b383d247f2c83b0c74b,BSSA14,T24,"=BSSA14_stdev($A$6,$A$12,$A$15,D24)"
NGAW2_GMPE_Spreadsheets_v5.7_041415_ProtectedLocked.xlsm,05c1346e3c422a9e48bf249cd2022b5ad12d2b987df71b383d247f2c83b0c74b,BSSA14,E25,"=IF($A$6<=BSSA14_Coeffs!$I24,(BSSA14_Coeffs!$B24*$A$18+BSSA14_Coeffs!$C24*$A$33+BSSA14_Coeffs!$D24*$A$24+BSSA14_Coeffs!$E24*$A$21+BSSA14_Coeffs!$F24*($A$6-BSSA14_Coeffs!$I24)+BSSA14_Coeffs!$G24*($A$6-BSSA14_Coeffs!I24)^2),(BSSA14_Coeffs!$B24*$A$18+BSSA14_Coeffs!$C24*$A$33+BSSA14_Coeffs!$D24*$A$24+BSSA14_Coeffs!$E24*$A$21+BSSA14_Coeffs!$H24*($A$6-BSSA14_Coeffs!$I24)))"
NGAW2_GMPE_Spreadsheets_v5.7_041415_ProtectedLocked.xlsm,05c1346e3c422a9e48bf249cd2022b5ad12d2b987df71b383d247f2c83b0c74b,BSSA14,F25,"=IF($A$30=0,((BSSA14_Coeffs!$J24+BSSA14_Coeffs!$K24*($A$6-BSSA14_Coeffs!$M24))*LN(SQRT(BSSA14!$A$12^2+(BSSA14_Coeffs!$O24^2))/BSSA14_Coeffs!$N24)+(BSSA14_Coeffs!$L24+BSSA14_Coeffs!$P24)*(SQRT(BSSA14!$A$12^2+(BSSA14_Coeffs!$O24^2))-BSSA14_Coeffs!$N24)),IF($A$30=1,((BSSA14_Coeffs!$J24+BSSA14_Coeffs!$K24*($A$6-BSSA14_Coeffs!$M24))*LN(SQRT(BSSA14!$A$12^2+(BSSA14_Coeffs!$O24^2))/BSSA14_Coeffs!$N24)+(BSSA14_Coeffs!$L24+BSSA14_Coeffs!$Q24)*(SQRT(BSSA14!$A$12^2+(BSSA14_Coeffs!$O24^2))-BSSA14_Coeffs!$N24)),IF($A$30=3,((BSSA14_Coeffs!$J24+BSSA14_Coeffs!$K24*($A$6-BSSA14_Coeffs!$M24))*LN(SQRT(BSSA14!$A$12^2+(BSSA14_Coeffs!$O24^2))/BSSA14_Coeffs!$N24)+(BSSA14_Coeffs!$L24+BSSA14_Coeffs!$R24)*(SQRT(BSSA14!$A$12^2+(BSSA14_Coeffs!$O24^2))-BSSA14_Coeffs!$N24)), ((BSSA14_Coeffs!$J24+BSSA14_Coeffs!$K24*($A$6-BSSA14_Coeffs!$M24))*LN(SQRT(BSSA14!$A$12^2+(BSSA14_Coeffs!$O24^2))/BSSA14_Coeffs!$N24)+(BSSA14_Coeffs!$L24+BSSA14_Coeffs!$P24)*(SQRT(BSSA14!$A$12^2+(BSSA14_Coeffs!$O24^2))-BSSA14_Coeffs!$N24)))))"
NGAW2_GMPE_Spreadsheets_v5.7_041415_ProtectedLocked.xlsm,05c1346e3c422a9e48bf249cd2022b5ad12d2b987df71b383d247f2c83b0c74b,BSSA14,G25,"=IF($A$15<= BSSA14_Coeffs!$T24, BSSA14_Coeffs!$S24 * LN(BSSA14!$A$15/ 760),  BSSA14_Coeffs!$S24* LN(BSSA14_Coeffs!$T24/ 760))"
NGAW2_GMPE_Spreadsheets_v5.7_041415_ProtectedLocked.xlsm,05c1346e3c422a9e48bf249cd2022b5ad12d2b987df71b383d247f2c83b0c74b,BSSA14,H25,"=BSSA14_Coeffs!$V24 + (BSSA14_Coeffs!$X24 * ((EXP(BSSA14_Coeffs!$Y24* (MIN($A$15,760) - 360))) - EXP(BSSA14_Coeffs!$Y24* (760 - 360)))) * LN((BSSA14!$A$38 + BSSA14_Coeffs!$W24) / BSSA14_Coeffs!$W24)"
NGAW2_GMPE_Spreadsheets_v5.7_041415_ProtectedLocked.xlsm,05c1346e3c422a9e48bf249cd2022b5ad12d2b987df71b383d247f2c83b0c74b,BSSA14,I25,"=IF($A$27=999,0,$A$27-(IF($A$30 = 0, (EXP(-7.15 / 4 * LN(($A$15 ^ 4 + 570.94 ^ 4) / (1360 ^ 4 + 570.94 ^ 4))) / 1000), IF($A$30 = 2, (EXP(-5.23 / 2 * LN(($A$15 ^ 2 + 412.39 ^ 2) / (1360 ^ 2 + 412.39 ^ 2))) / 1000), (EXP(-7.15 / 4 * LN(($A$15 ^ 4 + 570.94 ^ 4) / (1360 ^ 4 + 570.94 ^ 4))) / 1000)))))"
NGAW2_GMPE_Spreadsheets_v5.7_041415_ProtectedLocked.xlsm,05c1346e3c422a9e48bf249cd2022b5ad12d2b987df71b383d247f2c83b0c74b,BSSA14,J25,"=IF($D25 < 0.65, 0, IF(AND($D25 >= 0.65,$I25 <= (BSSA14_Coeffs!$AA24/ BSSA14_Coeffs!$Z24)), BSSA14_Coeffs!$Z24* BSSA14!$I25, IF(AND($D25>= 0.65,$I25 > (BSSA14_Coeffs!$AA24 /BSSA14_Coeffs!$Z24)), BSSA14_Coeffs!$AA24)))"
NGAW2_GMPE_Spreadsheets_v5.7_041415_ProtectedLocked.xlsm,05c1346e3c422a9e48bf249cd2022b5ad12d2b987df71b383d247f2c83b0c74b,BSSA14,K25,"=SUM(G25:H25,J25)"
NGAW2_GMPE_Spreadsheets_v5.7_041415_ProtectedLocked.xlsm,05c1346e3c422a9e48bf249cd2022b5ad12d2b987df71b383d247f2c83b0c74b,BSSA14,L25,"=EXP(SUM($E25,$F25,$K25,I25))"
NGAW2_GMPE_Spreadsheets_v5.7_041415_ProtectedLocked.xlsm,05c1346e3c422a9e48bf249cd2022b5ad12d2b987df71b383d247f2c83b0c74b,BSSA14,M25,"=IF($A$6<=4.5,BSSA14_Coeffs!$AJ24,IF(AND($A$6>4.5,$A$6<5.5),BSSA14_Coeffs!$AJ24+(BSSA14_Coeffs!$AK24-BSSA14_Coeffs!$AJ24)*(BSSA14!$A$6-4.5),BSSA14_Coeffs!$AK24))"
NGAW2_GMPE_Spreadsheets_v5.7_041415_ProtectedLocked.xlsm,05c1346e3c422a9e48bf249cd2022b5ad12d2b987df71b383d247f2c83b0c74b,BSSA14,N25,"=IF($A$6<=4.5,BSSA14_Coeffs!$AH24,IF(AND($A$6>4.5,$A$6<5.5),BSSA14_Coeffs!$AH24+(BSSA14_Coeffs!$AI24-BSSA14_Coeffs!$AH24)*(BSSA14!$A$6-4.5),BSSA14_Coeffs!$AI24))"
NGAW2_GMPE_Spreadsheets_v5.7_041415_ProtectedLocked.xlsm,05c1346e3c422a9e48bf249cd2022b5ad12d2b987df71b383d247f2c83b0c74b,BSSA14,O25,"=IF($A$12<=BSSA14_Coeffs!$AB24,BSSA14!$N25,IF(AND($A$12>BSSA14_Coeffs!$AB24,$A$12<=BSSA14_Coeffs!$AC24),$N25+BSSA14_Coeffs!$AD24*(LN($A$12/BSSA14_Coeffs!$AB24)/(LN(BSSA14_Coeffs!$AC24/BSSA14_Coeffs!$AB24))),$N25+BSSA14_Coeffs!$AD24))"
NGAW2_GMPE_Spreadsheets_v5.7_041415_ProtectedLocked.xlsm,05c1346e3c422a9e48bf249cd2022b5ad12d2b987df71b383d247f2c83b0c74b,BSSA14,P25,"=IF($A$15>=BSSA14_Coeffs!$AG24,$O25,IF(AND($A$15>=BSSA14_Coeffs!$AF24,$A$15<=BSSA14_Coeffs!$AG24),$O25-BSSA14_Coeffs!$AE24*(LN(BSSA14_Coeffs!$AG24/$A$15)/LN(BSSA14_Coeffs!$AG24/BSSA14_Coeffs!$AF24)),$O25-BSSA14_Coeffs!$AE24))"
NGAW2_GMPE_Spreadsheets_v5.7_041415_ProtectedLocked.xlsm,05c1346e3c422a9e48bf249cd2022b5ad12d2b987df71b383d247f2c83b0c74b,BSSA14,Q25,=SQRT($M25^2+$N25^2)
NGAW2_GMPE_Spreadsheets_v5.7_041415_ProtectedLocked.xlsm,05c1346e3c422a9e48bf249cd2022b5ad12d2b987df71b383d247f2c83b0c74b,BSSA14,R25,=SQRT($M25^2+$P25^2)
NGAW2_GMPE_Spreadsheets_v5.7_041415_ProtectedLocked.xlsm,05c1346e3c422a9e48bf249cd2022b5ad12d2b987df71b383d247f2c83b0c74b,BSSA14,S25,"=BSSA_14($A$6,$A$12,$A$18,$A$21,$A$24,$A$15,$A$30,$A$27,$A$38,$D25)"
NGAW2_GMPE_Spreadsheets_v5.7_041415_ProtectedLocked.xlsm,05c1346e3c422a9e48bf249cd2022b5ad12d2b987df71b383d247f2c83b0c74b,BSSA14,T25,"=BSSA14_stdev($A$6,$A$12,$A$15,D25)"
NGAW2_GMPE_Spreadsheets_v5.7_041415_ProtectedLocked.xlsm,05c1346e3c422a9e48bf249cd2022b5ad12d2b987df71b383d247f2c83b0c74b,BSSA14,E26,"=IF($A$6<=BSSA14_Coeffs!$I25,(BSSA14_Coeffs!$B25*$A$18+BSSA14_Coeffs!$C25*$A$33+BSSA14_Coeffs!$D25*$A$24+BSSA14_Coeffs!$E25*$A$21+BSSA14_Coeffs!$F25*($A$6-BSSA14_Coeffs!$I25)+BSSA14_Coeffs!$G25*($A$6-BSSA14_Coeffs!I25)^2),(BSSA14_Coeffs!$B25*$A$18+BSSA14_Coeffs!$C25*$A$33+BSSA14_Coeffs!$D25*$A$24+BSSA14_Coeffs!$E25*$A$21+BSSA14_Coeffs!$H25*($A$6-BSSA14_Coeffs!$I25)))"
NGAW2_GMPE_Spreadsheets_v5.7_041415_ProtectedLocked.xlsm,05c1346e3c422a9e48bf249cd2022b5ad12d2b987df71b383d247f2c83b0c74b,BSSA14,F26,"=IF($A$30=0,((BSSA14_Coeffs!$J25+BSSA14_Coeffs!$K25*($A$6-BSSA14_Coeffs!$M25))*LN(SQRT(BSSA14!$A$12^2+(BSSA14_Coeffs!$O25^2))/BSSA14_Coeffs!$N25)+(BSSA14_Coeffs!$L25+BSSA14_Coeffs!$P25)*(SQRT(BSSA14!$A$12^2+(BSSA14_Coeffs!$O25^2))-BSSA14_Coeffs!$N25)),IF($A$30=1,((BSSA14_Coeffs!$J25+BSSA14_Coeffs!$K25*($A$6-BSSA14_Coeffs!$M25))*LN(SQRT(BSSA14!$A$12^2+(BSSA14_Coeffs!$O25^2))/BSSA14_Coeffs!$N25)+(BSSA14_Coeffs!$L25+BSSA14_Coeffs!$Q25)*(SQRT(BSSA14!$A$12^2+(BSSA14_Coeffs!$O25^2))-BSSA14_Coeffs!$N25)),IF($A$30=3,((BSSA14_Coeffs!$J25+BSSA14_Coeffs!$K25*($A$6-BSSA14_Coeffs!$M25))*LN(SQRT(BSSA14!$A$12^2+(BSSA14_Coeffs!$O25^2))/BSSA14_Coeffs!$N25)+(BSSA14_Coeffs!$L25+BSSA14_Coeffs!$R25)*(SQRT(BSSA14!$A$12^2+(BSSA14_Coeffs!$O25^2))-BSSA14_Coeffs!$N25)), ((BSSA14_Coeffs!$J25+BSSA14_Coeffs!$K25*($A$6-BSSA14_Coeffs!$M25))*LN(SQRT(BSSA14!$A$12^2+(BSSA14_Coeffs!$O25^2))/BSSA14_Coeffs!$N25)+(BSSA14_Coeffs!$L25+BSSA14_Coeffs!$P25)*(SQRT(BSSA14!$A$12^2+(BSSA14_Coeffs!$O25^2))-BSSA14_Coeffs!$N25)))))"
NGAW2_GMPE_Spreadsheets_v5.7_041415_ProtectedLocked.xlsm,05c1346e3c422a9e48bf249cd2022b5ad12d2b987df71b383d247f2c83b0c74b,BSSA14,G26,"=IF($A$15<= BSSA14_Coeffs!$T25, BSSA14_Coeffs!$S25 * LN(BSSA14!$A$15/ 760),  BSSA14_Coeffs!$S25* LN(BSSA14_Coeffs!$T25/ 760))"
NGAW2_GMPE_Spreadsheets_v5.7_041415_ProtectedLocked.xlsm,05c1346e3c422a9e48bf249cd2022b5ad12d2b987df71b383d247f2c83b0c74b,BSSA14,H26,"=BSSA14_Coeffs!$V25 + (BSSA14_Coeffs!$X25 * ((EXP(BSSA14_Coeffs!$Y25* (MIN($A$15,760) - 360))) - EXP(BSSA14_Coeffs!$Y25* (760 - 360)))) * LN((BSSA14!$A$38 + BSSA14_Coeffs!$W25) / BSSA14_Coeffs!$W25)"
NGAW2_GMPE_Spreadsheets_v5.7_041415_ProtectedLocked.xlsm,05c1346e3c422a9e48bf249cd2022b5ad12d2b987df71b383d247f2c83b0c74b,BSSA14,I26,"=IF($A$27=999,0,$A$27-(IF($A$30 = 0, (EXP(-7.15 / 4 * LN(($A$15 ^ 4 + 570.94 ^ 4) / (1360 ^ 4 + 570.94 ^ 4))) / 1000), IF($A$30 = 2, (EXP(-5.23 / 2 * LN(($A$15 ^ 2 + 412.39 ^ 2) / (1360 ^ 2 + 412.39 ^ 2))) / 1000), (EXP(-7.15 / 4 * LN(($A$15 ^ 4 + 570.94 ^ 4) / (1360 ^ 4 + 570.94 ^ 4))) / 1000)))))"
NGAW2_GMPE_Spreadsheets_v5.7_041415_ProtectedLocked.xlsm,05c1346e3c422a9e48bf249cd2022b5ad12d2b987df71b383d247f2c83b0c74b,BSSA14,J26,"=IF($D26 < 0.65, 0, IF(AND($D26 >= 0.65,$I26 <= (BSSA14_Coeffs!$AA25/ BSSA14_Coeffs!$Z25)), BSSA14_Coeffs!$Z25* BSSA14!$I26, IF(AND($D26>= 0.65,$I26 > (BSSA14_Coeffs!$AA25 /BSSA14_Coeffs!$Z25)), BSSA14_Coeffs!$AA25)))"
NGAW2_GMPE_Spreadsheets_v5.7_041415_ProtectedLocked.xlsm,05c1346e3c422a9e48bf249cd2022b5ad12d2b987df71b383d247f2c83b0c74b,BSSA14,K26,"=SUM(G26:H26,J26)"
NGAW2_GMPE_Spreadsheets_v5.7_041415_ProtectedLocked.xlsm,05c1346e3c422a9e48bf249cd2022b5ad12d2b987df71b383d247f2c83b0c74b,BSSA14,L26,"=EXP(SUM($E26,$F26,$K26,I26))"
NGAW2_GMPE_Spreadsheets_v5.7_041415_ProtectedLocked.xlsm,05c1346e3c422a9e48bf249cd2022b5ad12d2b987df71b383d247f2c83b0c74b,BSSA14,M26,"=IF($A$6<=4.5,BSSA14_Coeffs!$AJ25,IF(AND($A$6>4.5,$A$6<5.5),BSSA14_Coeffs!$AJ25+(BSSA14_Coeffs!$AK25-BSSA14_Coeffs!$AJ25)*(BSSA14!$A$6-4.5),BSSA14_Coeffs!$AK25))"
NGAW2_GMPE_Spreadsheets_v5.7_041415_ProtectedLocked.xlsm,05c1346e3c422a9e48bf249cd2022b5ad12d2b987df71b383d247f2c83b0c74b,BSSA14,N26,"=IF($A$6<=4.5,BSSA14_Coeffs!$AH25,IF(AND($A$6>4.5,$A$6<5.5),BSSA14_Coeffs!$AH25+(BSSA14_Coeffs!$AI25-BSSA14_Coeffs!$AH25)*(BSSA14!$A$6-4.5),BSSA14_Coeffs!$AI25))"
NGAW2_GMPE_Spreadsheets_v5.7_041415_ProtectedLocked.xlsm,05c1346e3c422a9e48bf249cd2022b5ad12d2b987df71b383d247f2c83b0c74b,BSSA14,O26,"=IF($A$12<=BSSA14_Coeffs!$AB25,BSSA14!$N26,IF(AND($A$12>BSSA14_Coeffs!$AB25,$A$12<=BSSA14_Coeffs!$AC25),$N26+BSSA14_Coeffs!$AD25*(LN($A$12/BSSA14_Coeffs!$AB25)/(LN(BSSA14_Coeffs!$AC25/BSSA14_Coeffs!$AB25))),$N26+BSSA14_Coeffs!$AD25))"
NGAW2_GMPE_Spreadsheets_v5.7_041415_ProtectedLocked.xlsm,05c1346e3c422a9e48bf249cd2022b5ad12d2b987df71b383d247f2c83b0c74b,BSSA14,P26,"=IF($A$15>=BSSA14_Coeffs!$AG25,$O26,IF(AND($A$15>=BSSA14_Coeffs!$AF25,$A$15<=BSSA14_Coeffs!$AG25),$O26-BSSA14_Coeffs!$AE25*(LN(BSSA14_Coeffs!$AG25/$A$15)/LN(BSSA14_Coeffs!$AG25/BSSA14_Coeffs!$AF25)),$O26-BSSA14_Coeffs!$AE25))"
NGAW2_GMPE_Spreadsheets_v5.7_041415_ProtectedLocked.xlsm,05c1346e3c422a9e48bf249cd2022b5ad12d2b987df71b383d247f2c83b0c74b,BSSA14,Q26,=SQRT($M26^2+$N26^2)
NGAW2_GMPE_Spreadsheets_v5.7_041415_ProtectedLocked.xlsm,05c1346e3c422a9e48bf249cd2022b5ad12d2b987df71b383d247f2c83b0c74b,BSSA14,R26,=SQRT($M26^2+$P26^2)
NGAW2_GMPE_Spreadsheets_v5.7_041415_ProtectedLocked.xlsm,05c1346e3c422a9e48bf249cd2022b5ad12d2b987df71b383d247f2c83b0c74b,BSSA14,S26,"=BSSA_14($A$6,$A$12,$A$18,$A$21,$A$24,$A$15,$A$30,$A$27,$A$38,$D26)"
NGAW2_GMPE_Spreadsheets_v5.7_041415_ProtectedLocked.xlsm,05c1346e3c422a9e48bf249cd2022b5ad12d2b987df71b383d247f2c83b0c74b,BSSA14,T26,"=BSSA14_stdev($A$6,$A$12,$A$15,D26)"
NGAW2_GMPE_Spreadsheets_v5.7_041415_ProtectedLocked.xlsm,05c1346e3c422a9e48bf249cd2022b5ad12d2b987df71b383d247f2c83b0c74b,BSSA14,A27,=Main!$B$63
NGAW2_GMPE_Spreadsheets_v5.7_041415_ProtectedLocked.xlsm,05c1346e3c422a9e48bf249cd2022b5ad12d2b987df71b383d247f2c83b0c74b,BSSA14,B27,"=IF(AND($A$27>=0, $A$27<=3),"""",IF(A27=999,"""",""! Not Applicable !""))"
NGAW2_GMPE_Spreadsheets_v5.7_041415_ProtectedLocked.xlsm,05c1346e3c422a9e48bf249cd2022b5ad12d2b987df71b383d247f2c83b0c74b,BSSA14,E28,"=IF($A$6<=BSSA14_Coeffs!$I26,(BSSA14_Coeffs!$B26*$A$18+BSSA14_Coeffs!$C26*$A$33+BSSA14_Coeffs!$D26*$A$24+BSSA14_Coeffs!$E26*$A$21+BSSA14_Coeffs!$F26*($A$6-BSSA14_Coeffs!$I26)+BSSA14_Coeffs!$G26*($A$6-BSSA14_Coeffs!I26)^2),(BSSA14_Coeffs!$B26*$A$18+BSSA14_Coeffs!$C26*$A$33+BSSA14_Coeffs!$D26*$A$24+BSSA14_Coeffs!$E26*$A$21+BSSA14_Coeffs!$H26*($A$6-BSSA14_Coeffs!$I26)))"
NGAW2_GMPE_Spreadsheets_v5.7_041415_ProtectedLocked.xlsm,05c1346e3c422a9e48bf249cd2022b5ad12d2b987df71b383d247f2c83b0c74b,BSSA14,F28,"=IF($A$30=0,((BSSA14_Coeffs!$J26+BSSA14_Coeffs!$K26*($A$6-BSSA14_Coeffs!$M26))*LN(SQRT(BSSA14!$A$12^2+(BSSA14_Coeffs!$O26^2))/BSSA14_Coeffs!$N26)+(BSSA14_Coeffs!$L26+BSSA14_Coeffs!$P26)*(SQRT(BSSA14!$A$12^2+(BSSA14_Coeffs!$O26^2))-BSSA14_Coeffs!$N26)),IF($A$30=1,((BSSA14_Coeffs!$J26+BSSA14_Coeffs!$K26*($A$6-BSSA14_Coeffs!$M26))*LN(SQRT(BSSA14!$A$12^2+(BSSA14_Coeffs!$O26^2))/BSSA14_Coeffs!$N26)+(BSSA14_Coeffs!$L26+BSSA14_Coeffs!$Q26)*(SQRT(BSSA14!$A$12^2+(BSSA14_Coeffs!$O26^2))-BSSA14_Coeffs!$N26)),IF($A$30=3,((BSSA14_Coeffs!$J26+BSSA14_Coeffs!$K26*($A$6-BSSA14_Coeffs!$M26))*LN(SQRT(BSSA14!$A$12^2+(BSSA14_Coeffs!$O26^2))/BSSA14_Coeffs!$N26)+(BSSA14_Coeffs!$L26+BSSA14_Coeffs!$R26)*(SQRT(BSSA14!$A$12^2+(BSSA14_Coeffs!$O26^2))-BSSA14_Coeffs!$N26)), ((BSSA14_Coeffs!$J26+BSSA14_Coeffs!$K26*($A$6-BSSA14_Coeffs!$M26))*LN(SQRT(BSSA14!$A$12^2+(BSSA14_Coeffs!$O26^2))/BSSA14_Coeffs!$N26)+(BSSA14_Coeffs!$L26+BSSA14_Coeffs!$P26)*(SQRT(BSSA14!$A$12^2+(BSSA14_Coeffs!$O26^2))-BSSA14_Coeffs!$N26)))))"
NGAW2_GMPE_Spreadsheets_v5.7_041415_ProtectedLocked.xlsm,05c1346e3c422a9e48bf249cd2022b5ad12d2b987df71b383d247f2c83b0c74b,BSSA14,G28,"=IF($A$15<= BSSA14_Coeffs!$T26, BSSA14_Coeffs!$S26 * LN(BSSA14!$A$15/ 760),  BSSA14_Coeffs!$S26* LN(BSSA14_Coeffs!$T26/ 760))"
NGAW2_GMPE_Spreadsheets_v5.7_041415_ProtectedLocked.xlsm,05c1346e3c422a9e48bf249cd2022b5ad12d2b987df71b383d247f2c83b0c74b,BSSA14,H28,"=BSSA14_Coeffs!$V26 + (BSSA14_Coeffs!$X26 * ((EXP(BSSA14_Coeffs!$Y26* (MIN($A$15,760) - 360))) - EXP(BSSA14_Coeffs!$Y26* (760 - 360)))) * LN((BSSA14!$A$38 + BSSA14_Coeffs!$W26) / BSSA14_Coeffs!$W26)"
NGAW2_GMPE_Spreadsheets_v5.7_041415_ProtectedLocked.xlsm,05c1346e3c422a9e48bf249cd2022b5ad12d2b987df71b383d247f2c83b0c74b,BSSA14,I28,"=IF($A$27=999,0,$A$27-(IF($A$30 = 0, (EXP(-7.15 / 4 * LN(($A$15 ^ 4 + 570.94 ^ 4) / (1360 ^ 4 + 570.94 ^ 4))) / 1000), IF($A$30 = 2, (EXP(-5.23 / 2 * LN(($A$15 ^ 2 + 412.39 ^ 2) / (1360 ^ 2 + 412.39 ^ 2))) / 1000), (EXP(-7.15 / 4 * LN(($A$15 ^ 4 + 570.94 ^ 4) / (1360 ^ 4 + 570.94 ^ 4))) / 1000)))))"
NGAW2_GMPE_Spreadsheets_v5.7_041415_ProtectedLocked.xlsm,05c1346e3c422a9e48bf249cd2022b5ad12d2b987df71b383d247f2c83b0c74b,BSSA14,J28,"=IF($D28 < 0.65, 0, IF(AND($D28 >= 0.65,$I28 <= (BSSA14_Coeffs!$AA26/ BSSA14_Coeffs!$Z26)), BSSA14_Coeffs!$Z26* BSSA14!$I28, IF(AND($D28>= 0.65,$I28 > (BSSA14_Coeffs!$AA26 /BSSA14_Coeffs!$Z26)), BSSA14_Coeffs!$AA26)))"
NGAW2_GMPE_Spreadsheets_v5.7_041415_ProtectedLocked.xlsm,05c1346e3c422a9e48bf249cd2022b5ad12d2b987df71b383d247f2c83b0c74b,BSSA14,K28,"=SUM(G28:H28,J28)"
NGAW2_GMPE_Spreadsheets_v5.7_041415_ProtectedLocked.xlsm,05c1346e3c422a9e48bf249cd2022b5ad12d2b987df71b383d247f2c83b0c74b,BSSA14,L28,"=EXP(SUM($E28,$F28,$K28,I28))"
NGAW2_GMPE_Spreadsheets_v5.7_041415_ProtectedLocked.xlsm,05c1346e3c422a9e48bf249cd2022b5ad12d2b987df71b383d247f2c83b0c74b,BSSA14,M28,"=IF($A$6<=4.5,BSSA14_Coeffs!$AJ26,IF(AND($A$6>4.5,$A$6<5.5),BSSA14_Coeffs!$AJ26+(BSSA14_Coeffs!$AK26-BSSA14_Coeffs!$AJ26)*(BSSA14!$A$6-4.5),BSSA14_Coeffs!$AK26))"
NGAW2_GMPE_Spreadsheets_v5.7_041415_ProtectedLocked.xlsm,05c1346e3c422a9e48bf249cd2022b5ad12d2b987df71b383d247f2c83b0c74b,BSSA14,N28,"=IF($A$6<=4.5,BSSA14_Coeffs!$AH26,IF(AND($A$6>4.5,$A$6<5.5),BSSA14_Coeffs!$AH26+(BSSA14_Coeffs!$AI26-BSSA14_Coeffs!$AH26)*(BSSA14!$A$6-4.5),BSSA14_Coeffs!$AI26))"
NGAW2_GMPE_Spreadsheets_v5.7_041415_ProtectedLocked.xlsm,05c1346e3c422a9e48bf249cd2022b5ad12d2b987df71b383d247f2c83b0c74b,BSSA14,O28,"=IF($A$12<=BSSA14_Coeffs!$AB26,BSSA14!$N28,IF(AND($A$12>BSSA14_Coeffs!$AB26,$A$12<=BSSA14_Coeffs!$AC26),$N28+BSSA14_Coeffs!$AD26*(LN($A$12/BSSA14_Coeffs!$AB26)/(LN(BSSA14_Coeffs!$AC26/BSSA14_Coeffs!$AB26))),$N28+BSSA14_Coeffs!$AD26))"
NGAW2_GMPE_Spreadsheets_v5.7_041415_ProtectedLocked.xlsm,05c1346e3c422a9e48bf249cd2022b5ad12d2b987df71b383d247f2c83b0c74b,BSSA14,P28,"=IF($A$15>=BSSA14_Coeffs!$AG26,$O28,IF(AND($A$15>=BSSA14_Coeffs!$AF26,$A$15<=BSSA14_Coeffs!$AG26),$O28-BSSA14_Coeffs!$AE26*(LN(BSSA14_Coeffs!$AG26/$A$15)/LN(BSSA14_Coeffs!$AG26/BSSA14_Coeffs!$AF26)),$O28-BSSA14_Coeffs!$AE26))"
NGAW2_GMPE_Spreadsheets_v5.7_041415_ProtectedLocked.xlsm,05c1346e3c422a9e48bf249cd2022b5ad12d2b987df71b383d247f2c83b0c74b,BSSA14,Q28,=SQRT($M28^2+$N28^2)
NGAW2_GMPE_Spreadsheets_v5.7_041415_ProtectedLocked.xlsm,05c1346e3c422a9e48bf249cd2022b5ad12d2b987df71b383d247f2c83b0c74b,BSSA14,R28,=SQRT($M28^2+$P28^2)
NGAW2_GMPE_Spreadsheets_v5.7_041415_ProtectedLocked.xlsm,05c1346e3c422a9e48bf249cd2022b5ad12d2b987df71b383d247f2c83b0c74b,BSSA14,S28,"=BSSA_14($A$6,$A$12,$A$18,$A$21,$A$24,$A$15,$A$30,$A$27,$A$38,$D28)"
NGAW2_GMPE_Spreadsheets_v5.7_041415_ProtectedLocked.xlsm,05c1346e3c422a9e48bf249cd2022b5ad12d2b987df71b383d247f2c83b0c74b,BSSA14,T28,"=BSSA14_stdev($A$6,$A$12,$A$15,D28)"
NGAW2_GMPE_Spreadsheets_v5.7_041415_ProtectedLocked.xlsm,05c1346e3c422a9e48bf249cd2022b5ad12d2b987df71b383d247f2c83b0c74b,BSSA14,E29,"=IF($A$6<=BSSA14_Coeffs!$I27,(BSSA14_Coeffs!$B27*$A$18+BSSA14_Coeffs!$C27*$A$33+BSSA14_Coeffs!$D27*$A$24+BSSA14_Coeffs!$E27*$A$21+BSSA14_Coeffs!$F27*($A$6-BSSA14_Coeffs!$I27)+BSSA14_Coeffs!$G27*($A$6-BSSA14_Coeffs!I27)^2),(BSSA14_Coeffs!$B27*$A$18+BSSA14_Coeffs!$C27*$A$33+BSSA14_Coeffs!$D27*$A$24+BSSA14_Coeffs!$E27*$A$21+BSSA14_Coeffs!$H27*($A$6-BSSA14_Coeffs!$I27)))"
NGAW2_GMPE_Spreadsheets_v5.7_041415_ProtectedLocked.xlsm,05c1346e3c422a9e48bf249cd2022b5ad12d2b987df71b383d247f2c83b0c74b,BSSA14,F29,"=IF($A$30=0,((BSSA14_Coeffs!$J27+BSSA14_Coeffs!$K27*($A$6-BSSA14_Coeffs!$M27))*LN(SQRT(BSSA14!$A$12^2+(BSSA14_Coeffs!$O27^2))/BSSA14_Coeffs!$N27)+(BSSA14_Coeffs!$L27+BSSA14_Coeffs!$P27)*(SQRT(BSSA14!$A$12^2+(BSSA14_Coeffs!$O27^2))-BSSA14_Coeffs!$N27)),IF($A$30=1,((BSSA14_Coeffs!$J27+BSSA14_Coeffs!$K27*($A$6-BSSA14_Coeffs!$M27))*LN(SQRT(BSSA14!$A$12^2+(BSSA14_Coeffs!$O27^2))/BSSA14_Coeffs!$N27)+(BSSA14_Coeffs!$L27+BSSA14_Coeffs!$Q27)*(SQRT(BSSA14!$A$12^2+(BSSA14_Coeffs!$O27^2))-BSSA14_Coeffs!$N27)),IF($A$30=3,((BSSA14_Coeffs!$J27+BSSA14_Coeffs!$K27*($A$6-BSSA14_Coeffs!$M27))*LN(SQRT(BSSA14!$A$12^2+(BSSA14_Coeffs!$O27^2))/BSSA14_Coeffs!$N27)+(BSSA14_Coeffs!$L27+BSSA14_Coeffs!$R27)*(SQRT(BSSA14!$A$12^2+(BSSA14_Coeffs!$O27^2))-BSSA14_Coeffs!$N27)), ((BSSA14_Coeffs!$J27+BSSA14_Coeffs!$K27*($A$6-BSSA14_Coeffs!$M27))*LN(SQRT(BSSA14!$A$12^2+(BSSA14_Coeffs!$O27^2))/BSSA14_Coeffs!$N27)+(BSSA14_Coeffs!$L27+BSSA14_Coeffs!$P27)*(SQRT(BSSA14!$A$12^2+(BSSA14_Coeffs!$O27^2))-BSSA14_Coeffs!$N27)))))"
NGAW2_GMPE_Spreadsheets_v5.7_041415_ProtectedLocked.xlsm,05c1346e3c422a9e48bf249cd2022b5ad12d2b987df71b383d247f2c83b0c74b,BSSA14,G29,"=IF($A$15<= BSSA14_Coeffs!$T27, BSSA14_Coeffs!$S27 * LN(BSSA14!$A$15/ 760),  BSSA14_Coeffs!$S27* LN(BSSA14_Coeffs!$T27/ 760))"
NGAW2_GMPE_Spreadsheets_v5.7_041415_ProtectedLocked.xlsm,05c1346e3c422a9e48bf249cd2022b5ad12d2b987df71b383d247f2c83b0c74b,BSSA14,H29,"=BSSA14_Coeffs!$V27 + (BSSA14_Coeffs!$X27 * ((EXP(BSSA14_Coeffs!$Y27* (MIN($A$15,760) - 360))) - EXP(BSSA14_Coeffs!$Y27* (760 - 360)))) * LN((BSSA14!$A$38 + BSSA14_Coeffs!$W27) / BSSA14_Coeffs!$W27)"
NGAW2_GMPE_Spreadsheets_v5.7_041415_ProtectedLocked.xlsm,05c1346e3c422a9e48bf249cd2022b5ad12d2b987df71b383d247f2c83b0c74b,BSSA14,I29,"=IF($A$27=999,0,$A$27-(IF($A$30 = 0, (EXP(-7.15 / 4 * LN(($A$15 ^ 4 + 570.94 ^ 4) / (1360 ^ 4 + 570.94 ^ 4))) / 1000), IF($A$30 = 2, (EXP(-5.23 / 2 * LN(($A$15 ^ 2 + 412.39 ^ 2) / (1360 ^ 2 + 412.39 ^ 2))) / 1000), (EXP(-7.15 / 4 * LN(($A$15 ^ 4 + 570.94 ^ 4) / (1360 ^ 4 + 570.94 ^ 4))) / 1000)))))"
NGAW2_GMPE_Spreadsheets_v5.7_041415_ProtectedLocked.xlsm,05c1346e3c422a9e48bf249cd2022b5ad12d2b987df71b383d247f2c83b0c74b,BSSA14,J29,"=IF($D29 < 0.65, 0, IF(AND($D29 >= 0.65,$I29 <= (BSSA14_Coeffs!$AA27/ BSSA14_Coeffs!$Z27)), BSSA14_Coeffs!$Z27* BSSA14!$I29, IF(AND($D29>= 0.65,$I29 > (BSSA14_Coeffs!$AA27 /BSSA14_Coeffs!$Z27)), BSSA14_Coeffs!$AA27)))"
NGAW2_GMPE_Spreadsheets_v5.7_041415_ProtectedLocked.xlsm,05c1346e3c422a9e48bf249cd2022b5ad12d2b987df71b383d247f2c83b0c74b,BSSA14,K29,"=SUM(G29:H29,J29)"
NGAW2_GMPE_Spreadsheets_v5.7_041415_ProtectedLocked.xlsm,05c1346e3c422a9e48bf249cd2022b5ad12d2b987df71b383d247f2c83b0c74b,BSSA14,L29,"=EXP(SUM($E29,$F29,$K29,I29))"
NGAW2_GMPE_Spreadsheets_v5.7_041415_ProtectedLocked.xlsm,05c1346e3c422a9e48bf249cd2022b5ad12d2b987df71b383d247f2c83b0c74b,BSSA14,M29,"=IF($A$6<=4.5,BSSA14_Coeffs!$AJ27,IF(AND($A$6>4.5,$A$6<5.5),BSSA14_Coeffs!$AJ27+(BSSA14_Coeffs!$AK27-BSSA14_Coeffs!$AJ27)*(BSSA14!$A$6-4.5),BSSA14_Coeffs!$AK27))"
NGAW2_GMPE_Spreadsheets_v5.7_041415_ProtectedLocked.xlsm,05c1346e3c422a9e48bf249cd2022b5ad12d2b987df71b383d247f2c83b0c74b,BSSA14,N29,"=IF($A$6<=4.5,BSSA14_Coeffs!$AH27,IF(AND($A$6>4.5,$A$6<5.5),BSSA14_Coeffs!$AH27+(BSSA14_Coeffs!$AI27-BSSA14_Coeffs!$AH27)*(BSSA14!$A$6-4.5),BSSA14_Coeffs!$AI27))"
NGAW2_GMPE_Spreadsheets_v5.7_041415_ProtectedLocked.xlsm,05c1346e3c422a9e48bf249cd2022b5ad12d2b987df71b383d247f2c83b0c74b,BSSA14,O29,"=IF($A$12<=BSSA14_Coeffs!$AB27,BSSA14!$N29,IF(AND($A$12>BSSA14_Coeffs!$AB27,$A$12<=BSSA14_Coeffs!$AC27),$N29+BSSA14_Coeffs!$AD27*(LN($A$12/BSSA14_Coeffs!$AB27)/(LN(BSSA14_Coeffs!$AC27/BSSA14_Coeffs!$AB27))),$N29+BSSA14_Coeffs!$AD27))"
NGAW2_GMPE_Spreadsheets_v5.7_041415_ProtectedLocked.xlsm,05c1346e3c422a9e48bf249cd2022b5ad12d2b987df71b383d247f2c83b0c74b,BSSA14,P29,"=IF($A$15>=BSSA14_Coeffs!$AG27,$O29,IF(AND($A$15>=BSSA14_Coeffs!$AF27,$A$15<=BSSA14_Coeffs!$AG27),$O29-BSSA14_Coeffs!$AE27*(LN(BSSA14_Coeffs!$AG27/$A$15)/LN(BSSA14_Coeffs!$AG27/BSSA14_Coeffs!$AF27)),$O29-BSSA14_Coeffs!$AE27))"
NGAW2_GMPE_Spreadsheets_v5.7_041415_ProtectedLocked.xlsm,05c1346e3c422a9e48bf249cd2022b5ad12d2b987df71b383d247f2c83b0c74b,BSSA14,Q29,=SQRT($M29^2+$N29^2)
NGAW2_GMPE_Spreadsheets_v5.7_041415_ProtectedLocked.xlsm,05c1346e3c422a9e48bf249cd2022b5ad12d2b987df71b383d247f2c83b0c74b,BSSA14,R29,=SQRT($M29^2+$P29^2)
NGAW2_GMPE_Spreadsheets_v5.7_041415_ProtectedLocked.xlsm,05c1346e3c422a9e48bf249cd2022b5ad12d2b987df71b383d247f2c83b0c74b,BSSA14,S29,"=BSSA_14($A$6,$A$12,$A$18,$A$21,$A$24,$A$15,$A$30,$A$27,$A$38,$D29)"
NGAW2_GMPE_Spreadsheets_v5.7_041415_ProtectedLocked.xlsm,05c1346e3c422a9e48bf249cd2022b5ad12d2b987df71b383d247f2c83b0c74b,BSSA14,T29,"=BSSA14_stdev($A$6,$A$12,$A$15,D29)"
NGAW2_GMPE_Spreadsheets_v5.7_041415_ProtectedLocked.xlsm,05c1346e3c422a9e48bf249cd2022b5ad12d2b987df71b383d247f2c83b0c74b,BSSA14,A30,=Main!$B$101
NGAW2_GMPE_Spreadsheets_v5.7_041415_ProtectedLocked.xlsm,05c1346e3c422a9e48bf249cd2022b5ad12d2b987df71b383d247f2c83b0c74b,BSSA14,A33,=Main!$B$92
NGAW2_GMPE_Spreadsheets_v5.7_041415_ProtectedLocked.xlsm,05c1346e3c422a9e48bf249cd2022b5ad12d2b987df71b383d247f2c83b0c74b,BSSA14,B37,=Main!$C$86
NGAW2_GMPE_Spreadsheets_v5.7_041415_ProtectedLocked.xlsm,05c1346e3c422a9e48bf249cd2022b5ad12d2b987df71b383d247f2c83b0c74b,BSSA14,A38,"=PGAr_calc($A$6,$A$12,$A$18,$A$21,$A$24,$A$30,$D$28)"
NGAW2_GMPE_Spreadsheets_v5.7_041415_ProtectedLocked.xlsm,05c1346e3c422a9e48bf249cd2022b5ad12d2b987df71b383d247f2c83b0c74b,BSSA14,A41,"=IF($A$27=999,0,dz1_calc($A$15,$A$27,$A$30,D$6))"
NGAW2_GMPE_Spreadsheets_v5.7_041415_ProtectedLocked.xlsm,05c1346e3c422a9e48bf249cd2022b5ad12d2b987df71b383d247f2c83b0c74b,CB14,A6,=Main!$B$24
NGAW2_GMPE_Spreadsheets_v5.7_041415_ProtectedLocked.xlsm,05c1346e3c422a9e48bf249cd2022b5ad12d2b987df71b383d247f2c83b0c74b,CB14,B6,"=IF(AND($A$6>=3.3, $A$6<=8.5),"""",""! Not Applicable !"")"
NGAW2_GMPE_Spreadsheets_v5.7_041415_ProtectedLocked.xlsm,05c1346e3c422a9e48bf249cd2022b5ad12d2b987df71b383d247f2c83b0c74b,CB14,Q6,"=IF($A$18<CB14_Coeffs!$AG5,CB14_Coeffs!$AH5*$A$56*(($A$56+CB14_Coeffs!$AJ5*($A$18/CB14_Coeffs!$AG5)^CB14_Coeffs!$AK5)^(-1)-($A$56+CB14_Coeffs!$AJ5)^(-1)),0)"
NGAW2_GMPE_Spreadsheets_v5.7_041415_ProtectedLocked.xlsm,05c1346e3c422a9e48bf249cd2022b5ad12d2b987df71b383d247f2c83b0c74b,CB14,R6,"=IF($A$6<4.5,CB14_Coeffs!$AL5,IF($A$6>5.5,CB14_Coeffs!$AM5,CB14_Coeffs!$AM5+(CB14_Coeffs!$AL5-CB14_Coeffs!$AM5)*(5.5-$A$6)*(5.5-4.5)))"
NGAW2_GMPE_Spreadsheets_v5.7_041415_ProtectedLocked.xlsm,05c1346e3c422a9e48bf249cd2022b5ad12d2b987df71b383d247f2c83b0c74b,CB14,S6,=SQRT(($R6^2-CB14_Coeffs!$AP5^2)+CB14_Coeffs!$AP5^2+$Q6^2*($R$28^2-CB14_Coeffs!$AP$26^2)+2*$Q6*CB14_Coeffs!$AR5*SQRT($R6^2-CB14_Coeffs!$AP5^2)*SQRT($R$28^2-CB14_Coeffs!$AP$26^2))
NGAW2_GMPE_Spreadsheets_v5.7_041415_ProtectedLocked.xlsm,05c1346e3c422a9e48bf249cd2022b5ad12d2b987df71b383d247f2c83b0c74b,CB14,T6,"=IF($A$6<4.5,CB14_Coeffs!$AN5,IF($A$6>5.5,CB14_Coeffs!$AO5,CB14_Coeffs!$AO5+(CB14_Coeffs!$AN5-CB14_Coeffs!$AO5)*(5.5-$A$6)*(5.5-4.5)))"
NGAW2_GMPE_Spreadsheets_v5.7_041415_ProtectedLocked.xlsm,05c1346e3c422a9e48bf249cd2022b5ad12d2b987df71b383d247f2c83b0c74b,CB14,U6,=SQRT($T6^2+$Q6^2*$T$28^2+2*$Q6*CB14_Coeffs!$AR5*$T6*T$28)
NGAW2_GMPE_Spreadsheets_v5.7_041415_ProtectedLocked.xlsm,05c1346e3c422a9e48bf249cd2022b5ad12d2b987df71b383d247f2c83b0c74b,CB14,V6,=CB14_Coeffs!AQ5
NGAW2_GMPE_Spreadsheets_v5.7_041415_ProtectedLocked.xlsm,05c1346e3c422a9e48bf249cd2022b5ad12d2b987df71b383d247f2c83b0c74b,CB14,W6,=SQRT(S6^2+U6^2)
NGAW2_GMPE_Spreadsheets_v5.7_041415_ProtectedLocked.xlsm,05c1346e3c422a9e48bf249cd2022b5ad12d2b987df71b383d247f2c83b0c74b,CB14,X6,=SQRT(V6^2+W6^2)
NGAW2_GMPE_Spreadsheets_v5.7_041415_ProtectedLocked.xlsm,05c1346e3c422a9e48bf249cd2022b5ad12d2b987df71b383d247f2c83b0c74b,CB14,Y6,"=CB_14($A$6,$A$9,$A$12,$A$15,$A$21,$A$24,$A$27,$A$33,$A$42,$A$30,$A$18,$A$39,$A$36,$A$62,$A$71,$A$68,$A$48,$A$56,$D6)"
NGAW2_GMPE_Spreadsheets_v5.7_041415_ProtectedLocked.xlsm,05c1346e3c422a9e48bf249cd2022b5ad12d2b987df71b383d247f2c83b0c74b,CB14,Z6,=W6
NGAW2_GMPE_Spreadsheets_v5.7_041415_ProtectedLocked.xlsm,05c1346e3c422a9e48bf249cd2022b5ad12d2b987df71b383d247f2c83b0c74b,CB14,Q7,"=IF($A$18<CB14_Coeffs!$AG6,CB14_Coeffs!$AH6*$A$56*(($A$56+CB14_Coeffs!$AJ6*($A$18/CB14_Coeffs!$AG6)^CB14_Coeffs!$AK6)^(-1)-($A$56+CB14_Coeffs!$AJ6)^(-1)),0)"
NGAW2_GMPE_Spreadsheets_v5.7_041415_ProtectedLocked.xlsm,05c1346e3c422a9e48bf249cd2022b5ad12d2b987df71b383d247f2c83b0c74b,CB14,R7,"=IF($A$6<4.5,CB14_Coeffs!$AL6,IF($A$6>5.5,CB14_Coeffs!$AM6,CB14_Coeffs!$AM6+(CB14_Coeffs!$AL6-CB14_Coeffs!$AM6)*(5.5-$A$6)*(5.5-4.5)))"
NGAW2_GMPE_Spreadsheets_v5.7_041415_ProtectedLocked.xlsm,05c1346e3c422a9e48bf249cd2022b5ad12d2b987df71b383d247f2c83b0c74b,CB14,S7,=SQRT(($R7^2-CB14_Coeffs!$AP6^2)+CB14_Coeffs!$AP6^2+$Q7^2*($R$28^2-CB14_Coeffs!$AP$26^2)+2*$Q7*CB14_Coeffs!$AR6*SQRT($R7^2-CB14_Coeffs!$AP6^2)*SQRT($R$28^2-CB14_Coeffs!$AP$26^2))
NGAW2_GMPE_Spreadsheets_v5.7_041415_ProtectedLocked.xlsm,05c1346e3c422a9e48bf249cd2022b5ad12d2b987df71b383d247f2c83b0c74b,CB14,T7,"=IF($A$6<4.5,CB14_Coeffs!$AN6,IF($A$6>5.5,CB14_Coeffs!$AO6,CB14_Coeffs!$AO6+(CB14_Coeffs!$AN6-CB14_Coeffs!$AO6)*(5.5-$A$6)*(5.5-4.5)))"
NGAW2_GMPE_Spreadsheets_v5.7_041415_ProtectedLocked.xlsm,05c1346e3c422a9e48bf249cd2022b5ad12d2b987df71b383d247f2c83b0c74b,CB14,U7,=SQRT($T7^2+$Q7^2*$T$28^2+2*$Q7*CB14_Coeffs!$AR6*$T7*T$28)
NGAW2_GMPE_Spreadsheets_v5.7_041415_ProtectedLocked.xlsm,05c1346e3c422a9e48bf249cd2022b5ad12d2b987df71b383d247f2c83b0c74b,CB14,V7,=CB14_Coeffs!AQ6
NGAW2_GMPE_Spreadsheets_v5.7_041415_ProtectedLocked.xlsm,05c1346e3c422a9e48bf249cd2022b5ad12d2b987df71b383d247f2c83b0c74b,CB14,W7,=SQRT(S7^2+U7^2)
NGAW2_GMPE_Spreadsheets_v5.7_041415_ProtectedLocked.xlsm,05c1346e3c422a9e48bf249cd2022b5ad12d2b987df71b383d247f2c83b0c74b,CB14,X7,=SQRT(V7^2+W7^2)
NGAW2_GMPE_Spreadsheets_v5.7_041415_ProtectedLocked.xlsm,05c1346e3c422a9e48bf249cd2022b5ad12d2b987df71b383d247f2c83b0c74b,CB14,Y7,"=CB_14($A$6,$A$9,$A$12,$A$15,$A$21,$A$24,$A$27,$A$33,$A$42,$A$30,$A$18,$A$39,$A$36,$A$62,$A$71,$A$68,$A$48,$A$56,$D7)"
NGAW2_GMPE_Spreadsheets_v5.7_041415_ProtectedLocked.xlsm,05c1346e3c422a9e48bf249cd2022b5ad12d2b987df71b383d247f2c83b0c74b,CB14,Z7,=W7
NGAW2_GMPE_Spreadsheets_v5.7_041415_ProtectedLocked.xlsm,05c1346e3c422a9e48bf249cd2022b5ad12d2b987df71b383d247f2c83b0c74b,CB14,Q8,"=IF($A$18<CB14_Coeffs!$AG7,CB14_Coeffs!$AH7*$A$56*(($A$56+CB14_Coeffs!$AJ7*($A$18/CB14_Coeffs!$AG7)^CB14_Coeffs!$AK7)^(-1)-($A$56+CB14_Coeffs!$AJ7)^(-1)),0)"
NGAW2_GMPE_Spreadsheets_v5.7_041415_ProtectedLocked.xlsm,05c1346e3c422a9e48bf249cd2022b5ad12d2b987df71b383d247f2c83b0c74b,CB14,R8,"=IF($A$6<4.5,CB14_Coeffs!$AL7,IF($A$6>5.5,CB14_Coeffs!$AM7,CB14_Coeffs!$AM7+(CB14_Coeffs!$AL7-CB14_Coeffs!$AM7)*(5.5-$A$6)*(5.5-4.5)))"
NGAW2_GMPE_Spreadsheets_v5.7_041415_ProtectedLocked.xlsm,05c1346e3c422a9e48bf249cd2022b5ad12d2b987df71b383d247f2c83b0c74b,CB14,S8,=SQRT(($R8^2-CB14_Coeffs!$AP7^2)+CB14_Coeffs!$AP7^2+$Q8^2*($R$28^2-CB14_Coeffs!$AP$26^2)+2*$Q8*CB14_Coeffs!$AR7*SQRT($R8^2-CB14_Coeffs!$AP7^2)*SQRT($R$28^2-CB14_Coeffs!$AP$26^2))
NGAW2_GMPE_Spreadsheets_v5.7_041415_ProtectedLocked.xlsm,05c1346e3c422a9e48bf249cd2022b5ad12d2b987df71b383d247f2c83b0c74b,CB14,T8,"=IF($A$6<4.5,CB14_Coeffs!$AN7,IF($A$6>5.5,CB14_Coeffs!$AO7,CB14_Coeffs!$AO7+(CB14_Coeffs!$AN7-CB14_Coeffs!$AO7)*(5.5-$A$6)*(5.5-4.5)))"
NGAW2_GMPE_Spreadsheets_v5.7_041415_ProtectedLocked.xlsm,05c1346e3c422a9e48bf249cd2022b5ad12d2b987df71b383d247f2c83b0c74b,CB14,U8,=SQRT($T8^2+$Q8^2*$T$28^2+2*$Q8*CB14_Coeffs!$AR7*$T8*T$28)
NGAW2_GMPE_Spreadsheets_v5.7_041415_ProtectedLocked.xlsm,05c1346e3c422a9e48bf249cd2022b5ad12d2b987df71b383d247f2c83b0c74b,CB14,V8,=CB14_Coeffs!AQ7
NGAW2_GMPE_Spreadsheets_v5.7_041415_ProtectedLocked.xlsm,05c1346e3c422a9e48bf249cd2022b5ad12d2b987df71b383d247f2c83b0c74b,CB14,W8,=SQRT(S8^2+U8^2)
NGAW2_GMPE_Spreadsheets_v5.7_041415_ProtectedLocked.xlsm,05c1346e3c422a9e48bf249cd2022b5ad12d2b987df71b383d247f2c83b0c74b,CB14,X8,=SQRT(V8^2+W8^2)
NGAW2_GMPE_Spreadsheets_v5.7_041415_ProtectedLocked.xlsm,05c1346e3c422a9e48bf249cd2022b5ad12d2b987df71b383d247f2c83b0c74b,CB14,Y8,"=CB_14($A$6,$A$9,$A$12,$A$15,$A$21,$A$24,$A$27,$A$33,$A$42,$A$30,$A$18,$A$39,$A$36,$A$62,$A$71,$A$68,$A$48,$A$56,$D8)"
NGAW2_GMPE_Spreadsheets_v5.7_041415_ProtectedLocked.xlsm,05c1346e3c422a9e48bf249cd2022b5ad12d2b987df71b383d247f2c83b0c74b,CB14,Z8,=W8
NGAW2_GMPE_Spreadsheets_v5.7_041415_ProtectedLocked.xlsm,05c1346e3c422a9e48bf249cd2022b5ad12d2b987df71b383d247f2c83b0c74b,CB14,A9,=Main!$B$27
NGAW2_GMPE_Spreadsheets_v5.7_041415_ProtectedLocked.xlsm,05c1346e3c422a9e48bf249cd2022b5ad12d2b987df71b383d247f2c83b0c74b,CB14,B9,"=IF(AND($A$9>=0, $A$9<=300),"""",""! Not Applicable !"")"
NGAW2_GMPE_Spreadsheets_v5.7_041415_ProtectedLocked.xlsm,05c1346e3c422a9e48bf249cd2022b5ad12d2b987df71b383d247f2c83b0c74b,CB14,Q9,"=IF($A$18<CB14_Coeffs!$AG8,CB14_Coeffs!$AH8*$A$56*(($A$56+CB14_Coeffs!$AJ8*($A$18/CB14_Coeffs!$AG8)^CB14_Coeffs!$AK8)^(-1)-($A$56+CB14_Coeffs!$AJ8)^(-1)),0)"
NGAW2_GMPE_Spreadsheets_v5.7_041415_ProtectedLocked.xlsm,05c1346e3c422a9e48bf249cd2022b5ad12d2b987df71b383d247f2c83b0c74b,CB14,R9,"=IF($A$6<4.5,CB14_Coeffs!$AL8,IF($A$6>5.5,CB14_Coeffs!$AM8,CB14_Coeffs!$AM8+(CB14_Coeffs!$AL8-CB14_Coeffs!$AM8)*(5.5-$A$6)*(5.5-4.5)))"
NGAW2_GMPE_Spreadsheets_v5.7_041415_ProtectedLocked.xlsm,05c1346e3c422a9e48bf249cd2022b5ad12d2b987df71b383d247f2c83b0c74b,CB14,S9,=SQRT(($R9^2-CB14_Coeffs!$AP8^2)+CB14_Coeffs!$AP8^2+$Q9^2*($R$28^2-CB14_Coeffs!$AP$26^2)+2*$Q9*CB14_Coeffs!$AR8*SQRT($R9^2-CB14_Coeffs!$AP8^2)*SQRT($R$28^2-CB14_Coeffs!$AP$26^2))
NGAW2_GMPE_Spreadsheets_v5.7_041415_ProtectedLocked.xlsm,05c1346e3c422a9e48bf249cd2022b5ad12d2b987df71b383d247f2c83b0c74b,CB14,T9,"=IF($A$6<4.5,CB14_Coeffs!$AN8,IF($A$6>5.5,CB14_Coeffs!$AO8,CB14_Coeffs!$AO8+(CB14_Coeffs!$AN8-CB14_Coeffs!$AO8)*(5.5-$A$6)*(5.5-4.5)))"
NGAW2_GMPE_Spreadsheets_v5.7_041415_ProtectedLocked.xlsm,05c1346e3c422a9e48bf249cd2022b5ad12d2b987df71b383d247f2c83b0c74b,CB14,U9,=SQRT($T9^2+$Q9^2*$T$28^2+2*$Q9*CB14_Coeffs!$AR8*$T9*T$28)
NGAW2_GMPE_Spreadsheets_v5.7_041415_ProtectedLocked.xlsm,05c1346e3c422a9e48bf249cd2022b5ad12d2b987df71b383d247f2c83b0c74b,CB14,V9,=CB14_Coeffs!AQ8
NGAW2_GMPE_Spreadsheets_v5.7_041415_ProtectedLocked.xlsm,05c1346e3c422a9e48bf249cd2022b5ad12d2b987df71b383d247f2c83b0c74b,CB14,W9,=SQRT(S9^2+U9^2)
NGAW2_GMPE_Spreadsheets_v5.7_041415_ProtectedLocked.xlsm,05c1346e3c422a9e48bf249cd2022b5ad12d2b987df71b383d247f2c83b0c74b,CB14,X9,=SQRT(V9^2+W9^2)
NGAW2_GMPE_Spreadsheets_v5.7_041415_ProtectedLocked.xlsm,05c1346e3c422a9e48bf249cd2022b5ad12d2b987df71b383d247f2c83b0c74b,CB14,Y9,"=CB_14($A$6,$A$9,$A$12,$A$15,$A$21,$A$24,$A$27,$A$33,$A$42,$A$30,$A$18,$A$39,$A$36,$A$62,$A$71,$A$68,$A$48,$A$56,$D9)"
NGAW2_GMPE_Spreadsheets_v5.7_041415_ProtectedLocked.xlsm,05c1346e3c422a9e48bf249cd2022b5ad12d2b987df71b383d247f2c83b0c74b,CB14,Z9,=W9
NGAW2_GMPE_Spreadsheets_v5.7_041415_ProtectedLocked.xlsm,05c1346e3c422a9e48bf249cd2022b5ad12d2b987df71b383d247f2c83b0c74b,CB14,Q10,"=IF($A$18<CB14_Coeffs!$AG9,CB14_Coeffs!$AH9*$A$56*(($A$56+CB14_Coeffs!$AJ9*($A$18/CB14_Coeffs!$AG9)^CB14_Coeffs!$AK9)^(-1)-($A$56+CB14_Coeffs!$AJ9)^(-1)),0)"
NGAW2_GMPE_Spreadsheets_v5.7_041415_ProtectedLocked.xlsm,05c1346e3c422a9e48bf249cd2022b5ad12d2b987df71b383d247f2c83b0c74b,CB14,R10,"=IF($A$6<4.5,CB14_Coeffs!$AL9,IF($A$6>5.5,CB14_Coeffs!$AM9,CB14_Coeffs!$AM9+(CB14_Coeffs!$AL9-CB14_Coeffs!$AM9)*(5.5-$A$6)*(5.5-4.5)))"
NGAW2_GMPE_Spreadsheets_v5.7_041415_ProtectedLocked.xlsm,05c1346e3c422a9e48bf249cd2022b5ad12d2b987df71b383d247f2c83b0c74b,CB14,S10,=SQRT(($R10^2-CB14_Coeffs!$AP9^2)+CB14_Coeffs!$AP9^2+$Q10^2*($R$28^2-CB14_Coeffs!$AP$26^2)+2*$Q10*CB14_Coeffs!$AR9*SQRT($R10^2-CB14_Coeffs!$AP9^2)*SQRT($R$28^2-CB14_Coeffs!$AP$26^2))
NGAW2_GMPE_Spreadsheets_v5.7_041415_ProtectedLocked.xlsm,05c1346e3c422a9e48bf249cd2022b5ad12d2b987df71b383d247f2c83b0c74b,CB14,T10,"=IF($A$6<4.5,CB14_Coeffs!$AN9,IF($A$6>5.5,CB14_Coeffs!$AO9,CB14_Coeffs!$AO9+(CB14_Coeffs!$AN9-CB14_Coeffs!$AO9)*(5.5-$A$6)*(5.5-4.5)))"
NGAW2_GMPE_Spreadsheets_v5.7_041415_ProtectedLocked.xlsm,05c1346e3c422a9e48bf249cd2022b5ad12d2b987df71b383d247f2c83b0c74b,CB14,U10,=SQRT($T10^2+$Q10^2*$T$28^2+2*$Q10*CB14_Coeffs!$AR9*$T10*T$28)
NGAW2_GMPE_Spreadsheets_v5.7_041415_ProtectedLocked.xlsm,05c1346e3c422a9e48bf249cd2022b5ad12d2b987df71b383d247f2c83b0c74b,CB14,V10,=CB14_Coeffs!AQ9
NGAW2_GMPE_Spreadsheets_v5.7_041415_ProtectedLocked.xlsm,05c1346e3c422a9e48bf249cd2022b5ad12d2b987df71b383d247f2c83b0c74b,CB14,W10,=SQRT(S10^2+U10^2)
NGAW2_GMPE_Spreadsheets_v5.7_041415_ProtectedLocked.xlsm,05c1346e3c422a9e48bf249cd2022b5ad12d2b987df71b383d247f2c83b0c74b,CB14,X10,=SQRT(V10^2+W10^2)
NGAW2_GMPE_Spreadsheets_v5.7_041415_ProtectedLocked.xlsm,05c1346e3c422a9e48bf249cd2022b5ad12d2b987df71b383d247f2c83b0c74b,CB14,Y10,"=CB_14($A$6,$A$9,$A$12,$A$15,$A$21,$A$24,$A$27,$A$33,$A$42,$A$30,$A$18,$A$39,$A$36,$A$62,$A$71,$A$68,$A$48,$A$56,$D10)"
NGAW2_GMPE_Spreadsheets_v5.7_041415_ProtectedLocked.xlsm,05c1346e3c422a9e48bf249cd2022b5ad12d2b987df71b383d247f2c83b0c74b,CB14,Z10,=W10
NGAW2_GMPE_Spreadsheets_v5.7_041415_ProtectedLocked.xlsm,05c1346e3c422a9e48bf249cd2022b5ad12d2b987df71b383d247f2c83b0c74b,CB14,Q11,"=IF($A$18<CB14_Coeffs!$AG10,CB14_Coeffs!$AH10*$A$56*(($A$56+CB14_Coeffs!$AJ10*($A$18/CB14_Coeffs!$AG10)^CB14_Coeffs!$AK10)^(-1)-($A$56+CB14_Coeffs!$AJ10)^(-1)),0)"
NGAW2_GMPE_Spreadsheets_v5.7_041415_ProtectedLocked.xlsm,05c1346e3c422a9e48bf249cd2022b5ad12d2b987df71b383d247f2c83b0c74b,CB14,R11,"=IF($A$6<4.5,CB14_Coeffs!$AL10,IF($A$6>5.5,CB14_Coeffs!$AM10,CB14_Coeffs!$AM10+(CB14_Coeffs!$AL10-CB14_Coeffs!$AM10)*(5.5-$A$6)*(5.5-4.5)))"
NGAW2_GMPE_Spreadsheets_v5.7_041415_ProtectedLocked.xlsm,05c1346e3c422a9e48bf249cd2022b5ad12d2b987df71b383d247f2c83b0c74b,CB14,S11,=SQRT(($R11^2-CB14_Coeffs!$AP10^2)+CB14_Coeffs!$AP10^2+$Q11^2*($R$28^2-CB14_Coeffs!$AP$26^2)+2*$Q11*CB14_Coeffs!$AR10*SQRT($R11^2-CB14_Coeffs!$AP10^2)*SQRT($R$28^2-CB14_Coeffs!$AP$26^2))
NGAW2_GMPE_Spreadsheets_v5.7_041415_ProtectedLocked.xlsm,05c1346e3c422a9e48bf249cd2022b5ad12d2b987df71b383d247f2c83b0c74b,CB14,T11,"=IF($A$6<4.5,CB14_Coeffs!$AN10,IF($A$6>5.5,CB14_Coeffs!$AO10,CB14_Coeffs!$AO10+(CB14_Coeffs!$AN10-CB14_Coeffs!$AO10)*(5.5-$A$6)*(5.5-4.5)))"
NGAW2_GMPE_Spreadsheets_v5.7_041415_ProtectedLocked.xlsm,05c1346e3c422a9e48bf249cd2022b5ad12d2b987df71b383d247f2c83b0c74b,CB14,U11,=SQRT($T11^2+$Q11^2*$T$28^2+2*$Q11*CB14_Coeffs!$AR10*$T11*T$28)
NGAW2_GMPE_Spreadsheets_v5.7_041415_ProtectedLocked.xlsm,05c1346e3c422a9e48bf249cd2022b5ad12d2b987df71b383d247f2c83b0c74b,CB14,V11,=CB14_Coeffs!AQ10
NGAW2_GMPE_Spreadsheets_v5.7_041415_ProtectedLocked.xlsm,05c1346e3c422a9e48bf249cd2022b5ad12d2b987df71b383d247f2c83b0c74b,CB14,W11,=SQRT(S11^2+U11^2)
NGAW2_GMPE_Spreadsheets_v5.7_041415_ProtectedLocked.xlsm,05c1346e3c422a9e48bf249cd2022b5ad12d2b987df71b383d247f2c83b0c74b,CB14,X11,=SQRT(V11^2+W11^2)
NGAW2_GMPE_Spreadsheets_v5.7_041415_ProtectedLocked.xlsm,05c1346e3c422a9e48bf249cd2022b5ad12d2b987df71b383d247f2c83b0c74b,CB14,Y11,"=CB_14($A$6,$A$9,$A$12,$A$15,$A$21,$A$24,$A$27,$A$33,$A$42,$A$30,$A$18,$A$39,$A$36,$A$62,$A$71,$A$68,$A$48,$A$56,$D11)"
NGAW2_GMPE_Spreadsheets_v5.7_041415_ProtectedLocked.xlsm,05c1346e3c422a9e48bf249cd2022b5ad12d2b987df71b383d247f2c83b0c74b,CB14,Z11,=W11
NGAW2_GMPE_Spreadsheets_v5.7_041415_ProtectedLocked.xlsm,05c1346e3c422a9e48bf249cd2022b5ad12d2b987df71b383d247f2c83b0c74b,CB14,A12,=Main!$B$30
NGAW2_GMPE_Spreadsheets_v5.7_041415_ProtectedLocked.xlsm,05c1346e3c422a9e48bf249cd2022b5ad12d2b987df71b383d247f2c83b0c74b,CB14,Q12,"=IF($A$18<CB14_Coeffs!$AG11,CB14_Coeffs!$AH11*$A$56*(($A$56+CB14_Coeffs!$AJ11*($A$18/CB14_Coeffs!$AG11)^CB14_Coeffs!$AK11)^(-1)-($A$56+CB14_Coeffs!$AJ11)^(-1)),0)"
NGAW2_GMPE_Spreadsheets_v5.7_041415_ProtectedLocked.xlsm,05c1346e3c422a9e48bf249cd2022b5ad12d2b987df71b383d247f2c83b0c74b,CB14,R12,"=IF($A$6<4.5,CB14_Coeffs!$AL11,IF($A$6>5.5,CB14_Coeffs!$AM11,CB14_Coeffs!$AM11+(CB14_Coeffs!$AL11-CB14_Coeffs!$AM11)*(5.5-$A$6)*(5.5-4.5)))"
NGAW2_GMPE_Spreadsheets_v5.7_041415_ProtectedLocked.xlsm,05c1346e3c422a9e48bf249cd2022b5ad12d2b987df71b383d247f2c83b0c74b,CB14,S12,=SQRT(($R12^2-CB14_Coeffs!$AP11^2)+CB14_Coeffs!$AP11^2+$Q12^2*($R$28^2-CB14_Coeffs!$AP$26^2)+2*$Q12*CB14_Coeffs!$AR11*SQRT($R12^2-CB14_Coeffs!$AP11^2)*SQRT($R$28^2-CB14_Coeffs!$AP$26^2))
NGAW2_GMPE_Spreadsheets_v5.7_041415_ProtectedLocked.xlsm,05c1346e3c422a9e48bf249cd2022b5ad12d2b987df71b383d247f2c83b0c74b,CB14,T12,"=IF($A$6<4.5,CB14_Coeffs!$AN11,IF($A$6>5.5,CB14_Coeffs!$AO11,CB14_Coeffs!$AO11+(CB14_Coeffs!$AN11-CB14_Coeffs!$AO11)*(5.5-$A$6)*(5.5-4.5)))"
NGAW2_GMPE_Spreadsheets_v5.7_041415_ProtectedLocked.xlsm,05c1346e3c422a9e48bf249cd2022b5ad12d2b987df71b383d247f2c83b0c74b,CB14,U12,=SQRT($T12^2+$Q12^2*$T$28^2+2*$Q12*CB14_Coeffs!$AR11*$T12*T$28)
NGAW2_GMPE_Spreadsheets_v5.7_041415_ProtectedLocked.xlsm,05c1346e3c422a9e48bf249cd2022b5ad12d2b987df71b383d247f2c83b0c74b,CB14,V12,=CB14_Coeffs!AQ11
NGAW2_GMPE_Spreadsheets_v5.7_041415_ProtectedLocked.xlsm,05c1346e3c422a9e48bf249cd2022b5ad12d2b987df71b383d247f2c83b0c74b,CB14,W12,=SQRT(S12^2+U12^2)
NGAW2_GMPE_Spreadsheets_v5.7_041415_ProtectedLocked.xlsm,05c1346e3c422a9e48bf249cd2022b5ad12d2b987df71b383d247f2c83b0c74b,CB14,X12,=SQRT(V12^2+W12^2)
NGAW2_GMPE_Spreadsheets_v5.7_041415_ProtectedLocked.xlsm,05c1346e3c422a9e48bf249cd2022b5ad12d2b987df71b383d247f2c83b0c74b,CB14,Y12,"=CB_14($A$6,$A$9,$A$12,$A$15,$A$21,$A$24,$A$27,$A$33,$A$42,$A$30,$A$18,$A$39,$A$36,$A$62,$A$71,$A$68,$A$48,$A$56,$D12)"
NGAW2_GMPE_Spreadsheets_v5.7_041415_ProtectedLocked.xlsm,05c1346e3c422a9e48bf249cd2022b5ad12d2b987df71b383d247f2c83b0c74b,CB14,Z12,=W12
NGAW2_GMPE_Spreadsheets_v5.7_041415_ProtectedLocked.xlsm,05c1346e3c422a9e48bf249cd2022b5ad12d2b987df71b383d247f2c83b0c74b,CB14,Q13,"=IF($A$18<CB14_Coeffs!$AG12,CB14_Coeffs!$AH12*$A$56*(($A$56+CB14_Coeffs!$AJ12*($A$18/CB14_Coeffs!$AG12)^CB14_Coeffs!$AK12)^(-1)-($A$56+CB14_Coeffs!$AJ12)^(-1)),0)"
NGAW2_GMPE_Spreadsheets_v5.7_041415_ProtectedLocked.xlsm,05c1346e3c422a9e48bf249cd2022b5ad12d2b987df71b383d247f2c83b0c74b,CB14,R13,"=IF($A$6<4.5,CB14_Coeffs!$AL12,IF($A$6>5.5,CB14_Coeffs!$AM12,CB14_Coeffs!$AM12+(CB14_Coeffs!$AL12-CB14_Coeffs!$AM12)*(5.5-$A$6)*(5.5-4.5)))"
NGAW2_GMPE_Spreadsheets_v5.7_041415_ProtectedLocked.xlsm,05c1346e3c422a9e48bf249cd2022b5ad12d2b987df71b383d247f2c83b0c74b,CB14,S13,=SQRT(($R13^2-CB14_Coeffs!$AP12^2)+CB14_Coeffs!$AP12^2+$Q13^2*($R$28^2-CB14_Coeffs!$AP$26^2)+2*$Q13*CB14_Coeffs!$AR12*SQRT($R13^2-CB14_Coeffs!$AP12^2)*SQRT($R$28^2-CB14_Coeffs!$AP$26^2))
NGAW2_GMPE_Spreadsheets_v5.7_041415_ProtectedLocked.xlsm,05c1346e3c422a9e48bf249cd2022b5ad12d2b987df71b383d247f2c83b0c74b,CB14,T13,"=IF($A$6<4.5,CB14_Coeffs!$AN12,IF($A$6>5.5,CB14_Coeffs!$AO12,CB14_Coeffs!$AO12+(CB14_Coeffs!$AN12-CB14_Coeffs!$AO12)*(5.5-$A$6)*(5.5-4.5)))"
NGAW2_GMPE_Spreadsheets_v5.7_041415_ProtectedLocked.xlsm,05c1346e3c422a9e48bf249cd2022b5ad12d2b987df71b383d247f2c83b0c74b,CB14,U13,=SQRT($T13^2+$Q13^2*$T$28^2+2*$Q13*CB14_Coeffs!$AR12*$T13*T$28)
NGAW2_GMPE_Spreadsheets_v5.7_041415_ProtectedLocked.xlsm,05c1346e3c422a9e48bf249cd2022b5ad12d2b987df71b383d247f2c83b0c74b,CB14,V13,=CB14_Coeffs!AQ12
NGAW2_GMPE_Spreadsheets_v5.7_041415_ProtectedLocked.xlsm,05c1346e3c422a9e48bf249cd2022b5ad12d2b987df71b383d247f2c83b0c74b,CB14,W13,=SQRT(S13^2+U13^2)
NGAW2_GMPE_Spreadsheets_v5.7_041415_ProtectedLocked.xlsm,05c1346e3c422a9e48bf249cd2022b5ad12d2b987df71b383d247f2c83b0c74b,CB14,X13,=SQRT(V13^2+W13^2)
NGAW2_GMPE_Spreadsheets_v5.7_041415_ProtectedLocked.xlsm,05c1346e3c422a9e48bf249cd2022b5ad12d2b987df71b383d247f2c83b0c74b,CB14,Y13,"=CB_14($A$6,$A$9,$A$12,$A$15,$A$21,$A$24,$A$27,$A$33,$A$42,$A$30,$A$18,$A$39,$A$36,$A$62,$A$71,$A$68,$A$48,$A$56,$D13)"
NGAW2_GMPE_Spreadsheets_v5.7_041415_ProtectedLocked.xlsm,05c1346e3c422a9e48bf249cd2022b5ad12d2b987df71b383d247f2c83b0c74b,CB14,Z13,=W13
NGAW2_GMPE_Spreadsheets_v5.7_041415_ProtectedLocked.xlsm,05c1346e3c422a9e48bf249cd2022b5ad12d2b987df71b383d247f2c83b0c74b,CB14,Q14,"=IF($A$18<CB14_Coeffs!$AG13,CB14_Coeffs!$AH13*$A$56*(($A$56+CB14_Coeffs!$AJ13*($A$18/CB14_Coeffs!$AG13)^CB14_Coeffs!$AK13)^(-1)-($A$56+CB14_Coeffs!$AJ13)^(-1)),0)"
NGAW2_GMPE_Spreadsheets_v5.7_041415_ProtectedLocked.xlsm,05c1346e3c422a9e48bf249cd2022b5ad12d2b987df71b383d247f2c83b0c74b,CB14,R14,"=IF($A$6<4.5,CB14_Coeffs!$AL13,IF($A$6>5.5,CB14_Coeffs!$AM13,CB14_Coeffs!$AM13+(CB14_Coeffs!$AL13-CB14_Coeffs!$AM13)*(5.5-$A$6)*(5.5-4.5)))"
NGAW2_GMPE_Spreadsheets_v5.7_041415_ProtectedLocked.xlsm,05c1346e3c422a9e48bf249cd2022b5ad12d2b987df71b383d247f2c83b0c74b,CB14,S14,=SQRT(($R14^2-CB14_Coeffs!$AP13^2)+CB14_Coeffs!$AP13^2+$Q14^2*($R$28^2-CB14_Coeffs!$AP$26^2)+2*$Q14*CB14_Coeffs!$AR13*SQRT($R14^2-CB14_Coeffs!$AP13^2)*SQRT($R$28^2-CB14_Coeffs!$AP$26^2))
NGAW2_GMPE_Spreadsheets_v5.7_041415_ProtectedLocked.xlsm,05c1346e3c422a9e48bf249cd2022b5ad12d2b987df71b383d247f2c83b0c74b,CB14,T14,"=IF($A$6<4.5,CB14_Coeffs!$AN13,IF($A$6>5.5,CB14_Coeffs!$AO13,CB14_Coeffs!$AO13+(CB14_Coeffs!$AN13-CB14_Coeffs!$AO13)*(5.5-$A$6)*(5.5-4.5)))"
NGAW2_GMPE_Spreadsheets_v5.7_041415_ProtectedLocked.xlsm,05c1346e3c422a9e48bf249cd2022b5ad12d2b987df71b383d247f2c83b0c74b,CB14,U14,=SQRT($T14^2+$Q14^2*$T$28^2+2*$Q14*CB14_Coeffs!$AR13*$T14*T$28)
NGAW2_GMPE_Spreadsheets_v5.7_041415_ProtectedLocked.xlsm,05c1346e3c422a9e48bf249cd2022b5ad12d2b987df71b383d247f2c83b0c74b,CB14,V14,=CB14_Coeffs!AQ13
NGAW2_GMPE_Spreadsheets_v5.7_041415_ProtectedLocked.xlsm,05c1346e3c422a9e48bf249cd2022b5ad12d2b987df71b383d247f2c83b0c74b,CB14,W14,=SQRT(S14^2+U14^2)
NGAW2_GMPE_Spreadsheets_v5.7_041415_ProtectedLocked.xlsm,05c1346e3c422a9e48bf249cd2022b5ad12d2b987df71b383d247f2c83b0c74b,CB14,X14,=SQRT(V14^2+W14^2)
NGAW2_GMPE_Spreadsheets_v5.7_041415_ProtectedLocked.xlsm,05c1346e3c422a9e48bf249cd2022b5ad12d2b987df71b383d247f2c83b0c74b,CB14,Y14,"=CB_14($A$6,$A$9,$A$12,$A$15,$A$21,$A$24,$A$27,$A$33,$A$42,$A$30,$A$18,$A$39,$A$36,$A$62,$A$71,$A$68,$A$48,$A$56,$D14)"
NGAW2_GMPE_Spreadsheets_v5.7_041415_ProtectedLocked.xlsm,05c1346e3c422a9e48bf249cd2022b5ad12d2b987df71b383d247f2c83b0c74b,CB14,Z14,=W14
NGAW2_GMPE_Spreadsheets_v5.7_041415_ProtectedLocked.xlsm,05c1346e3c422a9e48bf249cd2022b5ad12d2b987df71b383d247f2c83b0c74b,CB14,A15,=Main!$B$33
NGAW2_GMPE_Spreadsheets_v5.7_041415_ProtectedLocked.xlsm,05c1346e3c422a9e48bf249cd2022b5ad12d2b987df71b383d247f2c83b0c74b,CB14,Q15,"=IF($A$18<CB14_Coeffs!$AG14,CB14_Coeffs!$AH14*$A$56*(($A$56+CB14_Coeffs!$AJ14*($A$18/CB14_Coeffs!$AG14)^CB14_Coeffs!$AK14)^(-1)-($A$56+CB14_Coeffs!$AJ14)^(-1)),0)"
NGAW2_GMPE_Spreadsheets_v5.7_041415_ProtectedLocked.xlsm,05c1346e3c422a9e48bf249cd2022b5ad12d2b987df71b383d247f2c83b0c74b,CB14,R15,"=IF($A$6<4.5,CB14_Coeffs!$AL14,IF($A$6>5.5,CB14_Coeffs!$AM14,CB14_Coeffs!$AM14+(CB14_Coeffs!$AL14-CB14_Coeffs!$AM14)*(5.5-$A$6)*(5.5-4.5)))"
NGAW2_GMPE_Spreadsheets_v5.7_041415_ProtectedLocked.xlsm,05c1346e3c422a9e48bf249cd2022b5ad12d2b987df71b383d247f2c83b0c74b,CB14,S15,=SQRT(($R15^2-CB14_Coeffs!$AP14^2)+CB14_Coeffs!$AP14^2+$Q15^2*($R$28^2-CB14_Coeffs!$AP$26^2)+2*$Q15*CB14_Coeffs!$AR14*SQRT($R15^2-CB14_Coeffs!$AP14^2)*SQRT($R$28^2-CB14_Coeffs!$AP$26^2))
NGAW2_GMPE_Spreadsheets_v5.7_041415_ProtectedLocked.xlsm,05c1346e3c422a9e48bf249cd2022b5ad12d2b987df71b383d247f2c83b0c74b,CB14,T15,"=IF($A$6<4.5,CB14_Coeffs!$AN14,IF($A$6>5.5,CB14_Coeffs!$AO14,CB14_Coeffs!$AO14+(CB14_Coeffs!$AN14-CB14_Coeffs!$AO14)*(5.5-$A$6)*(5.5-4.5)))"
NGAW2_GMPE_Spreadsheets_v5.7_041415_ProtectedLocked.xlsm,05c1346e3c422a9e48bf249cd2022b5ad12d2b987df71b383d247f2c83b0c74b,CB14,U15,=SQRT($T15^2+$Q15^2*$T$28^2+2*$Q15*CB14_Coeffs!$AR14*$T15*T$28)
NGAW2_GMPE_Spreadsheets_v5.7_041415_ProtectedLocked.xlsm,05c1346e3c422a9e48bf249cd2022b5ad12d2b987df71b383d247f2c83b0c74b,CB14,V15,=CB14_Coeffs!AQ14
NGAW2_GMPE_Spreadsheets_v5.7_041415_ProtectedLocked.xlsm,05c1346e3c422a9e48bf249cd2022b5ad12d2b987df71b383d247f2c83b0c74b,CB14,W15,=SQRT(S15^2+U15^2)
NGAW2_GMPE_Spreadsheets_v5.7_041415_ProtectedLocked.xlsm,05c1346e3c422a9e48bf249cd2022b5ad12d2b987df71b383d247f2c83b0c74b,CB14,X15,=SQRT(V15^2+W15^2)
NGAW2_GMPE_Spreadsheets_v5.7_041415_ProtectedLocked.xlsm,05c1346e3c422a9e48bf249cd2022b5ad12d2b987df71b383d247f2c83b0c74b,CB14,Y15,"=CB_14($A$6,$A$9,$A$12,$A$15,$A$21,$A$24,$A$27,$A$33,$A$42,$A$30,$A$18,$A$39,$A$36,$A$62,$A$71,$A$68,$A$48,$A$56,$D15)"
NGAW2_GMPE_Spreadsheets_v5.7_041415_ProtectedLocked.xlsm,05c1346e3c422a9e48bf249cd2022b5ad12d2b987df71b383d247f2c83b0c74b,CB14,Z15,=W15
NGAW2_GMPE_Spreadsheets_v5.7_041415_ProtectedLocked.xlsm,05c1346e3c422a9e48bf249cd2022b5ad12d2b987df71b383d247f2c83b0c74b,CB14,Q16,"=IF($A$18<CB14_Coeffs!$AG15,CB14_Coeffs!$AH15*$A$56*(($A$56+CB14_Coeffs!$AJ15*($A$18/CB14_Coeffs!$AG15)^CB14_Coeffs!$AK15)^(-1)-($A$56+CB14_Coeffs!$AJ15)^(-1)),0)"
NGAW2_GMPE_Spreadsheets_v5.7_041415_ProtectedLocked.xlsm,05c1346e3c422a9e48bf249cd2022b5ad12d2b987df71b383d247f2c83b0c74b,CB14,R16,"=IF($A$6<4.5,CB14_Coeffs!$AL15,IF($A$6>5.5,CB14_Coeffs!$AM15,CB14_Coeffs!$AM15+(CB14_Coeffs!$AL15-CB14_Coeffs!$AM15)*(5.5-$A$6)*(5.5-4.5)))"
NGAW2_GMPE_Spreadsheets_v5.7_041415_ProtectedLocked.xlsm,05c1346e3c422a9e48bf249cd2022b5ad12d2b987df71b383d247f2c83b0c74b,CB14,S16,=SQRT(($R16^2-CB14_Coeffs!$AP15^2)+CB14_Coeffs!$AP15^2+$Q16^2*($R$28^2-CB14_Coeffs!$AP$26^2)+2*$Q16*CB14_Coeffs!$AR15*SQRT($R16^2-CB14_Coeffs!$AP15^2)*SQRT($R$28^2-CB14_Coeffs!$AP$26^2))
NGAW2_GMPE_Spreadsheets_v5.7_041415_ProtectedLocked.xlsm,05c1346e3c422a9e48bf249cd2022b5ad12d2b987df71b383d247f2c83b0c74b,CB14,T16,"=IF($A$6<4.5,CB14_Coeffs!$AN15,IF($A$6>5.5,CB14_Coeffs!$AO15,CB14_Coeffs!$AO15+(CB14_Coeffs!$AN15-CB14_Coeffs!$AO15)*(5.5-$A$6)*(5.5-4.5)))"
NGAW2_GMPE_Spreadsheets_v5.7_041415_ProtectedLocked.xlsm,05c1346e3c422a9e48bf249cd2022b5ad12d2b987df71b383d247f2c83b0c74b,CB14,U16,=SQRT($T16^2+$Q16^2*$T$28^2+2*$Q16*CB14_Coeffs!$AR15*$T16*T$28)
NGAW2_GMPE_Spreadsheets_v5.7_041415_ProtectedLocked.xlsm,05c1346e3c422a9e48bf249cd2022b5ad12d2b987df71b383d247f2c83b0c74b,CB14,V16,=CB14_Coeffs!AQ15
NGAW2_GMPE_Spreadsheets_v5.7_041415_ProtectedLocked.xlsm,05c1346e3c422a9e48bf249cd2022b5ad12d2b987df71b383d247f2c83b0c74b,CB14,W16,=SQRT(S16^2+U16^2)
NGAW2_GMPE_Spreadsheets_v5.7_041415_ProtectedLocked.xlsm,05c1346e3c422a9e48bf249cd2022b5ad12d2b987df71b383d247f2c83b0c74b,CB14,X16,=SQRT(V16^2+W16^2)
NGAW2_GMPE_Spreadsheets_v5.7_041415_ProtectedLocked.xlsm,05c1346e3c422a9e48bf249cd2022b5ad12d2b987df71b383d247f2c83b0c74b,CB14,Y16,"=CB_14($A$6,$A$9,$A$12,$A$15,$A$21,$A$24,$A$27,$A$33,$A$42,$A$30,$A$18,$A$39,$A$36,$A$62,$A$71,$A$68,$A$48,$A$56,$D16)"
NGAW2_GMPE_Spreadsheets_v5.7_041415_ProtectedLocked.xlsm,05c1346e3c422a9e48bf249cd2022b5ad12d2b987df71b383d247f2c83b0c74b,CB14,Z16,=W16
NGAW2_GMPE_Spreadsheets_v5.7_041415_ProtectedLocked.xlsm,05c1346e3c422a9e48bf249cd2022b5ad12d2b987df71b383d247f2c83b0c74b,CB14,Q17,"=IF($A$18<CB14_Coeffs!$AG16,CB14_Coeffs!$AH16*$A$56*(($A$56+CB14_Coeffs!$AJ16*($A$18/CB14_Coeffs!$AG16)^CB14_Coeffs!$AK16)^(-1)-($A$56+CB14_Coeffs!$AJ16)^(-1)),0)"
NGAW2_GMPE_Spreadsheets_v5.7_041415_ProtectedLocked.xlsm,05c1346e3c422a9e48bf249cd2022b5ad12d2b987df71b383d247f2c83b0c74b,CB14,R17,"=IF($A$6<4.5,CB14_Coeffs!$AL16,IF($A$6>5.5,CB14_Coeffs!$AM16,CB14_Coeffs!$AM16+(CB14_Coeffs!$AL16-CB14_Coeffs!$AM16)*(5.5-$A$6)*(5.5-4.5)))"
NGAW2_GMPE_Spreadsheets_v5.7_041415_ProtectedLocked.xlsm,05c1346e3c422a9e48bf249cd2022b5ad12d2b987df71b383d247f2c83b0c74b,CB14,S17,=SQRT(($R17^2-CB14_Coeffs!$AP16^2)+CB14_Coeffs!$AP16^2+$Q17^2*($R$28^2-CB14_Coeffs!$AP$26^2)+2*$Q17*CB14_Coeffs!$AR16*SQRT($R17^2-CB14_Coeffs!$AP16^2)*SQRT($R$28^2-CB14_Coeffs!$AP$26^2))
NGAW2_GMPE_Spreadsheets_v5.7_041415_ProtectedLocked.xlsm,05c1346e3c422a9e48bf249cd2022b5ad12d2b987df71b383d247f2c83b0c74b,CB14,T17,"=IF($A$6<4.5,CB14_Coeffs!$AN16,IF($A$6>5.5,CB14_Coeffs!$AO16,CB14_Coeffs!$AO16+(CB14_Coeffs!$AN16-CB14_Coeffs!$AO16)*(5.5-$A$6)*(5.5-4.5)))"
NGAW2_GMPE_Spreadsheets_v5.7_041415_ProtectedLocked.xlsm,05c1346e3c422a9e48bf249cd2022b5ad12d2b987df71b383d247f2c83b0c74b,CB14,U17,=SQRT($T17^2+$Q17^2*$T$28^2+2*$Q17*CB14_Coeffs!$AR16*$T17*T$28)
NGAW2_GMPE_Spreadsheets_v5.7_041415_ProtectedLocked.xlsm,05c1346e3c422a9e48bf249cd2022b5ad12d2b987df71b383d247f2c83b0c74b,CB14,V17,=CB14_Coeffs!AQ16
NGAW2_GMPE_Spreadsheets_v5.7_041415_ProtectedLocked.xlsm,05c1346e3c422a9e48bf249cd2022b5ad12d2b987df71b383d247f2c83b0c74b,CB14,W17,=SQRT(S17^2+U17^2)
NGAW2_GMPE_Spreadsheets_v5.7_041415_ProtectedLocked.xlsm,05c1346e3c422a9e48bf249cd2022b5ad12d2b987df71b383d247f2c83b0c74b,CB14,X17,=SQRT(V17^2+W17^2)
NGAW2_GMPE_Spreadsheets_v5.7_041415_ProtectedLocked.xlsm,05c1346e3c422a9e48bf249cd2022b5ad12d2b987df71b383d247f2c83b0c74b,CB14,Y17,"=CB_14($A$6,$A$9,$A$12,$A$15,$A$21,$A$24,$A$27,$A$33,$A$42,$A$30,$A$18,$A$39,$A$36,$A$62,$A$71,$A$68,$A$48,$A$56,$D17)"
NGAW2_GMPE_Spreadsheets_v5.7_041415_ProtectedLocked.xlsm,05c1346e3c422a9e48bf249cd2022b5ad12d2b987df71b383d247f2c83b0c74b,CB14,Z17,=W17
NGAW2_GMPE_Spreadsheets_v5.7_041415_ProtectedLocked.xlsm,05c1346e3c422a9e48bf249cd2022b5ad12d2b987df71b383d247f2c83b0c74b,CB14,A18,=Main!$B$39
NGAW2_GMPE_Spreadsheets_v5.7_041415_ProtectedLocked.xlsm,05c1346e3c422a9e48bf249cd2022b5ad12d2b987df71b383d247f2c83b0c74b,CB14,B18,"=IF($A$18<150,""! Not Applicable !"", IF(AND($A$18>=150, $A$18<=1500),"""",""! Not Applicable !""))"
NGAW2_GMPE_Spreadsheets_v5.7_041415_ProtectedLocked.xlsm,05c1346e3c422a9e48bf249cd2022b5ad12d2b987df71b383d247f2c83b0c74b,CB14,Q18,"=IF($A$18<CB14_Coeffs!$AG17,CB14_Coeffs!$AH17*$A$56*(($A$56+CB14_Coeffs!$AJ17*($A$18/CB14_Coeffs!$AG17)^CB14_Coeffs!$AK17)^(-1)-($A$56+CB14_Coeffs!$AJ17)^(-1)),0)"
NGAW2_GMPE_Spreadsheets_v5.7_041415_ProtectedLocked.xlsm,05c1346e3c422a9e48bf249cd2022b5ad12d2b987df71b383d247f2c83b0c74b,CB14,R18,"=IF($A$6<4.5,CB14_Coeffs!$AL17,IF($A$6>5.5,CB14_Coeffs!$AM17,CB14_Coeffs!$AM17+(CB14_Coeffs!$AL17-CB14_Coeffs!$AM17)*(5.5-$A$6)*(5.5-4.5)))"
NGAW2_GMPE_Spreadsheets_v5.7_041415_ProtectedLocked.xlsm,05c1346e3c422a9e48bf249cd2022b5ad12d2b987df71b383d247f2c83b0c74b,CB14,S18,=SQRT(($R18^2-CB14_Coeffs!$AP17^2)+CB14_Coeffs!$AP17^2+$Q18^2*($R$28^2-CB14_Coeffs!$AP$26^2)+2*$Q18*CB14_Coeffs!$AR17*SQRT($R18^2-CB14_Coeffs!$AP17^2)*SQRT($R$28^2-CB14_Coeffs!$AP$26^2))
NGAW2_GMPE_Spreadsheets_v5.7_041415_ProtectedLocked.xlsm,05c1346e3c422a9e48bf249cd2022b5ad12d2b987df71b383d247f2c83b0c74b,CB14,T18,"=IF($A$6<4.5,CB14_Coeffs!$AN17,IF($A$6>5.5,CB14_Coeffs!$AO17,CB14_Coeffs!$AO17+(CB14_Coeffs!$AN17-CB14_Coeffs!$AO17)*(5.5-$A$6)*(5.5-4.5)))"
NGAW2_GMPE_Spreadsheets_v5.7_041415_ProtectedLocked.xlsm,05c1346e3c422a9e48bf249cd2022b5ad12d2b987df71b383d247f2c83b0c74b,CB14,U18,=SQRT($T18^2+$Q18^2*$T$28^2+2*$Q18*CB14_Coeffs!$AR17*$T18*T$28)
NGAW2_GMPE_Spreadsheets_v5.7_041415_ProtectedLocked.xlsm,05c1346e3c422a9e48bf249cd2022b5ad12d2b987df71b383d247f2c83b0c74b,CB14,V18,=CB14_Coeffs!AQ17
NGAW2_GMPE_Spreadsheets_v5.7_041415_ProtectedLocked.xlsm,05c1346e3c422a9e48bf249cd2022b5ad12d2b987df71b383d247f2c83b0c74b,CB14,W18,=SQRT(S18^2+U18^2)
NGAW2_GMPE_Spreadsheets_v5.7_041415_ProtectedLocked.xlsm,05c1346e3c422a9e48bf249cd2022b5ad12d2b987df71b383d247f2c83b0c74b,CB14,X18,=SQRT(V18^2+W18^2)
NGAW2_GMPE_Spreadsheets_v5.7_041415_ProtectedLocked.xlsm,05c1346e3c422a9e48bf249cd2022b5ad12d2b987df71b383d247f2c83b0c74b,CB14,Y18,"=CB_14($A$6,$A$9,$A$12,$A$15,$A$21,$A$24,$A$27,$A$33,$A$42,$A$30,$A$18,$A$39,$A$36,$A$62,$A$71,$A$68,$A$48,$A$56,$D18)"
NGAW2_GMPE_Spreadsheets_v5.7_041415_ProtectedLocked.xlsm,05c1346e3c422a9e48bf249cd2022b5ad12d2b987df71b383d247f2c83b0c74b,CB14,Z18,=W18
NGAW2_GMPE_Spreadsheets_v5.7_041415_ProtectedLocked.xlsm,05c1346e3c422a9e48bf249cd2022b5ad12d2b987df71b383d247f2c83b0c74b,CB14,Q19,"=IF($A$18<CB14_Coeffs!$AG18,CB14_Coeffs!$AH18*$A$56*(($A$56+CB14_Coeffs!$AJ18*($A$18/CB14_Coeffs!$AG18)^CB14_Coeffs!$AK18)^(-1)-($A$56+CB14_Coeffs!$AJ18)^(-1)),0)"
NGAW2_GMPE_Spreadsheets_v5.7_041415_ProtectedLocked.xlsm,05c1346e3c422a9e48bf249cd2022b5ad12d2b987df71b383d247f2c83b0c74b,CB14,R19,"=IF($A$6<4.5,CB14_Coeffs!$AL18,IF($A$6>5.5,CB14_Coeffs!$AM18,CB14_Coeffs!$AM18+(CB14_Coeffs!$AL18-CB14_Coeffs!$AM18)*(5.5-$A$6)*(5.5-4.5)))"
NGAW2_GMPE_Spreadsheets_v5.7_041415_ProtectedLocked.xlsm,05c1346e3c422a9e48bf249cd2022b5ad12d2b987df71b383d247f2c83b0c74b,CB14,S19,=SQRT(($R19^2-CB14_Coeffs!$AP18^2)+CB14_Coeffs!$AP18^2+$Q19^2*($R$28^2-CB14_Coeffs!$AP$26^2)+2*$Q19*CB14_Coeffs!$AR18*SQRT($R19^2-CB14_Coeffs!$AP18^2)*SQRT($R$28^2-CB14_Coeffs!$AP$26^2))
NGAW2_GMPE_Spreadsheets_v5.7_041415_ProtectedLocked.xlsm,05c1346e3c422a9e48bf249cd2022b5ad12d2b987df71b383d247f2c83b0c74b,CB14,T19,"=IF($A$6<4.5,CB14_Coeffs!$AN18,IF($A$6>5.5,CB14_Coeffs!$AO18,CB14_Coeffs!$AO18+(CB14_Coeffs!$AN18-CB14_Coeffs!$AO18)*(5.5-$A$6)*(5.5-4.5)))"
NGAW2_GMPE_Spreadsheets_v5.7_041415_ProtectedLocked.xlsm,05c1346e3c422a9e48bf249cd2022b5ad12d2b987df71b383d247f2c83b0c74b,CB14,U19,=SQRT($T19^2+$Q19^2*$T$28^2+2*$Q19*CB14_Coeffs!$AR18*$T19*T$28)
NGAW2_GMPE_Spreadsheets_v5.7_041415_ProtectedLocked.xlsm,05c1346e3c422a9e48bf249cd2022b5ad12d2b987df71b383d247f2c83b0c74b,CB14,V19,=CB14_Coeffs!AQ18
NGAW2_GMPE_Spreadsheets_v5.7_041415_ProtectedLocked.xlsm,05c1346e3c422a9e48bf249cd2022b5ad12d2b987df71b383d247f2c83b0c74b,CB14,W19,=SQRT(S19^2+U19^2)
NGAW2_GMPE_Spreadsheets_v5.7_041415_ProtectedLocked.xlsm,05c1346e3c422a9e48bf249cd2022b5ad12d2b987df71b383d247f2c83b0c74b,CB14,X19,=SQRT(V19^2+W19^2)
NGAW2_GMPE_Spreadsheets_v5.7_041415_ProtectedLocked.xlsm,05c1346e3c422a9e48bf249cd2022b5ad12d2b987df71b383d247f2c83b0c74b,CB14,Y19,"=CB_14($A$6,$A$9,$A$12,$A$15,$A$21,$A$24,$A$27,$A$33,$A$42,$A$30,$A$18,$A$39,$A$36,$A$62,$A$71,$A$68,$A$48,$A$56,$D19)"
NGAW2_GMPE_Spreadsheets_v5.7_041415_ProtectedLocked.xlsm,05c1346e3c422a9e48bf249cd2022b5ad12d2b987df71b383d247f2c83b0c74b,CB14,Z19,=W19
NGAW2_GMPE_Spreadsheets_v5.7_041415_ProtectedLocked.xlsm,05c1346e3c422a9e48bf249cd2022b5ad12d2b987df71b383d247f2c83b0c74b,CB14,Q20,"=IF($A$18<CB14_Coeffs!$AG19,CB14_Coeffs!$AH19*$A$56*(($A$56+CB14_Coeffs!$AJ19*($A$18/CB14_Coeffs!$AG19)^CB14_Coeffs!$AK19)^(-1)-($A$56+CB14_Coeffs!$AJ19)^(-1)),0)"
NGAW2_GMPE_Spreadsheets_v5.7_041415_ProtectedLocked.xlsm,05c1346e3c422a9e48bf249cd2022b5ad12d2b987df71b383d247f2c83b0c74b,CB14,R20,"=IF($A$6<4.5,CB14_Coeffs!$AL19,IF($A$6>5.5,CB14_Coeffs!$AM19,CB14_Coeffs!$AM19+(CB14_Coeffs!$AL19-CB14_Coeffs!$AM19)*(5.5-$A$6)*(5.5-4.5)))"
NGAW2_GMPE_Spreadsheets_v5.7_041415_ProtectedLocked.xlsm,05c1346e3c422a9e48bf249cd2022b5ad12d2b987df71b383d247f2c83b0c74b,CB14,S20,=SQRT(($R20^2-CB14_Coeffs!$AP19^2)+CB14_Coeffs!$AP19^2+$Q20^2*($R$28^2-CB14_Coeffs!$AP$26^2)+2*$Q20*CB14_Coeffs!$AR19*SQRT($R20^2-CB14_Coeffs!$AP19^2)*SQRT($R$28^2-CB14_Coeffs!$AP$26^2))
NGAW2_GMPE_Spreadsheets_v5.7_041415_ProtectedLocked.xlsm,05c1346e3c422a9e48bf249cd2022b5ad12d2b987df71b383d247f2c83b0c74b,CB14,T20,"=IF($A$6<4.5,CB14_Coeffs!$AN19,IF($A$6>5.5,CB14_Coeffs!$AO19,CB14_Coeffs!$AO19+(CB14_Coeffs!$AN19-CB14_Coeffs!$AO19)*(5.5-$A$6)*(5.5-4.5)))"
NGAW2_GMPE_Spreadsheets_v5.7_041415_ProtectedLocked.xlsm,05c1346e3c422a9e48bf249cd2022b5ad12d2b987df71b383d247f2c83b0c74b,CB14,U20,=SQRT($T20^2+$Q20^2*$T$28^2+2*$Q20*CB14_Coeffs!$AR19*$T20*T$28)
NGAW2_GMPE_Spreadsheets_v5.7_041415_ProtectedLocked.xlsm,05c1346e3c422a9e48bf249cd2022b5ad12d2b987df71b383d247f2c83b0c74b,CB14,V20,=CB14_Coeffs!AQ19
NGAW2_GMPE_Spreadsheets_v5.7_041415_ProtectedLocked.xlsm,05c1346e3c422a9e48bf249cd2022b5ad12d2b987df71b383d247f2c83b0c74b,CB14,W20,=SQRT(S20^2+U20^2)
NGAW2_GMPE_Spreadsheets_v5.7_041415_ProtectedLocked.xlsm,05c1346e3c422a9e48bf249cd2022b5ad12d2b987df71b383d247f2c83b0c74b,CB14,X20,=SQRT(V20^2+W20^2)
NGAW2_GMPE_Spreadsheets_v5.7_041415_ProtectedLocked.xlsm,05c1346e3c422a9e48bf249cd2022b5ad12d2b987df71b383d247f2c83b0c74b,CB14,Y20,"=CB_14($A$6,$A$9,$A$12,$A$15,$A$21,$A$24,$A$27,$A$33,$A$42,$A$30,$A$18,$A$39,$A$36,$A$62,$A$71,$A$68,$A$48,$A$56,$D20)"
NGAW2_GMPE_Spreadsheets_v5.7_041415_ProtectedLocked.xlsm,05c1346e3c422a9e48bf249cd2022b5ad12d2b987df71b383d247f2c83b0c74b,CB14,Z20,=W20
NGAW2_GMPE_Spreadsheets_v5.7_041415_ProtectedLocked.xlsm,05c1346e3c422a9e48bf249cd2022b5ad12d2b987df71b383d247f2c83b0c74b,CB14,A21,=Main!$B$45
NGAW2_GMPE_Spreadsheets_v5.7_041415_ProtectedLocked.xlsm,05c1346e3c422a9e48bf249cd2022b5ad12d2b987df71b383d247f2c83b0c74b,CB14,B21,"=IF(AND($A$21=1,$A$6<=8),"""",IF($A$21=0,"""",""! Not Applicable !""))"
NGAW2_GMPE_Spreadsheets_v5.7_041415_ProtectedLocked.xlsm,05c1346e3c422a9e48bf249cd2022b5ad12d2b987df71b383d247f2c83b0c74b,CB14,Q21,"=IF($A$18<CB14_Coeffs!$AG20,CB14_Coeffs!$AH20*$A$56*(($A$56+CB14_Coeffs!$AJ20*($A$18/CB14_Coeffs!$AG20)^CB14_Coeffs!$AK20)^(-1)-($A$56+CB14_Coeffs!$AJ20)^(-1)),0)"
NGAW2_GMPE_Spreadsheets_v5.7_041415_ProtectedLocked.xlsm,05c1346e3c422a9e48bf249cd2022b5ad12d2b987df71b383d247f2c83b0c74b,CB14,R21,"=IF($A$6<4.5,CB14_Coeffs!$AL20,IF($A$6>5.5,CB14_Coeffs!$AM20,CB14_Coeffs!$AM20+(CB14_Coeffs!$AL20-CB14_Coeffs!$AM20)*(5.5-$A$6)*(5.5-4.5)))"
NGAW2_GMPE_Spreadsheets_v5.7_041415_ProtectedLocked.xlsm,05c1346e3c422a9e48bf249cd2022b5ad12d2b987df71b383d247f2c83b0c74b,CB14,S21,=SQRT(($R21^2-CB14_Coeffs!$AP20^2)+CB14_Coeffs!$AP20^2+$Q21^2*($R$28^2-CB14_Coeffs!$AP$26^2)+2*$Q21*CB14_Coeffs!$AR20*SQRT($R21^2-CB14_Coeffs!$AP20^2)*SQRT($R$28^2-CB14_Coeffs!$AP$26^2))
NGAW2_GMPE_Spreadsheets_v5.7_041415_ProtectedLocked.xlsm,05c1346e3c422a9e48bf249cd2022b5ad12d2b987df71b383d247f2c83b0c74b,CB14,T21,"=IF($A$6<4.5,CB14_Coeffs!$AN20,IF($A$6>5.5,CB14_Coeffs!$AO20,CB14_Coeffs!$AO20+(CB14_Coeffs!$AN20-CB14_Coeffs!$AO20)*(5.5-$A$6)*(5.5-4.5)))"
NGAW2_GMPE_Spreadsheets_v5.7_041415_ProtectedLocked.xlsm,05c1346e3c422a9e48bf249cd2022b5ad12d2b987df71b383d247f2c83b0c74b,CB14,U21,=SQRT($T21^2+$Q21^2*$T$28^2+2*$Q21*CB14_Coeffs!$AR20*$T21*T$28)
NGAW2_GMPE_Spreadsheets_v5.7_041415_ProtectedLocked.xlsm,05c1346e3c422a9e48bf249cd2022b5ad12d2b987df71b383d247f2c83b0c74b,CB14,V21,=CB14_Coeffs!AQ20
NGAW2_GMPE_Spreadsheets_v5.7_041415_ProtectedLocked.xlsm,05c1346e3c422a9e48bf249cd2022b5ad12d2b987df71b383d247f2c83b0c74b,CB14,W21,=SQRT(S21^2+U21^2)
NGAW2_GMPE_Spreadsheets_v5.7_041415_ProtectedLocked.xlsm,05c1346e3c422a9e48bf249cd2022b5ad12d2b987df71b383d247f2c83b0c74b,CB14,X21,=SQRT(V21^2+W21^2)
NGAW2_GMPE_Spreadsheets_v5.7_041415_ProtectedLocked.xlsm,05c1346e3c422a9e48bf249cd2022b5ad12d2b987df71b383d247f2c83b0c74b,CB14,Y21,"=CB_14($A$6,$A$9,$A$12,$A$15,$A$21,$A$24,$A$27,$A$33,$A$42,$A$30,$A$18,$A$39,$A$36,$A$62,$A$71,$A$68,$A$48,$A$56,$D21)"
NGAW2_GMPE_Spreadsheets_v5.7_041415_ProtectedLocked.xlsm,05c1346e3c422a9e48bf249cd2022b5ad12d2b987df71b383d247f2c83b0c74b,CB14,Z21,=W21
NGAW2_GMPE_Spreadsheets_v5.7_041415_ProtectedLocked.xlsm,05c1346e3c422a9e48bf249cd2022b5ad12d2b987df71b383d247f2c83b0c74b,CB14,Q22,"=IF($A$18<CB14_Coeffs!$AG21,CB14_Coeffs!$AH21*$A$56*(($A$56+CB14_Coeffs!$AJ21*($A$18/CB14_Coeffs!$AG21)^CB14_Coeffs!$AK21)^(-1)-($A$56+CB14_Coeffs!$AJ21)^(-1)),0)"
NGAW2_GMPE_Spreadsheets_v5.7_041415_ProtectedLocked.xlsm,05c1346e3c422a9e48bf249cd2022b5ad12d2b987df71b383d247f2c83b0c74b,CB14,R22,"=IF($A$6<4.5,CB14_Coeffs!$AL21,IF($A$6>5.5,CB14_Coeffs!$AM21,CB14_Coeffs!$AM21+(CB14_Coeffs!$AL21-CB14_Coeffs!$AM21)*(5.5-$A$6)*(5.5-4.5)))"
NGAW2_GMPE_Spreadsheets_v5.7_041415_ProtectedLocked.xlsm,05c1346e3c422a9e48bf249cd2022b5ad12d2b987df71b383d247f2c83b0c74b,CB14,S22,=SQRT(($R22^2-CB14_Coeffs!$AP21^2)+CB14_Coeffs!$AP21^2+$Q22^2*($R$28^2-CB14_Coeffs!$AP$26^2)+2*$Q22*CB14_Coeffs!$AR21*SQRT($R22^2-CB14_Coeffs!$AP21^2)*SQRT($R$28^2-CB14_Coeffs!$AP$26^2))
NGAW2_GMPE_Spreadsheets_v5.7_041415_ProtectedLocked.xlsm,05c1346e3c422a9e48bf249cd2022b5ad12d2b987df71b383d247f2c83b0c74b,CB14,T22,"=IF($A$6<4.5,CB14_Coeffs!$AN21,IF($A$6>5.5,CB14_Coeffs!$AO21,CB14_Coeffs!$AO21+(CB14_Coeffs!$AN21-CB14_Coeffs!$AO21)*(5.5-$A$6)*(5.5-4.5)))"
NGAW2_GMPE_Spreadsheets_v5.7_041415_ProtectedLocked.xlsm,05c1346e3c422a9e48bf249cd2022b5ad12d2b987df71b383d247f2c83b0c74b,CB14,U22,=SQRT($T22^2+$Q22^2*$T$28^2+2*$Q22*CB14_Coeffs!$AR21*$T22*T$28)
NGAW2_GMPE_Spreadsheets_v5.7_041415_ProtectedLocked.xlsm,05c1346e3c422a9e48bf249cd2022b5ad12d2b987df71b383d247f2c83b0c74b,CB14,V22,=CB14_Coeffs!AQ21
NGAW2_GMPE_Spreadsheets_v5.7_041415_ProtectedLocked.xlsm,05c1346e3c422a9e48bf249cd2022b5ad12d2b987df71b383d247f2c83b0c74b,CB14,W22,=SQRT(S22^2+U22^2)
NGAW2_GMPE_Spreadsheets_v5.7_041415_ProtectedLocked.xlsm,05c1346e3c422a9e48bf249cd2022b5ad12d2b987df71b383d247f2c83b0c74b,CB14,X22,=SQRT(V22^2+W22^2)
NGAW2_GMPE_Spreadsheets_v5.7_041415_ProtectedLocked.xlsm,05c1346e3c422a9e48bf249cd2022b5ad12d2b987df71b383d247f2c83b0c74b,CB14,Y22,"=CB_14($A$6,$A$9,$A$12,$A$15,$A$21,$A$24,$A$27,$A$33,$A$42,$A$30,$A$18,$A$39,$A$36,$A$62,$A$71,$A$68,$A$48,$A$56,$D22)"
NGAW2_GMPE_Spreadsheets_v5.7_041415_ProtectedLocked.xlsm,05c1346e3c422a9e48bf249cd2022b5ad12d2b987df71b383d247f2c83b0c74b,CB14,Z22,=W22
NGAW2_GMPE_Spreadsheets_v5.7_041415_ProtectedLocked.xlsm,05c1346e3c422a9e48bf249cd2022b5ad12d2b987df71b383d247f2c83b0c74b,CB14,Q23,"=IF($A$18<CB14_Coeffs!$AG22,CB14_Coeffs!$AH22*$A$56*(($A$56+CB14_Coeffs!$AJ22*($A$18/CB14_Coeffs!$AG22)^CB14_Coeffs!$AK22)^(-1)-($A$56+CB14_Coeffs!$AJ22)^(-1)),0)"
NGAW2_GMPE_Spreadsheets_v5.7_041415_ProtectedLocked.xlsm,05c1346e3c422a9e48bf249cd2022b5ad12d2b987df71b383d247f2c83b0c74b,CB14,R23,"=IF($A$6<4.5,CB14_Coeffs!$AL22,IF($A$6>5.5,CB14_Coeffs!$AM22,CB14_Coeffs!$AM22+(CB14_Coeffs!$AL22-CB14_Coeffs!$AM22)*(5.5-$A$6)*(5.5-4.5)))"
NGAW2_GMPE_Spreadsheets_v5.7_041415_ProtectedLocked.xlsm,05c1346e3c422a9e48bf249cd2022b5ad12d2b987df71b383d247f2c83b0c74b,CB14,S23,=SQRT(($R23^2-CB14_Coeffs!$AP22^2)+CB14_Coeffs!$AP22^2+$Q23^2*($R$28^2-CB14_Coeffs!$AP$26^2)+2*$Q23*CB14_Coeffs!$AR22*SQRT($R23^2-CB14_Coeffs!$AP22^2)*SQRT($R$28^2-CB14_Coeffs!$AP$26^2))
NGAW2_GMPE_Spreadsheets_v5.7_041415_ProtectedLocked.xlsm,05c1346e3c422a9e48bf249cd2022b5ad12d2b987df71b383d247f2c83b0c74b,CB14,T23,"=IF($A$6<4.5,CB14_Coeffs!$AN22,IF($A$6>5.5,CB14_Coeffs!$AO22,CB14_Coeffs!$AO22+(CB14_Coeffs!$AN22-CB14_Coeffs!$AO22)*(5.5-$A$6)*(5.5-4.5)))"
NGAW2_GMPE_Spreadsheets_v5.7_041415_ProtectedLocked.xlsm,05c1346e3c422a9e48bf249cd2022b5ad12d2b987df71b383d247f2c83b0c74b,CB14,U23,=SQRT($T23^2+$Q23^2*$T$28^2+2*$Q23*CB14_Coeffs!$AR22*$T23*T$28)
NGAW2_GMPE_Spreadsheets_v5.7_041415_ProtectedLocked.xlsm,05c1346e3c422a9e48bf249cd2022b5ad12d2b987df71b383d247f2c83b0c74b,CB14,V23,=CB14_Coeffs!AQ22
NGAW2_GMPE_Spreadsheets_v5.7_041415_ProtectedLocked.xlsm,05c1346e3c422a9e48bf249cd2022b5ad12d2b987df71b383d247f2c83b0c74b,CB14,W23,=SQRT(S23^2+U23^2)
NGAW2_GMPE_Spreadsheets_v5.7_041415_ProtectedLocked.xlsm,05c1346e3c422a9e48bf249cd2022b5ad12d2b987df71b383d247f2c83b0c74b,CB14,X23,=SQRT(V23^2+W23^2)
NGAW2_GMPE_Spreadsheets_v5.7_041415_ProtectedLocked.xlsm,05c1346e3c422a9e48bf249cd2022b5ad12d2b987df71b383d247f2c83b0c74b,CB14,Y23,"=CB_14($A$6,$A$9,$A$12,$A$15,$A$21,$A$24,$A$27,$A$33,$A$42,$A$30,$A$18,$A$39,$A$36,$A$62,$A$71,$A$68,$A$48,$A$56,$D23)"
NGAW2_GMPE_Spreadsheets_v5.7_041415_ProtectedLocked.xlsm,05c1346e3c422a9e48bf249cd2022b5ad12d2b987df71b383d247f2c83b0c74b,CB14,Z23,=W23
NGAW2_GMPE_Spreadsheets_v5.7_041415_ProtectedLocked.xlsm,05c1346e3c422a9e48bf249cd2022b5ad12d2b987df71b383d247f2c83b0c74b,CB14,A24,=Main!$B$48
NGAW2_GMPE_Spreadsheets_v5.7_041415_ProtectedLocked.xlsm,05c1346e3c422a9e48bf249cd2022b5ad12d2b987df71b383d247f2c83b0c74b,CB14,Q24,"=IF($A$18<CB14_Coeffs!$AG23,CB14_Coeffs!$AH23*$A$56*(($A$56+CB14_Coeffs!$AJ23*($A$18/CB14_Coeffs!$AG23)^CB14_Coeffs!$AK23)^(-1)-($A$56+CB14_Coeffs!$AJ23)^(-1)),0)"
NGAW2_GMPE_Spreadsheets_v5.7_041415_ProtectedLocked.xlsm,05c1346e3c422a9e48bf249cd2022b5ad12d2b987df71b383d247f2c83b0c74b,CB14,R24,"=IF($A$6<4.5,CB14_Coeffs!$AL23,IF($A$6>5.5,CB14_Coeffs!$AM23,CB14_Coeffs!$AM23+(CB14_Coeffs!$AL23-CB14_Coeffs!$AM23)*(5.5-$A$6)*(5.5-4.5)))"
NGAW2_GMPE_Spreadsheets_v5.7_041415_ProtectedLocked.xlsm,05c1346e3c422a9e48bf249cd2022b5ad12d2b987df71b383d247f2c83b0c74b,CB14,S24,=SQRT(($R24^2-CB14_Coeffs!$AP23^2)+CB14_Coeffs!$AP23^2+$Q24^2*($R$28^2-CB14_Coeffs!$AP$26^2)+2*$Q24*CB14_Coeffs!$AR23*SQRT($R24^2-CB14_Coeffs!$AP23^2)*SQRT($R$28^2-CB14_Coeffs!$AP$26^2))
NGAW2_GMPE_Spreadsheets_v5.7_041415_ProtectedLocked.xlsm,05c1346e3c422a9e48bf249cd2022b5ad12d2b987df71b383d247f2c83b0c74b,CB14,T24,"=IF($A$6<4.5,CB14_Coeffs!$AN23,IF($A$6>5.5,CB14_Coeffs!$AO23,CB14_Coeffs!$AO23+(CB14_Coeffs!$AN23-CB14_Coeffs!$AO23)*(5.5-$A$6)*(5.5-4.5)))"
NGAW2_GMPE_Spreadsheets_v5.7_041415_ProtectedLocked.xlsm,05c1346e3c422a9e48bf249cd2022b5ad12d2b987df71b383d247f2c83b0c74b,CB14,U24,=SQRT($T24^2+$Q24^2*$T$28^2+2*$Q24*CB14_Coeffs!$AR23*$T24*T$28)
NGAW2_GMPE_Spreadsheets_v5.7_041415_ProtectedLocked.xlsm,05c1346e3c422a9e48bf249cd2022b5ad12d2b987df71b383d247f2c83b0c74b,CB14,V24,=CB14_Coeffs!AQ23
NGAW2_GMPE_Spreadsheets_v5.7_041415_ProtectedLocked.xlsm,05c1346e3c422a9e48bf249cd2022b5ad12d2b987df71b383d247f2c83b0c74b,CB14,W24,=SQRT(S24^2+U24^2)
NGAW2_GMPE_Spreadsheets_v5.7_041415_ProtectedLocked.xlsm,05c1346e3c422a9e48bf249cd2022b5ad12d2b987df71b383d247f2c83b0c74b,CB14,X24,=SQRT(V24^2+W24^2)
NGAW2_GMPE_Spreadsheets_v5.7_041415_ProtectedLocked.xlsm,05c1346e3c422a9e48bf249cd2022b5ad12d2b987df71b383d247f2c83b0c74b,CB14,Y24,"=CB_14($A$6,$A$9,$A$12,$A$15,$A$21,$A$24,$A$27,$A$33,$A$42,$A$30,$A$18,$A$39,$A$36,$A$62,$A$71,$A$68,$A$48,$A$56,$D24)"
NGAW2_GMPE_Spreadsheets_v5.7_041415_ProtectedLocked.xlsm,05c1346e3c422a9e48bf249cd2022b5ad12d2b987df71b383d247f2c83b0c74b,CB14,Z24,=W24
NGAW2_GMPE_Spreadsheets_v5.7_041415_ProtectedLocked.xlsm,05c1346e3c422a9e48bf249cd2022b5ad12d2b987df71b383d247f2c83b0c74b,CB14,Q25,"=IF($A$18<CB14_Coeffs!$AG24,CB14_Coeffs!$AH24*$A$56*(($A$56+CB14_Coeffs!$AJ24*($A$18/CB14_Coeffs!$AG24)^CB14_Coeffs!$AK24)^(-1)-($A$56+CB14_Coeffs!$AJ24)^(-1)),0)"
NGAW2_GMPE_Spreadsheets_v5.7_041415_ProtectedLocked.xlsm,05c1346e3c422a9e48bf249cd2022b5ad12d2b987df71b383d247f2c83b0c74b,CB14,R25,"=IF($A$6<4.5,CB14_Coeffs!$AL24,IF($A$6>5.5,CB14_Coeffs!$AM24,CB14_Coeffs!$AM24+(CB14_Coeffs!$AL24-CB14_Coeffs!$AM24)*(5.5-$A$6)*(5.5-4.5)))"
NGAW2_GMPE_Spreadsheets_v5.7_041415_ProtectedLocked.xlsm,05c1346e3c422a9e48bf249cd2022b5ad12d2b987df71b383d247f2c83b0c74b,CB14,S25,=SQRT(($R25^2-CB14_Coeffs!$AP24^2)+CB14_Coeffs!$AP24^2+$Q25^2*($R$28^2-CB14_Coeffs!$AP$26^2)+2*$Q25*CB14_Coeffs!$AR24*SQRT($R25^2-CB14_Coeffs!$AP24^2)*SQRT($R$28^2-CB14_Coeffs!$AP$26^2))
NGAW2_GMPE_Spreadsheets_v5.7_041415_ProtectedLocked.xlsm,05c1346e3c422a9e48bf249cd2022b5ad12d2b987df71b383d247f2c83b0c74b,CB14,T25,"=IF($A$6<4.5,CB14_Coeffs!$AN24,IF($A$6>5.5,CB14_Coeffs!$AO24,CB14_Coeffs!$AO24+(CB14_Coeffs!$AN24-CB14_Coeffs!$AO24)*(5.5-$A$6)*(5.5-4.5)))"
NGAW2_GMPE_Spreadsheets_v5.7_041415_ProtectedLocked.xlsm,05c1346e3c422a9e48bf249cd2022b5ad12d2b987df71b383d247f2c83b0c74b,CB14,U25,=SQRT($T25^2+$Q25^2*$T$28^2+2*$Q25*CB14_Coeffs!$AR24*$T25*T$28)
NGAW2_GMPE_Spreadsheets_v5.7_041415_ProtectedLocked.xlsm,05c1346e3c422a9e48bf249cd2022b5ad12d2b987df71b383d247f2c83b0c74b,CB14,V25,=CB14_Coeffs!AQ24
NGAW2_GMPE_Spreadsheets_v5.7_041415_ProtectedLocked.xlsm,05c1346e3c422a9e48bf249cd2022b5ad12d2b987df71b383d247f2c83b0c74b,CB14,W25,=SQRT(S25^2+U25^2)
NGAW2_GMPE_Spreadsheets_v5.7_041415_ProtectedLocked.xlsm,05c1346e3c422a9e48bf249cd2022b5ad12d2b987df71b383d247f2c83b0c74b,CB14,X25,=SQRT(V25^2+W25^2)
NGAW2_GMPE_Spreadsheets_v5.7_041415_ProtectedLocked.xlsm,05c1346e3c422a9e48bf249cd2022b5ad12d2b987df71b383d247f2c83b0c74b,CB14,Y25,"=CB_14($A$6,$A$9,$A$12,$A$15,$A$21,$A$24,$A$27,$A$33,$A$42,$A$30,$A$18,$A$39,$A$36,$A$62,$A$71,$A$68,$A$48,$A$56,$D25)"
NGAW2_GMPE_Spreadsheets_v5.7_041415_ProtectedLocked.xlsm,05c1346e3c422a9e48bf249cd2022b5ad12d2b987df71b383d247f2c83b0c74b,CB14,Z25,=W25
NGAW2_GMPE_Spreadsheets_v5.7_041415_ProtectedLocked.xlsm,05c1346e3c422a9e48bf249cd2022b5ad12d2b987df71b383d247f2c83b0c74b,CB14,Q26,"=IF($A$18<CB14_Coeffs!$AG25,CB14_Coeffs!$AH25*$A$56*(($A$56+CB14_Coeffs!$AJ25*($A$18/CB14_Coeffs!$AG25)^CB14_Coeffs!$AK25)^(-1)-($A$56+CB14_Coeffs!$AJ25)^(-1)),0)"
NGAW2_GMPE_Spreadsheets_v5.7_041415_ProtectedLocked.xlsm,05c1346e3c422a9e48bf249cd2022b5ad12d2b987df71b383d247f2c83b0c74b,CB14,R26,"=IF($A$6<4.5,CB14_Coeffs!$AL25,IF($A$6>5.5,CB14_Coeffs!$AM25,CB14_Coeffs!$AM25+(CB14_Coeffs!$AL25-CB14_Coeffs!$AM25)*(5.5-$A$6)*(5.5-4.5)))"
NGAW2_GMPE_Spreadsheets_v5.7_041415_ProtectedLocked.xlsm,05c1346e3c422a9e48bf249cd2022b5ad12d2b987df71b383d247f2c83b0c74b,CB14,S26,=SQRT(($R26^2-CB14_Coeffs!$AP25^2)+CB14_Coeffs!$AP25^2+$Q26^2*($R$28^2-CB14_Coeffs!$AP$26^2)+2*$Q26*CB14_Coeffs!$AR25*SQRT($R26^2-CB14_Coeffs!$AP25^2)*SQRT($R$28^2-CB14_Coeffs!$AP$26^2))
NGAW2_GMPE_Spreadsheets_v5.7_041415_ProtectedLocked.xlsm,05c1346e3c422a9e48bf249cd2022b5ad12d2b987df71b383d247f2c83b0c74b,CB14,T26,"=IF($A$6<4.5,CB14_Coeffs!$AN25,IF($A$6>5.5,CB14_Coeffs!$AO25,CB14_Coeffs!$AO25+(CB14_Coeffs!$AN25-CB14_Coeffs!$AO25)*(5.5-$A$6)*(5.5-4.5)))"
NGAW2_GMPE_Spreadsheets_v5.7_041415_ProtectedLocked.xlsm,05c1346e3c422a9e48bf249cd2022b5ad12d2b987df71b383d247f2c83b0c74b,CB14,U26,=SQRT($T26^2+$Q26^2*$T$28^2+2*$Q26*CB14_Coeffs!$AR25*$T26*T$28)
NGAW2_GMPE_Spreadsheets_v5.7_041415_ProtectedLocked.xlsm,05c1346e3c422a9e48bf249cd2022b5ad12d2b987df71b383d247f2c83b0c74b,CB14,V26,=CB14_Coeffs!AQ25
NGAW2_GMPE_Spreadsheets_v5.7_041415_ProtectedLocked.xlsm,05c1346e3c422a9e48bf249cd2022b5ad12d2b987df71b383d247f2c83b0c74b,CB14,W26,=SQRT(S26^2+U26^2)
NGAW2_GMPE_Spreadsheets_v5.7_041415_ProtectedLocked.xlsm,05c1346e3c422a9e48bf249cd2022b5ad12d2b987df71b383d247f2c83b0c74b,CB14,X26,=SQRT(V26^2+W26^2)
NGAW2_GMPE_Spreadsheets_v5.7_041415_ProtectedLocked.xlsm,05c1346e3c422a9e48bf249cd2022b5ad12d2b987df71b383d247f2c83b0c74b,CB14,Y26,"=CB_14($A$6,$A$9,$A$12,$A$15,$A$21,$A$24,$A$27,$A$33,$A$42,$A$30,$A$18,$A$39,$A$36,$A$62,$A$71,$A$68,$A$48,$A$56,$D26)"
NGAW2_GMPE_Spreadsheets_v5.7_041415_ProtectedLocked.xlsm,05c1346e3c422a9e48bf249cd2022b5ad12d2b987df71b383d247f2c83b0c74b,CB14,Z26,=W26
NGAW2_GMPE_Spreadsheets_v5.7_041415_ProtectedLocked.xlsm,05c1346e3c422a9e48bf249cd2022b5ad12d2b987df71b383d247f2c83b0c74b,CB14,A27,=Main!$B$51
NGAW2_GMPE_Spreadsheets_v5.7_041415_ProtectedLocked.xlsm,05c1346e3c422a9e48bf249cd2022b5ad12d2b987df71b383d247f2c83b0c74b,CB14,Q28,"=IF($A$18<CB14_Coeffs!$AG26,CB14_Coeffs!$AH26*$A$56*(($A$56+CB14_Coeffs!$AJ26*($A$18/CB14_Coeffs!$AG26)^CB14_Coeffs!$AK26)^(-1)-($A$56+CB14_Coeffs!$AJ26)^(-1)),0)"
NGAW2_GMPE_Spreadsheets_v5.7_041415_ProtectedLocked.xlsm,05c1346e3c422a9e48bf249cd2022b5ad12d2b987df71b383d247f2c83b0c74b,CB14,R28,"=IF($A$6<4.5,CB14_Coeffs!$AL26,IF($A$6>5.5,CB14_Coeffs!$AM26,CB14_Coeffs!$AM26+(CB14_Coeffs!$AL26-CB14_Coeffs!$AM26)*(5.5-$A$6)*(5.5-4.5)))"
NGAW2_GMPE_Spreadsheets_v5.7_041415_ProtectedLocked.xlsm,05c1346e3c422a9e48bf249cd2022b5ad12d2b987df71b383d247f2c83b0c74b,CB14,S28,=SQRT(($R28^2-CB14_Coeffs!$AP26^2)+CB14_Coeffs!$AP26^2+$Q28^2*($R$28^2-CB14_Coeffs!$AP26^2)+2*$Q28*CB14_Coeffs!$AR26*SQRT($R28^2-CB14_Coeffs!$AP26^2)*SQRT($R$28^2-CB14_Coeffs!$AP26^2))
NGAW2_GMPE_Spreadsheets_v5.7_041415_ProtectedLocked.xlsm,05c1346e3c422a9e48bf249cd2022b5ad12d2b987df71b383d247f2c83b0c74b,CB14,T28,"=IF($A$6<4.5,CB14_Coeffs!$AN26,IF($A$6>5.5,CB14_Coeffs!$AO26,CB14_Coeffs!$AO26+(CB14_Coeffs!$AN26-CB14_Coeffs!$AO26)*(5.5-$A$6)*(5.5-4.5)))"
NGAW2_GMPE_Spreadsheets_v5.7_041415_ProtectedLocked.xlsm,05c1346e3c422a9e48bf249cd2022b5ad12d2b987df71b383d247f2c83b0c74b,CB14,U28,=SQRT($T28^2+$Q28^2*$T$28^2+2*$Q28*CB14_Coeffs!$AR26*$T28*T$28)
NGAW2_GMPE_Spreadsheets_v5.7_041415_ProtectedLocked.xlsm,05c1346e3c422a9e48bf249cd2022b5ad12d2b987df71b383d247f2c83b0c74b,CB14,V28,=CB14_Coeffs!AQ26
NGAW2_GMPE_Spreadsheets_v5.7_041415_ProtectedLocked.xlsm,05c1346e3c422a9e48bf249cd2022b5ad12d2b987df71b383d247f2c83b0c74b,CB14,W28,=SQRT(S28^2+U28^2)
NGAW2_GMPE_Spreadsheets_v5.7_041415_ProtectedLocked.xlsm,05c1346e3c422a9e48bf249cd2022b5ad12d2b987df71b383d247f2c83b0c74b,CB14,X28,=SQRT(V28^2+W28^2)
NGAW2_GMPE_Spreadsheets_v5.7_041415_ProtectedLocked.xlsm,05c1346e3c422a9e48bf249cd2022b5ad12d2b987df71b383d247f2c83b0c74b,CB14,Y28,"=CB_14($A$6,$A$9,$A$12,$A$15,$A$21,$A$24,$A$27,$A$33,$A$42,$A$30,$A$18,$A$39,$A$36,$A$62,$A$71,$A$68,$A$48,$A$56,$D28)"
NGAW2_GMPE_Spreadsheets_v5.7_041415_ProtectedLocked.xlsm,05c1346e3c422a9e48bf249cd2022b5ad12d2b987df71b383d247f2c83b0c74b,CB14,Z28,=W28
NGAW2_GMPE_Spreadsheets_v5.7_041415_ProtectedLocked.xlsm,05c1346e3c422a9e48bf249cd2022b5ad12d2b987df71b383d247f2c83b0c74b,CB14,Q29,"=IF($A$18<CB14_Coeffs!$AG27,CB14_Coeffs!$AH27*$A$56*(($A$56+CB14_Coeffs!$AJ27*($A$18/CB14_Coeffs!$AG27)^CB14_Coeffs!$AK27)^(-1)-($A$56+CB14_Coeffs!$AJ27)^(-1)),0)"
NGAW2_GMPE_Spreadsheets_v5.7_041415_ProtectedLocked.xlsm,05c1346e3c422a9e48bf249cd2022b5ad12d2b987df71b383d247f2c83b0c74b,CB14,R29,"=IF($A$6<4.5,CB14_Coeffs!$AL27,IF($A$6>5.5,CB14_Coeffs!$AM27,CB14_Coeffs!$AM27+(CB14_Coeffs!$AL27-CB14_Coeffs!$AM27)*(5.5-$A$6)*(5.5-4.5)))"
NGAW2_GMPE_Spreadsheets_v5.7_041415_ProtectedLocked.xlsm,05c1346e3c422a9e48bf249cd2022b5ad12d2b987df71b383d247f2c83b0c74b,CB14,S29,=SQRT(($R29^2-CB14_Coeffs!$AP27^2)+CB14_Coeffs!$AP27^2+$Q29^2*($R$28^2-CB14_Coeffs!$AP27^2)+2*$Q29*CB14_Coeffs!$AR27*SQRT($R29^2-CB14_Coeffs!$AP27^2)*SQRT($R$28^2-CB14_Coeffs!$AP27^2))
NGAW2_GMPE_Spreadsheets_v5.7_041415_ProtectedLocked.xlsm,05c1346e3c422a9e48bf249cd2022b5ad12d2b987df71b383d247f2c83b0c74b,CB14,T29,"=IF($A$6<4.5,CB14_Coeffs!$AN27,IF($A$6>5.5,CB14_Coeffs!$AO27,CB14_Coeffs!$AO27+(CB14_Coeffs!$AN27-CB14_Coeffs!$AO27)*(5.5-$A$6)*(5.5-4.5)))"
NGAW2_GMPE_Spreadsheets_v5.7_041415_ProtectedLocked.xlsm,05c1346e3c422a9e48bf249cd2022b5ad12d2b987df71b383d247f2c83b0c74b,CB14,U29,=SQRT($T29^2+$Q29^2*$T$28^2+2*$Q29*CB14_Coeffs!$AR27*$T29*T$28)
NGAW2_GMPE_Spreadsheets_v5.7_041415_ProtectedLocked.xlsm,05c1346e3c422a9e48bf249cd2022b5ad12d2b987df71b383d247f2c83b0c74b,CB14,V29,=CB14_Coeffs!AQ27
NGAW2_GMPE_Spreadsheets_v5.7_041415_ProtectedLocked.xlsm,05c1346e3c422a9e48bf249cd2022b5ad12d2b987df71b383d247f2c83b0c74b,CB14,W29,=SQRT(S29^2+U29^2)
NGAW2_GMPE_Spreadsheets_v5.7_041415_ProtectedLocked.xlsm,05c1346e3c422a9e48bf249cd2022b5ad12d2b987df71b383d247f2c83b0c74b,CB14,X29,=SQRT(V29^2+W29^2)
NGAW2_GMPE_Spreadsheets_v5.7_041415_ProtectedLocked.xlsm,05c1346e3c422a9e48bf249cd2022b5ad12d2b987df71b383d247f2c83b0c74b,CB14,Y29,"=CB_14($A$6,$A$9,$A$12,$A$15,$A$21,$A$24,$A$27,$A$33,$A$42,$A$30,$A$18,$A$39,$A$36,$A$62,$A$71,$A$68,$A$48,$A$56,$D29)"
NGAW2_GMPE_Spreadsheets_v5.7_041415_ProtectedLocked.xlsm,05c1346e3c422a9e48bf249cd2022b5ad12d2b987df71b383d247f2c83b0c74b,CB14,Z29,=W29
NGAW2_GMPE_Spreadsheets_v5.7_041415_ProtectedLocked.xlsm,05c1346e3c422a9e48bf249cd2022b5ad12d2b987df71b383d247f2c83b0c74b,CB14,A30,=Main!$B$54
NGAW2_GMPE_Spreadsheets_v5.7_041415_ProtectedLocked.xlsm,05c1346e3c422a9e48bf249cd2022b5ad12d2b987df71b383d247f2c83b0c74b,CB14,B30,"=IF(AND($A$30>=15, $A$30<=90),"""",""! Not Applicable !"")"
NGAW2_GMPE_Spreadsheets_v5.7_041415_ProtectedLocked.xlsm,05c1346e3c422a9e48bf249cd2022b5ad12d2b987df71b383d247f2c83b0c74b,CB14,A33,=Main!$B$57
NGAW2_GMPE_Spreadsheets_v5.7_041415_ProtectedLocked.xlsm,05c1346e3c422a9e48bf249cd2022b5ad12d2b987df71b383d247f2c83b0c74b,CB14,B33,"=IF(OR($A$33>=0, $A$33<=20,$A$33=-999),"""",""! Not Applicable !"")"
NGAW2_GMPE_Spreadsheets_v5.7_041415_ProtectedLocked.xlsm,05c1346e3c422a9e48bf249cd2022b5ad12d2b987df71b383d247f2c83b0c74b,CB14,A36,=Main!$B$60
NGAW2_GMPE_Spreadsheets_v5.7_041415_ProtectedLocked.xlsm,05c1346e3c422a9e48bf249cd2022b5ad12d2b987df71b383d247f2c83b0c74b,CB14,B36,"=IF(OR($A$36>=0, $A$36<=20,$A$36=999),"""",""! Not Applicable !"")"
NGAW2_GMPE_Spreadsheets_v5.7_041415_ProtectedLocked.xlsm,05c1346e3c422a9e48bf249cd2022b5ad12d2b987df71b383d247f2c83b0c74b,CB14,A39,=Main!$B$66
NGAW2_GMPE_Spreadsheets_v5.7_041415_ProtectedLocked.xlsm,05c1346e3c422a9e48bf249cd2022b5ad12d2b987df71b383d247f2c83b0c74b,CB14,B39,"=IF(OR($A$39>=0, $A$39<=10, $A$39=999),"""",""! Not Applicable !"")"
NGAW2_GMPE_Spreadsheets_v5.7_041415_ProtectedLocked.xlsm,05c1346e3c422a9e48bf249cd2022b5ad12d2b987df71b383d247f2c83b0c74b,CB14,A42,=Main!$B$69
NGAW2_GMPE_Spreadsheets_v5.7_041415_ProtectedLocked.xlsm,05c1346e3c422a9e48bf249cd2022b5ad12d2b987df71b383d247f2c83b0c74b,CB14,A45,=Main!$B$89
NGAW2_GMPE_Spreadsheets_v5.7_041415_ProtectedLocked.xlsm,05c1346e3c422a9e48bf249cd2022b5ad12d2b987df71b383d247f2c83b0c74b,CB14,A48,=Main!$B$101
NGAW2_GMPE_Spreadsheets_v5.7_041415_ProtectedLocked.xlsm,05c1346e3c422a9e48bf249cd2022b5ad12d2b987df71b383d247f2c83b0c74b,CB14,A51,"=IF($A$39=999,Main!$F$112,$A$39)"
NGAW2_GMPE_Spreadsheets_v5.7_041415_ProtectedLocked.xlsm,05c1346e3c422a9e48bf249cd2022b5ad12d2b987df71b383d247f2c83b0c74b,CB14,A56,"=A1100_CB($A$6,$A$9,$A$12,$A$15,$A$21,$A$24,$A$27,$A$42,$A$30,$A$33,$A$39,$A$36,$A$62,$A$71,$A$68,$A$48,$D$28)"
NGAW2_GMPE_Spreadsheets_v5.7_041415_ProtectedLocked.xlsm,05c1346e3c422a9e48bf249cd2022b5ad12d2b987df71b383d247f2c83b0c74b,CB14,A59,"=IF((1-$A$48)*EXP(7.089-1.144*LN($A$18))+$A$48*EXP(5.359-1.102*LN($A$18))>10,""NA"",(1-$A$48)*EXP(7.089-1.144*LN($A$18))+$A$48*EXP(5.359-1.102*LN($A$18)))"
NGAW2_GMPE_Spreadsheets_v5.7_041415_ProtectedLocked.xlsm,05c1346e3c422a9e48bf249cd2022b5ad12d2b987df71b383d247f2c83b0c74b,CB14,A62,=Main!$F$115
NGAW2_GMPE_Spreadsheets_v5.7_041415_ProtectedLocked.xlsm,05c1346e3c422a9e48bf249cd2022b5ad12d2b987df71b383d247f2c83b0c74b,CB14,A65,=Main!$F$112
NGAW2_GMPE_Spreadsheets_v5.7_041415_ProtectedLocked.xlsm,05c1346e3c422a9e48bf249cd2022b5ad12d2b987df71b383d247f2c83b0c74b,CB14,A68,=Main!$F$114
NGAW2_GMPE_Spreadsheets_v5.7_041415_ProtectedLocked.xlsm,05c1346e3c422a9e48bf249cd2022b5ad12d2b987df71b383d247f2c83b0c74b,CB14,A71,=Main!$F$109
NGAW2_GMPE_Spreadsheets_v5.7_041415_ProtectedLocked.xlsm,05c1346e3c422a9e48bf249cd2022b5ad12d2b987df71b383d247f2c83b0c74b,CB14,A74,=Main!$F$116
NGAW2_GMPE_Spreadsheets_v5.7_041415_ProtectedLocked.xlsm,05c1346e3c422a9e48bf249cd2022b5ad12d2b987df71b383d247f2c83b0c74b,CY14,A6,=Main!$B$24
NGAW2_GMPE_Spreadsheets_v5.7_041415_ProtectedLocked.xlsm,05c1346e3c422a9e48bf249cd2022b5ad12d2b987df71b383d247f2c83b0c74b,CY14,B6,"=IF(AND($A$24=0, $A$21=0,$A$6>=3.5,$A$6<=8.5),"""",IF(AND($A$21=1,$A$6>=3.5,$A$6<=8),"""",IF(AND($A$24=1,$A$6>=3.5,$A$6<=8),"""",""! Not Applicable !"")))"
NGAW2_GMPE_Spreadsheets_v5.7_041415_ProtectedLocked.xlsm,05c1346e3c422a9e48bf249cd2022b5ad12d2b987df71b383d247f2c83b0c74b,CY14,U6,"=CY_14($A$6,$A$9,$A$12,$A$15,$A$18,$A$21,$A$24,$A$27,$A$30,$A$33,$A$42,$A$36,$A$59,$A$45,$D6)"
NGAW2_GMPE_Spreadsheets_v5.7_041415_ProtectedLocked.xlsm,05c1346e3c422a9e48bf249cd2022b5ad12d2b987df71b383d247f2c83b0c74b,CY14,V6,"=CY14_stdev($A$6,$A$9,$A$12,$A$15,$A$18,$A$21,$A$24,$A$27,$A$30,$A$33,$A$42,$A$36,$A$45,$A$39,$D6)"
NGAW2_GMPE_Spreadsheets_v5.7_041415_ProtectedLocked.xlsm,05c1346e3c422a9e48bf249cd2022b5ad12d2b987df71b383d247f2c83b0c74b,CY14,U7,"=CY_14($A$6,$A$9,$A$12,$A$15,$A$18,$A$21,$A$24,$A$27,$A$30,$A$33,$A$42,$A$36,$A$59,$A$45,$D7)"
NGAW2_GMPE_Spreadsheets_v5.7_041415_ProtectedLocked.xlsm,05c1346e3c422a9e48bf249cd2022b5ad12d2b987df71b383d247f2c83b0c74b,CY14,V7,"=CY14_stdev($A$6,$A$9,$A$12,$A$15,$A$18,$A$21,$A$24,$A$27,$A$30,$A$33,$A$42,$A$36,$A$45,$A$39,$D7)"
NGAW2_GMPE_Spreadsheets_v5.7_041415_ProtectedLocked.xlsm,05c1346e3c422a9e48bf249cd2022b5ad12d2b987df71b383d247f2c83b0c74b,CY14,U8,"=CY_14($A$6,$A$9,$A$12,$A$15,$A$18,$A$21,$A$24,$A$27,$A$30,$A$33,$A$42,$A$36,$A$59,$A$45,$D8)"
NGAW2_GMPE_Spreadsheets_v5.7_041415_ProtectedLocked.xlsm,05c1346e3c422a9e48bf249cd2022b5ad12d2b987df71b383d247f2c83b0c74b,CY14,V8,"=CY14_stdev($A$6,$A$9,$A$12,$A$15,$A$18,$A$21,$A$24,$A$27,$A$30,$A$33,$A$42,$A$36,$A$45,$A$39,$D8)"
NGAW2_GMPE_Spreadsheets_v5.7_041415_ProtectedLocked.xlsm,05c1346e3c422a9e48bf249cd2022b5ad12d2b987df71b383d247f2c83b0c74b,CY14,A9,=Main!$B$27
NGAW2_GMPE_Spreadsheets_v5.7_041415_ProtectedLocked.xlsm,05c1346e3c422a9e48bf249cd2022b5ad12d2b987df71b383d247f2c83b0c74b,CY14,B9,"=IF(AND($A$9>=0, $A$9<=300),"""",""! Not Applicable !"")"
NGAW2_GMPE_Spreadsheets_v5.7_041415_ProtectedLocked.xlsm,05c1346e3c422a9e48bf249cd2022b5ad12d2b987df71b383d247f2c83b0c74b,CY14,U9,"=CY_14($A$6,$A$9,$A$12,$A$15,$A$18,$A$21,$A$24,$A$27,$A$30,$A$33,$A$42,$A$36,$A$59,$A$45,$D9)"
NGAW2_GMPE_Spreadsheets_v5.7_041415_ProtectedLocked.xlsm,05c1346e3c422a9e48bf249cd2022b5ad12d2b987df71b383d247f2c83b0c74b,CY14,V9,"=CY14_stdev($A$6,$A$9,$A$12,$A$15,$A$18,$A$21,$A$24,$A$27,$A$30,$A$33,$A$42,$A$36,$A$45,$A$39,$D9)"
NGAW2_GMPE_Spreadsheets_v5.7_041415_ProtectedLocked.xlsm,05c1346e3c422a9e48bf249cd2022b5ad12d2b987df71b383d247f2c83b0c74b,CY14,U10,"=CY_14($A$6,$A$9,$A$12,$A$15,$A$18,$A$21,$A$24,$A$27,$A$30,$A$33,$A$42,$A$36,$A$59,$A$45,$D10)"
NGAW2_GMPE_Spreadsheets_v5.7_041415_ProtectedLocked.xlsm,05c1346e3c422a9e48bf249cd2022b5ad12d2b987df71b383d247f2c83b0c74b,CY14,V10,"=CY14_stdev($A$6,$A$9,$A$12,$A$15,$A$18,$A$21,$A$24,$A$27,$A$30,$A$33,$A$42,$A$36,$A$45,$A$39,$D10)"
NGAW2_GMPE_Spreadsheets_v5.7_041415_ProtectedLocked.xlsm,05c1346e3c422a9e48bf249cd2022b5ad12d2b987df71b383d247f2c83b0c74b,CY14,U11,"=CY_14($A$6,$A$9,$A$12,$A$15,$A$18,$A$21,$A$24,$A$27,$A$30,$A$33,$A$42,$A$36,$A$59,$A$45,$D11)"
NGAW2_GMPE_Spreadsheets_v5.7_041415_ProtectedLocked.xlsm,05c1346e3c422a9e48bf249cd2022b5ad12d2b987df71b383d247f2c83b0c74b,CY14,V11,"=CY14_stdev($A$6,$A$9,$A$12,$A$15,$A$18,$A$21,$A$24,$A$27,$A$30,$A$33,$A$42,$A$36,$A$45,$A$39,$D11)"
NGAW2_GMPE_Spreadsheets_v5.7_041415_ProtectedLocked.xlsm,05c1346e3c422a9e48bf249cd2022b5ad12d2b987df71b383d247f2c83b0c74b,CY14,A12,=Main!$B$30
NGAW2_GMPE_Spreadsheets_v5.7_041415_ProtectedLocked.xlsm,05c1346e3c422a9e48bf249cd2022b5ad12d2b987df71b383d247f2c83b0c74b,CY14,B12,"=IF($A$12>$A$9,""Rjb cannot be greater than Rrup"","""")"
NGAW2_GMPE_Spreadsheets_v5.7_041415_ProtectedLocked.xlsm,05c1346e3c422a9e48bf249cd2022b5ad12d2b987df71b383d247f2c83b0c74b,CY14,U12,"=CY_14($A$6,$A$9,$A$12,$A$15,$A$18,$A$21,$A$24,$A$27,$A$30,$A$33,$A$42,$A$36,$A$59,$A$45,$D12)"
NGAW2_GMPE_Spreadsheets_v5.7_041415_ProtectedLocked.xlsm,05c1346e3c422a9e48bf249cd2022b5ad12d2b987df71b383d247f2c83b0c74b,CY14,V12,"=CY14_stdev($A$6,$A$9,$A$12,$A$15,$A$18,$A$21,$A$24,$A$27,$A$30,$A$33,$A$42,$A$36,$A$45,$A$39,$D12)"
NGAW2_GMPE_Spreadsheets_v5.7_041415_ProtectedLocked.xlsm,05c1346e3c422a9e48bf249cd2022b5ad12d2b987df71b383d247f2c83b0c74b,CY14,U13,"=CY_14($A$6,$A$9,$A$12,$A$15,$A$18,$A$21,$A$24,$A$27,$A$30,$A$33,$A$42,$A$36,$A$59,$A$45,$D13)"
NGAW2_GMPE_Spreadsheets_v5.7_041415_ProtectedLocked.xlsm,05c1346e3c422a9e48bf249cd2022b5ad12d2b987df71b383d247f2c83b0c74b,CY14,V13,"=CY14_stdev($A$6,$A$9,$A$12,$A$15,$A$18,$A$21,$A$24,$A$27,$A$30,$A$33,$A$42,$A$36,$A$45,$A$39,$D13)"
NGAW2_GMPE_Spreadsheets_v5.7_041415_ProtectedLocked.xlsm,05c1346e3c422a9e48bf249cd2022b5ad12d2b987df71b383d247f2c83b0c74b,CY14,U14,"=CY_14($A$6,$A$9,$A$12,$A$15,$A$18,$A$21,$A$24,$A$27,$A$30,$A$33,$A$42,$A$36,$A$59,$A$45,$D14)"
NGAW2_GMPE_Spreadsheets_v5.7_041415_ProtectedLocked.xlsm,05c1346e3c422a9e48bf249cd2022b5ad12d2b987df71b383d247f2c83b0c74b,CY14,V14,"=CY14_stdev($A$6,$A$9,$A$12,$A$15,$A$18,$A$21,$A$24,$A$27,$A$30,$A$33,$A$42,$A$36,$A$45,$A$39,$D14)"
NGAW2_GMPE_Spreadsheets_v5.7_041415_ProtectedLocked.xlsm,05c1346e3c422a9e48bf249cd2022b5ad12d2b987df71b383d247f2c83b0c74b,CY14,A15,=Main!$B$33
NGAW2_GMPE_Spreadsheets_v5.7_041415_ProtectedLocked.xlsm,05c1346e3c422a9e48bf249cd2022b5ad12d2b987df71b383d247f2c83b0c74b,CY14,U15,"=CY_14($A$6,$A$9,$A$12,$A$15,$A$18,$A$21,$A$24,$A$27,$A$30,$A$33,$A$42,$A$36,$A$59,$A$45,$D15)"
NGAW2_GMPE_Spreadsheets_v5.7_041415_ProtectedLocked.xlsm,05c1346e3c422a9e48bf249cd2022b5ad12d2b987df71b383d247f2c83b0c74b,CY14,V15,"=CY14_stdev($A$6,$A$9,$A$12,$A$15,$A$18,$A$21,$A$24,$A$27,$A$30,$A$33,$A$42,$A$36,$A$45,$A$39,$D15)"
NGAW2_GMPE_Spreadsheets_v5.7_041415_ProtectedLocked.xlsm,05c1346e3c422a9e48bf249cd2022b5ad12d2b987df71b383d247f2c83b0c74b,CY14,U16,"=CY_14($A$6,$A$9,$A$12,$A$15,$A$18,$A$21,$A$24,$A$27,$A$30,$A$33,$A$42,$A$36,$A$59,$A$45,$D16)"
NGAW2_GMPE_Spreadsheets_v5.7_041415_ProtectedLocked.xlsm,05c1346e3c422a9e48bf249cd2022b5ad12d2b987df71b383d247f2c83b0c74b,CY14,V16,"=CY14_stdev($A$6,$A$9,$A$12,$A$15,$A$18,$A$21,$A$24,$A$27,$A$30,$A$33,$A$42,$A$36,$A$45,$A$39,$D16)"
NGAW2_GMPE_Spreadsheets_v5.7_041415_ProtectedLocked.xlsm,05c1346e3c422a9e48bf249cd2022b5ad12d2b987df71b383d247f2c83b0c74b,CY14,U17,"=CY_14($A$6,$A$9,$A$12,$A$15,$A$18,$A$21,$A$24,$A$27,$A$30,$A$33,$A$42,$A$36,$A$59,$A$45,$D17)"
NGAW2_GMPE_Spreadsheets_v5.7_041415_ProtectedLocked.xlsm,05c1346e3c422a9e48bf249cd2022b5ad12d2b987df71b383d247f2c83b0c74b,CY14,V17,"=CY14_stdev($A$6,$A$9,$A$12,$A$15,$A$18,$A$21,$A$24,$A$27,$A$30,$A$33,$A$42,$A$36,$A$45,$A$39,$D17)"
NGAW2_GMPE_Spreadsheets_v5.7_041415_ProtectedLocked.xlsm,05c1346e3c422a9e48bf249cd2022b5ad12d2b987df71b383d247f2c83b0c74b,CY14,A18,=Main!$B$39
NGAW2_GMPE_Spreadsheets_v5.7_041415_ProtectedLocked.xlsm,05c1346e3c422a9e48bf249cd2022b5ad12d2b987df71b383d247f2c83b0c74b,CY14,B18,"=IF($A$18<180,""! Not Applicable !"", IF(AND($A$18>=180, $A$18<=1500),"""",""! Not Applicable !""))"
NGAW2_GMPE_Spreadsheets_v5.7_041415_ProtectedLocked.xlsm,05c1346e3c422a9e48bf249cd2022b5ad12d2b987df71b383d247f2c83b0c74b,CY14,U18,"=CY_14($A$6,$A$9,$A$12,$A$15,$A$18,$A$21,$A$24,$A$27,$A$30,$A$33,$A$42,$A$36,$A$59,$A$45,$D18)"
NGAW2_GMPE_Spreadsheets_v5.7_041415_ProtectedLocked.xlsm,05c1346e3c422a9e48bf249cd2022b5ad12d2b987df71b383d247f2c83b0c74b,CY14,V18,"=CY14_stdev($A$6,$A$9,$A$12,$A$15,$A$18,$A$21,$A$24,$A$27,$A$30,$A$33,$A$42,$A$36,$A$45,$A$39,$D18)"
NGAW2_GMPE_Spreadsheets_v5.7_041415_ProtectedLocked.xlsm,05c1346e3c422a9e48bf249cd2022b5ad12d2b987df71b383d247f2c83b0c74b,CY14,U19,"=CY_14($A$6,$A$9,$A$12,$A$15,$A$18,$A$21,$A$24,$A$27,$A$30,$A$33,$A$42,$A$36,$A$59,$A$45,$D19)"
NGAW2_GMPE_Spreadsheets_v5.7_041415_ProtectedLocked.xlsm,05c1346e3c422a9e48bf249cd2022b5ad12d2b987df71b383d247f2c83b0c74b,CY14,V19,"=CY14_stdev($A$6,$A$9,$A$12,$A$15,$A$18,$A$21,$A$24,$A$27,$A$30,$A$33,$A$42,$A$36,$A$45,$A$39,$D19)"
NGAW2_GMPE_Spreadsheets_v5.7_041415_ProtectedLocked.xlsm,05c1346e3c422a9e48bf249cd2022b5ad12d2b987df71b383d247f2c83b0c74b,CY14,U20,"=CY_14($A$6,$A$9,$A$12,$A$15,$A$18,$A$21,$A$24,$A$27,$A$30,$A$33,$A$42,$A$36,$A$59,$A$45,$D20)"
NGAW2_GMPE_Spreadsheets_v5.7_041415_ProtectedLocked.xlsm,05c1346e3c422a9e48bf249cd2022b5ad12d2b987df71b383d247f2c83b0c74b,CY14,V20,"=CY14_stdev($A$6,$A$9,$A$12,$A$15,$A$18,$A$21,$A$24,$A$27,$A$30,$A$33,$A$42,$A$36,$A$45,$A$39,$D20)"
NGAW2_GMPE_Spreadsheets_v5.7_041415_ProtectedLocked.xlsm,05c1346e3c422a9e48bf249cd2022b5ad12d2b987df71b383d247f2c83b0c74b,CY14,A21,=Main!$B$45
NGAW2_GMPE_Spreadsheets_v5.7_041415_ProtectedLocked.xlsm,05c1346e3c422a9e48bf249cd2022b5ad12d2b987df71b383d247f2c83b0c74b,CY14,B21,"=IF(AND($A$21=1,$A$6>=3.5,$A$6<=8),"""",IF($A$21=0,"""",""! Not Applicable !""))"
NGAW2_GMPE_Spreadsheets_v5.7_041415_ProtectedLocked.xlsm,05c1346e3c422a9e48bf249cd2022b5ad12d2b987df71b383d247f2c83b0c74b,CY14,U21,"=CY_14($A$6,$A$9,$A$12,$A$15,$A$18,$A$21,$A$24,$A$27,$A$30,$A$33,$A$42,$A$36,$A$59,$A$45,$D21)"
NGAW2_GMPE_Spreadsheets_v5.7_041415_ProtectedLocked.xlsm,05c1346e3c422a9e48bf249cd2022b5ad12d2b987df71b383d247f2c83b0c74b,CY14,V21,"=CY14_stdev($A$6,$A$9,$A$12,$A$15,$A$18,$A$21,$A$24,$A$27,$A$30,$A$33,$A$42,$A$36,$A$45,$A$39,$D21)"
NGAW2_GMPE_Spreadsheets_v5.7_041415_ProtectedLocked.xlsm,05c1346e3c422a9e48bf249cd2022b5ad12d2b987df71b383d247f2c83b0c74b,CY14,U22,"=CY_14($A$6,$A$9,$A$12,$A$15,$A$18,$A$21,$A$24,$A$27,$A$30,$A$33,$A$42,$A$36,$A$59,$A$45,$D22)"
NGAW2_GMPE_Spreadsheets_v5.7_041415_ProtectedLocked.xlsm,05c1346e3c422a9e48bf249cd2022b5ad12d2b987df71b383d247f2c83b0c74b,CY14,V22,"=CY14_stdev($A$6,$A$9,$A$12,$A$15,$A$18,$A$21,$A$24,$A$27,$A$30,$A$33,$A$42,$A$36,$A$45,$A$39,$D22)"
NGAW2_GMPE_Spreadsheets_v5.7_041415_ProtectedLocked.xlsm,05c1346e3c422a9e48bf249cd2022b5ad12d2b987df71b383d247f2c83b0c74b,CY14,U23,"=CY_14($A$6,$A$9,$A$12,$A$15,$A$18,$A$21,$A$24,$A$27,$A$30,$A$33,$A$42,$A$36,$A$59,$A$45,$D23)"
NGAW2_GMPE_Spreadsheets_v5.7_041415_ProtectedLocked.xlsm,05c1346e3c422a9e48bf249cd2022b5ad12d2b987df71b383d247f2c83b0c74b,CY14,V23,"=CY14_stdev($A$6,$A$9,$A$12,$A$15,$A$18,$A$21,$A$24,$A$27,$A$30,$A$33,$A$42,$A$36,$A$45,$A$39,$D23)"
NGAW2_GMPE_Spreadsheets_v5.7_041415_ProtectedLocked.xlsm,05c1346e3c422a9e48bf249cd2022b5ad12d2b987df71b383d247f2c83b0c74b,CY14,A24,=Main!$B$48
NGAW2_GMPE_Spreadsheets_v5.7_041415_ProtectedLocked.xlsm,05c1346e3c422a9e48bf249cd2022b5ad12d2b987df71b383d247f2c83b0c74b,CY14,B24,"=IF(AND($A$24=1,$A$6>=3.5,$A$6<=8),"""",IF($A$24=0,"""",""! Not Applicable !""))"
NGAW2_GMPE_Spreadsheets_v5.7_041415_ProtectedLocked.xlsm,05c1346e3c422a9e48bf249cd2022b5ad12d2b987df71b383d247f2c83b0c74b,CY14,U24,"=CY_14($A$6,$A$9,$A$12,$A$15,$A$18,$A$21,$A$24,$A$27,$A$30,$A$33,$A$42,$A$36,$A$59,$A$45,$D24)"
NGAW2_GMPE_Spreadsheets_v5.7_041415_ProtectedLocked.xlsm,05c1346e3c422a9e48bf249cd2022b5ad12d2b987df71b383d247f2c83b0c74b,CY14,V24,"=CY14_stdev($A$6,$A$9,$A$12,$A$15,$A$18,$A$21,$A$24,$A$27,$A$30,$A$33,$A$42,$A$36,$A$45,$A$39,$D24)"
NGAW2_GMPE_Spreadsheets_v5.7_041415_ProtectedLocked.xlsm,05c1346e3c422a9e48bf249cd2022b5ad12d2b987df71b383d247f2c83b0c74b,CY14,U25,"=CY_14($A$6,$A$9,$A$12,$A$15,$A$18,$A$21,$A$24,$A$27,$A$30,$A$33,$A$42,$A$36,$A$59,$A$45,$D25)"
NGAW2_GMPE_Spreadsheets_v5.7_041415_ProtectedLocked.xlsm,05c1346e3c422a9e48bf249cd2022b5ad12d2b987df71b383d247f2c83b0c74b,CY14,V25,"=CY14_stdev($A$6,$A$9,$A$12,$A$15,$A$18,$A$21,$A$24,$A$27,$A$30,$A$33,$A$42,$A$36,$A$45,$A$39,$D25)"
NGAW2_GMPE_Spreadsheets_v5.7_041415_ProtectedLocked.xlsm,05c1346e3c422a9e48bf249cd2022b5ad12d2b987df71b383d247f2c83b0c74b,CY14,U26,"=CY_14($A$6,$A$9,$A$12,$A$15,$A$18,$A$21,$A$24,$A$27,$A$30,$A$33,$A$42,$A$36,$A$59,$A$45,$D26)"
NGAW2_GMPE_Spreadsheets_v5.7_041415_ProtectedLocked.xlsm,05c1346e3c422a9e48bf249cd2022b5ad12d2b987df71b383d247f2c83b0c74b,CY14,V26,"=CY14_stdev($A$6,$A$9,$A$12,$A$15,$A$18,$A$21,$A$24,$A$27,$A$30,$A$33,$A$42,$A$36,$A$45,$A$39,$D26)"
NGAW2_GMPE_Spreadsheets_v5.7_041415_ProtectedLocked.xlsm,05c1346e3c422a9e48bf249cd2022b5ad12d2b987df71b383d247f2c83b0c74b,CY14,A27,=Main!$B$51
NGAW2_GMPE_Spreadsheets_v5.7_041415_ProtectedLocked.xlsm,05c1346e3c422a9e48bf249cd2022b5ad12d2b987df71b383d247f2c83b0c74b,CY14,U28,"=CY_14($A$6,$A$9,$A$12,$A$15,$A$18,$A$21,$A$24,$A$27,$A$30,$A$33,$A$42,$A$36,$A$59,$A$45,$D28)"
NGAW2_GMPE_Spreadsheets_v5.7_041415_ProtectedLocked.xlsm,05c1346e3c422a9e48bf249cd2022b5ad12d2b987df71b383d247f2c83b0c74b,CY14,V28,"=CY14_stdev($A$6,$A$9,$A$12,$A$15,$A$18,$A$21,$A$24,$A$27,$A$30,$A$33,$A$42,$A$36,$A$45,$A$39,$D28)"
NGAW2_GMPE_Spreadsheets_v5.7_041415_ProtectedLocked.xlsm,05c1346e3c422a9e48bf249cd2022b5ad12d2b987df71b383d247f2c83b0c74b,CY14,U29,"=CY_14($A$6,$A$9,$A$12,$A$15,$A$18,$A$21,$A$24,$A$27,$A$30,$A$33,$A$42,$A$36,$A$59,$A$45,$D29)"
NGAW2_GMPE_Spreadsheets_v5.7_041415_ProtectedLocked.xlsm,05c1346e3c422a9e48bf249cd2022b5ad12d2b987df71b383d247f2c83b0c74b,CY14,V29,"=CY14_stdev($A$6,$A$9,$A$12,$A$15,$A$18,$A$21,$A$24,$A$27,$A$30,$A$33,$A$42,$A$36,$A$45,$A$39,$D29)"
NGAW2_GMPE_Spreadsheets_v5.7_041415_ProtectedLocked.xlsm,05c1346e3c422a9e48bf249cd2022b5ad12d2b987df71b383d247f2c83b0c74b,CY14,A30,=Main!$B$54
NGAW2_GMPE_Spreadsheets_v5.7_041415_ProtectedLocked.xlsm,05c1346e3c422a9e48bf249cd2022b5ad12d2b987df71b383d247f2c83b0c74b,CY14,B32,"=IF($A$9<A33,""Rrup cannot be less than Ztor"","""")"
NGAW2_GMPE_Spreadsheets_v5.7_041415_ProtectedLocked.xlsm,05c1346e3c422a9e48bf249cd2022b5ad12d2b987df71b383d247f2c83b0c74b,CY14,A33,=Main!$B$57
NGAW2_GMPE_Spreadsheets_v5.7_041415_ProtectedLocked.xlsm,05c1346e3c422a9e48bf249cd2022b5ad12d2b987df71b383d247f2c83b0c74b,CY14,B33,"=IF($A$33<=20,"""",""! Not Applicable !"")"
NGAW2_GMPE_Spreadsheets_v5.7_041415_ProtectedLocked.xlsm,05c1346e3c422a9e48bf249cd2022b5ad12d2b987df71b383d247f2c83b0c74b,CY14,E34,=2.704 - 1.226 * (7- 5.849)
NGAW2_GMPE_Spreadsheets_v5.7_041415_ProtectedLocked.xlsm,05c1346e3c422a9e48bf249cd2022b5ad12d2b987df71b383d247f2c83b0c74b,CY14,F34,=E34^2
NGAW2_GMPE_Spreadsheets_v5.7_041415_ProtectedLocked.xlsm,05c1346e3c422a9e48bf249cd2022b5ad12d2b987df71b383d247f2c83b0c74b,CY14,A36,=Main!$B$63
NGAW2_GMPE_Spreadsheets_v5.7_041415_ProtectedLocked.xlsm,05c1346e3c422a9e48bf249cd2022b5ad12d2b987df71b383d247f2c83b0c74b,CY14,A39,=Main!$B$95
NGAW2_GMPE_Spreadsheets_v5.7_041415_ProtectedLocked.xlsm,05c1346e3c422a9e48bf249cd2022b5ad12d2b987df71b383d247f2c83b0c74b,CY14,A42,=Main!$B$101
NGAW2_GMPE_Spreadsheets_v5.7_041415_ProtectedLocked.xlsm,05c1346e3c422a9e48bf249cd2022b5ad12d2b987df71b383d247f2c83b0c74b,CY14,A56,=Main!$G$115
NGAW2_GMPE_Spreadsheets_v5.7_041415_ProtectedLocked.xlsm,05c1346e3c422a9e48bf249cd2022b5ad12d2b987df71b383d247f2c83b0c74b,CY14,A59,=Main!$G$110
NGAW2_GMPE_Spreadsheets_v5.7_041415_ProtectedLocked.xlsm,05c1346e3c422a9e48bf249cd2022b5ad12d2b987df71b383d247f2c83b0c74b,CY14_Coeffs,B29,=B5
NGAW2_GMPE_Spreadsheets_v5.7_041415_ProtectedLocked.xlsm,05c1346e3c422a9e48bf249cd2022b5ad12d2b987df71b383d247f2c83b0c74b,CY14_Coeffs,C29,=C5
NGAW2_GMPE_Spreadsheets_v5.7_041415_ProtectedLocked.xlsm,05c1346e3c422a9e48bf249cd2022b5ad12d2b987df71b383d247f2c83b0c74b,CY14_Coeffs,D29,=D5
NGAW2_GMPE_Spreadsheets_v5.7_041415_ProtectedLocked.xlsm,05c1346e3c422a9e48bf249cd2022b5ad12d2b987df71b383d247f2c83b0c74b,CY14_Coeffs,E29,=E5
NGAW2_GMPE_Spreadsheets_v5.7_041415_ProtectedLocked.xlsm,05c1346e3c422a9e48bf249cd2022b5ad12d2b987df71b383d247f2c83b0c74b,CY14_Coeffs,G29,=G5
NGAW2_GMPE_Spreadsheets_v5.7_041415_ProtectedLocked.xlsm,05c1346e3c422a9e48bf249cd2022b5ad12d2b987df71b383d247f2c83b0c74b,CY14_Coeffs,Y29,=Y5
NGAW2_GMPE_Spreadsheets_v5.7_041415_ProtectedLocked.xlsm,05c1346e3c422a9e48bf249cd2022b5ad12d2b987df71b383d247f2c83b0c74b,CY14_Coeffs,AI29,=AI5
NGAW2_GMPE_Spreadsheets_v5.7_041415_ProtectedLocked.xlsm,05c1346e3c422a9e48bf249cd2022b5ad12d2b987df71b383d247f2c83b0c74b,CY14_Coeffs,AT29,=AT5
NGAW2_GMPE_Spreadsheets_v5.7_041415_ProtectedLocked.xlsm,05c1346e3c422a9e48bf249cd2022b5ad12d2b987df71b383d247f2c83b0c74b,I14,A6,=Main!B24
NGAW2_GMPE_Spreadsheets_v5.7_041415_ProtectedLocked.xlsm,05c1346e3c422a9e48bf249cd2022b5ad12d2b987df71b383d247f2c83b0c74b,I14,B6,"=IF($A$6<5, ""! Not Applicable !"", """")"
NGAW2_GMPE_Spreadsheets_v5.7_041415_ProtectedLocked.xlsm,05c1346e3c422a9e48bf249cd2022b5ad12d2b987df71b383d247f2c83b0c74b,I14,L6,"=I_14($A$6,$A$9,$A$15,$A$12,D6)"
NGAW2_GMPE_Spreadsheets_v5.7_041415_ProtectedLocked.xlsm,05c1346e3c422a9e48bf249cd2022b5ad12d2b987df71b383d247f2c83b0c74b,I14,M6,"=I_14_stdev($A$6,D6)"
NGAW2_GMPE_Spreadsheets_v5.7_041415_ProtectedLocked.xlsm,05c1346e3c422a9e48bf249cd2022b5ad12d2b987df71b383d247f2c83b0c74b,I14,L7,"=I_14($A$6,$A$9,$A$15,$A$12,D7)"
NGAW2_GMPE_Spreadsheets_v5.7_041415_ProtectedLocked.xlsm,05c1346e3c422a9e48bf249cd2022b5ad12d2b987df71b383d247f2c83b0c74b,I14,M7,"=I_14_stdev($A$6,D7)"
NGAW2_GMPE_Spreadsheets_v5.7_041415_ProtectedLocked.xlsm,05c1346e3c422a9e48bf249cd2022b5ad12d2b987df71b383d247f2c83b0c74b,I14,L8,"=I_14($A$6,$A$9,$A$15,$A$12,D8)"
NGAW2_GMPE_Spreadsheets_v5.7_041415_ProtectedLocked.xlsm,05c1346e3c422a9e48bf249cd2022b5ad12d2b987df71b383d247f2c83b0c74b,I14,M8,"=I_14_stdev($A$6,D8)"
NGAW2_GMPE_Spreadsheets_v5.7_041415_ProtectedLocked.xlsm,05c1346e3c422a9e48bf249cd2022b5ad12d2b987df71b383d247f2c83b0c74b,I14,A9,=Main!B27
NGAW2_GMPE_Spreadsheets_v5.7_041415_ProtectedLocked.xlsm,05c1346e3c422a9e48bf249cd2022b5ad12d2b987df71b383d247f2c83b0c74b,I14,B9,"=IF($A$9>150, ""! Not Applicable !"", """")"
NGAW2_GMPE_Spreadsheets_v5.7_041415_ProtectedLocked.xlsm,05c1346e3c422a9e48bf249cd2022b5ad12d2b987df71b383d247f2c83b0c74b,I14,L9,"=I_14($A$6,$A$9,$A$15,$A$12,D9)"
NGAW2_GMPE_Spreadsheets_v5.7_041415_ProtectedLocked.xlsm,05c1346e3c422a9e48bf249cd2022b5ad12d2b987df71b383d247f2c83b0c74b,I14,M9,"=I_14_stdev($A$6,D9)"
NGAW2_GMPE_Spreadsheets_v5.7_041415_ProtectedLocked.xlsm,05c1346e3c422a9e48bf249cd2022b5ad12d2b987df71b383d247f2c83b0c74b,I14,L10,"=I_14($A$6,$A$9,$A$15,$A$12,D10)"
NGAW2_GMPE_Spreadsheets_v5.7_041415_ProtectedLocked.xlsm,05c1346e3c422a9e48bf249cd2022b5ad12d2b987df71b383d247f2c83b0c74b,I14,M10,"=I_14_stdev($A$6,D10)"
NGAW2_GMPE_Spreadsheets_v5.7_041415_ProtectedLocked.xlsm,05c1346e3c422a9e48bf249cd2022b5ad12d2b987df71b383d247f2c83b0c74b,I14,L11,"=I_14($A$6,$A$9,$A$15,$A$12,D11)"
NGAW2_GMPE_Spreadsheets_v5.7_041415_ProtectedLocked.xlsm,05c1346e3c422a9e48bf249cd2022b5ad12d2b987df71b383d247f2c83b0c74b,I14,M11,"=I_14_stdev($A$6,D11)"
NGAW2_GMPE_Spreadsheets_v5.7_041415_ProtectedLocked.xlsm,05c1346e3c422a9e48bf249cd2022b5ad12d2b987df71b383d247f2c83b0c74b,I14,A12,=Main!B39
NGAW2_GMPE_Spreadsheets_v5.7_041415_ProtectedLocked.xlsm,05c1346e3c422a9e48bf249cd2022b5ad12d2b987df71b383d247f2c83b0c74b,I14,B12,"=IF($A$12<450,""! Not Applicable !"","""")"
NGAW2_GMPE_Spreadsheets_v5.7_041415_ProtectedLocked.xlsm,05c1346e3c422a9e48bf249cd2022b5ad12d2b987df71b383d247f2c83b0c74b,I14,L12,"=I_14($A$6,$A$9,$A$15,$A$12,D12)"
NGAW2_GMPE_Spreadsheets_v5.7_041415_ProtectedLocked.xlsm,05c1346e3c422a9e48bf249cd2022b5ad12d2b987df71b383d247f2c83b0c74b,I14,M12,"=I_14_stdev($A$6,D12)"
NGAW2_GMPE_Spreadsheets_v5.7_041415_ProtectedLocked.xlsm,05c1346e3c422a9e48bf249cd2022b5ad12d2b987df71b383d247f2c83b0c74b,I14,L13,"=I_14($A$6,$A$9,$A$15,$A$12,D13)"
NGAW2_GMPE_Spreadsheets_v5.7_041415_ProtectedLocked.xlsm,05c1346e3c422a9e48bf249cd2022b5ad12d2b987df71b383d247f2c83b0c74b,I14,M13,"=I_14_stdev($A$6,D13)"
NGAW2_GMPE_Spreadsheets_v5.7_041415_ProtectedLocked.xlsm,05c1346e3c422a9e48bf249cd2022b5ad12d2b987df71b383d247f2c83b0c74b,I14,L14,"=I_14($A$6,$A$9,$A$15,$A$12,D14)"
NGAW2_GMPE_Spreadsheets_v5.7_041415_ProtectedLocked.xlsm,05c1346e3c422a9e48bf249cd2022b5ad12d2b987df71b383d247f2c83b0c74b,I14,M14,"=I_14_stdev($A$6,D14)"
NGAW2_GMPE_Spreadsheets_v5.7_041415_ProtectedLocked.xlsm,05c1346e3c422a9e48bf249cd2022b5ad12d2b987df71b383d247f2c83b0c74b,I14,A15,=Main!B45
NGAW2_GMPE_Spreadsheets_v5.7_041415_ProtectedLocked.xlsm,05c1346e3c422a9e48bf249cd2022b5ad12d2b987df71b383d247f2c83b0c74b,I14,B15,"=IF($A$15=1,""1: reverse fault"","""")"
NGAW2_GMPE_Spreadsheets_v5.7_041415_ProtectedLocked.xlsm,05c1346e3c422a9e48bf249cd2022b5ad12d2b987df71b383d247f2c83b0c74b,I14,L15,"=I_14($A$6,$A$9,$A$15,$A$12,D15)"
NGAW2_GMPE_Spreadsheets_v5.7_041415_ProtectedLocked.xlsm,05c1346e3c422a9e48bf249cd2022b5ad12d2b987df71b383d247f2c83b0c74b,I14,M15,"=I_14_stdev($A$6,D15)"
NGAW2_GMPE_Spreadsheets_v5.7_041415_ProtectedLocked.xlsm,05c1346e3c422a9e48bf249cd2022b5ad12d2b987df71b383d247f2c83b0c74b,I14,L16,"=I_14($A$6,$A$9,$A$15,$A$12,D16)"
NGAW2_GMPE_Spreadsheets_v5.7_041415_ProtectedLocked.xlsm,05c1346e3c422a9e48bf249cd2022b5ad12d2b987df71b383d247f2c83b0c74b,I14,M16,"=I_14_stdev($A$6,D16)"
NGAW2_GMPE_Spreadsheets_v5.7_041415_ProtectedLocked.xlsm,05c1346e3c422a9e48bf249cd2022b5ad12d2b987df71b383d247f2c83b0c74b,I14,L17,"=I_14($A$6,$A$9,$A$15,$A$12,D17)"
NGAW2_GMPE_Spreadsheets_v5.7_041415_ProtectedLocked.xlsm,05c1346e3c422a9e48bf249cd2022b5ad12d2b987df71b383d247f2c83b0c74b,I14,M17,"=I_14_stdev($A$6,D17)"
NGAW2_GMPE_Spreadsheets_v5.7_041415_ProtectedLocked.xlsm,05c1346e3c422a9e48bf249cd2022b5ad12d2b987df71b383d247f2c83b0c74b,I14,L18,"=I_14($A$6,$A$9,$A$15,$A$12,D18)"
NGAW2_GMPE_Spreadsheets_v5.7_041415_ProtectedLocked.xlsm,05c1346e3c422a9e48bf249cd2022b5ad12d2b987df71b383d247f2c83b0c74b,I14,M18,"=I_14_stdev($A$6,D18)"
NGAW2_GMPE_Spreadsheets_v5.7_041415_ProtectedLocked.xlsm,05c1346e3c422a9e48bf249cd2022b5ad12d2b987df71b383d247f2c83b0c74b,I14,L19,"=I_14($A$6,$A$9,$A$15,$A$12,D19)"
NGAW2_GMPE_Spreadsheets_v5.7_041415_ProtectedLocked.xlsm,05c1346e3c422a9e48bf249cd2022b5ad12d2b987df71b383d247f2c83b0c74b,I14,M19,"=I_14_stdev($A$6,D19)"
NGAW2_GMPE_Spreadsheets_v5.7_041415_ProtectedLocked.xlsm,05c1346e3c422a9e48bf249cd2022b5ad12d2b987df71b383d247f2c83b0c74b,I14,L20,"=I_14($A$6,$A$9,$A$15,$A$12,D20)"
NGAW2_GMPE_Spreadsheets_v5.7_041415_ProtectedLocked.xlsm,05c1346e3c422a9e48bf249cd2022b5ad12d2b987df71b383d247f2c83b0c74b,I14,M20,"=I_14_stdev($A$6,D20)"
NGAW2_GMPE_Spreadsheets_v5.7_041415_ProtectedLocked.xlsm,05c1346e3c422a9e48bf249cd2022b5ad12d2b987df71b383d247f2c83b0c74b,I14,L21,"=I_14($A$6,$A$9,$A$15,$A$12,D21)"
NGAW2_GMPE_Spreadsheets_v5.7_041415_ProtectedLocked.xlsm,05c1346e3c422a9e48bf249cd2022b5ad12d2b987df71b383d247f2c83b0c74b,I14,M21,"=I_14_stdev($A$6,D21)"
NGAW2_GMPE_Spreadsheets_v5.7_041415_ProtectedLocked.xlsm,05c1346e3c422a9e48bf249cd2022b5ad12d2b987df71b383d247f2c83b0c74b,I14,L22,"=I_14($A$6,$A$9,$A$15,$A$12,D22)"
NGAW2_GMPE_Spreadsheets_v5.7_041415_ProtectedLocked.xlsm,05c1346e3c422a9e48bf249cd2022b5ad12d2b987df71b383d247f2c83b0c74b,I14,M22,"=I_14_stdev($A$6,D22)"
NGAW2_GMPE_Spreadsheets_v5.7_041415_ProtectedLocked.xlsm,05c1346e3c422a9e48bf249cd2022b5ad12d2b987df71b383d247f2c83b0c74b,I14,L23,"=I_14($A$6,$A$9,$A$15,$A$12,D23)"
NGAW2_GMPE_Spreadsheets_v5.7_041415_ProtectedLocked.xlsm,05c1346e3c422a9e48bf249cd2022b5ad12d2b987df71b383d247f2c83b0c74b,I14,M23,"=I_14_stdev($A$6,D23)"
NGAW2_GMPE_Spreadsheets_v5.7_041415_ProtectedLocked.xlsm,05c1346e3c422a9e48bf249cd2022b5ad12d2b987df71b383d247f2c83b0c74b,I14,L24,"=I_14($A$6,$A$9,$A$15,$A$12,D24)"
NGAW2_GMPE_Spreadsheets_v5.7_041415_ProtectedLocked.xlsm,05c1346e3c422a9e48bf249cd2022b5ad12d2b987df71b383d247f2c83b0c74b,I14,M24,"=I_14_stdev($A$6,D24)"
NGAW2_GMPE_Spreadsheets_v5.7_041415_ProtectedLocked.xlsm,05c1346e3c422a9e48bf249cd2022b5ad12d2b987df71b383d247f2c83b0c74b,I14,L25,"=I_14($A$6,$A$9,$A$15,$A$12,D25)"
NGAW2_GMPE_Spreadsheets_v5.7_041415_ProtectedLocked.xlsm,05c1346e3c422a9e48bf249cd2022b5ad12d2b987df71b383d247f2c83b0c74b,I14,M25,"=I_14_stdev($A$6,D25)"
NGAW2_GMPE_Spreadsheets_v5.7_041415_ProtectedLocked.xlsm,05c1346e3c422a9e48bf249cd2022b5ad12d2b987df71b383d247f2c83b0c74b,I14,L26,"=I_14($A$6,$A$9,$A$15,$A$12,D26)"
NGAW2_GMPE_Spreadsheets_v5.7_041415_ProtectedLocked.xlsm,05c1346e3c422a9e48bf249cd2022b5ad12d2b987df71b383d247f2c83b0c74b,I14,M26,"=I_14_stdev($A$6,D26)"
NGAW2_GMPE_Spreadsheets_v5.7_041415_ProtectedLocked.xlsm,05c1346e3c422a9e48bf249cd2022b5ad12d2b987df71b383d247f2c83b0c74b,I14,L28,"=I_14($A$6,$A$9,$A$15,$A$12,D28)"
NGAW2_GMPE_Spreadsheets_v5.7_041415_ProtectedLocked.xlsm,05c1346e3c422a9e48bf249cd2022b5ad12d2b987df71b383d247f2c83b0c74b,I14,M28,"=I_14_stdev($A$6,D28)"
NGAW2_GMPE_Spreadsheets_v5.7_041415_ProtectedLocked.xlsm,05c1346e3c422a9e48bf249cd2022b5ad12d2b987df71b383d247f2c83b0c74b,I14,J50,"=I_13($A$6,$A$9,$A$15,$A$12,I50)"
NGAW2_GMPE_Spreadsheets_v5.7_041415_ProtectedLocked.xlsm,05c1346e3c422a9e48bf249cd2022b5ad12d2b987df71b383d247f2c83b0c74b,I14,J51,"=I_13($A$6,$A$9,$A$15,$A$12,I51)"
NGAW2_GMPE_Spreadsheets_v5.7_041415_ProtectedLocked.xlsm,05c1346e3c422a9e48bf249cd2022b5ad12d2b987df71b383d247f2c83b0c74b,I14,J52,"=I_13($A$6,$A$9,$A$15,$A$12,I52)"
NGAW2_GMPE_Spreadsheets_v5.7_041415_ProtectedLocked.xlsm,05c1346e3c422a9e48bf249cd2022b5ad12d2b987df71b383d247f2c83b0c74b,GMPEs Comparison,C2,"=IF(B2=""Arithmetic"",""Weighted average of the spectral values"",""Weighted average of the natural logarithm of the spectral values"")"
NGAW2_GMPE_Spreadsheets_v5.7_041415_ProtectedLocked.xlsm,05c1346e3c422a9e48bf249cd2022b5ad12d2b987df71b383d247f2c83b0c74b,GMPEs Comparison,B5,=Main!$C$14
NGAW2_GMPE_Spreadsheets_v5.7_041415_ProtectedLocked.xlsm,05c1346e3c422a9e48bf249cd2022b5ad12d2b987df71b383d247f2c83b0c74b,GMPEs Comparison,C5,=Main!$D$14
NGAW2_GMPE_Spreadsheets_v5.7_041415_ProtectedLocked.xlsm,05c1346e3c422a9e48bf249cd2022b5ad12d2b987df71b383d247f2c83b0c74b,GMPEs Comparison,D5,=Main!$E$14
NGAW2_GMPE_Spreadsheets_v5.7_041415_ProtectedLocked.xlsm,05c1346e3c422a9e48bf249cd2022b5ad12d2b987df71b383d247f2c83b0c74b,GMPEs Comparison,E5,=Main!$F$14
NGAW2_GMPE_Spreadsheets_v5.7_041415_ProtectedLocked.xlsm,05c1346e3c422a9e48bf249cd2022b5ad12d2b987df71b383d247f2c83b0c74b,GMPEs Comparison,F5,=Main!$G$14
NGAW2_GMPE_Spreadsheets_v5.7_041415_ProtectedLocked.xlsm,05c1346e3c422a9e48bf249cd2022b5ad12d2b987df71b383d247f2c83b0c74b,GMPEs Comparison,B7,=Main!$C$16
NGAW2_GMPE_Spreadsheets_v5.7_041415_ProtectedLocked.xlsm,05c1346e3c422a9e48bf249cd2022b5ad12d2b987df71b383d247f2c83b0c74b,GMPEs Comparison,D7,"=IF(AND(SUM($B$5:$F$5)>0.99,SUM($B$5:$F$5)<1.01),"" "",""WARNING: Weights should sum up to 1"")"
NGAW2_GMPE_Spreadsheets_v5.7_041415_ProtectedLocked.xlsm,05c1346e3c422a9e48bf249cd2022b5ad12d2b987df71b383d247f2c83b0c74b,GMPEs Comparison,B8,=Main!$C$17
NGAW2_GMPE_Spreadsheets_v5.7_041415_ProtectedLocked.xlsm,05c1346e3c422a9e48bf249cd2022b5ad12d2b987df71b383d247f2c83b0c74b,GMPEs Comparison,D11,"=""Sa Median ("" &$B$8 & ""% damping)"""
NGAW2_GMPE_Spreadsheets_v5.7_041415_ProtectedLocked.xlsm,05c1346e3c422a9e48bf249cd2022b5ad12d2b987df71b383d247f2c83b0c74b,GMPEs Comparison,D12,"=DSF!$S22*IF(Main!$C$14<>0,'ASK14'!E6,0)"
NGAW2_GMPE_Spreadsheets_v5.7_041415_ProtectedLocked.xlsm,05c1346e3c422a9e48bf249cd2022b5ad12d2b987df71b383d247f2c83b0c74b,GMPEs Comparison,E12,"=DSF!$S22*IF(Main!$D$14<>0,BSSA14!S6,0)"
NGAW2_GMPE_Spreadsheets_v5.7_041415_ProtectedLocked.xlsm,05c1346e3c422a9e48bf249cd2022b5ad12d2b987df71b383d247f2c83b0c74b,GMPEs Comparison,F12,"=DSF!$S22*IF(Main!$E$14<>0,'CB14'!Y6,0)"
NGAW2_GMPE_Spreadsheets_v5.7_041415_ProtectedLocked.xlsm,05c1346e3c422a9e48bf249cd2022b5ad12d2b987df71b383d247f2c83b0c74b,GMPEs Comparison,G12,"=DSF!$S22*IF(Main!$F$14<>0,'CY14'!U6,0)"
NGAW2_GMPE_Spreadsheets_v5.7_041415_ProtectedLocked.xlsm,05c1346e3c422a9e48bf249cd2022b5ad12d2b987df71b383d247f2c83b0c74b,GMPEs Comparison,H12,"=DSF!$S22*IF(Main!$G$14<>0,'I14'!L6,0)"
NGAW2_GMPE_Spreadsheets_v5.7_041415_ProtectedLocked.xlsm,05c1346e3c422a9e48bf249cd2022b5ad12d2b987df71b383d247f2c83b0c74b,GMPEs Comparison,D13,"=DSF!$S23*IF(Main!$C$14<>0,'ASK14'!E7,0)"
NGAW2_GMPE_Spreadsheets_v5.7_041415_ProtectedLocked.xlsm,05c1346e3c422a9e48bf249cd2022b5ad12d2b987df71b383d247f2c83b0c74b,GMPEs Comparison,E13,"=DSF!$S23*IF(Main!$D$14<>0,BSSA14!S7,0)"
NGAW2_GMPE_Spreadsheets_v5.7_041415_ProtectedLocked.xlsm,05c1346e3c422a9e48bf249cd2022b5ad12d2b987df71b383d247f2c83b0c74b,GMPEs Comparison,F13,"=DSF!$S23*IF(Main!$E$14<>0,'CB14'!Y7,0)"
NGAW2_GMPE_Spreadsheets_v5.7_041415_ProtectedLocked.xlsm,05c1346e3c422a9e48bf249cd2022b5ad12d2b987df71b383d247f2c83b0c74b,GMPEs Comparison,G13,"=DSF!$S23*IF(Main!$F$14<>0,'CY14'!U7,0)"
NGAW2_GMPE_Spreadsheets_v5.7_041415_ProtectedLocked.xlsm,05c1346e3c422a9e48bf249cd2022b5ad12d2b987df71b383d247f2c83b0c74b,GMPEs Comparison,H13,"=DSF!$S23*IF(Main!$G$14<>0,'I14'!L7,0)"
NGAW2_GMPE_Spreadsheets_v5.7_041415_ProtectedLocked.xlsm,05c1346e3c422a9e48bf249cd2022b5ad12d2b987df71b383d247f2c83b0c74b,GMPEs Comparison,D14,"=DSF!$S24*IF(Main!$C$14<>0,'ASK14'!E8,0)"
NGAW2_GMPE_Spreadsheets_v5.7_041415_ProtectedLocked.xlsm,05c1346e3c422a9e48bf249cd2022b5ad12d2b987df71b383d247f2c83b0c74b,GMPEs Comparison,E14,"=DSF!$S24*IF(Main!$D$14<>0,BSSA14!S8,0)"
NGAW2_GMPE_Spreadsheets_v5.7_041415_ProtectedLocked.xlsm,05c1346e3c422a9e48bf249cd2022b5ad12d2b987df71b383d247f2c83b0c74b,GMPEs Comparison,F14,"=DSF!$S24*IF(Main!$E$14<>0,'CB14'!Y8,0)"
NGAW2_GMPE_Spreadsheets_v5.7_041415_ProtectedLocked.xlsm,05c1346e3c422a9e48bf249cd2022b5ad12d2b987df71b383d247f2c83b0c74b,GMPEs Comparison,G14,"=DSF!$S24*IF(Main!$F$14<>0,'CY14'!U8,0)"
NGAW2_GMPE_Spreadsheets_v5.7_041415_ProtectedLocked.xlsm,05c1346e3c422a9e48bf249cd2022b5ad12d2b987df71b383d247f2c83b0c74b,GMPEs Comparison,H14,"=DSF!$S24*IF(Main!$G$14<>0,'I14'!L8,0)"
NGAW2_GMPE_Spreadsheets_v5.7_041415_ProtectedLocked.xlsm,05c1346e3c422a9e48bf249cd2022b5ad12d2b987df71b383d247f2c83b0c74b,GMPEs Comparison,D15,"=DSF!$S25*IF(Main!$C$14<>0,'ASK14'!E9,0)"
NGAW2_GMPE_Spreadsheets_v5.7_041415_ProtectedLocked.xlsm,05c1346e3c422a9e48bf249cd2022b5ad12d2b987df71b383d247f2c83b0c74b,GMPEs Comparison,E15,"=DSF!$S25*IF(Main!$D$14<>0,BSSA14!S9,0)"
NGAW2_GMPE_Spreadsheets_v5.7_041415_ProtectedLocked.xlsm,05c1346e3c422a9e48bf249cd2022b5ad12d2b987df71b383d247f2c83b0c74b,GMPEs Comparison,F15,"=DSF!$S25*IF(Main!$E$14<>0,'CB14'!Y9,0)"
NGAW2_GMPE_Spreadsheets_v5.7_041415_ProtectedLocked.xlsm,05c1346e3c422a9e48bf249cd2022b5ad12d2b987df71b383d247f2c83b0c74b,GMPEs Comparison,G15,"=DSF!$S25*IF(Main!$F$14<>0,'CY14'!U9,0)"
NGAW2_GMPE_Spreadsheets_v5.7_041415_ProtectedLocked.xlsm,05c1346e3c422a9e48bf249cd2022b5ad12d2b987df71b383d247f2c83b0c74b,GMPEs Comparison,H15,"=DSF!$S25*IF(Main!$G$14<>0,'I14'!L9,0)"
NGAW2_GMPE_Spreadsheets_v5.7_041415_ProtectedLocked.xlsm,05c1346e3c422a9e48bf249cd2022b5ad12d2b987df71b383d247f2c83b0c74b,GMPEs Comparison,D16,"=DSF!$S26*IF(Main!$C$14<>0,'ASK14'!E10,0)"
NGAW2_GMPE_Spreadsheets_v5.7_041415_ProtectedLocked.xlsm,05c1346e3c422a9e48bf249cd2022b5ad12d2b987df71b383d247f2c83b0c74b,GMPEs Comparison,E16,"=DSF!$S26*IF(Main!$D$14<>0,BSSA14!S10,0)"
NGAW2_GMPE_Spreadsheets_v5.7_041415_ProtectedLocked.xlsm,05c1346e3c422a9e48bf249cd2022b5ad12d2b987df71b383d247f2c83b0c74b,GMPEs Comparison,F16,"=DSF!$S26*IF(Main!$E$14<>0,'CB14'!Y10,0)"
NGAW2_GMPE_Spreadsheets_v5.7_041415_ProtectedLocked.xlsm,05c1346e3c422a9e48bf249cd2022b5ad12d2b987df71b383d247f2c83b0c74b,GMPEs Comparison,G16,"=DSF!$S26*IF(Main!$F$14<>0,'CY14'!U10,0)"
NGAW2_GMPE_Spreadsheets_v5.7_041415_ProtectedLocked.xlsm,05c1346e3c422a9e48bf249cd2022b5ad12d2b987df71b383d247f2c83b0c74b,GMPEs Comparison,H16,"=DSF!$S26*IF(Main!$G$14<>0,'I14'!L10,0)"
NGAW2_GMPE_Spreadsheets_v5.7_041415_ProtectedLocked.xlsm,05c1346e3c422a9e48bf249cd2022b5ad12d2b987df71b383d247f2c83b0c74b,GMPEs Comparison,D17,"=DSF!$S27*IF(Main!$C$14<>0,'ASK14'!E11,0)"
NGAW2_GMPE_Spreadsheets_v5.7_041415_ProtectedLocked.xlsm,05c1346e3c422a9e48bf249cd2022b5ad12d2b987df71b383d247f2c83b0c74b,GMPEs Comparison,E17,"=DSF!$S27*IF(Main!$D$14<>0,BSSA14!S11,0)"
NGAW2_GMPE_Spreadsheets_v5.7_041415_ProtectedLocked.xlsm,05c1346e3c422a9e48bf249cd2022b5ad12d2b987df71b383d247f2c83b0c74b,GMPEs Comparison,F17,"=DSF!$S27*IF(Main!$E$14<>0,'CB14'!Y11,0)"
NGAW2_GMPE_Spreadsheets_v5.7_041415_ProtectedLocked.xlsm,05c1346e3c422a9e48bf249cd2022b5ad12d2b987df71b383d247f2c83b0c74b,GMPEs Comparison,G17,"=DSF!$S27*IF(Main!$F$14<>0,'CY14'!U11,0)"
NGAW2_GMPE_Spreadsheets_v5.7_041415_ProtectedLocked.xlsm,05c1346e3c422a9e48bf249cd2022b5ad12d2b987df71b383d247f2c83b0c74b,GMPEs Comparison,H17,"=DSF!$S27*IF(Main!$G$14<>0,'I14'!L11,0)"
NGAW2_GMPE_Spreadsheets_v5.7_041415_ProtectedLocked.xlsm,05c1346e3c422a9e48bf249cd2022b5ad12d2b987df71b383d247f2c83b0c74b,GMPEs Comparison,D18,"=DSF!$S28*IF(Main!$C$14<>0,'ASK14'!E12,0)"
NGAW2_GMPE_Spreadsheets_v5.7_041415_ProtectedLocked.xlsm,05c1346e3c422a9e48bf249cd2022b5ad12d2b987df71b383d247f2c83b0c74b,GMPEs Comparison,E18,"=DSF!$S28*IF(Main!$D$14<>0,BSSA14!S12,0)"
NGAW2_GMPE_Spreadsheets_v5.7_041415_ProtectedLocked.xlsm,05c1346e3c422a9e48bf249cd2022b5ad12d2b987df71b383d247f2c83b0c74b,GMPEs Comparison,F18,"=DSF!$S28*IF(Main!$E$14<>0,'CB14'!Y12,0)"
NGAW2_GMPE_Spreadsheets_v5.7_041415_ProtectedLocked.xlsm,05c1346e3c422a9e48bf249cd2022b5ad12d2b987df71b383d247f2c83b0c74b,GMPEs Comparison,G18,"=DSF!$S28*IF(Main!$F$14<>0,'CY14'!U12,0)"
NGAW2_GMPE_Spreadsheets_v5.7_041415_ProtectedLocked.xlsm,05c1346e3c422a9e48bf249cd2022b5ad12d2b987df71b383d247f2c83b0c74b,GMPEs Comparison,H18,"=DSF!$S28*IF(Main!$G$14<>0,'I14'!L12,0)"
NGAW2_GMPE_Spreadsheets_v5.7_041415_ProtectedLocked.xlsm,05c1346e3c422a9e48bf249cd2022b5ad12d2b987df71b383d247f2c83b0c74b,GMPEs Comparison,D19,"=DSF!$S29*IF(Main!$C$14<>0,'ASK14'!E13,0)"
NGAW2_GMPE_Spreadsheets_v5.7_041415_ProtectedLocked.xlsm,05c1346e3c422a9e48bf249cd2022b5ad12d2b987df71b383d247f2c83b0c74b,GMPEs Comparison,E19,"=DSF!$S29*IF(Main!$D$14<>0,BSSA14!S13,0)"
NGAW2_GMPE_Spreadsheets_v5.7_041415_ProtectedLocked.xlsm,05c1346e3c422a9e48bf249cd2022b5ad12d2b987df71b383d247f2c83b0c74b,GMPEs Comparison,F19,"=DSF!$S29*IF(Main!$E$14<>0,'CB14'!Y13,0)"
NGAW2_GMPE_Spreadsheets_v5.7_041415_ProtectedLocked.xlsm,05c1346e3c422a9e48bf249cd2022b5ad12d2b987df71b383d247f2c83b0c74b,GMPEs Comparison,G19,"=DSF!$S29*IF(Main!$F$14<>0,'CY14'!U13,0)"
NGAW2_GMPE_Spreadsheets_v5.7_041415_ProtectedLocked.xlsm,05c1346e3c422a9e48bf249cd2022b5ad12d2b987df71b383d247f2c83b0c74b,GMPEs Comparison,H19,"=DSF!$S29*IF(Main!$G$14<>0,'I14'!L13,0)"
NGAW2_GMPE_Spreadsheets_v5.7_041415_ProtectedLocked.xlsm,05c1346e3c422a9e48bf249cd2022b5ad12d2b987df71b383d247f2c83b0c74b,GMPEs Comparison,D20,"=DSF!$S30*IF(Main!$C$14<>0,'ASK14'!E14,0)"
NGAW2_GMPE_Spreadsheets_v5.7_041415_ProtectedLocked.xlsm,05c1346e3c422a9e48bf249cd2022b5ad12d2b987df71b383d247f2c83b0c74b,GMPEs Comparison,E20,"=DSF!$S30*IF(Main!$D$14<>0,BSSA14!S14,0)"
NGAW2_GMPE_Spreadsheets_v5.7_041415_ProtectedLocked.xlsm,05c1346e3c422a9e48bf249cd2022b5ad12d2b987df71b383d247f2c83b0c74b,GMPEs Comparison,F20,"=DSF!$S30*IF(Main!$E$14<>0,'CB14'!Y14,0)"
NGAW2_GMPE_Spreadsheets_v5.7_041415_ProtectedLocked.xlsm,05c1346e3c422a9e48bf249cd2022b5ad12d2b987df71b383d247f2c83b0c74b,GMPEs Comparison,G20,"=DSF!$S30*IF(Main!$F$14<>0,'CY14'!U14,0)"
NGAW2_GMPE_Spreadsheets_v5.7_041415_ProtectedLocked.xlsm,05c1346e3c422a9e48bf249cd2022b5ad12d2b987df71b383d247f2c83b0c74b,GMPEs Comparison,H20,"=DSF!$S30*IF(Main!$G$14<>0,'I14'!L14,0)"
NGAW2_GMPE_Spreadsheets_v5.7_041415_ProtectedLocked.xlsm,05c1346e3c422a9e48bf249cd2022b5ad12d2b987df71b383d247f2c83b0c74b,GMPEs Comparison,D21,"=DSF!$S31*IF(Main!$C$14<>0,'ASK14'!E15,0)"
NGAW2_GMPE_Spreadsheets_v5.7_041415_ProtectedLocked.xlsm,05c1346e3c422a9e48bf249cd2022b5ad12d2b987df71b383d247f2c83b0c74b,GMPEs Comparison,E21,"=DSF!$S31*IF(Main!$D$14<>0,BSSA14!S15,0)"
NGAW2_GMPE_Spreadsheets_v5.7_041415_ProtectedLocked.xlsm,05c1346e3c422a9e48bf249cd2022b5ad12d2b987df71b383d247f2c83b0c74b,GMPEs Comparison,F21,"=DSF!$S31*IF(Main!$E$14<>0,'CB14'!Y15,0)"
NGAW2_GMPE_Spreadsheets_v5.7_041415_ProtectedLocked.xlsm,05c1346e3c422a9e48bf249cd2022b5ad12d2b987df71b383d247f2c83b0c74b,GMPEs Comparison,G21,"=DSF!$S31*IF(Main!$F$14<>0,'CY14'!U15,0)"
NGAW2_GMPE_Spreadsheets_v5.7_041415_ProtectedLocked.xlsm,05c1346e3c422a9e48bf249cd2022b5ad12d2b987df71b383d247f2c83b0c74b,GMPEs Comparison,H21,"=DSF!$S31*IF(Main!$G$14<>0,'I14'!L15,0)"
NGAW2_GMPE_Spreadsheets_v5.7_041415_ProtectedLocked.xlsm,05c1346e3c422a9e48bf249cd2022b5ad12d2b987df71b383d247f2c83b0c74b,GMPEs Comparison,D22,"=DSF!$S32*IF(Main!$C$14<>0,'ASK14'!E16,0)"
NGAW2_GMPE_Spreadsheets_v5.7_041415_ProtectedLocked.xlsm,05c1346e3c422a9e48bf249cd2022b5ad12d2b987df71b383d247f2c83b0c74b,GMPEs Comparison,E22,"=DSF!$S32*IF(Main!$D$14<>0,BSSA14!S16,0)"
NGAW2_GMPE_Spreadsheets_v5.7_041415_ProtectedLocked.xlsm,05c1346e3c422a9e48bf249cd2022b5ad12d2b987df71b383d247f2c83b0c74b,GMPEs Comparison,F22,"=DSF!$S32*IF(Main!$E$14<>0,'CB14'!Y16,0)"
NGAW2_GMPE_Spreadsheets_v5.7_041415_ProtectedLocked.xlsm,05c1346e3c422a9e48bf249cd2022b5ad12d2b987df71b383d247f2c83b0c74b,GMPEs Comparison,G22,"=DSF!$S32*IF(Main!$F$14<>0,'CY14'!U16,0)"
NGAW2_GMPE_Spreadsheets_v5.7_041415_ProtectedLocked.xlsm,05c1346e3c422a9e48bf249cd2022b5ad12d2b987df71b383d247f2c83b0c74b,GMPEs Comparison,H22,"=DSF!$S32*IF(Main!$G$14<>0,'I14'!L16,0)"
NGAW2_GMPE_Spreadsheets_v5.7_041415_ProtectedLocked.xlsm,05c1346e3c422a9e48bf249cd2022b5ad12d2b987df71b383d247f2c83b0c74b,GMPEs Comparison,D23,"=DSF!$S33*IF(Main!$C$14<>0,'ASK14'!E17,0)"
NGAW2_GMPE_Spreadsheets_v5.7_041415_ProtectedLocked.xlsm,05c1346e3c422a9e48bf249cd2022b5ad12d2b987df71b383d247f2c83b0c74b,GMPEs Comparison,E23,"=DSF!$S33*IF(Main!$D$14<>0,BSSA14!S17,0)"
NGAW2_GMPE_Spreadsheets_v5.7_041415_ProtectedLocked.xlsm,05c1346e3c422a9e48bf249cd2022b5ad12d2b987df71b383d247f2c83b0c74b,GMPEs Comparison,F23,"=DSF!$S33*IF(Main!$E$14<>0,'CB14'!Y17,0)"
NGAW2_GMPE_Spreadsheets_v5.7_041415_ProtectedLocked.xlsm,05c1346e3c422a9e48bf249cd2022b5ad12d2b987df71b383d247f2c83b0c74b,GMPEs Comparison,G23,"=DSF!$S33*IF(Main!$F$14<>0,'CY14'!U17,0)"
NGAW2_GMPE_Spreadsheets_v5.7_041415_ProtectedLocked.xlsm,05c1346e3c422a9e48bf249cd2022b5ad12d2b987df71b383d247f2c83b0c74b,GMPEs Comparison,H23,"=DSF!$S33*IF(Main!$G$14<>0,'I14'!L17,0)"
NGAW2_GMPE_Spreadsheets_v5.7_041415_ProtectedLocked.xlsm,05c1346e3c422a9e48bf249cd2022b5ad12d2b987df71b383d247f2c83b0c74b,GMPEs Comparison,D24,"=DSF!$S34*IF(Main!$C$14<>0,'ASK14'!E18,0)"
NGAW2_GMPE_Spreadsheets_v5.7_041415_ProtectedLocked.xlsm,05c1346e3c422a9e48bf249cd2022b5ad12d2b987df71b383d247f2c83b0c74b,GMPEs Comparison,E24,"=DSF!$S34*IF(Main!$D$14<>0,BSSA14!S18,0)"
NGAW2_GMPE_Spreadsheets_v5.7_041415_ProtectedLocked.xlsm,05c1346e3c422a9e48bf249cd2022b5ad12d2b987df71b383d247f2c83b0c74b,GMPEs Comparison,F24,"=DSF!$S34*IF(Main!$E$14<>0,'CB14'!Y18,0)"
NGAW2_GMPE_Spreadsheets_v5.7_041415_ProtectedLocked.xlsm,05c1346e3c422a9e48bf249cd2022b5ad12d2b987df71b383d247f2c83b0c74b,GMPEs Comparison,G24,"=DSF!$S34*IF(Main!$F$14<>0,'CY14'!U18,0)"
NGAW2_GMPE_Spreadsheets_v5.7_041415_ProtectedLocked.xlsm,05c1346e3c422a9e48bf249cd2022b5ad12d2b987df71b383d247f2c83b0c74b,GMPEs Comparison,H24,"=DSF!$S34*IF(Main!$G$14<>0,'I14'!L18,0)"
NGAW2_GMPE_Spreadsheets_v5.7_041415_ProtectedLocked.xlsm,05c1346e3c422a9e48bf249cd2022b5ad12d2b987df71b383d247f2c83b0c74b,GMPEs Comparison,D25,"=DSF!$S35*IF(Main!$C$14<>0,'ASK14'!E19,0)"
NGAW2_GMPE_Spreadsheets_v5.7_041415_ProtectedLocked.xlsm,05c1346e3c422a9e48bf249cd2022b5ad12d2b987df71b383d247f2c83b0c74b,GMPEs Comparison,E25,"=DSF!$S35*IF(Main!$D$14<>0,BSSA14!S19,0)"
NGAW2_GMPE_Spreadsheets_v5.7_041415_ProtectedLocked.xlsm,05c1346e3c422a9e48bf249cd2022b5ad12d2b987df71b383d247f2c83b0c74b,GMPEs Comparison,F25,"=DSF!$S35*IF(Main!$E$14<>0,'CB14'!Y19,0)"
NGAW2_GMPE_Spreadsheets_v5.7_041415_ProtectedLocked.xlsm,05c1346e3c422a9e48bf249cd2022b5ad12d2b987df71b383d247f2c83b0c74b,GMPEs Comparison,G25,"=DSF!$S35*IF(Main!$F$14<>0,'CY14'!U19,0)"
NGAW2_GMPE_Spreadsheets_v5.7_041415_ProtectedLocked.xlsm,05c1346e3c422a9e48bf249cd2022b5ad12d2b987df71b383d247f2c83b0c74b,GMPEs Comparison,H25,"=DSF!$S35*IF(Main!$G$14<>0,'I14'!L19,0)"
NGAW2_GMPE_Spreadsheets_v5.7_041415_ProtectedLocked.xlsm,05c1346e3c422a9e48bf249cd2022b5ad12d2b987df71b383d247f2c83b0c74b,GMPEs Comparison,D26,"=DSF!$S36*IF(Main!$C$14<>0,'ASK14'!E20,0)"
NGAW2_GMPE_Spreadsheets_v5.7_041415_ProtectedLocked.xlsm,05c1346e3c422a9e48bf249cd2022b5ad12d2b987df71b383d247f2c83b0c74b,GMPEs Comparison,E26,"=DSF!$S36*IF(Main!$D$14<>0,BSSA14!S20,0)"
NGAW2_GMPE_Spreadsheets_v5.7_041415_ProtectedLocked.xlsm,05c1346e3c422a9e48bf249cd2022b5ad12d2b987df71b383d247f2c83b0c74b,GMPEs Comparison,F26,"=DSF!$S36*IF(Main!$E$14<>0,'CB14'!Y20,0)"
NGAW2_GMPE_Spreadsheets_v5.7_041415_ProtectedLocked.xlsm,05c1346e3c422a9e48bf249cd2022b5ad12d2b987df71b383d247f2c83b0c74b,GMPEs Comparison,G26,"=DSF!$S36*IF(Main!$F$14<>0,'CY14'!U20,0)"
NGAW2_GMPE_Spreadsheets_v5.7_041415_ProtectedLocked.xlsm,05c1346e3c422a9e48bf249cd2022b5ad12d2b987df71b383d247f2c83b0c74b,GMPEs Comparison,H26,"=DSF!$S36*IF(Main!$G$14<>0,'I14'!L20,0)"
NGAW2_GMPE_Spreadsheets_v5.7_041415_ProtectedLocked.xlsm,05c1346e3c422a9e48bf249cd2022b5ad12d2b987df71b383d247f2c83b0c74b,GMPEs Comparison,D27,"=DSF!$S37*IF(Main!$C$14<>0,'ASK14'!E21,0)"
NGAW2_GMPE_Spreadsheets_v5.7_041415_ProtectedLocked.xlsm,05c1346e3c422a9e48bf249cd2022b5ad12d2b987df71b383d247f2c83b0c74b,GMPEs Comparison,E27,"=DSF!$S37*IF(Main!$D$14<>0,BSSA14!S21,0)"
NGAW2_GMPE_Spreadsheets_v5.7_041415_ProtectedLocked.xlsm,05c1346e3c422a9e48bf249cd2022b5ad12d2b987df71b383d247f2c83b0c74b,GMPEs Comparison,F27,"=DSF!$S37*IF(Main!$E$14<>0,'CB14'!Y21,0)"
NGAW2_GMPE_Spreadsheets_v5.7_041415_ProtectedLocked.xlsm,05c1346e3c422a9e48bf249cd2022b5ad12d2b987df71b383d247f2c83b0c74b,GMPEs Comparison,G27,"=DSF!$S37*IF(Main!$F$14<>0,'CY14'!U21,0)"
NGAW2_GMPE_Spreadsheets_v5.7_041415_ProtectedLocked.xlsm,05c1346e3c422a9e48bf249cd2022b5ad12d2b987df71b383d247f2c83b0c74b,GMPEs Comparison,H27,"=DSF!$S37*IF(Main!$G$14<>0,'I14'!L21,0)"
NGAW2_GMPE_Spreadsheets_v5.7_041415_ProtectedLocked.xlsm,05c1346e3c422a9e48bf249cd2022b5ad12d2b987df71b383d247f2c83b0c74b,GMPEs Comparison,D28,"=DSF!$S38*IF(Main!$C$14<>0,'ASK14'!E22,0)"
NGAW2_GMPE_Spreadsheets_v5.7_041415_ProtectedLocked.xlsm,05c1346e3c422a9e48bf249cd2022b5ad12d2b987df71b383d247f2c83b0c74b,GMPEs Comparison,E28,"=DSF!$S38*IF(Main!$D$14<>0,BSSA14!S22,0)"
NGAW2_GMPE_Spreadsheets_v5.7_041415_ProtectedLocked.xlsm,05c1346e3c422a9e48bf249cd2022b5ad12d2b987df71b383d247f2c83b0c74b,GMPEs Comparison,F28,"=DSF!$S38*IF(Main!$E$14<>0,'CB14'!Y22,0)"
NGAW2_GMPE_Spreadsheets_v5.7_041415_ProtectedLocked.xlsm,05c1346e3c422a9e48bf249cd2022b5ad12d2b987df71b383d247f2c83b0c74b,GMPEs Comparison,G28,"=DSF!$S38*IF(Main!$F$14<>0,'CY14'!U22,0)"
NGAW2_GMPE_Spreadsheets_v5.7_041415_ProtectedLocked.xlsm,05c1346e3c422a9e48bf249cd2022b5ad12d2b987df71b383d247f2c83b0c74b,GMPEs Comparison,H28,"=DSF!$S38*IF(Main!$G$14<>0,'I14'!L22,0)"
NGAW2_GMPE_Spreadsheets_v5.7_041415_ProtectedLocked.xlsm,05c1346e3c422a9e48bf249cd2022b5ad12d2b987df71b383d247f2c83b0c74b,GMPEs Comparison,D29,"=DSF!$S39*IF(Main!$C$14<>0,'ASK14'!E23,0)"
NGAW2_GMPE_Spreadsheets_v5.7_041415_ProtectedLocked.xlsm,05c1346e3c422a9e48bf249cd2022b5ad12d2b987df71b383d247f2c83b0c74b,GMPEs Comparison,E29,"=DSF!$S39*IF(Main!$D$14<>0,BSSA14!S23,0)"
NGAW2_GMPE_Spreadsheets_v5.7_041415_ProtectedLocked.xlsm,05c1346e3c422a9e48bf249cd2022b5ad12d2b987df71b383d247f2c83b0c74b,GMPEs Comparison,F29,"=DSF!$S39*IF(Main!$E$14<>0,'CB14'!Y23,0)"
NGAW2_GMPE_Spreadsheets_v5.7_041415_ProtectedLocked.xlsm,05c1346e3c422a9e48bf249cd2022b5ad12d2b987df71b383d247f2c83b0c74b,GMPEs Comparison,G29,"=DSF!$S39*IF(Main!$F$14<>0,'CY14'!U23,0)"
NGAW2_GMPE_Spreadsheets_v5.7_041415_ProtectedLocked.xlsm,05c1346e3c422a9e48bf249cd2022b5ad12d2b987df71b383d247f2c83b0c74b,GMPEs Comparison,H29,"=DSF!$S39*IF(Main!$G$14<>0,'I14'!L23,0)"
NGAW2_GMPE_Spreadsheets_v5.7_041415_ProtectedLocked.xlsm,05c1346e3c422a9e48bf249cd2022b5ad12d2b987df71b383d247f2c83b0c74b,GMPEs Comparison,D30,"=DSF!$S40*IF(Main!$C$14<>0,'ASK14'!E24,0)"
NGAW2_GMPE_Spreadsheets_v5.7_041415_ProtectedLocked.xlsm,05c1346e3c422a9e48bf249cd2022b5ad12d2b987df71b383d247f2c83b0c74b,GMPEs Comparison,E30,"=DSF!$S40*IF(Main!$D$14<>0,BSSA14!S24,0)"
NGAW2_GMPE_Spreadsheets_v5.7_041415_ProtectedLocked.xlsm,05c1346e3c422a9e48bf249cd2022b5ad12d2b987df71b383d247f2c83b0c74b,GMPEs Comparison,F30,"=DSF!$S40*IF(Main!$E$14<>0,'CB14'!Y24,0)"
NGAW2_GMPE_Spreadsheets_v5.7_041415_ProtectedLocked.xlsm,05c1346e3c422a9e48bf249cd2022b5ad12d2b987df71b383d247f2c83b0c74b,GMPEs Comparison,G30,"=DSF!$S40*IF(Main!$F$14<>0,'CY14'!U24,0)"
NGAW2_GMPE_Spreadsheets_v5.7_041415_ProtectedLocked.xlsm,05c1346e3c422a9e48bf249cd2022b5ad12d2b987df71b383d247f2c83b0c74b,GMPEs Comparison,H30,"=DSF!$S40*IF(Main!$G$14<>0,'I14'!L24,0)"
NGAW2_GMPE_Spreadsheets_v5.7_041415_ProtectedLocked.xlsm,05c1346e3c422a9e48bf249cd2022b5ad12d2b987df71b383d247f2c83b0c74b,GMPEs Comparison,D31,"=DSF!$S41*IF(Main!$C$14<>0,'ASK14'!E25,0)"
NGAW2_GMPE_Spreadsheets_v5.7_041415_ProtectedLocked.xlsm,05c1346e3c422a9e48bf249cd2022b5ad12d2b987df71b383d247f2c83b0c74b,GMPEs Comparison,E31,"=DSF!$S41*IF(Main!$D$14<>0,BSSA14!S25,0)"
NGAW2_GMPE_Spreadsheets_v5.7_041415_ProtectedLocked.xlsm,05c1346e3c422a9e48bf249cd2022b5ad12d2b987df71b383d247f2c83b0c74b,GMPEs Comparison,F31,"=DSF!$S41*IF(Main!$E$14<>0,'CB14'!Y25,0)"
NGAW2_GMPE_Spreadsheets_v5.7_041415_ProtectedLocked.xlsm,05c1346e3c422a9e48bf249cd2022b5ad12d2b987df71b383d247f2c83b0c74b,GMPEs Comparison,G31,"=DSF!$S41*IF(Main!$F$14<>0,'CY14'!U25,0)"
NGAW2_GMPE_Spreadsheets_v5.7_041415_ProtectedLocked.xlsm,05c1346e3c422a9e48bf249cd2022b5ad12d2b987df71b383d247f2c83b0c74b,GMPEs Comparison,H31,"=DSF!$S41*IF(Main!$G$14<>0,'I14'!L25,0)"
NGAW2_GMPE_Spreadsheets_v5.7_041415_ProtectedLocked.xlsm,05c1346e3c422a9e48bf249cd2022b5ad12d2b987df71b383d247f2c83b0c74b,GMPEs Comparison,D32,"=DSF!$S42*IF(Main!$C$14<>0,'ASK14'!E26,0)"
NGAW2_GMPE_Spreadsheets_v5.7_041415_ProtectedLocked.xlsm,05c1346e3c422a9e48bf249cd2022b5ad12d2b987df71b383d247f2c83b0c74b,GMPEs Comparison,E32,"=DSF!$S42*IF(Main!$D$14<>0,BSSA14!S26,0)"
NGAW2_GMPE_Spreadsheets_v5.7_041415_ProtectedLocked.xlsm,05c1346e3c422a9e48bf249cd2022b5ad12d2b987df71b383d247f2c83b0c74b,GMPEs Comparison,F32,"=DSF!$S42*IF(Main!$E$14<>0,'CB14'!Y26,0)"
NGAW2_GMPE_Spreadsheets_v5.7_041415_ProtectedLocked.xlsm,05c1346e3c422a9e48bf249cd2022b5ad12d2b987df71b383d247f2c83b0c74b,GMPEs Comparison,G32,"=DSF!$S42*IF(Main!$F$14<>0,'CY14'!U26,0)"
NGAW2_GMPE_Spreadsheets_v5.7_041415_ProtectedLocked.xlsm,05c1346e3c422a9e48bf249cd2022b5ad12d2b987df71b383d247f2c83b0c74b,GMPEs Comparison,H32,"=DSF!$S42*IF(Main!$G$14<>0,'I14'!L26,0)"
NGAW2_GMPE_Spreadsheets_v5.7_041415_ProtectedLocked.xlsm,05c1346e3c422a9e48bf249cd2022b5ad12d2b987df71b383d247f2c83b0c74b,GMPEs Comparison,D34,"=DSF!$S22*IF(Main!$C$14<>0,'ASK14'!$E28,0)"
NGAW2_GMPE_Spreadsheets_v5.7_041415_ProtectedLocked.xlsm,05c1346e3c422a9e48bf249cd2022b5ad12d2b987df71b383d247f2c83b0c74b,GMPEs Comparison,E34,"=DSF!$S22*IF(Main!$D$14<>0,BSSA14!$S28,0)"
NGAW2_GMPE_Spreadsheets_v5.7_041415_ProtectedLocked.xlsm,05c1346e3c422a9e48bf249cd2022b5ad12d2b987df71b383d247f2c83b0c74b,GMPEs Comparison,F34,"=DSF!$S22*IF(Main!$E$14<>0,'CB14'!$Y28,0)"
NGAW2_GMPE_Spreadsheets_v5.7_041415_ProtectedLocked.xlsm,05c1346e3c422a9e48bf249cd2022b5ad12d2b987df71b383d247f2c83b0c74b,GMPEs Comparison,G34,"=DSF!$S22*IF(Main!$F$14<>0,'CY14'!$U28,0)"
NGAW2_GMPE_Spreadsheets_v5.7_041415_ProtectedLocked.xlsm,05c1346e3c422a9e48bf249cd2022b5ad12d2b987df71b383d247f2c83b0c74b,GMPEs Comparison,H34,"=DSF!$S22*IF(Main!$G$14<>0,'I14'!$L28,0)"
NGAW2_GMPE_Spreadsheets_v5.7_041415_ProtectedLocked.xlsm,05c1346e3c422a9e48bf249cd2022b5ad12d2b987df71b383d247f2c83b0c74b,GMPEs Comparison,D35,"=DSF!$S23*IF(Main!$C$14<>0,'ASK14'!$E29,0)"
NGAW2_GMPE_Spreadsheets_v5.7_041415_ProtectedLocked.xlsm,05c1346e3c422a9e48bf249cd2022b5ad12d2b987df71b383d247f2c83b0c74b,GMPEs Comparison,E35,"=DSF!$S23*IF(Main!$D$14<>0,BSSA14!$S29,0)"
NGAW2_GMPE_Spreadsheets_v5.7_041415_ProtectedLocked.xlsm,05c1346e3c422a9e48bf249cd2022b5ad12d2b987df71b383d247f2c83b0c74b,GMPEs Comparison,F35,"=DSF!$S23*IF(Main!$E$14<>0,'CB14'!$Y29,0)"
NGAW2_GMPE_Spreadsheets_v5.7_041415_ProtectedLocked.xlsm,05c1346e3c422a9e48bf249cd2022b5ad12d2b987df71b383d247f2c83b0c74b,GMPEs Comparison,G35,"=DSF!$S23*IF(Main!$F$14<>0,'CY14'!$U29,0)"
NGAW2_GMPE_Spreadsheets_v5.7_041415_ProtectedLocked.xlsm,05c1346e3c422a9e48bf249cd2022b5ad12d2b987df71b383d247f2c83b0c74b,GMPEs Comparison,H35,"=DSF!$S23*IF(Main!$G$14<>0,'I14'!$L29,0)"
NGAW2_GMPE_Spreadsheets_v5.7_041415_ProtectedLocked.xlsm,05c1346e3c422a9e48bf249cd2022b5ad12d2b987df71b383d247f2c83b0c74b,DSF,B16,=Main!$B$24
NGAW2_GMPE_Spreadsheets_v5.7_041415_ProtectedLocked.xlsm,05c1346e3c422a9e48bf249cd2022b5ad12d2b987df71b383d247f2c83b0c74b,DSF,B17,=Main!$B$27
NGAW2_GMPE_Spreadsheets_v5.7_041415_ProtectedLocked.xlsm,05c1346e3c422a9e48bf249cd2022b5ad12d2b987df71b383d247f2c83b0c74b,DSF,B18,=Main!$C$17
NGAW2_GMPE_Spreadsheets_v5.7_041415_ProtectedLocked.xlsm,05c1346e3c422a9e48bf249cd2022b5ad12d2b987df71b383d247f2c83b0c74b,DSF,O22,=B22+C22*LN($B$18)+D22*(LN($B$18)^2)
NGAW2_GMPE_Spreadsheets_v5.7_041415_ProtectedLocked.xlsm,05c1346e3c422a9e48bf249cd2022b5ad12d2b987df71b383d247f2c83b0c74b,DSF,P22,=(E22+F22*LN($B$18)+G22*(LN($B$18)^2))*$B$16
NGAW2_GMPE_Spreadsheets_v5.7_041415_ProtectedLocked.xlsm,05c1346e3c422a9e48bf249cd2022b5ad12d2b987df71b383d247f2c83b0c74b,DSF,Q22,=(H22+I22*LN($B$18)+J22*(LN($B$18)^2))*LN($B$17+1)
NGAW2_GMPE_Spreadsheets_v5.7_041415_ProtectedLocked.xlsm,05c1346e3c422a9e48bf249cd2022b5ad12d2b987df71b383d247f2c83b0c74b,DSF,R22,=O22+P22+Q22
NGAW2_GMPE_Spreadsheets_v5.7_041415_ProtectedLocked.xlsm,05c1346e3c422a9e48bf249cd2022b5ad12d2b987df71b383d247f2c83b0c74b,DSF,S22,"=ROUND(EXP(R22),3)"
NGAW2_GMPE_Spreadsheets_v5.7_041415_ProtectedLocked.xlsm,05c1346e3c422a9e48bf249cd2022b5ad12d2b987df71b383d247f2c83b0c74b,DSF,U22,"=(LN($B$18/5)*K22+(LN($B$18/5)^2)*L22)*IF($B$18<=5,1,0)"
NGAW2_GMPE_Spreadsheets_v5.7_041415_ProtectedLocked.xlsm,05c1346e3c422a9e48bf249cd2022b5ad12d2b987df71b383d247f2c83b0c74b,DSF,V22,"=-(LN($B$18/5)*K22+(LN($B$18/5)^2)*L22)*IF($B$18>5,1,0)"
NGAW2_GMPE_Spreadsheets_v5.7_041415_ProtectedLocked.xlsm,05c1346e3c422a9e48bf249cd2022b5ad12d2b987df71b383d247f2c83b0c74b,DSF,W22,=U22+V22
NGAW2_GMPE_Spreadsheets_v5.7_041415_ProtectedLocked.xlsm,05c1346e3c422a9e48bf249cd2022b5ad12d2b987df71b383d247f2c83b0c74b,DSF,O23,=B23+C23*LN($B$18)+D23*(LN($B$18)^2)
NGAW2_GMPE_Spreadsheets_v5.7_041415_ProtectedLocked.xlsm,05c1346e3c422a9e48bf249cd2022b5ad12d2b987df71b383d247f2c83b0c74b,DSF,P23,=(E23+F23*LN($B$18)+G23*(LN($B$18)^2))*$B$16
NGAW2_GMPE_Spreadsheets_v5.7_041415_ProtectedLocked.xlsm,05c1346e3c422a9e48bf249cd2022b5ad12d2b987df71b383d247f2c83b0c74b,DSF,Q23,=(H23+I23*LN($B$18)+J23*(LN($B$18)^2))*LN($B$17+1)
NGAW2_GMPE_Spreadsheets_v5.7_041415_ProtectedLocked.xlsm,05c1346e3c422a9e48bf249cd2022b5ad12d2b987df71b383d247f2c83b0c74b,DSF,R23,=O23+P23+Q23
NGAW2_GMPE_Spreadsheets_v5.7_041415_ProtectedLocked.xlsm,05c1346e3c422a9e48bf249cd2022b5ad12d2b987df71b383d247f2c83b0c74b,DSF,S23,"=ROUND(EXP(R23),3)"
NGAW2_GMPE_Spreadsheets_v5.7_041415_ProtectedLocked.xlsm,05c1346e3c422a9e48bf249cd2022b5ad12d2b987df71b383d247f2c83b0c74b,DSF,U23,"=(LN($B$18/5)*K23+(LN($B$18/5)^2)*L23)*IF($B$18<=5,1,0)"
NGAW2_GMPE_Spreadsheets_v5.7_041415_ProtectedLocked.xlsm,05c1346e3c422a9e48bf249cd2022b5ad12d2b987df71b383d247f2c83b0c74b,DSF,V23,"=-(LN($B$18/5)*K23+(LN($B$18/5)^2)*L23)*IF($B$18>5,1,0)"
NGAW2_GMPE_Spreadsheets_v5.7_041415_ProtectedLocked.xlsm,05c1346e3c422a9e48bf249cd2022b5ad12d2b987df71b383d247f2c83b0c74b,DSF,W23,=U23+V23
NGAW2_GMPE_Spreadsheets_v5.7_041415_ProtectedLocked.xlsm,05c1346e3c422a9e48bf249cd2022b5ad12d2b987df71b383d247f2c83b0c74b,DSF,O24,=B24+C24*LN($B$18)+D24*(LN($B$18)^2)
NGAW2_GMPE_Spreadsheets_v5.7_041415_ProtectedLocked.xlsm,05c1346e3c422a9e48bf249cd2022b5ad12d2b987df71b383d247f2c83b0c74b,DSF,P24,=(E24+F24*LN($B$18)+G24*(LN($B$18)^2))*$B$16
NGAW2_GMPE_Spreadsheets_v5.7_041415_ProtectedLocked.xlsm,05c1346e3c422a9e48bf249cd2022b5ad12d2b987df71b383d247f2c83b0c74b,DSF,Q24,=(H24+I24*LN($B$18)+J24*(LN($B$18)^2))*LN($B$17+1)
NGAW2_GMPE_Spreadsheets_v5.7_041415_ProtectedLocked.xlsm,05c1346e3c422a9e48bf249cd2022b5ad12d2b987df71b383d247f2c83b0c74b,DSF,R24,=O24+P24+Q24
NGAW2_GMPE_Spreadsheets_v5.7_041415_ProtectedLocked.xlsm,05c1346e3c422a9e48bf249cd2022b5ad12d2b987df71b383d247f2c83b0c74b,DSF,S24,"=ROUND(EXP(R24),3)"
NGAW2_GMPE_Spreadsheets_v5.7_041415_ProtectedLocked.xlsm,05c1346e3c422a9e48bf249cd2022b5ad12d2b987df71b383d247f2c83b0c74b,DSF,U24,"=(LN($B$18/5)*K24+(LN($B$18/5)^2)*L24)*IF($B$18<=5,1,0)"
NGAW2_GMPE_Spreadsheets_v5.7_041415_ProtectedLocked.xlsm,05c1346e3c422a9e48bf249cd2022b5ad12d2b987df71b383d247f2c83b0c74b,DSF,V24,"=-(LN($B$18/5)*K24+(LN($B$18/5)^2)*L24)*IF($B$18>5,1,0)"
NGAW2_GMPE_Spreadsheets_v5.7_041415_ProtectedLocked.xlsm,05c1346e3c422a9e48bf249cd2022b5ad12d2b987df71b383d247f2c83b0c74b,DSF,W24,=U24+V24
NGAW2_GMPE_Spreadsheets_v5.7_041415_ProtectedLocked.xlsm,05c1346e3c422a9e48bf249cd2022b5ad12d2b987df71b383d247f2c83b0c74b,DSF,O25,=B25+C25*LN($B$18)+D25*(LN($B$18)^2)
NGAW2_GMPE_Spreadsheets_v5.7_041415_ProtectedLocked.xlsm,05c1346e3c422a9e48bf249cd2022b5ad12d2b987df71b383d247f2c83b0c74b,DSF,P25,=(E25+F25*LN($B$18)+G25*(LN($B$18)^2))*$B$16
NGAW2_GMPE_Spreadsheets_v5.7_041415_ProtectedLocked.xlsm,05c1346e3c422a9e48bf249cd2022b5ad12d2b987df71b383d247f2c83b0c74b,DSF,Q25,=(H25+I25*LN($B$18)+J25*(LN($B$18)^2))*LN($B$17+1)
NGAW2_GMPE_Spreadsheets_v5.7_041415_ProtectedLocked.xlsm,05c1346e3c422a9e48bf249cd2022b5ad12d2b987df71b383d247f2c83b0c74b,DSF,R25,=O25+P25+Q25
NGAW2_GMPE_Spreadsheets_v5.7_041415_ProtectedLocked.xlsm,05c1346e3c422a9e48bf249cd2022b5ad12d2b987df71b383d247f2c83b0c74b,DSF,S25,"=ROUND(EXP(R25),3)"
NGAW2_GMPE_Spreadsheets_v5.7_041415_ProtectedLocked.xlsm,05c1346e3c422a9e48bf249cd2022b5ad12d2b987df71b383d247f2c83b0c74b,DSF,U25,"=(LN($B$18/5)*K25+(LN($B$18/5)^2)*L25)*IF($B$18<=5,1,0)"
NGAW2_GMPE_Spreadsheets_v5.7_041415_ProtectedLocked.xlsm,05c1346e3c422a9e48bf249cd2022b5ad12d2b987df71b383d247f2c83b0c74b,DSF,V25,"=-(LN($B$18/5)*K25+(LN($B$18/5)^2)*L25)*IF($B$18>5,1,0)"
NGAW2_GMPE_Spreadsheets_v5.7_041415_ProtectedLocked.xlsm,05c1346e3c422a9e48bf249cd2022b5ad12d2b987df71b383d247f2c83b0c74b,DSF,W25,=U25+V25
NGAW2_GMPE_Spreadsheets_v5.7_041415_ProtectedLocked.xlsm,05c1346e3c422a9e48bf249cd2022b5ad12d2b987df71b383d247f2c83b0c74b,DSF,O26,=B26+C26*LN($B$18)+D26*(LN($B$18)^2)
NGAW2_GMPE_Spreadsheets_v5.7_041415_ProtectedLocked.xlsm,05c1346e3c422a9e48bf249cd2022b5ad12d2b987df71b383d247f2c83b0c74b,DSF,P26,=(E26+F26*LN($B$18)+G26*(LN($B$18)^2))*$B$16
NGAW2_GMPE_Spreadsheets_v5.7_041415_ProtectedLocked.xlsm,05c1346e3c422a9e48bf249cd2022b5ad12d2b987df71b383d247f2c83b0c74b,DSF,Q26,=(H26+I26*LN($B$18)+J26*(LN($B$18)^2))*LN($B$17+1)
NGAW2_GMPE_Spreadsheets_v5.7_041415_ProtectedLocked.xlsm,05c1346e3c422a9e48bf249cd2022b5ad12d2b987df71b383d247f2c83b0c74b,DSF,R26,=O26+P26+Q26
NGAW2_GMPE_Spreadsheets_v5.7_041415_ProtectedLocked.xlsm,05c1346e3c422a9e48bf249cd2022b5ad12d2b987df71b383d247f2c83b0c74b,DSF,S26,"=ROUND(EXP(R26),3)"
NGAW2_GMPE_Spreadsheets_v5.7_041415_ProtectedLocked.xlsm,05c1346e3c422a9e48bf249cd2022b5ad12d2b987df71b383d247f2c83b0c74b,DSF,U26,"=(LN($B$18/5)*K26+(LN($B$18/5)^2)*L26)*IF($B$18<=5,1,0)"
NGAW2_GMPE_Spreadsheets_v5.7_041415_ProtectedLocked.xlsm,05c1346e3c422a9e48bf249cd2022b5ad12d2b987df71b383d247f2c83b0c74b,DSF,V26,"=-(LN($B$18/5)*K26+(LN($B$18/5)^2)*L26)*IF($B$18>5,1,0)"
NGAW2_GMPE_Spreadsheets_v5.7_041415_ProtectedLocked.xlsm,05c1346e3c422a9e48bf249cd2022b5ad12d2b987df71b383d247f2c83b0c74b,DSF,W26,=U26+V26
NGAW2_GMPE_Spreadsheets_v5.7_041415_ProtectedLocked.xlsm,05c1346e3c422a9e48bf249cd2022b5ad12d2b987df71b383d247f2c83b0c74b,DSF,O27,=B27+C27*LN($B$18)+D27*(LN($B$18)^2)
NGAW2_GMPE_Spreadsheets_v5.7_041415_ProtectedLocked.xlsm,05c1346e3c422a9e48bf249cd2022b5ad12d2b987df71b383d247f2c83b0c74b,DSF,P27,=(E27+F27*LN($B$18)+G27*(LN($B$18)^2))*$B$16
NGAW2_GMPE_Spreadsheets_v5.7_041415_ProtectedLocked.xlsm,05c1346e3c422a9e48bf249cd2022b5ad12d2b987df71b383d247f2c83b0c74b,DSF,Q27,=(H27+I27*LN($B$18)+J27*(LN($B$18)^2))*LN($B$17+1)
NGAW2_GMPE_Spreadsheets_v5.7_041415_ProtectedLocked.xlsm,05c1346e3c422a9e48bf249cd2022b5ad12d2b987df71b383d247f2c83b0c74b,DSF,R27,=O27+P27+Q27
NGAW2_GMPE_Spreadsheets_v5.7_041415_ProtectedLocked.xlsm,05c1346e3c422a9e48bf249cd2022b5ad12d2b987df71b383d247f2c83b0c74b,DSF,S27,"=ROUND(EXP(R27),3)"
NGAW2_GMPE_Spreadsheets_v5.7_041415_ProtectedLocked.xlsm,05c1346e3c422a9e48bf249cd2022b5ad12d2b987df71b383d247f2c83b0c74b,DSF,U27,"=(LN($B$18/5)*K27+(LN($B$18/5)^2)*L27)*IF($B$18<=5,1,0)"
NGAW2_GMPE_Spreadsheets_v5.7_041415_ProtectedLocked.xlsm,05c1346e3c422a9e48bf249cd2022b5ad12d2b987df71b383d247f2c83b0c74b,DSF,V27,"=-(LN($B$18/5)*K27+(LN($B$18/5)^2)*L27)*IF($B$18>5,1,0)"
NGAW2_GMPE_Spreadsheets_v5.7_041415_ProtectedLocked.xlsm,05c1346e3c422a9e48bf249cd2022b5ad12d2b987df71b383d247f2c83b0c74b,DSF,W27,=U27+V27
NGAW2_GMPE_Spreadsheets_v5.7_041415_ProtectedLocked.xlsm,05c1346e3c422a9e48bf249cd2022b5ad12d2b987df71b383d247f2c83b0c74b,DSF,O28,=B28+C28*LN($B$18)+D28*(LN($B$18)^2)
NGAW2_GMPE_Spreadsheets_v5.7_041415_ProtectedLocked.xlsm,05c1346e3c422a9e48bf249cd2022b5ad12d2b987df71b383d247f2c83b0c74b,DSF,P28,=(E28+F28*LN($B$18)+G28*(LN($B$18)^2))*$B$16
NGAW2_GMPE_Spreadsheets_v5.7_041415_ProtectedLocked.xlsm,05c1346e3c422a9e48bf249cd2022b5ad12d2b987df71b383d247f2c83b0c74b,DSF,Q28,=(H28+I28*LN($B$18)+J28*(LN($B$18)^2))*LN($B$17+1)
NGAW2_GMPE_Spreadsheets_v5.7_041415_ProtectedLocked.xlsm,05c1346e3c422a9e48bf249cd2022b5ad12d2b987df71b383d247f2c83b0c74b,DSF,R28,=O28+P28+Q28
NGAW2_GMPE_Spreadsheets_v5.7_041415_ProtectedLocked.xlsm,05c1346e3c422a9e48bf249cd2022b5ad12d2b987df71b383d247f2c83b0c74b,DSF,S28,"=ROUND(EXP(R28),3)"
NGAW2_GMPE_Spreadsheets_v5.7_041415_ProtectedLocked.xlsm,05c1346e3c422a9e48bf249cd2022b5ad12d2b987df71b383d247f2c83b0c74b,DSF,U28,"=(LN($B$18/5)*K28+(LN($B$18/5)^2)*L28)*IF($B$18<=5,1,0)"
NGAW2_GMPE_Spreadsheets_v5.7_041415_ProtectedLocked.xlsm,05c1346e3c422a9e48bf249cd2022b5ad12d2b987df71b383d247f2c83b0c74b,DSF,V28,"=-(LN($B$18/5)*K28+(LN($B$18/5)^2)*L28)*IF($B$18>5,1,0)"
NGAW2_GMPE_Spreadsheets_v5.7_041415_ProtectedLocked.xlsm,05c1346e3c422a9e48bf249cd2022b5ad12d2b987df71b383d247f2c83b0c74b,DSF,W28,=U28+V28
NGAW2_GMPE_Spreadsheets_v5.7_041415_ProtectedLocked.xlsm,05c1346e3c422a9e48bf249cd2022b5ad12d2b987df71b383d247f2c83b0c74b,DSF,O29,=B29+C29*LN($B$18)+D29*(LN($B$18)^2)
NGAW2_GMPE_Spreadsheets_v5.7_041415_ProtectedLocked.xlsm,05c1346e3c422a9e48bf249cd2022b5ad12d2b987df71b383d247f2c83b0c74b,DSF,P29,=(E29+F29*LN($B$18)+G29*(LN($B$18)^2))*$B$16
NGAW2_GMPE_Spreadsheets_v5.7_041415_ProtectedLocked.xlsm,05c1346e3c422a9e48bf249cd2022b5ad12d2b987df71b383d247f2c83b0c74b,DSF,Q29,=(H29+I29*LN($B$18)+J29*(LN($B$18)^2))*LN($B$17+1)
NGAW2_GMPE_Spreadsheets_v5.7_041415_ProtectedLocked.xlsm,05c1346e3c422a9e48bf249cd2022b5ad12d2b987df71b383d247f2c83b0c74b,DSF,R29,=O29+P29+Q29
NGAW2_GMPE_Spreadsheets_v5.7_041415_ProtectedLocked.xlsm,05c1346e3c422a9e48bf249cd2022b5ad12d2b987df71b383d247f2c83b0c74b,DSF,S29,"=ROUND(EXP(R29),3)"
NGAW2_GMPE_Spreadsheets_v5.7_041415_ProtectedLocked.xlsm,05c1346e3c422a9e48bf249cd2022b5ad12d2b987df71b383d247f2c83b0c74b,DSF,U29,"=(LN($B$18/5)*K29+(LN($B$18/5)^2)*L29)*IF($B$18<=5,1,0)"
NGAW2_GMPE_Spreadsheets_v5.7_041415_ProtectedLocked.xlsm,05c1346e3c422a9e48bf249cd2022b5ad12d2b987df71b383d247f2c83b0c74b,DSF,V29,"=-(LN($B$18/5)*K29+(LN($B$18/5)^2)*L29)*IF($B$18>5,1,0)"
NGAW2_GMPE_Spreadsheets_v5.7_041415_ProtectedLocked.xlsm,05c1346e3c422a9e48bf249cd2022b5ad12d2b987df71b383d247f2c83b0c74b,DSF,W29,=U29+V29
NGAW2_GMPE_Spreadsheets_v5.7_041415_ProtectedLocked.xlsm,05c1346e3c422a9e48bf249cd2022b5ad12d2b987df71b383d247f2c83b0c74b,DSF,O30,=B30+C30*LN($B$18)+D30*(LN($B$18)^2)
NGAW2_GMPE_Spreadsheets_v5.7_041415_ProtectedLocked.xlsm,05c1346e3c422a9e48bf249cd2022b5ad12d2b987df71b383d247f2c83b0c74b,DSF,P30,=(E30+F30*LN($B$18)+G30*(LN($B$18)^2))*$B$16
NGAW2_GMPE_Spreadsheets_v5.7_041415_ProtectedLocked.xlsm,05c1346e3c422a9e48bf249cd2022b5ad12d2b987df71b383d247f2c83b0c74b,DSF,Q30,=(H30+I30*LN($B$18)+J30*(LN($B$18)^2))*LN($B$17+1)
NGAW2_GMPE_Spreadsheets_v5.7_041415_ProtectedLocked.xlsm,05c1346e3c422a9e48bf249cd2022b5ad12d2b987df71b383d247f2c83b0c74b,DSF,R30,=O30+P30+Q30
NGAW2_GMPE_Spreadsheets_v5.7_041415_ProtectedLocked.xlsm,05c1346e3c422a9e48bf249cd2022b5ad12d2b987df71b383d247f2c83b0c74b,DSF,S30,"=ROUND(EXP(R30),3)"
NGAW2_GMPE_Spreadsheets_v5.7_041415_ProtectedLocked.xlsm,05c1346e3c422a9e48bf249cd2022b5ad12d2b987df71b383d247f2c83b0c74b,DSF,U30,"=(LN($B$18/5)*K30+(LN($B$18/5)^2)*L30)*IF($B$18<=5,1,0)"
NGAW2_GMPE_Spreadsheets_v5.7_041415_ProtectedLocked.xlsm,05c1346e3c422a9e48bf249cd2022b5ad12d2b987df71b383d247f2c83b0c74b,DSF,V30,"=-(LN($B$18/5)*K30+(LN($B$18/5)^2)*L30)*IF($B$18>5,1,0)"
NGAW2_GMPE_Spreadsheets_v5.7_041415_ProtectedLocked.xlsm,05c1346e3c422a9e48bf249cd2022b5ad12d2b987df71b383d247f2c83b0c74b,DSF,W30,=U30+V30
NGAW2_GMPE_Spreadsheets_v5.7_041415_ProtectedLocked.xlsm,05c1346e3c422a9e48bf249cd2022b5ad12d2b987df71b383d247f2c83b0c74b,DSF,O31,=B31+C31*LN($B$18)+D31*(LN($B$18)^2)
NGAW2_GMPE_Spreadsheets_v5.7_041415_ProtectedLocked.xlsm,05c1346e3c422a9e48bf249cd2022b5ad12d2b987df71b383d247f2c83b0c74b,DSF,P31,=(E31+F31*LN($B$18)+G31*(LN($B$18)^2))*$B$16
NGAW2_GMPE_Spreadsheets_v5.7_041415_ProtectedLocked.xlsm,05c1346e3c422a9e48bf249cd2022b5ad12d2b987df71b383d247f2c83b0c74b,DSF,Q31,=(H31+I31*LN($B$18)+J31*(LN($B$18)^2))*LN($B$17+1)
NGAW2_GMPE_Spreadsheets_v5.7_041415_ProtectedLocked.xlsm,05c1346e3c422a9e48bf249cd2022b5ad12d2b987df71b383d247f2c83b0c74b,DSF,R31,=O31+P31+Q31
NGAW2_GMPE_Spreadsheets_v5.7_041415_ProtectedLocked.xlsm,05c1346e3c422a9e48bf249cd2022b5ad12d2b987df71b383d247f2c83b0c74b,DSF,S31,"=ROUND(EXP(R31),3)"
NGAW2_GMPE_Spreadsheets_v5.7_041415_ProtectedLocked.xlsm,05c1346e3c422a9e48bf249cd2022b5ad12d2b987df71b383d247f2c83b0c74b,DSF,U31,"=(LN($B$18/5)*K31+(LN($B$18/5)^2)*L31)*IF($B$18<=5,1,0)"
NGAW2_GMPE_Spreadsheets_v5.7_041415_ProtectedLocked.xlsm,05c1346e3c422a9e48bf249cd2022b5ad12d2b987df71b383d247f2c83b0c74b,DSF,V31,"=-(LN($B$18/5)*K31+(LN($B$18/5)^2)*L31)*IF($B$18>5,1,0)"
NGAW2_GMPE_Spreadsheets_v5.7_041415_ProtectedLocked.xlsm,05c1346e3c422a9e48bf249cd2022b5ad12d2b987df71b383d247f2c83b0c74b,DSF,W31,=U31+V31
NGAW2_GMPE_Spreadsheets_v5.7_041415_ProtectedLocked.xlsm,05c1346e3c422a9e48bf249cd2022b5ad12d2b987df71b383d247f2c83b0c74b,DSF,O32,=B32+C32*LN($B$18)+D32*(LN($B$18)^2)
NGAW2_GMPE_Spreadsheets_v5.7_041415_ProtectedLocked.xlsm,05c1346e3c422a9e48bf249cd2022b5ad12d2b987df71b383d247f2c83b0c74b,DSF,P32,=(E32+F32*LN($B$18)+G32*(LN($B$18)^2))*$B$16
NGAW2_GMPE_Spreadsheets_v5.7_041415_ProtectedLocked.xlsm,05c1346e3c422a9e48bf249cd2022b5ad12d2b987df71b383d247f2c83b0c74b,DSF,Q32,=(H32+I32*LN($B$18)+J32*(LN($B$18)^2))*LN($B$17+1)
NGAW2_GMPE_Spreadsheets_v5.7_041415_ProtectedLocked.xlsm,05c1346e3c422a9e48bf249cd2022b5ad12d2b987df71b383d247f2c83b0c74b,DSF,R32,=O32+P32+Q32
NGAW2_GMPE_Spreadsheets_v5.7_041415_ProtectedLocked.xlsm,05c1346e3c422a9e48bf249cd2022b5ad12d2b987df71b383d247f2c83b0c74b,DSF,S32,"=ROUND(EXP(R32),3)"
NGAW2_GMPE_Spreadsheets_v5.7_041415_ProtectedLocked.xlsm,05c1346e3c422a9e48bf249cd2022b5ad12d2b987df71b383d247f2c83b0c74b,DSF,U32,"=(LN($B$18/5)*K32+(LN($B$18/5)^2)*L32)*IF($B$18<=5,1,0)"
NGAW2_GMPE_Spreadsheets_v5.7_041415_ProtectedLocked.xlsm,05c1346e3c422a9e48bf249cd2022b5ad12d2b987df71b383d247f2c83b0c74b,DSF,V32,"=-(LN($B$18/5)*K32+(LN($B$18/5)^2)*L32)*IF($B$18>5,1,0)"
NGAW2_GMPE_Spreadsheets_v5.7_041415_ProtectedLocked.xlsm,05c1346e3c422a9e48bf249cd2022b5ad12d2b987df71b383d247f2c83b0c74b,DSF,W32,=U32+V32
NGAW2_GMPE_Spreadsheets_v5.7_041415_ProtectedLocked.xlsm,05c1346e3c422a9e48bf249cd2022b5ad12d2b987df71b383d247f2c83b0c74b,DSF,O33,=B33+C33*LN($B$18)+D33*(LN($B$18)^2)
NGAW2_GMPE_Spreadsheets_v5.7_041415_ProtectedLocked.xlsm,05c1346e3c422a9e48bf249cd2022b5ad12d2b987df71b383d247f2c83b0c74b,DSF,P33,=(E33+F33*LN($B$18)+G33*(LN($B$18)^2))*$B$16
NGAW2_GMPE_Spreadsheets_v5.7_041415_ProtectedLocked.xlsm,05c1346e3c422a9e48bf249cd2022b5ad12d2b987df71b383d247f2c83b0c74b,DSF,Q33,=(H33+I33*LN($B$18)+J33*(LN($B$18)^2))*LN($B$17+1)
NGAW2_GMPE_Spreadsheets_v5.7_041415_ProtectedLocked.xlsm,05c1346e3c422a9e48bf249cd2022b5ad12d2b987df71b383d247f2c83b0c74b,DSF,R33,=O33+P33+Q33
NGAW2_GMPE_Spreadsheets_v5.7_041415_ProtectedLocked.xlsm,05c1346e3c422a9e48bf249cd2022b5ad12d2b987df71b383d247f2c83b0c74b,DSF,S33,"=ROUND(EXP(R33),3)"
NGAW2_GMPE_Spreadsheets_v5.7_041415_ProtectedLocked.xlsm,05c1346e3c422a9e48bf249cd2022b5ad12d2b987df71b383d247f2c83b0c74b,DSF,U33,"=(LN($B$18/5)*K33+(LN($B$18/5)^2)*L33)*IF($B$18<=5,1,0)"
NGAW2_GMPE_Spreadsheets_v5.7_041415_ProtectedLocked.xlsm,05c1346e3c422a9e48bf249cd2022b5ad12d2b987df71b383d247f2c83b0c74b,DSF,V33,"=-(LN($B$18/5)*K33+(LN($B$18/5)^2)*L33)*IF($B$18>5,1,0)"
NGAW2_GMPE_Spreadsheets_v5.7_041415_ProtectedLocked.xlsm,05c1346e3c422a9e48bf249cd2022b5ad12d2b987df71b383d247f2c83b0c74b,DSF,W33,=U33+V33
NGAW2_GMPE_Spreadsheets_v5.7_041415_ProtectedLocked.xlsm,05c1346e3c422a9e48bf249cd2022b5ad12d2b987df71b383d247f2c83b0c74b,DSF,O34,=B34+C34*LN($B$18)+D34*(LN($B$18)^2)
NGAW2_GMPE_Spreadsheets_v5.7_041415_ProtectedLocked.xlsm,05c1346e3c422a9e48bf249cd2022b5ad12d2b987df71b383d247f2c83b0c74b,DSF,P34,=(E34+F34*LN($B$18)+G34*(LN($B$18)^2))*$B$16
NGAW2_GMPE_Spreadsheets_v5.7_041415_ProtectedLocked.xlsm,05c1346e3c422a9e48bf249cd2022b5ad12d2b987df71b383d247f2c83b0c74b,DSF,Q34,=(H34+I34*LN($B$18)+J34*(LN($B$18)^2))*LN($B$17+1)
NGAW2_GMPE_Spreadsheets_v5.7_041415_ProtectedLocked.xlsm,05c1346e3c422a9e48bf249cd2022b5ad12d2b987df71b383d247f2c83b0c74b,DSF,R34,=O34+P34+Q34
NGAW2_GMPE_Spreadsheets_v5.7_041415_ProtectedLocked.xlsm,05c1346e3c422a9e48bf249cd2022b5ad12d2b987df71b383d247f2c83b0c74b,DSF,S34,"=ROUND(EXP(R34),3)"
NGAW2_GMPE_Spreadsheets_v5.7_041415_ProtectedLocked.xlsm,05c1346e3c422a9e48bf249cd2022b5ad12d2b987df71b383d247f2c83b0c74b,DSF,U34,"=(LN($B$18/5)*K34+(LN($B$18/5)^2)*L34)*IF($B$18<=5,1,0)"
NGAW2_GMPE_Spreadsheets_v5.7_041415_ProtectedLocked.xlsm,05c1346e3c422a9e48bf249cd2022b5ad12d2b987df71b383d247f2c83b0c74b,DSF,V34,"=-(LN($B$18/5)*K34+(LN($B$18/5)^2)*L34)*IF($B$18>5,1,0)"
NGAW2_GMPE_Spreadsheets_v5.7_041415_ProtectedLocked.xlsm,05c1346e3c422a9e48bf249cd2022b5ad12d2b987df71b383d247f2c83b0c74b,DSF,W34,=U34+V34
NGAW2_GMPE_Spreadsheets_v5.7_041415_ProtectedLocked.xlsm,05c1346e3c422a9e48bf249cd2022b5ad12d2b987df71b383d247f2c83b0c74b,DSF,O35,=B35+C35*LN($B$18)+D35*(LN($B$18)^2)
NGAW2_GMPE_Spreadsheets_v5.7_041415_ProtectedLocked.xlsm,05c1346e3c422a9e48bf249cd2022b5ad12d2b987df71b383d247f2c83b0c74b,DSF,P35,=(E35+F35*LN($B$18)+G35*(LN($B$18)^2))*$B$16
NGAW2_GMPE_Spreadsheets_v5.7_041415_ProtectedLocked.xlsm,05c1346e3c422a9e48bf249cd2022b5ad12d2b987df71b383d247f2c83b0c74b,DSF,Q35,=(H35+I35*LN($B$18)+J35*(LN($B$18)^2))*LN($B$17+1)
NGAW2_GMPE_Spreadsheets_v5.7_041415_ProtectedLocked.xlsm,05c1346e3c422a9e48bf249cd2022b5ad12d2b987df71b383d247f2c83b0c74b,DSF,R35,=O35+P35+Q35
NGAW2_GMPE_Spreadsheets_v5.7_041415_ProtectedLocked.xlsm,05c1346e3c422a9e48bf249cd2022b5ad12d2b987df71b383d247f2c83b0c74b,DSF,S35,"=ROUND(EXP(R35),3)"
NGAW2_GMPE_Spreadsheets_v5.7_041415_ProtectedLocked.xlsm,05c1346e3c422a9e48bf249cd2022b5ad12d2b987df71b383d247f2c83b0c74b,DSF,U35,"=(LN($B$18/5)*K35+(LN($B$18/5)^2)*L35)*IF($B$18<=5,1,0)"
NGAW2_GMPE_Spreadsheets_v5.7_041415_ProtectedLocked.xlsm,05c1346e3c422a9e48bf249cd2022b5ad12d2b987df71b383d247f2c83b0c74b,DSF,V35,"=-(LN($B$18/5)*K35+(LN($B$18/5)^2)*L35)*IF($B$18>5,1,0)"
NGAW2_GMPE_Spreadsheets_v5.7_041415_ProtectedLocked.xlsm,05c1346e3c422a9e48bf249cd2022b5ad12d2b987df71b383d247f2c83b0c74b,DSF,W35,=U35+V35
NGAW2_GMPE_Spreadsheets_v5.7_041415_ProtectedLocked.xlsm,05c1346e3c422a9e48bf249cd2022b5ad12d2b987df71b383d247f2c83b0c74b,DSF,O36,=B36+C36*LN($B$18)+D36*(LN($B$18)^2)
NGAW2_GMPE_Spreadsheets_v5.7_041415_ProtectedLocked.xlsm,05c1346e3c422a9e48bf249cd2022b5ad12d2b987df71b383d247f2c83b0c74b,DSF,P36,=(E36+F36*LN($B$18)+G36*(LN($B$18)^2))*$B$16
NGAW2_GMPE_Spreadsheets_v5.7_041415_ProtectedLocked.xlsm,05c1346e3c422a9e48bf249cd2022b5ad12d2b987df71b383d247f2c83b0c74b,DSF,Q36,=(H36+I36*LN($B$18)+J36*(LN($B$18)^2))*LN($B$17+1)
NGAW2_GMPE_Spreadsheets_v5.7_041415_ProtectedLocked.xlsm,05c1346e3c422a9e48bf249cd2022b5ad12d2b987df71b383d247f2c83b0c74b,DSF,R36,=O36+P36+Q36
NGAW2_GMPE_Spreadsheets_v5.7_041415_ProtectedLocked.xlsm,05c1346e3c422a9e48bf249cd2022b5ad12d2b987df71b383d247f2c83b0c74b,DSF,S36,"=ROUND(EXP(R36),3)"
NGAW2_GMPE_Spreadsheets_v5.7_041415_ProtectedLocked.xlsm,05c1346e3c422a9e48bf249cd2022b5ad12d2b987df71b383d247f2c83b0c74b,DSF,U36,"=(LN($B$18/5)*K36+(LN($B$18/5)^2)*L36)*IF($B$18<=5,1,0)"
NGAW2_GMPE_Spreadsheets_v5.7_041415_ProtectedLocked.xlsm,05c1346e3c422a9e48bf249cd2022b5ad12d2b987df71b383d247f2c83b0c74b,DSF,V36,"=-(LN($B$18/5)*K36+(LN($B$18/5)^2)*L36)*IF($B$18>5,1,0)"
NGAW2_GMPE_Spreadsheets_v5.7_041415_ProtectedLocked.xlsm,05c1346e3c422a9e48bf249cd2022b5ad12d2b987df71b383d247f2c83b0c74b,DSF,W36,=U36+V36
NGAW2_GMPE_Spreadsheets_v5.7_041415_ProtectedLocked.xlsm,05c1346e3c422a9e48bf249cd2022b5ad12d2b987df71b383d247f2c83b0c74b,DSF,O37,=B37+C37*LN($B$18)+D37*(LN($B$18)^2)
NGAW2_GMPE_Spreadsheets_v5.7_041415_ProtectedLocked.xlsm,05c1346e3c422a9e48bf249cd2022b5ad12d2b987df71b383d247f2c83b0c74b,DSF,P37,=(E37+F37*LN($B$18)+G37*(LN($B$18)^2))*$B$16
NGAW2_GMPE_Spreadsheets_v5.7_041415_ProtectedLocked.xlsm,05c1346e3c422a9e48bf249cd2022b5ad12d2b987df71b383d247f2c83b0c74b,DSF,Q37,=(H37+I37*LN($B$18)+J37*(LN($B$18)^2))*LN($B$17+1)
NGAW2_GMPE_Spreadsheets_v5.7_041415_ProtectedLocked.xlsm,05c1346e3c422a9e48bf249cd2022b5ad12d2b987df71b383d247f2c83b0c74b,DSF,R37,=O37+P37+Q37
NGAW2_GMPE_Spreadsheets_v5.7_041415_ProtectedLocked.xlsm,05c1346e3c422a9e48bf249cd2022b5ad12d2b987df71b383d247f2c83b0c74b,DSF,S37,"=ROUND(EXP(R37),3)"
NGAW2_GMPE_Spreadsheets_v5.7_041415_ProtectedLocked.xlsm,05c1346e3c422a9e48bf249cd2022b5ad12d2b987df71b383d247f2c83b0c74b,DSF,U37,"=(LN($B$18/5)*K37+(LN($B$18/5)^2)*L37)*IF($B$18<=5,1,0)"
NGAW2_GMPE_Spreadsheets_v5.7_041415_ProtectedLocked.xlsm,05c1346e3c422a9e48bf249cd2022b5ad12d2b987df71b383d247f2c83b0c74b,DSF,V37,"=-(LN($B$18/5)*K37+(LN($B$18/5)^2)*L37)*IF($B$18>5,1,0)"
NGAW2_GMPE_Spreadsheets_v5.7_041415_ProtectedLocked.xlsm,05c1346e3c422a9e48bf249cd2022b5ad12d2b987df71b383d247f2c83b0c74b,DSF,W37,=U37+V37
NGAW2_GMPE_Spreadsheets_v5.7_041415_ProtectedLocked.xlsm,05c1346e3c422a9e48bf249cd2022b5ad12d2b987df71b383d247f2c83b0c74b,DSF,O38,=B38+C38*LN($B$18)+D38*(LN($B$18)^2)
NGAW2_GMPE_Spreadsheets_v5.7_041415_ProtectedLocked.xlsm,05c1346e3c422a9e48bf249cd2022b5ad12d2b987df71b383d247f2c83b0c74b,DSF,P38,=(E38+F38*LN($B$18)+G38*(LN($B$18)^2))*$B$16
NGAW2_GMPE_Spreadsheets_v5.7_041415_ProtectedLocked.xlsm,05c1346e3c422a9e48bf249cd2022b5ad12d2b987df71b383d247f2c83b0c74b,DSF,Q38,=(H38+I38*LN($B$18)+J38*(LN($B$18)^2))*LN($B$17+1)
NGAW2_GMPE_Spreadsheets_v5.7_041415_ProtectedLocked.xlsm,05c1346e3c422a9e48bf249cd2022b5ad12d2b987df71b383d247f2c83b0c74b,DSF,R38,=O38+P38+Q38
NGAW2_GMPE_Spreadsheets_v5.7_041415_ProtectedLocked.xlsm,05c1346e3c422a9e48bf249cd2022b5ad12d2b987df71b383d247f2c83b0c74b,DSF,S38,"=ROUND(EXP(R38),3)"
NGAW2_GMPE_Spreadsheets_v5.7_041415_ProtectedLocked.xlsm,05c1346e3c422a9e48bf249cd2022b5ad12d2b987df71b383d247f2c83b0c74b,DSF,U38,"=(LN($B$18/5)*K38+(LN($B$18/5)^2)*L38)*IF($B$18<=5,1,0)"
NGAW2_GMPE_Spreadsheets_v5.7_041415_ProtectedLocked.xlsm,05c1346e3c422a9e48bf249cd2022b5ad12d2b987df71b383d247f2c83b0c74b,DSF,V38,"=-(LN($B$18/5)*K38+(LN($B$18/5)^2)*L38)*IF($B$18>5,1,0)"
NGAW2_GMPE_Spreadsheets_v5.7_041415_ProtectedLocked.xlsm,05c1346e3c422a9e48bf249cd2022b5ad12d2b987df71b383d247f2c83b0c74b,DSF,W38,=U38+V38
NGAW2_GMPE_Spreadsheets_v5.7_041415_ProtectedLocked.xlsm,05c1346e3c422a9e48bf249cd2022b5ad12d2b987df71b383d247f2c83b0c74b,DSF,O39,=B39+C39*LN($B$18)+D39*(LN($B$18)^2)
NGAW2_GMPE_Spreadsheets_v5.7_041415_ProtectedLocked.xlsm,05c1346e3c422a9e48bf249cd2022b5ad12d2b987df71b383d247f2c83b0c74b,DSF,P39,=(E39+F39*LN($B$18)+G39*(LN($B$18)^2))*$B$16
NGAW2_GMPE_Spreadsheets_v5.7_041415_ProtectedLocked.xlsm,05c1346e3c422a9e48bf249cd2022b5ad12d2b987df71b383d247f2c83b0c74b,DSF,Q39,=(H39+I39*LN($B$18)+J39*(LN($B$18)^2))*LN($B$17+1)
NGAW2_GMPE_Spreadsheets_v5.7_041415_ProtectedLocked.xlsm,05c1346e3c422a9e48bf249cd2022b5ad12d2b987df71b383d247f2c83b0c74b,DSF,R39,=O39+P39+Q39
NGAW2_GMPE_Spreadsheets_v5.7_041415_ProtectedLocked.xlsm,05c1346e3c422a9e48bf249cd2022b5ad12d2b987df71b383d247f2c83b0c74b,DSF,S39,"=ROUND(EXP(R39),3)"
NGAW2_GMPE_Spreadsheets_v5.7_041415_ProtectedLocked.xlsm,05c1346e3c422a9e48bf249cd2022b5ad12d2b987df71b383d247f2c83b0c74b,DSF,U39,"=(LN($B$18/5)*K39+(LN($B$18/5)^2)*L39)*IF($B$18<=5,1,0)"
NGAW2_GMPE_Spreadsheets_v5.7_041415_ProtectedLocked.xlsm,05c1346e3c422a9e48bf249cd2022b5ad12d2b987df71b383d247f2c83b0c74b,DSF,V39,"=-(LN($B$18/5)*K39+(LN($B$18/5)^2)*L39)*IF($B$18>5,1,0)"
NGAW2_GMPE_Spreadsheets_v5.7_041415_ProtectedLocked.xlsm,05c1346e3c422a9e48bf249cd2022b5ad12d2b987df71b383d247f2c83b0c74b,DSF,W39,=U39+V39
NGAW2_GMPE_Spreadsheets_v5.7_041415_ProtectedLocked.xlsm,05c1346e3c422a9e48bf249cd2022b5ad12d2b987df71b383d247f2c83b0c74b,DSF,O40,=B40+C40*LN($B$18)+D40*(LN($B$18)^2)
NGAW2_GMPE_Spreadsheets_v5.7_041415_ProtectedLocked.xlsm,05c1346e3c422a9e48bf249cd2022b5ad12d2b987df71b383d247f2c83b0c74b,DSF,P40,=(E40+F40*LN($B$18)+G40*(LN($B$18)^2))*$B$16
NGAW2_GMPE_Spreadsheets_v5.7_041415_ProtectedLocked.xlsm,05c1346e3c422a9e48bf249cd2022b5ad12d2b987df71b383d247f2c83b0c74b,DSF,Q40,=(H40+I40*LN($B$18)+J40*(LN($B$18)^2))*LN($B$17+1)
NGAW2_GMPE_Spreadsheets_v5.7_041415_ProtectedLocked.xlsm,05c1346e3c422a9e48bf249cd2022b5ad12d2b987df71b383d247f2c83b0c74b,DSF,R40,=O40+P40+Q40
NGAW2_GMPE_Spreadsheets_v5.7_041415_ProtectedLocked.xlsm,05c1346e3c422a9e48bf249cd2022b5ad12d2b987df71b383d247f2c83b0c74b,DSF,S40,"=ROUND(EXP(R40),3)"
NGAW2_GMPE_Spreadsheets_v5.7_041415_ProtectedLocked.xlsm,05c1346e3c422a9e48bf249cd2022b5ad12d2b987df71b383d247f2c83b0c74b,DSF,U40,"=(LN($B$18/5)*K40+(LN($B$18/5)^2)*L40)*IF($B$18<=5,1,0)"
NGAW2_GMPE_Spreadsheets_v5.7_041415_ProtectedLocked.xlsm,05c1346e3c422a9e48bf249cd2022b5ad12d2b987df71b383d247f2c83b0c74b,DSF,V40,"=-(LN($B$18/5)*K40+(LN($B$18/5)^2)*L40)*IF($B$18>5,1,0)"
NGAW2_GMPE_Spreadsheets_v5.7_041415_ProtectedLocked.xlsm,05c1346e3c422a9e48bf249cd2022b5ad12d2b987df71b383d247f2c83b0c74b,DSF,W40,=U40+V40
NGAW2_GMPE_Spreadsheets_v5.7_041415_ProtectedLocked.xlsm,05c1346e3c422a9e48bf249cd2022b5ad12d2b987df71b383d247f2c83b0c74b,DSF,O41,=B41+C41*LN($B$18)+D41*(LN($B$18)^2)
NGAW2_GMPE_Spreadsheets_v5.7_041415_ProtectedLocked.xlsm,05c1346e3c422a9e48bf249cd2022b5ad12d2b987df71b383d247f2c83b0c74b,DSF,P41,=(E41+F41*LN($B$18)+G41*(LN($B$18)^2))*$B$16
NGAW2_GMPE_Spreadsheets_v5.7_041415_ProtectedLocked.xlsm,05c1346e3c422a9e48bf249cd2022b5ad12d2b987df71b383d247f2c83b0c74b,DSF,Q41,=(H41+I41*LN($B$18)+J41*(LN($B$18)^2))*LN($B$17+1)
NGAW2_GMPE_Spreadsheets_v5.7_041415_ProtectedLocked.xlsm,05c1346e3c422a9e48bf249cd2022b5ad12d2b987df71b383d247f2c83b0c74b,DSF,R41,=O41+P41+Q41
NGAW2_GMPE_Spreadsheets_v5.7_041415_ProtectedLocked.xlsm,05c1346e3c422a9e48bf249cd2022b5ad12d2b987df71b383d247f2c83b0c74b,DSF,S41,"=ROUND(EXP(R41),3)"
NGAW2_GMPE_Spreadsheets_v5.7_041415_ProtectedLocked.xlsm,05c1346e3c422a9e48bf249cd2022b5ad12d2b987df71b383d247f2c83b0c74b,DSF,U41,"=(LN($B$18/5)*K41+(LN($B$18/5)^2)*L41)*IF($B$18<=5,1,0)"
NGAW2_GMPE_Spreadsheets_v5.7_041415_ProtectedLocked.xlsm,05c1346e3c422a9e48bf249cd2022b5ad12d2b987df71b383d247f2c83b0c74b,DSF,V41,"=-(LN($B$18/5)*K41+(LN($B$18/5)^2)*L41)*IF($B$18>5,1,0)"
NGAW2_GMPE_Spreadsheets_v5.7_041415_ProtectedLocked.xlsm,05c1346e3c422a9e48bf249cd2022b5ad12d2b987df71b383d247f2c83b0c74b,DSF,W41,=U41+V41
NGAW2_GMPE_Spreadsheets_v5.7_041415_ProtectedLocked.xlsm,05c1346e3c422a9e48bf249cd2022b5ad12d2b987df71b383d247f2c83b0c74b,DSF,O42,=B42+C42*LN($B$18)+D42*(LN($B$18)^2)
NGAW2_GMPE_Spreadsheets_v5.7_041415_ProtectedLocked.xlsm,05c1346e3c422a9e48bf249cd2022b5ad12d2b987df71b383d247f2c83b0c74b,DSF,P42,=(E42+F42*LN($B$18)+G42*(LN($B$18)^2))*$B$16
NGAW2_GMPE_Spreadsheets_v5.7_041415_ProtectedLocked.xlsm,05c1346e3c422a9e48bf249cd2022b5ad12d2b987df71b383d247f2c83b0c74b,DSF,Q42,=(H42+I42*LN($B$18)+J42*(LN($B$18)^2))*LN($B$17+1)
NGAW2_GMPE_Spreadsheets_v5.7_041415_ProtectedLocked.xlsm,05c1346e3c422a9e48bf249cd2022b5ad12d2b987df71b383d247f2c83b0c74b,DSF,R42,=O42+P42+Q42
NGAW2_GMPE_Spreadsheets_v5.7_041415_ProtectedLocked.xlsm,05c1346e3c422a9e48bf249cd2022b5ad12d2b987df71b383d247f2c83b0c74b,DSF,S42,"=ROUND(EXP(R42),3)"
NGAW2_GMPE_Spreadsheets_v5.7_041415_ProtectedLocked.xlsm,05c1346e3c422a9e48bf249cd2022b5ad12d2b987df71b383d247f2c83b0c74b,DSF,U42,"=(LN($B$18/5)*K42+(LN($B$18/5)^2)*L42)*IF($B$18<=5,1,0)"
NGAW2_GMPE_Spreadsheets_v5.7_041415_ProtectedLocked.xlsm,05c1346e3c422a9e48bf249cd2022b5ad12d2b987df71b383d247f2c83b0c74b,DSF,V42,"=-(LN($B$18/5)*K42+(LN($B$18/5)^2)*L42)*IF($B$18>5,1,0)"
NGAW2_GMPE_Spreadsheets_v5.7_041415_ProtectedLocked.xlsm,05c1346e3c422a9e48bf249cd2022b5ad12d2b987df71b383d247f2c83b0c74b,DSF,W42,=U42+V42
NGAW2_GMPE_Spreadsheets_v5.7_041415_ProtectedLocked.xlsm,05c1346e3c422a9e48bf249cd2022b5ad12d2b987df71b383d247f2c83b0c74b,Sheet1,N2,=SQRT(x^2+DSF!$W22^2+2*x*DSF!$W22*Sheet1!B2)
